ISO-10303-21;
HEADER;
FILE_DESCRIPTION(('diiid_like CAD Model','STEP AP203'),'2;1');
FILE_NAME('diiid_like.step','2026-09-16T12:00:00',('Antigravity'),('Tokamak Federation'),'Tokamak STEP Generator','CAD','');
FILE_SCHEMA(('CONFIG_CONTROL_DESIGN'));
ENDSEC;
DATA;
#1=APPLICATION_CONTEXT('configuration controlled 3D design of mechanical parts and assemblies');
#2=APPLICATION_PROTOCOL_DEFINITION('international standard','config_control_design',1994,#1);
#3=PRODUCT_CONTEXT('',#1,'mechanical');
#4=PRODUCT('diiid_like','diiid_like','',(#3));
#5=PRODUCT_DEFINITION_FORMATION('','',#4);
#6=PRODUCT_DEFINITION('design','',#5,#3);
#7=PRODUCT_DEFINITION_SHAPE('','',#6);
#8=DIRECTION('',(0.,0.,1.));
#9=DIRECTION('',(1.,0.,0.));
#10=CARTESIAN_POINT('',(0.,0.,0.));
#11=AXIS2_PLACEMENT_3D('',#10,#8,#9);
#12=(GEOMETRIC_REPRESENTATION_CONTEXT(3) GLOBAL_UNCERTAINTY_ASSIGNED_CONTEXT((#16)) GLOBAL_UNIT_ASSIGNED_CONTEXT((#13,#14,#15)) REPRESENTATION_CONTEXT('tokamak','3D'));
#13=(LENGTH_UNIT() NAMED_UNIT(*) SI_UNIT(.MILLI.,.METRE.));
#14=(NAMED_UNIT(*) PLANE_ANGLE_UNIT() SI_UNIT($,.RADIAN.));
#15=(NAMED_UNIT(*) SI_UNIT($,.STERADIAN.) SOLID_ANGLE_UNIT());
#16=UNCERTAINTY_MEASURE_WITH_UNIT(LENGTH_MEASURE(1.E-05),#13,'closure',#12);
#20=CARTESIAN_POINT('',(430.008,132.64,1574.5));
#21=CARTESIAN_POINT('',(450,0,1574.5));
#22=CARTESIAN_POINT('',(444.974,67.069,1574.5));
#26=CARTESIAN_POINT('',(405.436,195.248,1574.5));
#30=CARTESIAN_POINT('',(329.873,306.078,1574.5));
#31=CARTESIAN_POINT('',(371.807,253.494,1574.5));
#35=CARTESIAN_POINT('',(280.57,351.824,1574.5));
#39=CARTESIAN_POINT('',(100.134,438.718,1574.5));
#40=CARTESIAN_POINT('',(225,389.711,1574.5));
#41=CARTESIAN_POINT('',(164.403,418.893,1574.5));
#45=CARTESIAN_POINT('',(33.629,448.742,1574.5));
#55=CARTESIAN_POINT('',(-100.134,438.718,1574.5));
#56=CARTESIAN_POINT('',(-33.629,448.742,1574.5));
#60=CARTESIAN_POINT('',(-405.436,195.248,1574.5));
#61=CARTESIAN_POINT('',(-430.008,132.64,1574.5));
#62=CARTESIAN_POINT('',(-444.974,67.069,1574.5));
#66=CARTESIAN_POINT('',(-225,389.711,1574.5));
#67=CARTESIAN_POINT('',(-164.403,418.893,1574.5));
#74=CARTESIAN_POINT('',(-371.807,253.494,1574.5));
#75=CARTESIAN_POINT('',(-450,0,1574.5));
#94=CARTESIAN_POINT('',(-329.873,306.078,1574.5));
#95=CARTESIAN_POINT('',(-280.57,351.824,1574.5));
#102=CARTESIAN_POINT('',(-450,0,-1574.5));
#103=CARTESIAN_POINT('',(450,0,-1574.5));
#110=CARTESIAN_POINT('',(-405.436,195.248,-1574.5));
#111=CARTESIAN_POINT('',(-444.974,67.069,-1574.5));
#112=CARTESIAN_POINT('',(-430.008,132.64,-1574.5));
#116=CARTESIAN_POINT('',(-225,389.711,-1574.5));
#117=CARTESIAN_POINT('',(-329.873,306.078,-1574.5));
#118=CARTESIAN_POINT('',(-280.57,351.824,-1574.5));
#122=CARTESIAN_POINT('',(-371.807,253.494,-1574.5));
#132=CARTESIAN_POINT('',(-100.134,438.718,-1574.5));
#133=CARTESIAN_POINT('',(-164.403,418.893,-1574.5));
#140=CARTESIAN_POINT('',(-33.629,448.742,-1574.5));
#147=CARTESIAN_POINT('',(33.629,448.742,-1574.5));
#151=CARTESIAN_POINT('',(430.008,132.64,-1574.5));
#152=CARTESIAN_POINT('',(444.974,67.069,-1574.5));
#156=CARTESIAN_POINT('',(164.403,418.893,-1574.5));
#157=CARTESIAN_POINT('',(100.134,438.718,-1574.5));
#161=CARTESIAN_POINT('',(405.436,195.248,-1574.5));
#165=CARTESIAN_POINT('',(225,389.711,-1574.5));
#169=CARTESIAN_POINT('',(371.807,253.494,-1574.5));
#179=CARTESIAN_POINT('',(280.57,351.824,-1574.5));
#186=CARTESIAN_POINT('',(329.873,306.078,-1574.5));
#316=CARTESIAN_POINT('',(450,0,-1340));
#317=CARTESIAN_POINT('',(1348.785,0,-1340));
#318=CARTESIAN_POINT('',(1333.72,201.026,-1340));
#322=CARTESIAN_POINT('',(444.974,67.069,-1340));
#323=CARTESIAN_POINT('',(1288.862,397.561,-1340));
#330=CARTESIAN_POINT('',(430.008,132.64,-1340));
#331=CARTESIAN_POINT('',(1215.213,585.216,-1340));
#338=CARTESIAN_POINT('',(405.436,195.248,-1340));
#339=CARTESIAN_POINT('',(1114.418,759.798,-1340));
#346=CARTESIAN_POINT('',(371.807,253.494,-1340));
#350=CARTESIAN_POINT('',(988.729,917.407,-1340));
#354=CARTESIAN_POINT('',(329.873,306.078,-1340));
#358=CARTESIAN_POINT('',(840.954,1054.522,-1340));
#359=CARTESIAN_POINT('',(280.57,351.824,-1340));
#366=CARTESIAN_POINT('',(674.392,1168.082,-1340));
#367=CARTESIAN_POINT('',(225,389.711,-1340));
#374=CARTESIAN_POINT('',(492.766,1255.548,-1340));
#375=CARTESIAN_POINT('',(164.403,418.893,-1340));
#382=CARTESIAN_POINT('',(300.133,1314.968,-1340));
#386=CARTESIAN_POINT('',(100.134,438.718,-1340));
#390=CARTESIAN_POINT('',(100.795,1345.013,-1340));
#394=CARTESIAN_POINT('',(33.629,448.742,-1340));
#398=CARTESIAN_POINT('',(-1348.785,0,-1340));
#399=CARTESIAN_POINT('',(-450,0,-1340));
#400=CARTESIAN_POINT('',(-444.974,67.069,-1340));
#404=CARTESIAN_POINT('',(-100.795,1345.013,-1340));
#408=CARTESIAN_POINT('',(-100.134,438.718,-1340));
#409=CARTESIAN_POINT('',(-33.629,448.742,-1340));
#416=CARTESIAN_POINT('',(-1333.72,201.026,-1340));
#420=CARTESIAN_POINT('',(-300.133,1314.968,-1340));
#424=CARTESIAN_POINT('',(-164.403,418.893,-1340));
#428=CARTESIAN_POINT('',(-1288.862,397.561,-1340));
#429=CARTESIAN_POINT('',(-430.008,132.64,-1340));
#433=CARTESIAN_POINT('',(-405.436,195.248,-1340));
#440=CARTESIAN_POINT('',(-492.766,1255.548,-1340));
#444=CARTESIAN_POINT('',(-225,389.711,-1340));
#448=CARTESIAN_POINT('',(-1215.213,585.216,-1340));
#449=CARTESIAN_POINT('',(-371.807,253.494,-1340));
#456=CARTESIAN_POINT('',(-674.392,1168.082,-1340));
#460=CARTESIAN_POINT('',(-1114.418,759.798,-1340));
#464=CARTESIAN_POINT('',(-840.954,1054.522,-1340));
#468=CARTESIAN_POINT('',(-280.57,351.824,-1340));
#472=CARTESIAN_POINT('',(-988.729,917.407,-1340));
#473=CARTESIAN_POINT('',(-329.873,306.078,-1340));
#486=CARTESIAN_POINT('',(1414.278,0,-1335.159));
#490=CARTESIAN_POINT('',(1478.607,0,-1321.858));
#494=CARTESIAN_POINT('',(1541.186,0,-1301.841));
#498=CARTESIAN_POINT('',(1621.625,0,-1267.153));
#502=CARTESIAN_POINT('',(1333.72,201.026,1340));
#503=CARTESIAN_POINT('',(1545.214,0,1300.334));
#504=CARTESIAN_POINT('',(1452.708,0,1328.155));
#508=CARTESIAN_POINT('',(1401.063,0,1336.884));
#512=CARTESIAN_POINT('',(1348.785,0,1340));
#516=CARTESIAN_POINT('',(-1414.278,0,-1335.159));
#520=CARTESIAN_POINT('',(-1478.607,0,-1321.858));
#524=CARTESIAN_POINT('',(-1541.186,0,-1301.841));
#528=CARTESIAN_POINT('',(-1621.625,0,-1267.153));
#532=CARTESIAN_POINT('',(-1708.131,0,-1219.925));
#539=CARTESIAN_POINT('',(-1545.214,0,1300.334));
#540=CARTESIAN_POINT('',(-1662.123,0,1246.253));
#541=CARTESIAN_POINT('',(-1333.72,201.026,1340));
#545=CARTESIAN_POINT('',(-1452.708,0,1328.155));
#549=CARTESIAN_POINT('',(-1401.063,0,1336.884));
#553=CARTESIAN_POINT('',(-1348.785,0,1340));
#557=CARTESIAN_POINT('',(1549.581,477.982,-1267.153));
#567=CARTESIAN_POINT('',(1708.131,0,-1219.925));
#571=CARTESIAN_POINT('',(1736.684,535.696,-1146.972));
#575=CARTESIAN_POINT('',(1817.427,0,-1146.972));
#579=CARTESIAN_POINT('',(1932.73,0,-1054.443));
#583=CARTESIAN_POINT('',(1339.849,913.494,-1267.153));
#593=CARTESIAN_POINT('',(1981.9,611.335,-917.062));
#597=CARTESIAN_POINT('',(2074.043,0,-917.062));
#601=CARTESIAN_POINT('',(1501.629,1023.793,-1146.972));
#608=CARTESIAN_POINT('',(2116.047,652.714,-745.494));
#612=CARTESIAN_POINT('',(2214.428,0,-745.494));
#616=CARTESIAN_POINT('',(2227.369,687.052,-556.94));
#620=CARTESIAN_POINT('',(2330.926,0,-556.94));
#624=CARTESIAN_POINT('',(2410.029,0,-373.837));
#628=CARTESIAN_POINT('',(1011.067,1267.837,-1267.153));
#638=CARTESIAN_POINT('',(1713.655,1168.35,-917.062));
#645=CARTESIAN_POINT('',(1133.147,1420.922,-1146.972));
#652=CARTESIAN_POINT('',(1829.646,1247.432,-745.494));
#659=CARTESIAN_POINT('',(2343.403,722.844,-217.889));
#663=CARTESIAN_POINT('',(2452.354,0,-217.889));
#667=CARTESIAN_POINT('',(2471.526,0,-73.719));
#671=CARTESIAN_POINT('',(1925.901,1313.057,-556.94));
#678=CARTESIAN_POINT('',(592.446,1509.528,-1267.153));
#688=CARTESIAN_POINT('',(1293.145,1621.552,-917.062));
#695=CARTESIAN_POINT('',(2361.85,728.534,71.716));
#699=CARTESIAN_POINT('',(2471.659,0,71.716));
#703=CARTESIAN_POINT('',(2452.744,0,215.92));
#707=CARTESIAN_POINT('',(663.981,1691.795,-1146.972));
#717=CARTESIAN_POINT('',(1380.673,1731.31,-745.494));
#724=CARTESIAN_POINT('',(2026.23,1381.46,-217.889));
#731=CARTESIAN_POINT('',(2308.494,712.076,356.606));
#732=CARTESIAN_POINT('',(2415.822,0,356.606));
#736=CARTESIAN_POINT('',(2362.687,0,492.019));
#743=CARTESIAN_POINT('',(1453.308,1822.391,-556.94));
#753=CARTESIAN_POINT('',(121.184,1617.09,-1267.153));
#766=CARTESIAN_POINT('',(757.733,1930.673,-917.062));
#770=CARTESIAN_POINT('',(2042.181,1392.335,71.716));
#780=CARTESIAN_POINT('',(2193.476,676.598,621.03));
#781=CARTESIAN_POINT('',(2295.456,0,621.03));
#785=CARTESIAN_POINT('',(2216.192,0,743.032));
#792=CARTESIAN_POINT('',(135.816,1812.345,-1146.972));
#796=CARTESIAN_POINT('',(809.021,2061.353,-745.494));
#803=CARTESIAN_POINT('',(1529.018,1917.327,-217.889));
#807=CARTESIAN_POINT('',(1996.046,1360.881,356.606));
#814=CARTESIAN_POINT('',(2032.177,626.844,857.721));
#818=CARTESIAN_POINT('',(2126.658,0,857.721));
#822=CARTESIAN_POINT('',(851.583,2169.797,-556.94));
#832=CARTESIAN_POINT('',(-360.845,1580.967,-1267.153));
#842=CARTESIAN_POINT('',(154.993,2068.244,-917.062));
#849=CARTESIAN_POINT('',(1541.054,1932.421,71.716));
#856=CARTESIAN_POINT('',(1905.002,587.615,998.824));
#860=CARTESIAN_POINT('',(1993.571,0,998.824));
#864=CARTESIAN_POINT('',(1827.09,0,1139.834));
#868=CARTESIAN_POINT('',(1896.595,1293.077,621.03));
#872=CARTESIAN_POINT('',(-404.416,1771.86,-1146.972));
#882=CARTESIAN_POINT('',(165.484,2208.236,-745.494));
#892=CARTESIAN_POINT('',(895.945,2282.832,-217.889));
#896=CARTESIAN_POINT('',(1745.918,538.544,1139.834));
#900=CARTESIAN_POINT('',(1662.123,0,1246.253));
#904=CARTESIAN_POINT('',(1506.241,1888.766,356.606));
#911=CARTESIAN_POINT('',(1757.128,1197.989,857.721));
#918=CARTESIAN_POINT('',(174.19,2324.408,-556.94));
#922=CARTESIAN_POINT('',(-810.812,1404.368,-1267.153));
#932=CARTESIAN_POINT('',(-461.518,2022.043,-917.062));
#936=CARTESIAN_POINT('',(902.999,2300.803,71.716));
#943=CARTESIAN_POINT('',(1647.165,1123.018,998.824));
#953=CARTESIAN_POINT('',(1476.565,455.46,1300.334));
#957=CARTESIAN_POINT('',(1288.862,397.561,1340));
#961=CARTESIAN_POINT('',(1215.213,585.216,1340));
#971=CARTESIAN_POINT('',(1431.194,1794.66,621.03));
#978=CARTESIAN_POINT('',(-908.714,1573.938,-1146.972));
#985=CARTESIAN_POINT('',(-492.757,2158.908,-745.494));
#992=CARTESIAN_POINT('',(183.265,2445.497,-217.889));
#999=CARTESIAN_POINT('',(1509.613,1029.237,1139.834));
#1006=CARTESIAN_POINT('',(882.599,2248.825,356.606));
#1013=CARTESIAN_POINT('',(1325.95,1662.689,857.721));
#1023=CARTESIAN_POINT('',(-518.68,2272.484,-556.94));
#1033=CARTESIAN_POINT('',(-1188.735,1102.985,-1267.153));
#1043=CARTESIAN_POINT('',(-1037.022,1796.174,-917.062));
#1050=CARTESIAN_POINT('',(184.707,2464.748,71.716));
#1060=CARTESIAN_POINT('',(1242.971,1558.636,998.824));
#1064=CARTESIAN_POINT('',(1276.716,870.45,1300.334));
#1068=CARTESIAN_POINT('',(1114.418,759.798,1340));
#1072=CARTESIAN_POINT('',(988.729,917.407,1340));
#1079=CARTESIAN_POINT('',(838.624,2136.78,621.03));
#1086=CARTESIAN_POINT('',(-1332.268,1236.164,-1146.972));
#1096=CARTESIAN_POINT('',(-1107.214,1917.751,-745.494));
#1103=CARTESIAN_POINT('',(-545.7,2390.868,-217.889));
#1107=CARTESIAN_POINT('',(1139.172,1428.477,1139.834));
#1114=CARTESIAN_POINT('',(180.535,2409.067,356.606));
#1118=CARTESIAN_POINT('',(776.956,1979.651,857.721));
#1128=CARTESIAN_POINT('',(-1165.463,2018.641,-556.94));
#1135=CARTESIAN_POINT('',(-1461.033,703.597,-1267.153));
#1151=CARTESIAN_POINT('',(-1520.381,1410.708,-917.062));
#1155=CARTESIAN_POINT('',(-549.996,2409.689,71.716));
#1165=CARTESIAN_POINT('',(728.333,1855.762,998.824));
#1172=CARTESIAN_POINT('',(963.425,1208.097,1300.334));
#1173=CARTESIAN_POINT('',(840.954,1054.522,1340));
#1177=CARTESIAN_POINT('',(674.392,1168.082,1340));
#1190=CARTESIAN_POINT('',(171.54,2289.038,621.03));
#1200=CARTESIAN_POINT('',(-1637.445,788.552,-1146.972));
#1201=CARTESIAN_POINT('',(-1817.427,0,-1146.972));
#1205=CARTESIAN_POINT('',(-1932.73,0,-1054.443));
#1215=CARTESIAN_POINT('',(-1623.291,1506.194,-745.494));
#1222=CARTESIAN_POINT('',(-1226.177,2123.801,-217.889));
#1232=CARTESIAN_POINT('',(667.511,1700.79,1139.834));
#1236=CARTESIAN_POINT('',(-537.571,2355.252,356.606));
#1243=CARTESIAN_POINT('',(158.925,2120.712,857.721));
#1247=CARTESIAN_POINT('',(-1708.689,1585.432,-556.94));
#1254=CARTESIAN_POINT('',(-1868.649,899.894,-917.062));
#1258=CARTESIAN_POINT('',(-2074.043,0,-917.062));
#1268=CARTESIAN_POINT('',(-1235.83,2140.52,71.716));
#1272=CARTESIAN_POINT('',(148.98,1987.996,998.824));
#1279=CARTESIAN_POINT('',(564.53,1438.4,1300.334));
#1286=CARTESIAN_POINT('',(492.766,1255.548,1340));
#1290=CARTESIAN_POINT('',(300.133,1314.968,1340));
#1297=CARTESIAN_POINT('',(-510.787,2237.904,621.03));
#1304=CARTESIAN_POINT('',(-1995.131,960.804,-745.494));
#1308=CARTESIAN_POINT('',(-2214.428,0,-745.494));
#1321=CARTESIAN_POINT('',(-1797.702,1668.024,-217.889));
#1328=CARTESIAN_POINT('',(136.539,1821.981,1139.834));
#1335=CARTESIAN_POINT('',(-1207.911,2092.163,356.606));
#1345=CARTESIAN_POINT('',(-473.226,2073.339,857.721));
#1349=CARTESIAN_POINT('',(-2100.091,1011.351,-556.94));
#1353=CARTESIAN_POINT('',(-2330.926,0,-556.94));
#1357=CARTESIAN_POINT('',(-2410.029,0,-373.837));
#1364=CARTESIAN_POINT('',(-1811.854,1681.155,71.716));
#1374=CARTESIAN_POINT('',(-443.611,1943.588,998.824));
#1384=CARTESIAN_POINT('',(115.474,1540.894,1300.334));
#1394=CARTESIAN_POINT('',(100.795,1345.013,1340));
#1398=CARTESIAN_POINT('',(-100.795,1345.013,1340));
#1402=CARTESIAN_POINT('',(-1147.728,1987.923,621.03));
#1406=CARTESIAN_POINT('',(-2209.494,1064.036,-217.889));
#1413=CARTESIAN_POINT('',(-2452.354,0,-217.889));
#1417=CARTESIAN_POINT('',(-2471.526,0,-73.719));
#1424=CARTESIAN_POINT('',(-406.566,1781.281,1139.834));
#1431=CARTESIAN_POINT('',(-1770.923,1643.176,356.606));
#1435=CARTESIAN_POINT('',(-1063.329,1841.74,857.721));
#1442=CARTESIAN_POINT('',(-2226.888,1072.413,71.716));
#1443=CARTESIAN_POINT('',(-2471.659,0,71.716));
#1447=CARTESIAN_POINT('',(-2452.744,0,215.92));
#1460=CARTESIAN_POINT('',(-996.785,1726.483,998.824));
#1470=CARTESIAN_POINT('',(-343.843,1506.473,1300.334));
#1471=CARTESIAN_POINT('',(-300.133,1314.968,1340));
#1475=CARTESIAN_POINT('',(-492.766,1255.548,1340));
#1485=CARTESIAN_POINT('',(-1682.689,1561.307,621.03));
#1492=CARTESIAN_POINT('',(-913.545,1582.307,1139.834));
#1496=CARTESIAN_POINT('',(-2176.581,1048.186,356.606));
#1497=CARTESIAN_POINT('',(-2415.822,0,356.606));
#1501=CARTESIAN_POINT('',(-2362.687,0,492.019));
#1514=CARTESIAN_POINT('',(-1558.951,1446.495,857.721));
#1521=CARTESIAN_POINT('',(-1461.391,1355.972,998.824));
#1528=CARTESIAN_POINT('',(-772.607,1338.195,1300.334));
#1529=CARTESIAN_POINT('',(-674.392,1168.082,1340));
#1533=CARTESIAN_POINT('',(-840.954,1054.522,1340));
#1546=CARTESIAN_POINT('',(-2068.135,995.961,621.03));
#1550=CARTESIAN_POINT('',(-2295.456,0,621.03));
#1554=CARTESIAN_POINT('',(-2216.192,0,743.032));
#1567=CARTESIAN_POINT('',(-1339.352,1242.737,1139.834));
#1577=CARTESIAN_POINT('',(-1916.053,922.723,857.721));
#1581=CARTESIAN_POINT('',(-2126.658,0,857.721));
#1588=CARTESIAN_POINT('',(-1796.145,864.978,998.824));
#1595=CARTESIAN_POINT('',(-1993.571,0,998.824));
#1602=CARTESIAN_POINT('',(-1132.722,1051.013,1300.334));
#1606=CARTESIAN_POINT('',(-988.729,917.407,1340));
#1610=CARTESIAN_POINT('',(-1114.418,759.798,1340));
#1617=CARTESIAN_POINT('',(-1646.151,792.745,1139.834));
#1624=CARTESIAN_POINT('',(-1827.09,0,1139.834));
#1631=CARTESIAN_POINT('',(-1392.19,670.443,1300.334));
#1641=CARTESIAN_POINT('',(-1215.213,585.216,1340));
#1645=CARTESIAN_POINT('',(-1491.555,585.392,1276.332));
#1652=CARTESIAN_POINT('',(-1288.862,397.561,1340));
#1668=CARTESIAN_POINT('',(-2136.842,0,-897.261));
#1669=CARTESIAN_POINT('',(-1990.44,0,-1047.683));
#1673=CARTESIAN_POINT('',(-1828.055,0,-1180.667));
#1683=CARTESIAN_POINT('',(-2327.497,0,-632.587));
#1684=CARTESIAN_POINT('',(-2251.999,0,-750.443));
#1694=CARTESIAN_POINT('',(-1668.091,0,-1281.068));
#1704=CARTESIAN_POINT('',(-2392.031,0,-508.397));
#1711=CARTESIAN_POINT('',(-1542.327,0,-1337.065));
#1718=CARTESIAN_POINT('',(-1452.901,0,-1362.365));
#1725=CARTESIAN_POINT('',(-2443.867,0,-378.407));
#1735=CARTESIAN_POINT('',(-1401.125,0,-1370.59));
#1739=CARTESIAN_POINT('',(-2481.238,0,-243.556));
#1743=CARTESIAN_POINT('',(-1348.785,0,-1373.5));
#1753=CARTESIAN_POINT('',(-2502.604,0,-105.272));
#1760=CARTESIAN_POINT('',(-2506.39,0,50.126));
#1767=CARTESIAN_POINT('',(-2485.773,0,221.58));
#1777=CARTESIAN_POINT('',(-2440.492,0,388.246));
#1784=CARTESIAN_POINT('',(-2367.157,0,559.759));
#1791=CARTESIAN_POINT('',(-450,0,-1373.5));
#1798=CARTESIAN_POINT('',(-2247.663,0,756.589));
#1808=CARTESIAN_POINT('',(-2102.622,0,935.491));
#1815=CARTESIAN_POINT('',(-1956.093,0,1078.514));
#1822=CARTESIAN_POINT('',(-1836.315,0,1174.662));
#1826=CARTESIAN_POINT('',(-1722.647,0,1250.281));
#1833=CARTESIAN_POINT('',(-1632.616,0,1299.059));
#1840=CARTESIAN_POINT('',(-1548.877,0,1334.707));
#1844=CARTESIAN_POINT('',(-1483.748,0,1355.147));
#1851=CARTESIAN_POINT('',(-1416.844,0,1368.631));
#1858=CARTESIAN_POINT('',(-1348.785,0,1373.5));
#1865=CARTESIAN_POINT('',(-450,0,1373.5));
#1866=CARTESIAN_POINT('',(-450,0,1340));
#1873=CARTESIAN_POINT('',(444.974,67.069,-1373.5));
#1874=CARTESIAN_POINT('',(450,0,-1373.5));
#1884=CARTESIAN_POINT('',(430.008,132.64,-1373.5));
#1888=CARTESIAN_POINT('',(405.436,195.248,-1373.5));
#1898=CARTESIAN_POINT('',(371.807,253.494,-1373.5));
#1902=CARTESIAN_POINT('',(329.873,306.078,-1373.5));
#1912=CARTESIAN_POINT('',(280.57,351.824,-1373.5));
#1916=CARTESIAN_POINT('',(225,389.711,-1373.5));
#1923=CARTESIAN_POINT('',(164.403,418.893,-1373.5));
#1930=CARTESIAN_POINT('',(100.134,438.718,-1373.5));
#1937=CARTESIAN_POINT('',(33.629,448.742,-1373.5));
#1947=CARTESIAN_POINT('',(-33.629,448.742,-1373.5));
#1951=CARTESIAN_POINT('',(-100.134,438.718,-1373.5));
#1961=CARTESIAN_POINT('',(-164.403,418.893,-1373.5));
#1965=CARTESIAN_POINT('',(-225,389.711,-1373.5));
#1972=CARTESIAN_POINT('',(-280.57,351.824,-1373.5));
#1979=CARTESIAN_POINT('',(-329.873,306.078,-1373.5));
#1989=CARTESIAN_POINT('',(-371.807,253.494,-1373.5));
#1993=CARTESIAN_POINT('',(-405.436,195.248,-1373.5));
#2000=CARTESIAN_POINT('',(-430.008,132.64,-1373.5));
#2007=CARTESIAN_POINT('',(-444.974,67.069,-1373.5));
#2020=CARTESIAN_POINT('',(1348.785,0,-1373.5));
#2027=CARTESIAN_POINT('',(1401.125,0,-1370.59));
#2034=CARTESIAN_POINT('',(1452.901,0,-1362.365));
#2041=CARTESIAN_POINT('',(1542.327,0,-1337.065));
#2051=CARTESIAN_POINT('',(1668.091,0,-1281.068));
#2058=CARTESIAN_POINT('',(1828.055,0,-1180.667));
#2068=CARTESIAN_POINT('',(1990.44,0,-1047.683));
#2075=CARTESIAN_POINT('',(2136.842,0,-897.261));
#2082=CARTESIAN_POINT('',(2251.999,0,-750.443));
#2086=CARTESIAN_POINT('',(2327.497,0,-632.587));
#2093=CARTESIAN_POINT('',(2392.031,0,-508.397));
#2100=CARTESIAN_POINT('',(2443.867,0,-378.407));
#2104=CARTESIAN_POINT('',(2481.238,0,-243.556));
#2111=CARTESIAN_POINT('',(2502.604,0,-105.272));
#2118=CARTESIAN_POINT('',(2506.39,0,50.126));
#2125=CARTESIAN_POINT('',(2485.773,0,221.58));
#2132=CARTESIAN_POINT('',(1348.785,0,1373.5));
#2133=CARTESIAN_POINT('',(450,0,1340));
#2137=CARTESIAN_POINT('',(450,0,1373.5));
#2147=CARTESIAN_POINT('',(1416.844,0,1368.631));
#2154=CARTESIAN_POINT('',(2440.492,0,388.246));
#2158=CARTESIAN_POINT('',(1483.748,0,1355.147));
#2168=CARTESIAN_POINT('',(1548.877,0,1334.707));
#2172=CARTESIAN_POINT('',(2367.157,0,559.759));
#2179=CARTESIAN_POINT('',(1632.616,0,1299.059));
#2186=CARTESIAN_POINT('',(1722.647,0,1250.281));
#2193=CARTESIAN_POINT('',(2247.663,0,756.589));
#2203=CARTESIAN_POINT('',(1836.315,0,1174.662));
#2207=CARTESIAN_POINT('',(1956.093,0,1078.514));
#2214=CARTESIAN_POINT('',(2102.622,0,935.491));
#2224=CARTESIAN_POINT('',(-444.974,67.069,1340));
#2231=CARTESIAN_POINT('',(-430.008,132.64,1340));
#2238=CARTESIAN_POINT('',(-405.436,195.248,1340));
#2245=CARTESIAN_POINT('',(-371.807,253.494,1340));
#2252=CARTESIAN_POINT('',(-329.873,306.078,1340));
#2259=CARTESIAN_POINT('',(-280.57,351.824,1340));
#2266=CARTESIAN_POINT('',(-225,389.711,1340));
#2270=CARTESIAN_POINT('',(-164.403,418.893,1340));
#2277=CARTESIAN_POINT('',(-100.134,438.718,1340));
#2290=CARTESIAN_POINT('',(-33.629,448.742,1340));
#2294=CARTESIAN_POINT('',(33.629,448.742,1340));
#2304=CARTESIAN_POINT('',(444.974,67.069,1340));
#2308=CARTESIAN_POINT('',(100.134,438.718,1340));
#2318=CARTESIAN_POINT('',(430.008,132.64,1340));
#2325=CARTESIAN_POINT('',(164.403,418.893,1340));
#2329=CARTESIAN_POINT('',(225,389.711,1340));
#2336=CARTESIAN_POINT('',(405.436,195.248,1340));
#2346=CARTESIAN_POINT('',(371.807,253.494,1340));
#2353=CARTESIAN_POINT('',(280.57,351.824,1340));
#2357=CARTESIAN_POINT('',(329.873,306.078,1340));
#2373=CARTESIAN_POINT('',(444.974,67.069,1373.5));
#2377=CARTESIAN_POINT('',(430.008,132.64,1373.5));
#2384=CARTESIAN_POINT('',(405.436,195.248,1373.5));
#2391=CARTESIAN_POINT('',(371.807,253.494,1373.5));
#2398=CARTESIAN_POINT('',(329.873,306.078,1373.5));
#2405=CARTESIAN_POINT('',(280.57,351.824,1373.5));
#2406=CARTESIAN_POINT('',(225,389.711,1373.5));
#2416=CARTESIAN_POINT('',(164.403,418.893,1373.5));
#2426=CARTESIAN_POINT('',(100.134,438.718,1373.5));
#2427=CARTESIAN_POINT('',(33.629,448.742,1373.5));
#2437=CARTESIAN_POINT('',(-33.629,448.742,1373.5));
#2447=CARTESIAN_POINT('',(-100.134,438.718,1373.5));
#2448=CARTESIAN_POINT('',(-164.403,418.893,1373.5));
#2464=CARTESIAN_POINT('',(-225,389.711,1373.5));
#2468=CARTESIAN_POINT('',(-280.57,351.824,1373.5));
#2475=CARTESIAN_POINT('',(-329.873,306.078,1373.5));
#2482=CARTESIAN_POINT('',(-371.807,253.494,1373.5));
#2489=CARTESIAN_POINT('',(-405.436,195.248,1373.5));
#2496=CARTESIAN_POINT('',(-430.008,132.64,1373.5));
#2503=CARTESIAN_POINT('',(-444.974,67.069,1373.5));
#2516=CARTESIAN_POINT('',(1333.72,201.026,1373.5));
#2520=CARTESIAN_POINT('',(1288.862,397.561,1373.5));
#2527=CARTESIAN_POINT('',(1215.213,585.216,1373.5));
#2534=CARTESIAN_POINT('',(1114.418,759.798,1373.5));
#2544=CARTESIAN_POINT('',(988.729,917.407,1373.5));
#2551=CARTESIAN_POINT('',(840.954,1054.522,1373.5));
#2558=CARTESIAN_POINT('',(674.392,1168.082,1373.5));
#2565=CARTESIAN_POINT('',(492.766,1255.548,1373.5));
#2572=CARTESIAN_POINT('',(300.133,1314.968,1373.5));
#2579=CARTESIAN_POINT('',(100.795,1345.013,1373.5));
#2589=CARTESIAN_POINT('',(-100.795,1345.013,1373.5));
#2599=CARTESIAN_POINT('',(-1333.72,201.026,1373.5));
#2603=CARTESIAN_POINT('',(-300.133,1314.968,1373.5));
#2610=CARTESIAN_POINT('',(-1288.862,397.561,1373.5));
#2620=CARTESIAN_POINT('',(-492.766,1255.548,1373.5));
#2627=CARTESIAN_POINT('',(-1215.213,585.216,1373.5));
#2634=CARTESIAN_POINT('',(-674.392,1168.082,1373.5));
#2638=CARTESIAN_POINT('',(-1114.418,759.798,1373.5));
#2642=CARTESIAN_POINT('',(-840.954,1054.522,1373.5));
#2649=CARTESIAN_POINT('',(-988.729,917.407,1373.5));
#2674=CARTESIAN_POINT('',(1333.72,201.026,-1373.5));
#2705=CARTESIAN_POINT('',(-1333.72,201.026,-1373.5));
#2718=CARTESIAN_POINT('',(1560.083,481.222,1299.059));
#2731=CARTESIAN_POINT('',(1754.732,541.263,1174.662));
#2741=CARTESIAN_POINT('',(1348.93,919.685,1299.059));
#2754=CARTESIAN_POINT('',(2009.208,619.759,935.491));
#2761=CARTESIAN_POINT('',(1517.234,1034.433,1174.662));
#2765=CARTESIAN_POINT('',(2147.806,662.51,756.589));
#2772=CARTESIAN_POINT('',(1017.919,1276.43,1299.059));
#2782=CARTESIAN_POINT('',(2261.99,697.732,559.759));
#2792=CARTESIAN_POINT('',(1737.267,1184.449,935.491));
#2799=CARTESIAN_POINT('',(1144.923,1435.689,1174.662));
#2806=CARTESIAN_POINT('',(1857.106,1266.154,756.589));
#2813=CARTESIAN_POINT('',(2375.337,732.694,221.58));
#2823=CARTESIAN_POINT('',(596.461,1519.759,1299.059));
#2836=CARTESIAN_POINT('',(1955.836,1333.467,559.759));
#2846=CARTESIAN_POINT('',(1310.963,1643.896,935.491));
#2853=CARTESIAN_POINT('',(2391.42,737.655,-105.272));
#2863=CARTESIAN_POINT('',(670.881,1709.377,1174.662));
#2867=CARTESIAN_POINT('',(1401.395,1757.294,756.589));
#2874=CARTESIAN_POINT('',(2053.842,1400.286,221.58));
#2878=CARTESIAN_POINT('',(2335.293,720.343,-378.407));
#2888=CARTESIAN_POINT('',(122.006,1628.05,1299.059));
#2898=CARTESIAN_POINT('',(1475.898,1850.717,559.759));
#2905=CARTESIAN_POINT('',(768.174,1957.275,935.491));
#2912=CARTESIAN_POINT('',(2067.748,1409.767,-105.272));
#2922=CARTESIAN_POINT('',(2224.093,686.042,-632.587));
#2932=CARTESIAN_POINT('',(137.228,1831.18,1174.662));
#2942=CARTESIAN_POINT('',(821.163,2092.29,756.589));
#2952=CARTESIAN_POINT('',(1549.854,1943.456,221.58));
#2959=CARTESIAN_POINT('',(2019.218,1376.68,-378.407));
#2963=CARTESIAN_POINT('',(-363.291,1591.682,1299.059));
#2973=CARTESIAN_POINT('',(864.819,2203.524,559.759));
#2977=CARTESIAN_POINT('',(2041.908,629.845,-897.261));
#2987=CARTESIAN_POINT('',(157.129,2096.742,935.491));
#2991=CARTESIAN_POINT('',(1560.348,1956.615,-105.272));
#3001=CARTESIAN_POINT('',(1923.069,1311.126,-632.587));
#3008=CARTESIAN_POINT('',(-408.618,1790.275,1174.662));
#3015=CARTESIAN_POINT('',(1902.011,586.693,-1047.683));
#3019=CARTESIAN_POINT('',(167.968,2241.378,756.589));
#3026=CARTESIAN_POINT('',(908.155,2313.941,221.58));
#3033=CARTESIAN_POINT('',(1746.84,538.829,-1180.667));
#3043=CARTESIAN_POINT('',(1523.727,1910.692,-378.407));
#3050=CARTESIAN_POINT('',(-816.308,1413.887,1299.059));
#3060=CARTESIAN_POINT('',(176.898,2360.537,559.759));
#3067=CARTESIAN_POINT('',(1765.542,1203.726,-897.261));
#3074=CARTESIAN_POINT('',(-467.877,2049.904,935.491));
#3084=CARTESIAN_POINT('',(914.304,2329.608,-105.272));
#3094=CARTESIAN_POINT('',(1451.171,1819.711,-632.587));
#3098=CARTESIAN_POINT('',(-918.157,1590.295,1174.662));
#3105=CARTESIAN_POINT('',(1644.579,1121.255,-1047.683));
#3112=CARTESIAN_POINT('',(1473.806,454.609,-1337.065));
#3113=CARTESIAN_POINT('',(1288.862,397.561,-1373.5));
#3117=CARTESIAN_POINT('',(1215.213,585.216,-1373.5));
#3127=CARTESIAN_POINT('',(-500.152,2191.309,756.589));
#3131=CARTESIAN_POINT('',(185.762,2478.822,221.58));
#3141=CARTESIAN_POINT('',(1510.41,1029.78,-1180.667));
#3148=CARTESIAN_POINT('',(892.845,2274.932,-378.407));
#3152=CARTESIAN_POINT('',(-1196.792,1110.461,1299.059));
#3162=CARTESIAN_POINT('',(-526.742,2307.807,559.759));
#3169=CARTESIAN_POINT('',(1332.299,1670.65,-897.261));
#3179=CARTESIAN_POINT('',(-1051.311,1820.924,935.491));
#3186=CARTESIAN_POINT('',(187.02,2495.606,-105.272));
#3193=CARTESIAN_POINT('',(850.33,2166.606,-632.587));
#3200=CARTESIAN_POINT('',(-1346.114,1249.011,1174.662));
#3210=CARTESIAN_POINT('',(1241.019,1556.189,-1047.683));
#3214=CARTESIAN_POINT('',(1274.331,868.824,-1337.065));
#3224=CARTESIAN_POINT('',(1114.418,759.798,-1373.5));
#3228=CARTESIAN_POINT('',(988.729,917.407,-1373.5));
#3232=CARTESIAN_POINT('',(-1123.831,1946.533,756.589));
#3239=CARTESIAN_POINT('',(-553.137,2423.449,221.58));
#3246=CARTESIAN_POINT('',(1139.774,1429.231,-1180.667));
#3253=CARTESIAN_POINT('',(182.63,2437.034,-378.407));
#3257=CARTESIAN_POINT('',(-1470.936,708.365,1299.059));
#3270=CARTESIAN_POINT('',(-1183.578,2050.018,559.759));
#3280=CARTESIAN_POINT('',(780.676,1989.13,-897.261));
#3287=CARTESIAN_POINT('',(-1541.331,1430.146,935.491));
#3291=CARTESIAN_POINT('',(-556.882,2439.859,-105.272));
#3298=CARTESIAN_POINT('',(173.934,2320.989,-632.587));
#3305=CARTESIAN_POINT('',(-1654.462,796.747,1174.662));
#3321=CARTESIAN_POINT('',(727.189,1852.849,-1047.683));
#3328=CARTESIAN_POINT('',(961.625,1205.84,-1337.065));
#3329=CARTESIAN_POINT('',(840.954,1054.522,-1373.5));
#3333=CARTESIAN_POINT('',(674.392,1168.082,-1373.5));
#3346=CARTESIAN_POINT('',(-1647.654,1528.799,756.589));
#3353=CARTESIAN_POINT('',(-1242.886,2152.742,221.58));
#3357=CARTESIAN_POINT('',(667.863,1701.688,-1180.667));
#3367=CARTESIAN_POINT('',(-543.812,2382.595,-378.407));
#3374=CARTESIAN_POINT('',(-1735.248,1610.075,559.759));
#3381=CARTESIAN_POINT('',(159.686,2130.867,-897.261));
#3388=CARTESIAN_POINT('',(-1894.397,912.293,935.491));
#3404=CARTESIAN_POINT('',(-1251.302,2167.319,-105.272));
#3414=CARTESIAN_POINT('',(-517.917,2269.142,-632.587));
#3421=CARTESIAN_POINT('',(148.746,1984.875,-1047.683));
#3431=CARTESIAN_POINT('',(563.475,1435.712,-1337.065));
#3435=CARTESIAN_POINT('',(492.766,1255.548,-1373.5));
#3439=CARTESIAN_POINT('',(300.133,1314.968,-1373.5));
#3446=CARTESIAN_POINT('',(-2025.074,975.224,756.589));
#3462=CARTESIAN_POINT('',(-1822.2,1690.755,221.58));
#3469=CARTESIAN_POINT('',(136.611,1822.943,-1180.667));
#3473=CARTESIAN_POINT('',(-1221.934,2116.451,-378.407));
#3477=CARTESIAN_POINT('',(-2132.734,1027.071,559.759));
#3490=CARTESIAN_POINT('',(-475.492,2083.267,-897.261));
#3500=CARTESIAN_POINT('',(-1834.539,1702.203,-105.272));
#3507=CARTESIAN_POINT('',(-1163.749,2015.672,-632.587));
#3517=CARTESIAN_POINT('',(-442.915,1940.536,-1047.683));
#3521=CARTESIAN_POINT('',(115.258,1538.015,-1337.065));
#3531=CARTESIAN_POINT('',(100.795,1345.013,-1373.5));
#3535=CARTESIAN_POINT('',(-100.795,1345.013,-1373.5));
#3539=CARTESIAN_POINT('',(-2239.604,1078.536,221.58));
#3555=CARTESIAN_POINT('',(-406.781,1782.222,-1180.667));
#3562=CARTESIAN_POINT('',(-1791.482,1662.252,-378.407));
#3572=CARTESIAN_POINT('',(-1068.421,1850.559,-897.261));
#3576=CARTESIAN_POINT('',(-2254.768,1085.839,-105.272));
#3589=CARTESIAN_POINT('',(-1706.176,1583.1,-632.587));
#3593=CARTESIAN_POINT('',(-995.22,1723.772,-1047.683));
#3600=CARTESIAN_POINT('',(-343.2,1503.658,-1337.065));
#3604=CARTESIAN_POINT('',(-300.133,1314.968,-1373.5));
#3608=CARTESIAN_POINT('',(-492.766,1255.548,-1373.5));
#3618=CARTESIAN_POINT('',(-914.027,1583.142,-1180.667));
#3625=CARTESIAN_POINT('',(-2201.848,1060.354,-378.407));
#3641=CARTESIAN_POINT('',(-1566.416,1453.422,-897.261));
#3648=CARTESIAN_POINT('',(-2097.003,1009.863,-632.587));
#3667=CARTESIAN_POINT('',(-1459.096,1353.843,-1047.683));
#3674=CARTESIAN_POINT('',(-771.164,1335.694,-1337.065));
#3678=CARTESIAN_POINT('',(-674.392,1168.082,-1373.5));
#3682=CARTESIAN_POINT('',(-840.954,1054.522,-1373.5));
#3692=CARTESIAN_POINT('',(-1340.059,1243.393,-1180.667));
#3699=CARTESIAN_POINT('',(-1925.228,927.141,-897.261));
#3709=CARTESIAN_POINT('',(-1793.325,863.62,-1047.683));
#3725=CARTESIAN_POINT('',(-1130.606,1049.049,-1337.065));
#3732=CARTESIAN_POINT('',(-988.729,917.407,-1373.5));
#3736=CARTESIAN_POINT('',(-1114.418,759.798,-1373.5));
#3743=CARTESIAN_POINT('',(-1647.021,793.163,-1180.667));
#3753=CARTESIAN_POINT('',(-1389.589,669.191,-1337.065));
#3760=CARTESIAN_POINT('',(-1215.213,585.216,-1373.5));
#3764=CARTESIAN_POINT('',(-1288.862,397.561,-1373.5));
#3771=CARTESIAN_POINT('',(-1491.415,585.337,-1313.165));
#4042=CARTESIAN_POINT('',(1416.844,0,-1368.631));
#4046=CARTESIAN_POINT('',(1483.748,0,-1355.147));
#4050=CARTESIAN_POINT('',(1548.877,0,-1334.707));
#4054=CARTESIAN_POINT('',(1632.616,0,-1299.059));
#4058=CARTESIAN_POINT('',(1668.091,0,1281.068));
#4059=CARTESIAN_POINT('',(1542.327,0,1337.065));
#4063=CARTESIAN_POINT('',(1452.901,0,1362.365));
#4067=CARTESIAN_POINT('',(1401.125,0,1370.59));
#4074=CARTESIAN_POINT('',(-1416.844,0,-1368.631));
#4078=CARTESIAN_POINT('',(-1483.748,0,-1355.147));
#4082=CARTESIAN_POINT('',(-1548.877,0,-1334.707));
#4086=CARTESIAN_POINT('',(-1632.616,0,-1299.059));
#4090=CARTESIAN_POINT('',(-1722.647,0,-1250.281));
#4097=CARTESIAN_POINT('',(-1542.327,0,1337.065));
#4098=CARTESIAN_POINT('',(-1668.091,0,1281.068));
#4102=CARTESIAN_POINT('',(-1452.901,0,1362.365));
#4106=CARTESIAN_POINT('',(-1401.125,0,1370.59));
#4113=CARTESIAN_POINT('',(1560.083,481.222,-1299.059));
#4123=CARTESIAN_POINT('',(1722.647,0,-1250.281));
#4127=CARTESIAN_POINT('',(1754.732,541.263,-1174.662));
#4131=CARTESIAN_POINT('',(1836.315,0,-1174.662));
#4135=CARTESIAN_POINT('',(1956.093,0,-1078.514));
#4139=CARTESIAN_POINT('',(1348.93,919.685,-1299.059));
#4152=CARTESIAN_POINT('',(2009.208,619.759,-935.491));
#4156=CARTESIAN_POINT('',(2102.622,0,-935.491));
#4160=CARTESIAN_POINT('',(1517.234,1034.433,-1174.662));
#4167=CARTESIAN_POINT('',(2147.806,662.51,-756.589));
#4171=CARTESIAN_POINT('',(2247.663,0,-756.589));
#4175=CARTESIAN_POINT('',(1017.919,1276.43,-1299.059));
#4185=CARTESIAN_POINT('',(2261.99,697.732,-559.759));
#4189=CARTESIAN_POINT('',(2367.157,0,-559.759));
#4193=CARTESIAN_POINT('',(2440.492,0,-388.246));
#4197=CARTESIAN_POINT('',(1737.267,1184.449,-935.491));
#4201=CARTESIAN_POINT('',(1144.923,1435.689,-1174.662));
#4211=CARTESIAN_POINT('',(1857.106,1266.154,-756.589));
#4218=CARTESIAN_POINT('',(2375.337,732.694,-221.58));
#4219=CARTESIAN_POINT('',(2485.773,0,-221.58));
#4223=CARTESIAN_POINT('',(2506.39,0,-50.126));
#4230=CARTESIAN_POINT('',(596.461,1519.759,-1299.059));
#4240=CARTESIAN_POINT('',(1955.836,1333.467,-559.759));
#4250=CARTESIAN_POINT('',(1310.963,1643.896,-935.491));
#4257=CARTESIAN_POINT('',(2391.42,737.655,105.272));
#4261=CARTESIAN_POINT('',(2502.604,0,105.272));
#4265=CARTESIAN_POINT('',(2481.238,0,243.556));
#4269=CARTESIAN_POINT('',(670.881,1709.377,-1174.662));
#4276=CARTESIAN_POINT('',(1401.395,1757.294,-756.589));
#4280=CARTESIAN_POINT('',(2053.842,1400.286,-221.58));
#4284=CARTESIAN_POINT('',(2335.293,720.343,378.407));
#4288=CARTESIAN_POINT('',(2443.867,0,378.407));
#4292=CARTESIAN_POINT('',(2392.031,0,508.397));
#4296=CARTESIAN_POINT('',(122.006,1628.05,-1299.059));
#4306=CARTESIAN_POINT('',(1475.898,1850.717,-559.759));
#4316=CARTESIAN_POINT('',(768.174,1957.275,-935.491));
#4323=CARTESIAN_POINT('',(2067.748,1409.767,105.272));
#4330=CARTESIAN_POINT('',(2224.093,686.042,632.587));
#4334=CARTESIAN_POINT('',(2327.497,0,632.587));
#4338=CARTESIAN_POINT('',(2251.999,0,750.443));
#4342=CARTESIAN_POINT('',(137.228,1831.18,-1174.662));
#4352=CARTESIAN_POINT('',(821.163,2092.29,-756.589));
#4359=CARTESIAN_POINT('',(1549.854,1943.456,-221.58));
#4363=CARTESIAN_POINT('',(2019.218,1376.68,378.407));
#4370=CARTESIAN_POINT('',(-363.291,1591.682,-1299.059));
#4380=CARTESIAN_POINT('',(864.819,2203.524,-559.759));
#4387=CARTESIAN_POINT('',(2041.908,629.845,897.261));
#4391=CARTESIAN_POINT('',(2136.842,0,897.261));
#4395=CARTESIAN_POINT('',(157.129,2096.742,-935.491));
#4402=CARTESIAN_POINT('',(1560.348,1956.615,105.272));
#4409=CARTESIAN_POINT('',(1923.069,1311.126,632.587));
#4416=CARTESIAN_POINT('',(-408.618,1790.275,-1174.662));
#4423=CARTESIAN_POINT('',(1902.011,586.693,1047.683));
#4424=CARTESIAN_POINT('',(1990.44,0,1047.683));
#4428=CARTESIAN_POINT('',(1828.055,0,1180.667));
#4435=CARTESIAN_POINT('',(167.968,2241.378,-756.589));
#4439=CARTESIAN_POINT('',(908.155,2313.941,-221.58));
#4446=CARTESIAN_POINT('',(1746.84,538.829,1180.667));
#4453=CARTESIAN_POINT('',(1523.727,1910.692,378.407));
#4463=CARTESIAN_POINT('',(-816.308,1413.887,-1299.059));
#4473=CARTESIAN_POINT('',(176.898,2360.537,-559.759));
#4480=CARTESIAN_POINT('',(1765.542,1203.726,897.261));
#4487=CARTESIAN_POINT('',(-467.877,2049.904,-935.491));
#4494=CARTESIAN_POINT('',(914.304,2329.608,105.272));
#4501=CARTESIAN_POINT('',(1451.171,1819.711,632.587));
#4505=CARTESIAN_POINT('',(-918.157,1590.295,-1174.662));
#4512=CARTESIAN_POINT('',(1644.579,1121.255,1047.683));
#4519=CARTESIAN_POINT('',(1473.806,454.609,1337.065));
#4532=CARTESIAN_POINT('',(-500.152,2191.309,-756.589));
#4539=CARTESIAN_POINT('',(185.762,2478.822,-221.58));
#4546=CARTESIAN_POINT('',(1510.41,1029.78,1180.667));
#4553=CARTESIAN_POINT('',(892.845,2274.932,378.407));
#4560=CARTESIAN_POINT('',(-1196.792,1110.461,-1299.059));
#4573=CARTESIAN_POINT('',(-526.742,2307.807,-559.759));
#4580=CARTESIAN_POINT('',(1332.299,1670.65,897.261));
#4587=CARTESIAN_POINT('',(-1051.311,1820.924,-935.491));
#4594=CARTESIAN_POINT('',(187.02,2495.606,105.272));
#4601=CARTESIAN_POINT('',(850.33,2166.606,632.587));
#4608=CARTESIAN_POINT('',(-1346.114,1249.011,-1174.662));
#4615=CARTESIAN_POINT('',(1241.019,1556.189,1047.683));
#4625=CARTESIAN_POINT('',(1274.331,868.824,1337.065));
#4641=CARTESIAN_POINT('',(-1123.831,1946.533,-756.589));
#4648=CARTESIAN_POINT('',(-553.137,2423.449,-221.58));
#4655=CARTESIAN_POINT('',(1139.774,1429.231,1180.667));
#4662=CARTESIAN_POINT('',(182.63,2437.034,378.407));
#4669=CARTESIAN_POINT('',(-1470.936,708.365,-1299.059));
#4682=CARTESIAN_POINT('',(-1183.578,2050.018,-559.759));
#4692=CARTESIAN_POINT('',(780.676,1989.13,897.261));
#4699=CARTESIAN_POINT('',(-1541.331,1430.146,-935.491));
#4703=CARTESIAN_POINT('',(-556.882,2439.859,105.272));
#4710=CARTESIAN_POINT('',(173.934,2320.989,632.587));
#4717=CARTESIAN_POINT('',(-1654.462,796.747,-1174.662));
#4718=CARTESIAN_POINT('',(-1836.315,0,-1174.662));
#4722=CARTESIAN_POINT('',(-1956.093,0,-1078.514));
#4735=CARTESIAN_POINT('',(727.189,1852.849,1047.683));
#4742=CARTESIAN_POINT('',(961.625,1205.84,1337.065));
#4755=CARTESIAN_POINT('',(-1647.654,1528.799,-756.589));
#4762=CARTESIAN_POINT('',(-1242.886,2152.742,-221.58));
#4766=CARTESIAN_POINT('',(667.863,1701.688,1180.667));
#4773=CARTESIAN_POINT('',(-543.812,2382.595,378.407));
#4780=CARTESIAN_POINT('',(-1735.248,1610.075,-559.759));
#4787=CARTESIAN_POINT('',(159.686,2130.867,897.261));
#4794=CARTESIAN_POINT('',(-1894.397,912.293,-935.491));
#4798=CARTESIAN_POINT('',(-2102.622,0,-935.491));
#4802=CARTESIAN_POINT('',(-2247.663,0,-756.589));
#4812=CARTESIAN_POINT('',(-1251.302,2167.319,105.272));
#4819=CARTESIAN_POINT('',(-517.917,2269.142,632.587));
#4829=CARTESIAN_POINT('',(148.746,1984.875,1047.683));
#4839=CARTESIAN_POINT('',(563.475,1435.712,1337.065));
#4855=CARTESIAN_POINT('',(-2025.074,975.224,-756.589));
#4868=CARTESIAN_POINT('',(-1822.2,1690.755,-221.58));
#4878=CARTESIAN_POINT('',(136.611,1822.943,1180.667));
#4882=CARTESIAN_POINT('',(-1221.934,2116.451,378.407));
#4889=CARTESIAN_POINT('',(-2132.734,1027.071,-559.759));
#4893=CARTESIAN_POINT('',(-2367.157,0,-559.759));
#4897=CARTESIAN_POINT('',(-2440.492,0,-388.246));
#4907=CARTESIAN_POINT('',(-475.492,2083.267,897.261));
#4911=CARTESIAN_POINT('',(-1834.539,1702.203,105.272));
#4915=CARTESIAN_POINT('',(-1163.749,2015.672,632.587));
#4922=CARTESIAN_POINT('',(-442.915,1940.536,1047.683));
#4932=CARTESIAN_POINT('',(115.258,1538.015,1337.065));
#4948=CARTESIAN_POINT('',(-2239.604,1078.536,-221.58));
#4949=CARTESIAN_POINT('',(-2485.773,0,-221.58));
#4953=CARTESIAN_POINT('',(-2506.39,0,-50.126));
#4963=CARTESIAN_POINT('',(-406.781,1782.222,1180.667));
#4967=CARTESIAN_POINT('',(-1791.482,1662.252,378.407));
#4974=CARTESIAN_POINT('',(-1068.421,1850.559,897.261));
#4981=CARTESIAN_POINT('',(-2254.768,1085.839,105.272));
#4982=CARTESIAN_POINT('',(-2502.604,0,105.272));
#4986=CARTESIAN_POINT('',(-2481.238,0,243.556));
#4999=CARTESIAN_POINT('',(-1706.176,1583.1,632.587));
#5009=CARTESIAN_POINT('',(-995.22,1723.772,1047.683));
#5016=CARTESIAN_POINT('',(-343.2,1503.658,1337.065));
#5032=CARTESIAN_POINT('',(-914.027,1583.142,1180.667));
#5039=CARTESIAN_POINT('',(-2201.848,1060.354,378.407));
#5043=CARTESIAN_POINT('',(-2443.867,0,378.407));
#5047=CARTESIAN_POINT('',(-2392.031,0,508.397));
#5057=CARTESIAN_POINT('',(-1566.416,1453.422,897.261));
#5061=CARTESIAN_POINT('',(-2097.003,1009.863,632.587));
#5065=CARTESIAN_POINT('',(-2327.497,0,632.587));
#5069=CARTESIAN_POINT('',(-2251.999,0,750.443));
#5079=CARTESIAN_POINT('',(-1459.096,1353.843,1047.683));
#5086=CARTESIAN_POINT('',(-771.164,1335.694,1337.065));
#5102=CARTESIAN_POINT('',(-1340.059,1243.393,1180.667));
#5109=CARTESIAN_POINT('',(-1925.228,927.141,897.261));
#5116=CARTESIAN_POINT('',(-2136.842,0,897.261));
#5126=CARTESIAN_POINT('',(-1793.325,863.62,1047.683));
#5130=CARTESIAN_POINT('',(-1990.44,0,1047.683));
#5140=CARTESIAN_POINT('',(-1130.606,1049.049,1337.065));
#5156=CARTESIAN_POINT('',(-1647.021,793.163,1180.667));
#5163=CARTESIAN_POINT('',(-1828.055,0,1180.667));
#5167=CARTESIAN_POINT('',(-1389.589,669.191,1337.065));
#5183=CARTESIAN_POINT('',(-1491.415,585.337,1313.165));
#5202=CARTESIAN_POINT('',(-2239.401,0,-1034.066));
#5203=CARTESIAN_POINT('',(-2066.715,0,-1204.289));
#5210=CARTESIAN_POINT('',(-1874.642,0,-1352.239));
#5217=CARTESIAN_POINT('',(-2463.749,0,-731.343));
#5218=CARTESIAN_POINT('',(-2374.987,0,-866.494));
#5228=CARTESIAN_POINT('',(-1704.538,0,-1450.336));
#5238=CARTESIAN_POINT('',(-2539.51,0,-588.509));
#5245=CARTESIAN_POINT('',(-1567.855,0,-1505.154));
#5255=CARTESIAN_POINT('',(-1460.547,0,-1531.342));
#5259=CARTESIAN_POINT('',(-2644.056,0,-283.078));
#5260=CARTESIAN_POINT('',(-2600.278,0,-438.695));
#5270=CARTESIAN_POINT('',(-1404.868,0,-1538.521));
#5277=CARTESIAN_POINT('',(-1348.785,0,-1541));
#5284=CARTESIAN_POINT('',(-2669.139,0,-123.388));
#5294=CARTESIAN_POINT('',(-2674.439,0,38.169));
#5301=CARTESIAN_POINT('',(-2656.864,0,216.886));
#5308=CARTESIAN_POINT('',(-2609.581,0,410.716));
#5315=CARTESIAN_POINT('',(-2535.903,0,596.156));
#5322=CARTESIAN_POINT('',(-450,0,-1541));
#5332=CARTESIAN_POINT('',(-2439.535,0,770.917));
#5339=CARTESIAN_POINT('',(-2324.15,0,933.776));
#5346=CARTESIAN_POINT('',(-2192.779,0,1084.057));
#5353=CARTESIAN_POINT('',(-2047.482,0,1220.922));
#5360=CARTESIAN_POINT('',(-1907.384,0,1329.804));
#5364=CARTESIAN_POINT('',(-1795.461,0,1401.809));
#5371=CARTESIAN_POINT('',(-1690.767,0,1456.873));
#5378=CARTESIAN_POINT('',(-1608.91,0,1491.099));
#5382=CARTESIAN_POINT('',(-1524.272,0,1517.679));
#5389=CARTESIAN_POINT('',(-1437.26,0,1534.9));
#5396=CARTESIAN_POINT('',(-1348.785,0,1541));
#5403=CARTESIAN_POINT('',(-450,0,1541));
#5410=CARTESIAN_POINT('',(450,0,-1541));
#5414=CARTESIAN_POINT('',(444.974,67.069,-1541));
#5418=CARTESIAN_POINT('',(430.008,132.64,-1541));
#5425=CARTESIAN_POINT('',(405.436,195.248,-1541));
#5432=CARTESIAN_POINT('',(371.807,253.494,-1541));
#5442=CARTESIAN_POINT('',(329.873,306.078,-1541));
#5446=CARTESIAN_POINT('',(280.57,351.824,-1541));
#5453=CARTESIAN_POINT('',(225,389.711,-1541));
#5460=CARTESIAN_POINT('',(164.403,418.893,-1541));
#5470=CARTESIAN_POINT('',(100.134,438.718,-1541));
#5477=CARTESIAN_POINT('',(33.629,448.742,-1541));
#5481=CARTESIAN_POINT('',(-33.629,448.742,-1541));
#5491=CARTESIAN_POINT('',(-100.134,438.718,-1541));
#5495=CARTESIAN_POINT('',(-164.403,418.893,-1541));
#5505=CARTESIAN_POINT('',(-225,389.711,-1541));
#5509=CARTESIAN_POINT('',(-280.57,351.824,-1541));
#5519=CARTESIAN_POINT('',(-329.873,306.078,-1541));
#5523=CARTESIAN_POINT('',(-371.807,253.494,-1541));
#5530=CARTESIAN_POINT('',(-405.436,195.248,-1541));
#5537=CARTESIAN_POINT('',(-430.008,132.64,-1541));
#5544=CARTESIAN_POINT('',(-444.974,67.069,-1541));
#5557=CARTESIAN_POINT('',(1348.785,0,-1541));
#5558=CARTESIAN_POINT('',(1404.868,0,-1538.521));
#5568=CARTESIAN_POINT('',(1460.547,0,-1531.342));
#5575=CARTESIAN_POINT('',(1567.855,0,-1505.154));
#5585=CARTESIAN_POINT('',(1704.538,0,-1450.336));
#5595=CARTESIAN_POINT('',(1874.642,0,-1352.239));
#5602=CARTESIAN_POINT('',(2066.715,0,-1204.289));
#5612=CARTESIAN_POINT('',(2239.401,0,-1034.066));
#5619=CARTESIAN_POINT('',(2374.987,0,-866.494));
#5623=CARTESIAN_POINT('',(2463.749,0,-731.343));
#5630=CARTESIAN_POINT('',(2539.51,0,-588.509));
#5637=CARTESIAN_POINT('',(2600.278,0,-438.695));
#5641=CARTESIAN_POINT('',(2644.056,0,-283.078));
#5648=CARTESIAN_POINT('',(2669.139,0,-123.388));
#5655=CARTESIAN_POINT('',(2674.439,0,38.169));
#5662=CARTESIAN_POINT('',(450,0,1541));
#5666=CARTESIAN_POINT('',(2656.864,0,216.886));
#5673=CARTESIAN_POINT('',(1348.785,0,1541));
#5680=CARTESIAN_POINT('',(1437.26,0,1534.9));
#5687=CARTESIAN_POINT('',(2609.581,0,410.716));
#5694=CARTESIAN_POINT('',(1524.272,0,1517.679));
#5701=CARTESIAN_POINT('',(1608.91,0,1491.099));
#5705=CARTESIAN_POINT('',(2535.903,0,596.156));
#5715=CARTESIAN_POINT('',(1690.767,0,1456.873));
#5722=CARTESIAN_POINT('',(1795.461,0,1401.809));
#5729=CARTESIAN_POINT('',(2439.535,0,770.917));
#5736=CARTESIAN_POINT('',(1907.384,0,1329.804));
#5740=CARTESIAN_POINT('',(2324.15,0,933.776));
#5747=CARTESIAN_POINT('',(2047.482,0,1220.922));
#5754=CARTESIAN_POINT('',(2192.779,0,1084.057));
#5893=CARTESIAN_POINT('',(444.974,67.069,1541));
#5897=CARTESIAN_POINT('',(430.008,132.64,1541));
#5898=CARTESIAN_POINT('',(405.436,195.248,1541));
#5908=CARTESIAN_POINT('',(371.807,253.494,1541));
#5918=CARTESIAN_POINT('',(329.873,306.078,1541));
#5925=CARTESIAN_POINT('',(280.57,351.824,1541));
#5926=CARTESIAN_POINT('',(225,389.711,1541));
#5939=CARTESIAN_POINT('',(164.403,418.893,1541));
#5946=CARTESIAN_POINT('',(100.134,438.718,1541));
#5953=CARTESIAN_POINT('',(33.629,448.742,1541));
#5954=CARTESIAN_POINT('',(-33.629,448.742,1541));
#5964=CARTESIAN_POINT('',(-100.134,438.718,1541));
#5971=CARTESIAN_POINT('',(-164.403,418.893,1541));
#5984=CARTESIAN_POINT('',(-225,389.711,1541));
#5985=CARTESIAN_POINT('',(-280.57,351.824,1541));
#5992=CARTESIAN_POINT('',(-329.873,306.078,1541));
#6002=CARTESIAN_POINT('',(-371.807,253.494,1541));
#6009=CARTESIAN_POINT('',(-405.436,195.248,1541));
#6016=CARTESIAN_POINT('',(-430.008,132.64,1541));
#6023=CARTESIAN_POINT('',(-444.974,67.069,1541));
#6036=CARTESIAN_POINT('',(1333.72,201.026,1541));
#6040=CARTESIAN_POINT('',(1288.862,397.561,1541));
#6047=CARTESIAN_POINT('',(1215.213,585.216,1541));
#6054=CARTESIAN_POINT('',(1114.418,759.798,1541));
#6064=CARTESIAN_POINT('',(988.729,917.407,1541));
#6071=CARTESIAN_POINT('',(840.954,1054.522,1541));
#6078=CARTESIAN_POINT('',(674.392,1168.082,1541));
#6085=CARTESIAN_POINT('',(492.766,1255.548,1541));
#6092=CARTESIAN_POINT('',(300.133,1314.968,1541));
#6099=CARTESIAN_POINT('',(100.795,1345.013,1541));
#6109=CARTESIAN_POINT('',(-100.795,1345.013,1541));
#6119=CARTESIAN_POINT('',(-1333.72,201.026,1541));
#6123=CARTESIAN_POINT('',(-300.133,1314.968,1541));
#6130=CARTESIAN_POINT('',(-1288.862,397.561,1541));
#6140=CARTESIAN_POINT('',(-492.766,1255.548,1541));
#6147=CARTESIAN_POINT('',(-1215.213,585.216,1541));
#6154=CARTESIAN_POINT('',(-674.392,1168.082,1541));
#6158=CARTESIAN_POINT('',(-1114.418,759.798,1541));
#6162=CARTESIAN_POINT('',(-840.954,1054.522,1541));
#6169=CARTESIAN_POINT('',(-988.729,917.407,1541));
#6191=CARTESIAN_POINT('',(1333.72,201.026,-1541));
#6216=CARTESIAN_POINT('',(-1333.72,201.026,-1541));
#6229=CARTESIAN_POINT('',(1615.651,498.362,1456.873));
#6248=CARTESIAN_POINT('',(1956.518,603.506,1220.922));
#6258=CARTESIAN_POINT('',(1396.977,952.443,1456.873));
#6271=CARTESIAN_POINT('',(2220.894,685.055,933.776));
#6281=CARTESIAN_POINT('',(1691.709,1153.388,1220.922));
#6285=CARTESIAN_POINT('',(1054.176,1321.895,1456.873));
#6295=CARTESIAN_POINT('',(2423.24,747.471,596.156));
#6305=CARTESIAN_POINT('',(1920.303,1309.24,933.776));
#6315=CARTESIAN_POINT('',(1276.584,1600.786,1220.922));
#6322=CARTESIAN_POINT('',(617.706,1573.89,1456.873));
#6332=CARTESIAN_POINT('',(2538.827,783.124,216.886));
#6342=CARTESIAN_POINT('',(2095.261,1428.525,596.156));
#6346=CARTESIAN_POINT('',(1449.084,1817.094,933.776));
#6353=CARTESIAN_POINT('',(2550.557,786.743,-123.388));
#6363=CARTESIAN_POINT('',(748.029,1905.947,1220.922));
#6373=CARTESIAN_POINT('',(126.351,1686.039,1456.873));
#6383=CARTESIAN_POINT('',(2195.204,1496.665,216.886));
#6390=CARTESIAN_POINT('',(2484.755,766.446,-438.695));
#6400=CARTESIAN_POINT('',(1581.11,1982.649,596.156));
#6407=CARTESIAN_POINT('',(849.107,2163.49,933.776));
#6414=CARTESIAN_POINT('',(2205.346,1503.58,-123.388));
#6421=CARTESIAN_POINT('',(153.009,2041.757,1220.922));
#6428=CARTESIAN_POINT('',(2354.291,726.203,-731.343));
#6438=CARTESIAN_POINT('',(-376.231,1648.376,1456.873));
#6451=CARTESIAN_POINT('',(1656.528,2077.22,216.886));
#6458=CARTESIAN_POINT('',(2148.451,1464.789,-438.695));
#6465=CARTESIAN_POINT('',(926.469,2360.605,596.156));
#6469=CARTESIAN_POINT('',(173.684,2317.651,933.776));
#6479=CARTESIAN_POINT('',(2139.911,660.075,-1034.066));
#6486=CARTESIAN_POINT('',(1664.181,2086.817,-123.388));
#6493=CARTESIAN_POINT('',(-455.608,1996.147,1220.922));
#6497=CARTESIAN_POINT('',(2035.645,1387.879,-731.343));
#6504=CARTESIAN_POINT('',(-845.383,1464.247,1456.873));
#6517=CARTESIAN_POINT('',(970.661,2473.205,216.886));
#6524=CARTESIAN_POINT('',(1974.897,609.175,-1204.289));
#6534=CARTESIAN_POINT('',(1621.247,2032.98,-438.695));
#6544=CARTESIAN_POINT('',(189.508,2528.812,596.156));
#6548=CARTESIAN_POINT('',(-517.172,2265.879,933.776));
#6555=CARTESIAN_POINT('',(1850.28,1261.5,-1034.066));
#6562=CARTESIAN_POINT('',(975.146,2484.632,-123.388));
#6569=CARTESIAN_POINT('',(-1023.741,1773.171,1220.922));
#6573=CARTESIAN_POINT('',(1628.81,502.421,-1450.336));
#6574=CARTESIAN_POINT('',(1288.862,397.561,-1541));
#6578=CARTESIAN_POINT('',(1215.213,585.216,-1541));
#6594=CARTESIAN_POINT('',(1536.122,1926.236,-731.343));
#6598=CARTESIAN_POINT('',(-1239.42,1150.014,1456.873));
#6608=CARTESIAN_POINT('',(198.548,2649.435,216.886));
#6618=CARTESIAN_POINT('',(1707.6,1164.222,-1204.289));
#6625=CARTESIAN_POINT('',(949.988,2420.531,-438.695));
#6635=CARTESIAN_POINT('',(-564.291,2472.323,596.156));
#6645=CARTESIAN_POINT('',(-1162.075,2012.773,933.776));
#6652=CARTESIAN_POINT('',(1396.244,1750.835,-1034.066));
#6662=CARTESIAN_POINT('',(199.465,2661.676,-123.388));
#6669=CARTESIAN_POINT('',(-1500.91,1392.641,1220.922));
#6679=CARTESIAN_POINT('',(1408.355,960.2,-1450.336));
#6686=CARTESIAN_POINT('',(1114.418,759.798,-1541));
#6690=CARTESIAN_POINT('',(988.729,917.407,-1541));
#6697=CARTESIAN_POINT('',(900.109,2293.439,-731.343));
#6701=CARTESIAN_POINT('',(-1523.328,733.596,1456.873));
#6720=CARTESIAN_POINT('',(-591.208,2590.251,216.886));
#6724=CARTESIAN_POINT('',(1288.576,1615.823,-1204.289));
#6731=CARTESIAN_POINT('',(194.319,2593.008,-438.695));
#6735=CARTESIAN_POINT('',(-1267.952,2196.156,596.156));
#6742=CARTESIAN_POINT('',(-1703.722,1580.823,933.776));
#6749=CARTESIAN_POINT('',(818.145,2084.6,-1034.066));
#6756=CARTESIAN_POINT('',(-593.939,2602.218,-123.388));
#6766=CARTESIAN_POINT('',(-1844.718,888.369,1220.922));
#6782=CARTESIAN_POINT('',(1062.762,1332.661,-1450.336));
#6789=CARTESIAN_POINT('',(840.954,1054.522,-1541));
#6793=CARTESIAN_POINT('',(674.392,1168.082,-1541));
#6797=CARTESIAN_POINT('',(184.116,2456.86,-731.343));
#6807=CARTESIAN_POINT('',(-1328.432,2300.912,216.886));
#6817=CARTESIAN_POINT('',(755.056,1923.851,-1204.289));
#6827=CARTESIAN_POINT('',(-578.616,2535.084,-438.695));
#6831=CARTESIAN_POINT('',(-1858.949,1724.852,596.156));
#6835=CARTESIAN_POINT('',(-2093.987,1008.411,933.776));
#6854=CARTESIAN_POINT('',(167.351,2233.14,-1034.066));
#6861=CARTESIAN_POINT('',(-1334.57,2311.542,-123.388));
#6865=CARTESIAN_POINT('',(622.737,1586.709,-1450.336));
#6866=CARTESIAN_POINT('',(492.766,1255.548,-1541));
#6870=CARTESIAN_POINT('',(300.133,1314.968,-1541));
#6880=CARTESIAN_POINT('',(-548.236,2401.978,-731.343));
#6890=CARTESIAN_POINT('',(-1947.619,1807.127,216.886));
#6900=CARTESIAN_POINT('',(154.446,2060.936,-1204.289));
#6904=CARTESIAN_POINT('',(-1300.139,2251.907,-438.695));
#6914=CARTESIAN_POINT('',(-2284.77,1100.287,596.156));
#6927=CARTESIAN_POINT('',(-498.314,2183.255,-1034.066));
#6931=CARTESIAN_POINT('',(-1956.618,1815.476,-123.388));
#6935=CARTESIAN_POINT('',(127.38,1699.771,-1450.336));
#6942=CARTESIAN_POINT('',(100.795,1345.013,-1541));
#6946=CARTESIAN_POINT('',(-100.795,1345.013,-1541));
#6953=CARTESIAN_POINT('',(-1231.874,2133.669,-731.343));
#6957=CARTESIAN_POINT('',(-2393.752,1152.77,216.886));
#6973=CARTESIAN_POINT('',(-459.887,2014.898,-1204.289));
#6980=CARTESIAN_POINT('',(-1906.139,1768.638,-438.695));
#6987=CARTESIAN_POINT('',(-1119.701,1939.379,-1034.066));
#6994=CARTESIAN_POINT('',(-2404.811,1158.096,-123.388));
#7010=CARTESIAN_POINT('',(-379.295,1661.801,-1450.336));
#7020=CARTESIAN_POINT('',(-300.133,1314.968,-1541));
#7024=CARTESIAN_POINT('',(-492.766,1255.548,-1541));
#7028=CARTESIAN_POINT('',(-1806.056,1675.775,-731.343));
#7035=CARTESIAN_POINT('',(-1033.357,1789.828,-1204.289));
#7042=CARTESIAN_POINT('',(-2342.77,1128.219,-438.695));
#7058=CARTESIAN_POINT('',(-1641.597,1523.18,-1034.066));
#7065=CARTESIAN_POINT('',(-852.269,1476.173,-1450.336));
#7075=CARTESIAN_POINT('',(-674.392,1168.082,-1541));
#7079=CARTESIAN_POINT('',(-840.954,1054.522,-1541));
#7083=CARTESIAN_POINT('',(-2219.761,1068.981,-731.343));
#7099=CARTESIAN_POINT('',(-1515.009,1405.723,-1204.289));
#7109=CARTESIAN_POINT('',(-2017.631,971.64,-1034.066));
#7122=CARTESIAN_POINT('',(-1249.514,1159.38,-1450.336));
#7123=CARTESIAN_POINT('',(-988.729,917.407,-1541));
#7127=CARTESIAN_POINT('',(-1114.418,759.798,-1541));
#7137=CARTESIAN_POINT('',(-1862.046,896.714,-1204.289));
#7153=CARTESIAN_POINT('',(-1535.735,739.571,-1450.336));
#7157=CARTESIAN_POINT('',(-1215.213,585.216,-1541));
#7161=CARTESIAN_POINT('',(-1288.862,397.561,-1541));
#7435=CARTESIAN_POINT('',(1437.26,0,-1534.9));
#7439=CARTESIAN_POINT('',(1524.272,0,-1517.679));
#7443=CARTESIAN_POINT('',(1608.91,0,-1491.099));
#7447=CARTESIAN_POINT('',(1567.855,0,1505.154));
#7448=CARTESIAN_POINT('',(1460.547,0,1531.342));
#7452=CARTESIAN_POINT('',(1404.868,0,1538.521));
#7459=CARTESIAN_POINT('',(-1437.26,0,-1534.9));
#7463=CARTESIAN_POINT('',(-1524.272,0,-1517.679));
#7467=CARTESIAN_POINT('',(-1608.91,0,-1491.099));
#7471=CARTESIAN_POINT('',(-1690.767,0,-1456.873));
#7478=CARTESIAN_POINT('',(-1567.855,0,1505.154));
#7479=CARTESIAN_POINT('',(-1704.538,0,1450.336));
#7483=CARTESIAN_POINT('',(-1460.547,0,1531.342));
#7487=CARTESIAN_POINT('',(-1404.868,0,1538.521));
#7494=CARTESIAN_POINT('',(1615.651,498.362,-1456.873));
#7504=CARTESIAN_POINT('',(1690.767,0,-1456.873));
#7508=CARTESIAN_POINT('',(1795.461,0,-1401.809));
#7512=CARTESIAN_POINT('',(1907.384,0,-1329.804));
#7516=CARTESIAN_POINT('',(1956.518,603.506,-1220.922));
#7520=CARTESIAN_POINT('',(2047.482,0,-1220.922));
#7524=CARTESIAN_POINT('',(2192.779,0,-1084.057));
#7528=CARTESIAN_POINT('',(1396.977,952.443,-1456.873));
#7541=CARTESIAN_POINT('',(2220.894,685.055,-933.776));
#7542=CARTESIAN_POINT('',(2324.15,0,-933.776));
#7549=CARTESIAN_POINT('',(2439.535,0,-770.917));
#7553=CARTESIAN_POINT('',(1691.709,1153.388,-1220.922));
#7560=CARTESIAN_POINT('',(1054.176,1321.895,-1456.873));
#7570=CARTESIAN_POINT('',(2423.24,747.471,-596.156));
#7574=CARTESIAN_POINT('',(2535.903,0,-596.156));
#7578=CARTESIAN_POINT('',(2609.581,0,-410.716));
#7582=CARTESIAN_POINT('',(1920.303,1309.24,-933.776));
#7586=CARTESIAN_POINT('',(1276.584,1600.786,-1220.922));
#7593=CARTESIAN_POINT('',(617.706,1573.89,-1456.873));
#7603=CARTESIAN_POINT('',(2538.827,783.124,-216.886));
#7607=CARTESIAN_POINT('',(2656.864,0,-216.886));
#7611=CARTESIAN_POINT('',(2674.439,0,-38.169));
#7615=CARTESIAN_POINT('',(2095.261,1428.525,-596.156));
#7625=CARTESIAN_POINT('',(1449.084,1817.094,-933.776));
#7632=CARTESIAN_POINT('',(2550.557,786.743,123.388));
#7636=CARTESIAN_POINT('',(2669.139,0,123.388));
#7640=CARTESIAN_POINT('',(2644.056,0,283.078));
#7644=CARTESIAN_POINT('',(748.029,1905.947,-1220.922));
#7651=CARTESIAN_POINT('',(126.351,1686.039,-1456.873));
#7661=CARTESIAN_POINT('',(2195.204,1496.665,-216.886));
#7665=CARTESIAN_POINT('',(2484.755,766.446,438.695));
#7669=CARTESIAN_POINT('',(2600.278,0,438.695));
#7673=CARTESIAN_POINT('',(2539.51,0,588.509));
#7677=CARTESIAN_POINT('',(1581.11,1982.649,-596.156));
#7684=CARTESIAN_POINT('',(849.107,2163.49,-933.776));
#7694=CARTESIAN_POINT('',(2205.346,1503.58,123.388));
#7701=CARTESIAN_POINT('',(153.009,2041.757,-1220.922));
#7708=CARTESIAN_POINT('',(2354.291,726.203,731.343));
#7709=CARTESIAN_POINT('',(2463.749,0,731.343));
#7713=CARTESIAN_POINT('',(2374.987,0,866.494));
#7720=CARTESIAN_POINT('',(-376.231,1648.376,-1456.873));
#7733=CARTESIAN_POINT('',(1656.528,2077.22,-216.886));
#7740=CARTESIAN_POINT('',(2148.451,1464.789,438.695));
#7747=CARTESIAN_POINT('',(926.469,2360.605,-596.156));
#7751=CARTESIAN_POINT('',(173.684,2317.651,-933.776));
#7761=CARTESIAN_POINT('',(2139.911,660.075,1034.066));
#7765=CARTESIAN_POINT('',(2239.401,0,1034.066));
#7769=CARTESIAN_POINT('',(1664.181,2086.817,123.388));
#7776=CARTESIAN_POINT('',(-455.608,1996.147,-1220.922));
#7783=CARTESIAN_POINT('',(2035.645,1387.879,731.343));
#7790=CARTESIAN_POINT('',(-845.383,1464.247,-1456.873));
#7803=CARTESIAN_POINT('',(970.661,2473.205,-216.886));
#7813=CARTESIAN_POINT('',(1974.897,609.175,1204.289));
#7817=CARTESIAN_POINT('',(2066.715,0,1204.289));
#7821=CARTESIAN_POINT('',(1874.642,0,1352.239));
#7825=CARTESIAN_POINT('',(1621.247,2032.98,438.695));
#7835=CARTESIAN_POINT('',(189.508,2528.812,-596.156));
#7842=CARTESIAN_POINT('',(-517.172,2265.879,-933.776));
#7846=CARTESIAN_POINT('',(1850.28,1261.5,1034.066));
#7853=CARTESIAN_POINT('',(975.146,2484.632,123.388));
#7857=CARTESIAN_POINT('',(-1023.741,1773.171,-1220.922));
#7861=CARTESIAN_POINT('',(1628.81,502.421,1450.336));
#7871=CARTESIAN_POINT('',(1704.538,0,1450.336));
#7881=CARTESIAN_POINT('',(1536.122,1926.236,731.343));
#7885=CARTESIAN_POINT('',(-1239.42,1150.014,-1456.873));
#7895=CARTESIAN_POINT('',(198.548,2649.435,-216.886));
#7899=CARTESIAN_POINT('',(1707.6,1164.222,1204.289));
#7906=CARTESIAN_POINT('',(949.988,2420.531,438.695));
#7916=CARTESIAN_POINT('',(-564.291,2472.323,-596.156));
#7923=CARTESIAN_POINT('',(-1162.075,2012.773,-933.776));
#7930=CARTESIAN_POINT('',(1396.244,1750.835,1034.066));
#7937=CARTESIAN_POINT('',(199.465,2661.676,123.388));
#7947=CARTESIAN_POINT('',(-1500.91,1392.641,-1220.922));
#7957=CARTESIAN_POINT('',(1408.355,960.2,1450.336));
#7973=CARTESIAN_POINT('',(900.109,2293.439,731.343));
#7977=CARTESIAN_POINT('',(-1523.328,733.596,-1456.873));
#7987=CARTESIAN_POINT('',(-1795.461,0,-1401.809));
#7991=CARTESIAN_POINT('',(-1907.384,0,-1329.804));
#7998=CARTESIAN_POINT('',(-591.208,2590.251,-216.886));
#8005=CARTESIAN_POINT('',(1288.576,1615.823,1204.289));
#8015=CARTESIAN_POINT('',(194.319,2593.008,438.695));
#8019=CARTESIAN_POINT('',(-1267.952,2196.156,-596.156));
#8026=CARTESIAN_POINT('',(-1703.722,1580.823,-933.776));
#8033=CARTESIAN_POINT('',(818.145,2084.6,1034.066));
#8040=CARTESIAN_POINT('',(-593.939,2602.218,123.388));
#8050=CARTESIAN_POINT('',(-1844.718,888.369,-1220.922));
#8054=CARTESIAN_POINT('',(-2047.482,0,-1220.922));
#8058=CARTESIAN_POINT('',(-2192.779,0,-1084.057));
#8068=CARTESIAN_POINT('',(1062.762,1332.661,1450.336));
#8081=CARTESIAN_POINT('',(184.116,2456.86,731.343));
#8088=CARTESIAN_POINT('',(-1328.432,2300.912,-216.886));
#8095=CARTESIAN_POINT('',(755.056,1923.851,1204.289));
#8102=CARTESIAN_POINT('',(-578.616,2535.084,438.695));
#8109=CARTESIAN_POINT('',(-1858.949,1724.852,-596.156));
#8113=CARTESIAN_POINT('',(-2093.987,1008.411,-933.776));
#8120=CARTESIAN_POINT('',(-2324.15,0,-933.776));
#8124=CARTESIAN_POINT('',(-2439.535,0,-770.917));
#8134=CARTESIAN_POINT('',(167.351,2233.14,1034.066));
#8144=CARTESIAN_POINT('',(-1334.57,2311.542,123.388));
#8151=CARTESIAN_POINT('',(622.737,1586.709,1450.336));
#8167=CARTESIAN_POINT('',(-548.236,2401.978,731.343));
#8171=CARTESIAN_POINT('',(-1947.619,1807.127,-216.886));
#8178=CARTESIAN_POINT('',(154.446,2060.936,1204.289));
#8185=CARTESIAN_POINT('',(-1300.139,2251.907,438.695));
#8195=CARTESIAN_POINT('',(-2284.77,1100.287,-596.156));
#8202=CARTESIAN_POINT('',(-2535.903,0,-596.156));
#8206=CARTESIAN_POINT('',(-2609.581,0,-410.716));
#8213=CARTESIAN_POINT('',(-498.314,2183.255,1034.066));
#8220=CARTESIAN_POINT('',(-1956.618,1815.476,123.388));
#8230=CARTESIAN_POINT('',(127.38,1699.771,1450.336));
#8243=CARTESIAN_POINT('',(-1231.874,2133.669,731.343));
#8247=CARTESIAN_POINT('',(-2393.752,1152.77,-216.886));
#8251=CARTESIAN_POINT('',(-2656.864,0,-216.886));
#8255=CARTESIAN_POINT('',(-2674.439,0,-38.169));
#8262=CARTESIAN_POINT('',(-459.887,2014.898,1204.289));
#8269=CARTESIAN_POINT('',(-1906.139,1768.638,438.695));
#8273=CARTESIAN_POINT('',(-1119.701,1939.379,1034.066));
#8280=CARTESIAN_POINT('',(-2404.811,1158.096,123.388));
#8284=CARTESIAN_POINT('',(-2669.139,0,123.388));
#8288=CARTESIAN_POINT('',(-2644.056,0,283.078));
#8298=CARTESIAN_POINT('',(-379.295,1661.801,1450.336));
#8314=CARTESIAN_POINT('',(-1806.056,1675.775,731.343));
#8321=CARTESIAN_POINT('',(-1033.357,1789.828,1204.289));
#8328=CARTESIAN_POINT('',(-2342.77,1128.219,438.695));
#8335=CARTESIAN_POINT('',(-2600.278,0,438.695));
#8339=CARTESIAN_POINT('',(-2539.51,0,588.509));
#8346=CARTESIAN_POINT('',(-1641.597,1523.18,1034.066));
#8353=CARTESIAN_POINT('',(-852.269,1476.173,1450.336));
#8369=CARTESIAN_POINT('',(-2219.761,1068.981,731.343));
#8376=CARTESIAN_POINT('',(-2463.749,0,731.343));
#8380=CARTESIAN_POINT('',(-2374.987,0,866.494));
#8387=CARTESIAN_POINT('',(-1515.009,1405.723,1204.289));
#8397=CARTESIAN_POINT('',(-2017.631,971.64,1034.066));
#8404=CARTESIAN_POINT('',(-2239.401,0,1034.066));
#8411=CARTESIAN_POINT('',(-1249.514,1159.38,1450.336));
#8424=CARTESIAN_POINT('',(-1862.046,896.714,1204.289));
#8425=CARTESIAN_POINT('',(-2066.715,0,1204.289));
#8429=CARTESIAN_POINT('',(-1874.642,0,1352.239));
#8442=CARTESIAN_POINT('',(-1535.735,739.571,1450.336));
#8470=CARTESIAN_POINT('',(-2293.128,0,-1023.84));
#8471=CARTESIAN_POINT('',(-2139.74,0,-1183.344));
#8475=CARTESIAN_POINT('',(-1947.96,0,-1342.007));
#8482=CARTESIAN_POINT('',(-2396.468,0,-893.934));
#8492=CARTESIAN_POINT('',(-2488.262,0,-755.636));
#8499=CARTESIAN_POINT('',(-1758.11,0,-1460.834));
#8509=CARTESIAN_POINT('',(-1608.746,0,-1526.776));
#8513=CARTESIAN_POINT('',(-2566.714,0,-609.368));
#8523=CARTESIAN_POINT('',(-2629.788,0,-455.854));
#8530=CARTESIAN_POINT('',(-1490.813,0,-1559.773));
#8537=CARTESIAN_POINT('',(-1420.166,0,-1570.701));
#8544=CARTESIAN_POINT('',(-2675.437,0,-296.302));
#8551=CARTESIAN_POINT('',(-1348.785,0,-1574.5));
#8558=CARTESIAN_POINT('',(-2701.912,0,-132.484));
#8565=CARTESIAN_POINT('',(-2708.083,0,33.341));
#8572=CARTESIAN_POINT('',(-2690.821,0,216.882));
#8579=CARTESIAN_POINT('',(-2643.045,0,416.046));
#8592=CARTESIAN_POINT('',(-2568,0,606.647));
#8602=CARTESIAN_POINT('',(-2469.459,0,786.262));
#8609=CARTESIAN_POINT('',(-2351.196,0,953.581));
#8616=CARTESIAN_POINT('',(-2216.354,0,1107.871));
#8623=CARTESIAN_POINT('',(-2067.074,0,1248.242));
#8627=CARTESIAN_POINT('',(-1923.039,0,1359.739));
#8634=CARTESIAN_POINT('',(-1807.922,0,1433.314));
#8641=CARTESIAN_POINT('',(-1700.224,0,1489.416));
#8645=CARTESIAN_POINT('',(-1616.031,0,1524.165));
#8652=CARTESIAN_POINT('',(-1529.016,0,1551.044));
#8659=CARTESIAN_POINT('',(-1439.624,0,1568.383));
#8666=CARTESIAN_POINT('',(-1348.785,0,1574.5));
#8805=CARTESIAN_POINT('',(1348.785,0,-1574.5));
#8812=CARTESIAN_POINT('',(1420.166,0,-1570.701));
#8819=CARTESIAN_POINT('',(1490.813,0,-1559.773));
#8826=CARTESIAN_POINT('',(1608.746,0,-1526.776));
#8836=CARTESIAN_POINT('',(1758.11,0,-1460.834));
#8843=CARTESIAN_POINT('',(1947.96,0,-1342.007));
#8853=CARTESIAN_POINT('',(2139.74,0,-1183.344));
#8860=CARTESIAN_POINT('',(2293.128,0,-1023.84));
#8867=CARTESIAN_POINT('',(2396.468,0,-893.934));
#8874=CARTESIAN_POINT('',(2488.262,0,-755.636));
#8881=CARTESIAN_POINT('',(2566.714,0,-609.368));
#8885=CARTESIAN_POINT('',(2629.788,0,-455.854));
#8892=CARTESIAN_POINT('',(2675.437,0,-296.302));
#8899=CARTESIAN_POINT('',(2701.912,0,-132.484));
#8906=CARTESIAN_POINT('',(2708.083,0,33.341));
#8916=CARTESIAN_POINT('',(2690.821,0,216.882));
#8920=CARTESIAN_POINT('',(1348.785,0,1574.5));
#8930=CARTESIAN_POINT('',(1439.624,0,1568.383));
#8937=CARTESIAN_POINT('',(2643.045,0,416.046));
#8944=CARTESIAN_POINT('',(1529.016,0,1551.044));
#8951=CARTESIAN_POINT('',(1616.031,0,1524.165));
#8958=CARTESIAN_POINT('',(2568,0,606.647));
#8965=CARTESIAN_POINT('',(1700.224,0,1489.416));
#8972=CARTESIAN_POINT('',(1807.922,0,1433.314));
#8979=CARTESIAN_POINT('',(2469.459,0,786.262));
#8986=CARTESIAN_POINT('',(1923.039,0,1359.739));
#8993=CARTESIAN_POINT('',(2351.196,0,953.581));
#9000=CARTESIAN_POINT('',(2067.074,0,1248.242));
#9004=CARTESIAN_POINT('',(2216.354,0,1107.871));
#9266=CARTESIAN_POINT('',(1333.72,201.026,1574.5));
#9270=CARTESIAN_POINT('',(1288.862,397.561,1574.5));
#9277=CARTESIAN_POINT('',(1215.213,585.216,1574.5));
#9284=CARTESIAN_POINT('',(1114.418,759.798,1574.5));
#9294=CARTESIAN_POINT('',(988.729,917.407,1574.5));
#9301=CARTESIAN_POINT('',(840.954,1054.522,1574.5));
#9308=CARTESIAN_POINT('',(674.392,1168.082,1574.5));
#9315=CARTESIAN_POINT('',(492.766,1255.548,1574.5));
#9322=CARTESIAN_POINT('',(300.133,1314.968,1574.5));
#9329=CARTESIAN_POINT('',(100.795,1345.013,1574.5));
#9339=CARTESIAN_POINT('',(-100.795,1345.013,1574.5));
#9349=CARTESIAN_POINT('',(-1333.72,201.026,1574.5));
#9353=CARTESIAN_POINT('',(-300.133,1314.968,1574.5));
#9360=CARTESIAN_POINT('',(-1288.862,397.561,1574.5));
#9370=CARTESIAN_POINT('',(-492.766,1255.548,1574.5));
#9377=CARTESIAN_POINT('',(-1215.213,585.216,1574.5));
#9384=CARTESIAN_POINT('',(-674.392,1168.082,1574.5));
#9388=CARTESIAN_POINT('',(-1114.418,759.798,1574.5));
#9392=CARTESIAN_POINT('',(-840.954,1054.522,1574.5));
#9399=CARTESIAN_POINT('',(-988.729,917.407,1574.5));
#9421=CARTESIAN_POINT('',(1333.72,201.026,-1574.5));
#9443=CARTESIAN_POINT('',(-1333.72,201.026,-1574.5));
#9444=CARTESIAN_POINT('',(-1288.862,397.561,-1574.5));
#9460=CARTESIAN_POINT('',(1624.688,501.15,1489.416));
#9479=CARTESIAN_POINT('',(1975.239,609.281,1248.242));
#9489=CARTESIAN_POINT('',(1404.791,957.77,1489.416));
#9499=CARTESIAN_POINT('',(2246.739,693.027,953.581));
#9509=CARTESIAN_POINT('',(1707.896,1164.424,1248.242));
#9516=CARTESIAN_POINT('',(1060.072,1329.288,1489.416));
#9529=CARTESIAN_POINT('',(2453.911,756.931,606.647));
#9539=CARTESIAN_POINT('',(1942.649,1324.476,953.581));
#9549=CARTESIAN_POINT('',(1288.799,1616.103,1248.242));
#9556=CARTESIAN_POINT('',(621.161,1582.694,1489.416));
#9566=CARTESIAN_POINT('',(2571.275,793.133,216.882));
#9576=CARTESIAN_POINT('',(2121.782,1446.606,606.647));
#9580=CARTESIAN_POINT('',(1465.947,1838.239,953.581));
#9587=CARTESIAN_POINT('',(2581.874,796.403,-132.484));
#9597=CARTESIAN_POINT('',(755.187,1924.184,1248.242));
#9604=CARTESIAN_POINT('',(127.058,1695.47,1489.416));
#9617=CARTESIAN_POINT('',(2223.26,1515.793,216.882));
#9624=CARTESIAN_POINT('',(1601.122,2007.744,606.647));
#9631=CARTESIAN_POINT('',(2512.954,775.144,-455.854));
#9641=CARTESIAN_POINT('',(858.988,2188.667,953.581));
#9648=CARTESIAN_POINT('',(2232.425,1522.041,-132.484));
#9655=CARTESIAN_POINT('',(154.473,2061.294,1248.242));
#9662=CARTESIAN_POINT('',(2377.715,733.428,-755.636));
#9672=CARTESIAN_POINT('',(-378.335,1657.596,1489.416));
#9682=CARTESIAN_POINT('',(1677.699,2103.768,216.882));
#9686=CARTESIAN_POINT('',(938.196,2390.484,606.647));
#9693=CARTESIAN_POINT('',(2172.833,1481.412,-455.854));
#9703=CARTESIAN_POINT('',(175.705,2344.622,953.581));
#9707=CARTESIAN_POINT('',(2191.25,675.911,-1023.84));
#9714=CARTESIAN_POINT('',(1684.615,2112.44,-132.484));
#9721=CARTESIAN_POINT('',(-459.967,2015.248,1248.242));
#9728=CARTESIAN_POINT('',(2055.898,1401.688,-755.636));
#9732=CARTESIAN_POINT('',(-850.112,1472.437,1489.416));
#9742=CARTESIAN_POINT('',(2044.677,630.699,-1183.344));
#9749=CARTESIAN_POINT('',(983.067,2504.814,216.882));
#9759=CARTESIAN_POINT('',(191.907,2560.82,606.647));
#9766=CARTESIAN_POINT('',(1639.646,2056.051,-455.854));
#9773=CARTESIAN_POINT('',(1861.417,574.171,-1342.007));
#9783=CARTESIAN_POINT('',(-523.19,2292.247,953.581));
#9790=CARTESIAN_POINT('',(1894.671,1291.765,-1023.84));
#9800=CARTESIAN_POINT('',(987.119,2515.139,-132.484));
#9804=CARTESIAN_POINT('',(-1033.537,1790.138,1248.242));
#9811=CARTESIAN_POINT('',(1551.406,1945.401,-755.636));
#9818=CARTESIAN_POINT('',(-1246.352,1156.446,1489.416));
#9831=CARTESIAN_POINT('',(1767.936,1205.359,-1183.344));
#9835=CARTESIAN_POINT('',(201.085,2683.297,216.882));
#9842=CARTESIAN_POINT('',(1537.273,474.186,-1526.776));
#9846=CARTESIAN_POINT('',(1288.862,397.561,-1574.5));
#9850=CARTESIAN_POINT('',(1215.213,585.216,-1574.5));
#9860=CARTESIAN_POINT('',(-571.434,2503.615,606.647));
#9867=CARTESIAN_POINT('',(960.769,2448,-455.854));
#9874=CARTESIAN_POINT('',(1609.48,1097.325,-1342.007));
#9881=CARTESIAN_POINT('',(-1175.598,2036.196,953.581));
#9891=CARTESIAN_POINT('',(1429.742,1792.839,-1023.84));
#9901=CARTESIAN_POINT('',(201.914,2694.357,-132.484));
#9908=CARTESIAN_POINT('',(-1515.272,1405.967,1248.242));
#9912=CARTESIAN_POINT('',(909.064,2316.258,-755.636));
#9922=CARTESIAN_POINT('',(-1531.849,737.699,1489.416));
#9944=CARTESIAN_POINT('',(1334.106,1672.916,-1183.344));
#9948=CARTESIAN_POINT('',(-598.764,2623.356,216.882));
#9958=CARTESIAN_POINT('',(1329.208,906.239,-1526.776));
#9968=CARTESIAN_POINT('',(1114.418,759.798,-1574.5));
#9972=CARTESIAN_POINT('',(988.729,917.407,-1574.5));
#9976=CARTESIAN_POINT('',(-1284,2223.954,606.647));
#9983=CARTESIAN_POINT('',(196.524,2622.434,-455.854));
#9990=CARTESIAN_POINT('',(1214.533,1522.976,-1342.007));
#10000=CARTESIAN_POINT('',(-1723.549,1599.219,953.581));
#10007=CARTESIAN_POINT('',(837.774,2134.612,-1023.84));
#10011=CARTESIAN_POINT('',(-601.232,2634.17,-132.484));
#10018=CARTESIAN_POINT('',(-1862.369,896.87,1248.242));
#10034=CARTESIAN_POINT('',(185.948,2481.304,-755.636));
#10041=CARTESIAN_POINT('',(781.735,1991.828,-1183.344));
#10051=CARTESIAN_POINT('',(-1345.41,2330.319,216.882));
#10055=CARTESIAN_POINT('',(1003.036,1257.768,-1526.776));
#10056=CARTESIAN_POINT('',(840.954,1054.522,-1574.5));
#10060=CARTESIAN_POINT('',(674.392,1168.082,-1574.5));
#10070=CARTESIAN_POINT('',(-1882.478,1746.684,606.647));
#10077=CARTESIAN_POINT('',(-585.183,2563.853,-455.854));
#10081=CARTESIAN_POINT('',(711.67,1813.305,-1342.007));
#10085=CARTESIAN_POINT('',(-2118.354,1020.146,953.581));
#10104=CARTESIAN_POINT('',(171.366,2286.716,-1023.84));
#10114=CARTESIAN_POINT('',(-1350.956,2339.925,-132.484));
#10121=CARTESIAN_POINT('',(-553.69,2425.876,-755.636));
#10131=CARTESIAN_POINT('',(159.903,2133.757,-1183.344));
#10135=CARTESIAN_POINT('',(-1972.511,1830.223,216.882));
#10145=CARTESIAN_POINT('',(587.741,1497.539,-1526.776));
#10149=CARTESIAN_POINT('',(492.766,1255.548,-1574.5));
#10153=CARTESIAN_POINT('',(300.133,1314.968,-1574.5));
#10163=CARTESIAN_POINT('',(-2313.689,1114.214,606.647));
#10176=CARTESIAN_POINT('',(-1314.894,2277.463,-455.854));
#10183=CARTESIAN_POINT('',(145.571,1942.513,-1342.007));
#10193=CARTESIAN_POINT('',(-510.269,2235.634,-1023.84));
#10200=CARTESIAN_POINT('',(-1980.642,1837.767,-132.484));
#10207=CARTESIAN_POINT('',(-1244.131,2154.898,-755.636));
#10217=CARTESIAN_POINT('',(-476.137,2086.092,-1183.344));
#10224=CARTESIAN_POINT('',(-2424.346,1167.503,216.882));
#10240=CARTESIAN_POINT('',(120.222,1604.247,-1526.776));
#10247=CARTESIAN_POINT('',(100.795,1345.013,-1574.5));
#10251=CARTESIAN_POINT('',(-100.795,1345.013,-1574.5));
#10255=CARTESIAN_POINT('',(-1927.771,1788.71,-455.854));
#10259=CARTESIAN_POINT('',(-433.462,1899.12,-1342.007));
#10263=CARTESIAN_POINT('',(-1146.564,1985.907,-1023.84));
#10267=CARTESIAN_POINT('',(-2434.339,1172.316,-132.484));
#10283=CARTESIAN_POINT('',(-1824.025,1692.448,-755.636));
#10290=CARTESIAN_POINT('',(-1069.87,1853.069,-1183.344));
#10297=CARTESIAN_POINT('',(-357.98,1568.411,-1526.776));
#10304=CARTESIAN_POINT('',(-300.133,1314.968,-1574.5));
#10308=CARTESIAN_POINT('',(-492.766,1255.548,-1574.5));
#10315=CARTESIAN_POINT('',(-2369.357,1141.022,-455.854));
#10331=CARTESIAN_POINT('',(-973.98,1686.983,-1342.007));
#10341=CARTESIAN_POINT('',(-1680.982,1559.723,-1023.84));
#10348=CARTESIAN_POINT('',(-2241.846,1079.616,-755.636));
#10364=CARTESIAN_POINT('',(-1568.54,1455.393,-1183.344));
#10371=CARTESIAN_POINT('',(-804.373,1393.214,-1526.776));
#10372=CARTESIAN_POINT('',(-674.392,1168.082,-1574.5));
#10376=CARTESIAN_POINT('',(-840.954,1054.522,-1574.5));
#10386=CARTESIAN_POINT('',(-1427.956,1324.949,-1342.007));
#10393=CARTESIAN_POINT('',(-2066.037,994.951,-1023.84));
#10412=CARTESIAN_POINT('',(-1927.839,928.398,-1183.344));
#10419=CARTESIAN_POINT('',(-1179.294,1094.225,-1526.776));
#10420=CARTESIAN_POINT('',(-988.729,917.407,-1574.5));
#10424=CARTESIAN_POINT('',(-1114.418,759.798,-1574.5));
#10437=CARTESIAN_POINT('',(-1755.051,845.188,-1342.007));
#10456=CARTESIAN_POINT('',(-1449.43,698.008,-1526.776));
#10463=CARTESIAN_POINT('',(-1215.213,585.216,-1574.5));
#10602=CARTESIAN_POINT('',(-997.1,480.178,-1008.377));
#10603=CARTESIAN_POINT('',(-935.34,450.436,-716.457));
#10604=CARTESIAN_POINT('',(-1070.408,0,-891.813));
#10608=CARTESIAN_POINT('',(-811.266,752.745,-1008.377));
#10612=CARTESIAN_POINT('',(-1066.391,513.547,-1136.452));
#10613=CARTESIAN_POINT('',(-1137.274,0,-1072.81));
#10620=CARTESIAN_POINT('',(-1157.452,0,-1104.554));
#10624=CARTESIAN_POINT('',(-1183.514,0,-1136.356));
#10628=CARTESIAN_POINT('',(-1208.77,0,-1159.512));
#10632=CARTESIAN_POINT('',(-867.644,805.056,-1136.452));
#10636=CARTESIAN_POINT('',(-1062.09,1839.594,-640.845));
#10637=CARTESIAN_POINT('',(-507.595,2223.92,-336.589));
#10638=CARTESIAN_POINT('',(-472.675,2070.923,-640.845));
#10642=CARTESIAN_POINT('',(-397.864,1743.155,-1000.807));
#10643=CARTESIAN_POINT('',(-893.992,1548.439,-1000.807));
#10647=CARTESIAN_POINT('',(2313.864,348.759,0));
#10648=CARTESIAN_POINT('',(2329.202,0,144.307));
#10649=CARTESIAN_POINT('',(2340,0,0));
#10653=CARTESIAN_POINT('',(2297.655,0,285.55));
#10660=CARTESIAN_POINT('',(-1120.015,539.371,-1181.764));
#10664=CARTESIAN_POINT('',(-911.274,845.538,-1181.764));
#10668=CARTESIAN_POINT('',(-1235.015,0,-1177.337));
#10672=CARTESIAN_POINT('',(-1256.296,0,-1188.001));
#10676=CARTESIAN_POINT('',(-1283.577,0,-1197.58));
#10683=CARTESIAN_POINT('',(-1310.684,1216.137,-1000.807));
#10684=CARTESIAN_POINT('',(-783.79,1357.564,-1144.4));
#10691=CARTESIAN_POINT('',(-1149.117,1066.225,-1144.4));
#10695=CARTESIAN_POINT('',(-1184.387,570.371,-1203.824));
#10702=CARTESIAN_POINT('',(-1314.571,0,-1203.824));
#10706=CARTESIAN_POINT('',(-1350.646,0,-1205.994));
#10710=CARTESIAN_POINT('',(-1383.124,0,-1204.06));
#10714=CARTESIAN_POINT('',(-1415.281,0,-1199.084));
#10718=CARTESIAN_POINT('',(-1457.387,0,-1188.638));
#10722=CARTESIAN_POINT('',(-963.648,894.135,-1203.824));
#10726=CARTESIAN_POINT('',(-1140.556,1975.501,-336.589));
#10730=CARTESIAN_POINT('',(-854.898,2178.245,0));
#10734=CARTESIAN_POINT('',(-1170,2026.499,0));
#10738=CARTESIAN_POINT('',(-1458.966,1829.486,0));
#10742=CARTESIAN_POINT('',(-1412.341,680.147,-1144.4));
#10752=CARTESIAN_POINT('',(-1518.655,0,-1166.738));
#10756=CARTESIAN_POINT('',(-1584.897,0,-1135.573));
#10760=CARTESIAN_POINT('',(-1669.191,0,-1086.363));
#10764=CARTESIAN_POINT('',(-1557.135,1444.81,-640.845));
#10768=CARTESIAN_POINT('',(-1610.917,775.777,-1000.807));
#10778=CARTESIAN_POINT('',(-1787.983,0,-1000.807));
#10782=CARTESIAN_POINT('',(-1911.481,0,-891.838));
#10786=CARTESIAN_POINT('',(-1672.174,1551.55,-336.589));
#10796=CARTESIAN_POINT('',(-1715.341,1591.604,0));
#10800=CARTESIAN_POINT('',(-1933.399,1318.169,0));
#10804=CARTESIAN_POINT('',(-1913.82,921.647,-640.845));
#10811=CARTESIAN_POINT('',(-2024.015,0,-771.576));
#10818=CARTESIAN_POINT('',(-2124.18,0,-640.845));
#10822=CARTESIAN_POINT('',(-2209.486,0,-499.989));
#10826=CARTESIAN_POINT('',(-2055.211,989.737,-336.589));
#10830=CARTESIAN_POINT('',(-2276.461,0,-349.584));
#10831=CARTESIAN_POINT('',(-2236.04,689.727,0));
#10847=CARTESIAN_POINT('',(-2108.267,1015.288,0));
#10854=CARTESIAN_POINT('',(986.506,475.076,976.557));
#10855=CARTESIAN_POINT('',(869.496,592.813,806.221));
#10856=CARTESIAN_POINT('',(1005.602,310.187,806.221));
#10860=CARTESIAN_POINT('',(802.647,744.748,976.557));
#10861=CARTESIAN_POINT('',(656.132,822.764,806.221));
#10865=CARTESIAN_POINT('',(547.47,948.245,976.557));
#10866=CARTESIAN_POINT('',(384.468,979.609,806.221));
#10870=CARTESIAN_POINT('',(243.647,1067.487,976.557));
#10871=CARTESIAN_POINT('',(78.643,1049.412,806.221));
#10875=CARTESIAN_POINT('',(-81.825,1091.877,976.557));
#10876=CARTESIAN_POINT('',(-234.171,1025.97,806.221));
#10880=CARTESIAN_POINT('',(-400.026,1019.25,976.557));
#10881=CARTESIAN_POINT('',(-526.177,911.366,806.221));
#10885=CARTESIAN_POINT('',(-682.683,856.058,976.557));
#10886=CARTESIAN_POINT('',(-771.431,715.783,806.221));
#10890=CARTESIAN_POINT('',(-904.681,616.801,976.557));
#10891=CARTESIAN_POINT('',(-948.139,456.6,806.221));
#10895=CARTESIAN_POINT('',(1079.36,423.617,1107.414));
#10896=CARTESIAN_POINT('',(1125.543,347.184,1130.225));
#10903=CARTESIAN_POINT('',(1004.167,579.756,1107.414));
#10907=CARTESIAN_POINT('',(973.204,663.519,1130.225));
#10911=CARTESIAN_POINT('',(906.543,722.944,1107.414));
#10918=CARTESIAN_POINT('',(788.669,849.983,1107.414));
#10919=CARTESIAN_POINT('',(734.392,920.898,1130.225));
#10926=CARTESIAN_POINT('',(653.177,958.034,1107.414));
#10933=CARTESIAN_POINT('',(503.094,1044.685,1107.414));
#10934=CARTESIAN_POINT('',(430.325,1096.451,1130.225));
#10941=CARTESIAN_POINT('',(341.772,1107.999,1107.414));
#10948=CARTESIAN_POINT('',(172.816,1146.562,1107.414));
#10952=CARTESIAN_POINT('',(88.023,1174.579,1130.225));
#10956=CARTESIAN_POINT('',(0,1159.512,1107.414));
#10963=CARTESIAN_POINT('',(-172.816,1146.562,1107.414));
#10967=CARTESIAN_POINT('',(-262.101,1148.341,1130.225));
#10971=CARTESIAN_POINT('',(-341.772,1107.999,1107.414));
#10978=CARTESIAN_POINT('',(-503.094,1044.685,1107.414));
#10979=CARTESIAN_POINT('',(-588.936,1020.068,1130.225));
#10986=CARTESIAN_POINT('',(-653.177,958.034,1107.414));
#10993=CARTESIAN_POINT('',(-788.669,849.983,1107.414));
#10997=CARTESIAN_POINT('',(-863.442,801.157,1130.225));
#11001=CARTESIAN_POINT('',(-906.543,722.944,1107.414));
#11008=CARTESIAN_POINT('',(-1004.167,579.756,1107.414));
#11012=CARTESIAN_POINT('',(-1061.227,511.06,1130.225));
#11016=CARTESIAN_POINT('',(1203.131,420.994,1194.908));
#11017=CARTESIAN_POINT('',(1217.451,375.534,1194.711));
#11018=CARTESIAN_POINT('',(1356.985,418.574,1198.108));
#11022=CARTESIAN_POINT('',(1141.916,399.574,1160.327));
#11032=CARTESIAN_POINT('',(1079.286,678.16,1194.908));
#11033=CARTESIAN_POINT('',(1173.321,799.957,1198.108));
#11034=CARTESIAN_POINT('',(1052.673,717.7,1194.711));
#11038=CARTESIAN_POINT('',(1024.372,643.656,1160.327));
#11048=CARTESIAN_POINT('',(1025.589,756.919,1194.908));
#11052=CARTESIAN_POINT('',(973.408,718.407,1160.327));
#11062=CARTESIAN_POINT('',(-2329.202,0,144.307));
#11063=CARTESIAN_POINT('',(-2313.864,348.759,0));
#11064=CARTESIAN_POINT('',(-2340,0,0));
#11068=CARTESIAN_POINT('',(831.445,966.157,1194.908));
#11069=CARTESIAN_POINT('',(885.402,1110.259,1198.108));
#11070=CARTESIAN_POINT('',(794.36,996.096,1194.711));
#11074=CARTESIAN_POINT('',(789.141,916.999,1160.327));
#11084=CARTESIAN_POINT('',(756.919,1025.589,1194.908));
#11088=CARTESIAN_POINT('',(718.407,973.408,1160.327));
#11098=CARTESIAN_POINT('',(-2297.655,0,285.55));
#11102=CARTESIAN_POINT('',(509.727,1168.306,1194.908));
#11103=CARTESIAN_POINT('',(518.812,1321.911,1198.108));
#11104=CARTESIAN_POINT('',(465.464,1185.984,1194.711));
#11108=CARTESIAN_POINT('',(483.792,1108.863,1160.327));
#11118=CARTESIAN_POINT('',(420.994,1203.131,1194.908));
#11122=CARTESIAN_POINT('',(399.574,1141.916,1160.327));
#11132=CARTESIAN_POINT('',(2317.713,0,-207.266));
#11133=CARTESIAN_POINT('',(2276.461,0,-349.584));
#11137=CARTESIAN_POINT('',(2334.369,0,-104.224));
#11144=CARTESIAN_POINT('',(-2247.542,0,421.343));
#11151=CARTESIAN_POINT('',(142.717,1266.646,1194.908));
#11152=CARTESIAN_POINT('',(106.122,1416.104,1198.108));
#11153=CARTESIAN_POINT('',(95.21,1270.492,1194.711));
#11157=CARTESIAN_POINT('',(135.455,1202.199,1160.327));
#11167=CARTESIAN_POINT('',(47.661,1273.769,1194.908));
#11171=CARTESIAN_POINT('',(45.236,1208.96,1160.327));
#11181=CARTESIAN_POINT('',(-236.974,1252.439,1194.908));
#11182=CARTESIAN_POINT('',(-315.996,1384.471,1198.108));
#11183=CARTESIAN_POINT('',(-283.504,1242.111,1194.711));
#11187=CARTESIAN_POINT('',(-224.917,1188.715,1160.327));
#11197=CARTESIAN_POINT('',(-329.906,1231.228,1194.908));
#11201=CARTESIAN_POINT('',(-313.121,1168.583,1160.327));
#11211=CARTESIAN_POINT('',(-595.609,1126.947,1194.908));
#11212=CARTESIAN_POINT('',(-710.038,1229.821,1198.108));
#11213=CARTESIAN_POINT('',(-637.027,1103.363,1194.711));
#11217=CARTESIAN_POINT('',(-565.305,1069.608,1160.327));
#11227=CARTESIAN_POINT('',(-678.16,1079.286,1194.908));
#11231=CARTESIAN_POINT('',(-643.656,1024.372,1160.327));
#11241=CARTESIAN_POINT('',(-901.321,901.321,1194.908));
#11242=CARTESIAN_POINT('',(-1040.989,965.896,1198.108));
#11243=CARTESIAN_POINT('',(-933.948,866.577,1194.711));
#11247=CARTESIAN_POINT('',(-855.462,855.462,1160.327));
#11257=CARTESIAN_POINT('',(-966.157,831.445,1194.908));
#11261=CARTESIAN_POINT('',(-916.999,789.141,1160.327));
#11271=CARTESIAN_POINT('',(-1126.947,595.609,1194.908));
#11272=CARTESIAN_POINT('',(-1279.444,616.147,1198.108));
#11273=CARTESIAN_POINT('',(-1147.883,552.791,1194.711));
#11277=CARTESIAN_POINT('',(-1069.608,565.305,1160.327));
#11287=CARTESIAN_POINT('',(1312.267,543.559,1198.043));
#11288=CARTESIAN_POINT('',(1491.598,1016.954,986.806));
#11289=CARTESIAN_POINT('',(1288.026,878.161,1148.648));
#11296=CARTESIAN_POINT('',(1725.083,532.118,986.806));
#11300=CARTESIAN_POINT('',(1489.646,459.495,1148.648));
#11307=CARTESIAN_POINT('',(1134.481,420.944,1160.523));
#11314=CARTESIAN_POINT('',(1216.597,733.071,1198.043));
#11318=CARTESIAN_POINT('',(1126.947,595.609,1194.908));
#11331=CARTESIAN_POINT('',(1099.851,504.547,1160.523));
#11341=CARTESIAN_POINT('',(1059.071,585.328,1160.523));
#11357=CARTESIAN_POINT('',(1126.869,864.677,1198.043));
#11364=CARTESIAN_POINT('',(966.157,831.445,1194.908));
#11368=CARTESIAN_POINT('',(985.409,1022.97,1198.043));
#11372=CARTESIAN_POINT('',(1125.578,1411.43,986.806));
#11373=CARTESIAN_POINT('',(971.96,1218.8,1148.648));
#11392=CARTESIAN_POINT('',(931.788,772.017,1160.523));
#11402=CARTESIAN_POINT('',(871.49,839.491,1160.523));
#11415=CARTESIAN_POINT('',(821.937,1158.412,1198.043));
#11422=CARTESIAN_POINT('',(678.16,1079.286,1194.908));
#11426=CARTESIAN_POINT('',(806.318,902.27,1160.523));
#11436=CARTESIAN_POINT('',(640.105,1267.977,1198.043));
#11443=CARTESIAN_POINT('',(659.545,1680.494,986.806));
#11444=CARTESIAN_POINT('',(569.531,1451.142,1148.648));
#11460=CARTESIAN_POINT('',(662.836,1012.368,1160.523));
#11470=CARTESIAN_POINT('',(585.328,1059.071,1160.523));
#11483=CARTESIAN_POINT('',(443.973,1349.218,1198.043));
#11484=CARTESIAN_POINT('',(329.906,1231.228,1194.908));
#11494=CARTESIAN_POINT('',(504.547,1099.851,1160.523));
#11504=CARTESIAN_POINT('',(237.924,1400.319,1198.043));
#11511=CARTESIAN_POINT('',(116.497,1554.544,1148.648));
#11515=CARTESIAN_POINT('',(134.909,1800.238,986.806));
#11528=CARTESIAN_POINT('',(334.987,1162.766,1160.523));
#11538=CARTESIAN_POINT('',(247.157,1184.548,1160.523));
#11551=CARTESIAN_POINT('',(26.56,1420.139,1198.043));
#11555=CARTESIAN_POINT('',(-47.661,1273.769,1194.908));
#11562=CARTESIAN_POINT('',(157.944,1199.706,1160.523));
#11572=CARTESIAN_POINT('',(-185.398,1408.236,1198.043));
#11573=CARTESIAN_POINT('',(-401.714,1760.024,986.806));
#11574=CARTESIAN_POINT('',(-346.889,1519.818,1148.648));
#11596=CARTESIAN_POINT('',(-22.627,1209.846,1160.523));
#11606=CARTESIAN_POINT('',(-112.975,1204.772,1160.523));
#11619=CARTESIAN_POINT('',(-393.214,1364.875,1198.043));
#11626=CARTESIAN_POINT('',(-420.994,1203.131,1194.908));
#11630=CARTESIAN_POINT('',(-202.692,1192.961,1160.523));
#11640=CARTESIAN_POINT('',(-592.246,1291.025,1198.043));
#11644=CARTESIAN_POINT('',(-779.452,1350.05,1148.648));
#11657=CARTESIAN_POINT('',(-902.643,1563.424,986.806));
#11664=CARTESIAN_POINT('',(-378.23,1149.427,1160.523));
#11674=CARTESIAN_POINT('',(-463.069,1117.948,1160.523));
#11687=CARTESIAN_POINT('',(-778.048,1188.335,1198.043));
#11694=CARTESIAN_POINT('',(-756.919,1025.589,1194.908));
#11698=CARTESIAN_POINT('',(-545.319,1080.216,1160.523));
#11708=CARTESIAN_POINT('',(-946.47,1059.101,1198.043));
#11709=CARTESIAN_POINT('',(-1323.369,1227.907,986.806));
#11713=CARTESIAN_POINT('',(-1142.757,1060.323,1148.648));
#11732=CARTESIAN_POINT('',(-700.226,986.876,1160.523));
#11742=CARTESIAN_POINT('',(-772.017,931.788,1160.523));
#11755=CARTESIAN_POINT('',(-1093.75,906.207,1198.043));
#11762=CARTESIAN_POINT('',(-1025.589,756.919,1194.908));
#11766=CARTESIAN_POINT('',(-839.491,871.49,1160.523));
#11776=CARTESIAN_POINT('',(-1216.597,733.071,1198.043));
#11777=CARTESIAN_POINT('',(-1404.523,676.383,1148.648));
#11784=CARTESIAN_POINT('',(-1626.507,783.284,986.806));
#11800=CARTESIAN_POINT('',(-960.003,736.637,1160.523));
#11810=CARTESIAN_POINT('',(-1012.368,662.836,1160.523));
#11823=CARTESIAN_POINT('',(-1059.071,585.328,1160.523));
#11833=CARTESIAN_POINT('',(1201.245,524.098,1203.268));
#11849=CARTESIAN_POINT('',(926.733,926.733,1203.268));
#11865=CARTESIAN_POINT('',(612.402,1158.72,1203.268));
#11881=CARTESIAN_POINT('',(243.655,1287.75,1203.268));
#11897=CARTESIAN_POINT('',(-146.74,1302.358,1203.268));
#11913=CARTESIAN_POINT('',(-524.098,1201.245,1203.268));
#11929=CARTESIAN_POINT('',(-854.887,993.397,1203.268));
#11945=CARTESIAN_POINT('',(-1109.715,697.28,1203.268));
#11964=CARTESIAN_POINT('',(-2317.713,0,-207.266));
#11968=CARTESIAN_POINT('',(-2334.369,0,-104.224));
#11975=CARTESIAN_POINT('',(2084.703,643.046,550.23));
#11976=CARTESIAN_POINT('',(2181.627,0,550.23));
#11977=CARTESIAN_POINT('',(2247.542,0,421.343));
#11981=CARTESIAN_POINT('',(2102.569,0,671.519));
#11985=CARTESIAN_POINT('',(2236.04,689.727,0));
#11989=CARTESIAN_POINT('',(2012.552,0,784.927));
#11993=CARTESIAN_POINT('',(2108.267,1015.288,0));
#12003=CARTESIAN_POINT('',(1802.545,1228.954,550.23));
#12004=CARTESIAN_POINT('',(1933.399,1318.169,0));
#12008=CARTESIAN_POINT('',(1715.341,1591.604,0));
#12015=CARTESIAN_POINT('',(1913.151,0,890.213));
#12019=CARTESIAN_POINT('',(1805.286,0,986.806));
#12023=CARTESIAN_POINT('',(1689.162,0,1073.272));
#12030=CARTESIAN_POINT('',(1564.098,0,1146.119));
#12034=CARTESIAN_POINT('',(1497.728,0,1175.029));
#12041=CARTESIAN_POINT('',(1421.929,0,1197.715));
#12045=CARTESIAN_POINT('',(1381.73,0,1204.21));
#12049=CARTESIAN_POINT('',(1337.247,0,1205.763));
#12056=CARTESIAN_POINT('',(1360.222,1705.665,550.23));
#12057=CARTESIAN_POINT('',(1458.966,1829.486,0));
#12061=CARTESIAN_POINT('',(1170,2026.499,0));
#12077=CARTESIAN_POINT('',(1304.048,0,1202.201));
#12081=CARTESIAN_POINT('',(1274.054,0,1194.711));
#12085=CARTESIAN_POINT('',(1248.24,0,1184.323));
#12089=CARTESIAN_POINT('',(1224.048,0,1170.573));
#12096=CARTESIAN_POINT('',(1201.84,0,1153.804));
#12100=CARTESIAN_POINT('',(1181.781,0,1134.513));
#12104=CARTESIAN_POINT('',(1163.849,0,1113.225));
#12108=CARTESIAN_POINT('',(1147.9,0,1090.412));
#12112=CARTESIAN_POINT('',(1129.362,0,1058.264));
#12116=CARTESIAN_POINT('',(1106.378,0,1007.572));
#12123=CARTESIAN_POINT('',(1079.982,0,928.37));
#12127=CARTESIAN_POINT('',(1052.355,0,806.221));
#12131=CARTESIAN_POINT('',(797.038,2030.819,550.23));
#12132=CARTESIAN_POINT('',(854.898,2178.245,0));
#12136=CARTESIAN_POINT('',(520.699,2281.331,0));
#12152=CARTESIAN_POINT('',(970.754,299.438,495.978));
#12153=CARTESIAN_POINT('',(1015.887,0,495.978));
#12157=CARTESIAN_POINT('',(1000.371,0,80.109));
#12164=CARTESIAN_POINT('',(163.033,2175.527,550.23));
#12165=CARTESIAN_POINT('',(174.868,2333.457,0));
#12169=CARTESIAN_POINT('',(-174.868,2333.457,0));
#12179=CARTESIAN_POINT('',(955.927,294.864,80.109));
#12183=CARTESIAN_POINT('',(839.366,572.27,495.978));
#12190=CARTESIAN_POINT('',(-485.458,2126.929,550.23));
#12191=CARTESIAN_POINT('',(-520.699,2281.331,0));
#12210=CARTESIAN_POINT('',(826.545,563.529,80.109));
#12217=CARTESIAN_POINT('',(633.395,794.253,495.978));
#12227=CARTESIAN_POINT('',(992.027,306,-716.457));
#12228=CARTESIAN_POINT('',(1038.149,0,-716.457));
#12232=CARTESIAN_POINT('',(1070.408,0,-891.813));
#12242=CARTESIAN_POINT('',(-1090.813,1889.344,550.23));
#12258=CARTESIAN_POINT('',(1057.53,326.205,-1008.377));
#12262=CARTESIAN_POINT('',(1106.044,0,-1006.729));
#12266=CARTESIAN_POINT('',(1137.274,0,-1072.81));
#12270=CARTESIAN_POINT('',(623.721,782.121,80.109));
#12274=CARTESIAN_POINT('',(1131.021,348.874,-1136.452));
#12275=CARTESIAN_POINT('',(1157.452,0,-1104.554));
#12279=CARTESIAN_POINT('',(1183.514,0,-1136.356));
#12283=CARTESIAN_POINT('',(1208.77,0,-1159.512));
#12290=CARTESIAN_POINT('',(371.145,945.663,495.978));
#12297=CARTESIAN_POINT('',(1187.895,366.417,-1181.764));
#12298=CARTESIAN_POINT('',(1235.015,0,-1177.337));
#12305=CARTESIAN_POINT('',(1256.296,0,-1188.001));
#12309=CARTESIAN_POINT('',(1283.577,0,-1197.58));
#12313=CARTESIAN_POINT('',(857.759,584.81,-716.457));
#12317=CARTESIAN_POINT('',(1256.168,387.477,-1203.824));
#12318=CARTESIAN_POINT('',(1314.571,0,-1203.824));
#12325=CARTESIAN_POINT('',(1350.646,0,-1205.994));
#12329=CARTESIAN_POINT('',(1383.124,0,-1204.06));
#12333=CARTESIAN_POINT('',(1415.281,0,-1199.084));
#12337=CARTESIAN_POINT('',(1457.387,0,-1188.638));
#12344=CARTESIAN_POINT('',(-1599.246,1483.883,550.23));
#12357=CARTESIAN_POINT('',(1497.937,462.052,-1144.4));
#12358=CARTESIAN_POINT('',(1518.655,0,-1166.738));
#12362=CARTESIAN_POINT('',(1584.897,0,-1135.573));
#12366=CARTESIAN_POINT('',(1669.191,0,-1086.363));
#12373=CARTESIAN_POINT('',(914.396,623.425,-1008.377));
#12380=CARTESIAN_POINT('',(365.476,931.219,80.109));
#12387=CARTESIAN_POINT('',(977.94,666.749,-1136.452));
#12394=CARTESIAN_POINT('',(75.917,1013.047,495.978));
#12401=CARTESIAN_POINT('',(1027.117,700.276,-1181.764));
#12408=CARTESIAN_POINT('',(1708.548,527.017,-1000.807));
#12409=CARTESIAN_POINT('',(1787.983,0,-1000.807));
#12413=CARTESIAN_POINT('',(1911.481,0,-891.838));
#12420=CARTESIAN_POINT('',(647.275,811.657,-716.457));
#12430=CARTESIAN_POINT('',(1086.149,740.524,-1203.824));
#12437=CARTESIAN_POINT('',(-1965.578,946.572,550.23));
#12444=CARTESIAN_POINT('',(-2181.627,0,550.23));
#12448=CARTESIAN_POINT('',(-2102.569,0,671.519));
#12452=CARTESIAN_POINT('',(-2012.552,0,784.927));
#12468=CARTESIAN_POINT('',(1295.195,883.049,-1144.4));
#12475=CARTESIAN_POINT('',(690.014,865.251,-1008.377));
#12482=CARTESIAN_POINT('',(74.758,997.573,80.109));
#12486=CARTESIAN_POINT('',(737.966,925.38,-1136.452));
#12493=CARTESIAN_POINT('',(2029.809,626.113,-640.845));
#12497=CARTESIAN_POINT('',(2024.015,0,-771.576));
#12501=CARTESIAN_POINT('',(2124.18,0,-640.845));
#12505=CARTESIAN_POINT('',(2209.486,0,-499.989));
#12509=CARTESIAN_POINT('',(-226.056,990.417,495.978));
#12516=CARTESIAN_POINT('',(775.075,971.913,-1181.764));
#12523=CARTESIAN_POINT('',(1477.301,1007.207,-1000.807));
#12530=CARTESIAN_POINT('',(379.278,966.386,-716.457));
#12534=CARTESIAN_POINT('',(819.621,1027.773,-1203.824));
#12541=CARTESIAN_POINT('',(2179.769,672.37,-336.589));
#12563=CARTESIAN_POINT('',(-1913.151,0,890.213));
#12567=CARTESIAN_POINT('',(-1805.286,0,986.806));
#12571=CARTESIAN_POINT('',(-1689.162,0,1073.272));
#12578=CARTESIAN_POINT('',(977.37,1225.583,-1144.4));
#12585=CARTESIAN_POINT('',(404.322,1030.195,-1008.377));
#12592=CARTESIAN_POINT('',(-222.603,975.289,80.109));
#12599=CARTESIAN_POINT('',(432.42,1101.787,-1136.452));
#12606=CARTESIAN_POINT('',(1755.08,1196.593,-640.845));
#12613=CARTESIAN_POINT('',(-507.944,879.784,495.978));
#12620=CARTESIAN_POINT('',(454.164,1157.191,-1181.764));
#12630=CARTESIAN_POINT('',(1114.789,1397.901,-1000.807));
#12643=CARTESIAN_POINT('',(-1564.098,0,1146.119));
#12647=CARTESIAN_POINT('',(-1497.728,0,1175.029));
#12651=CARTESIAN_POINT('',(77.581,1035.246,-716.457));
#12658=CARTESIAN_POINT('',(480.267,1223.699,-1203.824));
#12662=CARTESIAN_POINT('',(-1421.929,0,1197.715));
#12666=CARTESIAN_POINT('',(-1381.73,0,1204.21));
#12670=CARTESIAN_POINT('',(-1337.247,0,1205.763));
#12680=CARTESIAN_POINT('',(1884.743,1284.996,-336.589));
#12699=CARTESIAN_POINT('',(-1304.048,0,1202.201));
#12703=CARTESIAN_POINT('',(-1274.054,0,1194.711));
#12707=CARTESIAN_POINT('',(-1248.24,0,1184.323));
#12711=CARTESIAN_POINT('',(-1224.048,0,1170.573));
#12715=CARTESIAN_POINT('',(572.701,1459.219,-1144.4));
#12722=CARTESIAN_POINT('',(82.704,1103.603,-1008.377));
#12729=CARTESIAN_POINT('',(-500.185,866.346,80.109));
#12736=CARTESIAN_POINT('',(-1201.84,0,1153.804));
#12740=CARTESIAN_POINT('',(-1181.781,0,1134.513));
#12744=CARTESIAN_POINT('',(-1163.849,0,1113.225));
#12748=CARTESIAN_POINT('',(-1147.9,0,1090.412));
#12752=CARTESIAN_POINT('',(-1129.362,0,1058.264));
#12756=CARTESIAN_POINT('',(-1106.378,0,1007.572));
#12763=CARTESIAN_POINT('',(88.451,1180.296,-1136.452));
#12770=CARTESIAN_POINT('',(1324.405,1660.751,-640.845));
#12777=CARTESIAN_POINT('',(-744.698,690.979,495.978));
#12781=CARTESIAN_POINT('',(92.899,1239.647,-1181.764));
#12788=CARTESIAN_POINT('',(653.224,1664.387,-1000.807));
#12795=CARTESIAN_POINT('',(-231.01,1012.12,-716.457));
#12805=CARTESIAN_POINT('',(98.238,1310.895,-1203.824));
#12812=CARTESIAN_POINT('',(-1079.982,0,928.37));
#12816=CARTESIAN_POINT('',(-1052.355,0,806.221));
#12823=CARTESIAN_POINT('',(1422.25,1783.445,-336.589));
#12836=CARTESIAN_POINT('',(117.145,1563.197,-1144.4));
#12843=CARTESIAN_POINT('',(-246.263,1078.95,-1008.377));
#12847=CARTESIAN_POINT('',(-733.324,680.425,80.109));
#12854=CARTESIAN_POINT('',(-263.377,1153.93,-1136.452));
#12861=CARTESIAN_POINT('',(776.05,1977.344,-640.845));
#12868=CARTESIAN_POINT('',(-915.283,440.777,495.978));
#12875=CARTESIAN_POINT('',(-1015.887,0,495.978));
#12885=CARTESIAN_POINT('',(-276.621,1211.955,-1181.764));
#12892=CARTESIAN_POINT('',(133.616,1782.984,-1000.807));
#12899=CARTESIAN_POINT('',(-519.074,899.063,-716.457));
#12912=CARTESIAN_POINT('',(-292.519,1281.612,-1203.824));
#12922=CARTESIAN_POINT('',(833.384,2123.427,-336.589));
#12938=CARTESIAN_POINT('',(-348.819,1528.277,-1144.4));
#12942=CARTESIAN_POINT('',(-553.349,958.428,-1008.377));
#12946=CARTESIAN_POINT('',(-901.303,434.045,80.109));
#12950=CARTESIAN_POINT('',(-1000.371,0,80.109));
#12954=CARTESIAN_POINT('',(-1038.149,0,-716.457));
#12961=CARTESIAN_POINT('',(-591.803,1025.032,-1136.452));
#12968=CARTESIAN_POINT('',(158.74,2118.241,-640.845));
#12978=CARTESIAN_POINT('',(-621.562,1076.576,-1181.764));
#12994=CARTESIAN_POINT('',(-761.017,706.121,-716.457));
#12998=CARTESIAN_POINT('',(-657.285,1138.452,-1203.824));
#13008=CARTESIAN_POINT('',(170.468,2274.734,-336.589));
#13093=CARTESIAN_POINT('',(-1106.044,0,-1006.729));
#23=POLY_LOOP('',(#20,#21,#22));
#24=FACE_OUTER_BOUND('',#23,.T.);
#25=FACETED_PRIMITIVE_FACE('',(#24));
#27=POLY_LOOP('',(#26,#21,#20));
#28=FACE_OUTER_BOUND('',#27,.T.);
#29=FACETED_PRIMITIVE_FACE('',(#28));
#32=POLY_LOOP('',(#30,#26,#31));
#33=FACE_OUTER_BOUND('',#32,.T.);
#34=FACETED_PRIMITIVE_FACE('',(#33));
#36=POLY_LOOP('',(#35,#26,#30));
#37=FACE_OUTER_BOUND('',#36,.T.);
#38=FACETED_PRIMITIVE_FACE('',(#37));
#42=POLY_LOOP('',(#39,#40,#41));
#43=FACE_OUTER_BOUND('',#42,.T.);
#44=FACETED_PRIMITIVE_FACE('',(#43));
#46=POLY_LOOP('',(#45,#35,#40));
#47=FACE_OUTER_BOUND('',#46,.T.);
#48=FACETED_PRIMITIVE_FACE('',(#47));
#49=POLY_LOOP('',(#45,#26,#35));
#50=FACE_OUTER_BOUND('',#49,.T.);
#51=FACETED_PRIMITIVE_FACE('',(#50));
#52=POLY_LOOP('',(#45,#40,#39));
#53=FACE_OUTER_BOUND('',#52,.T.);
#54=FACETED_PRIMITIVE_FACE('',(#53));
#57=POLY_LOOP('',(#55,#45,#56));
#58=FACE_OUTER_BOUND('',#57,.T.);
#59=FACETED_PRIMITIVE_FACE('',(#58));
#63=POLY_LOOP('',(#60,#61,#62));
#64=FACE_OUTER_BOUND('',#63,.T.);
#65=FACETED_PRIMITIVE_FACE('',(#64));
#68=POLY_LOOP('',(#66,#55,#67));
#69=FACE_OUTER_BOUND('',#68,.T.);
#70=FACETED_PRIMITIVE_FACE('',(#69));
#71=POLY_LOOP('',(#66,#45,#55));
#72=FACE_OUTER_BOUND('',#71,.T.);
#73=FACETED_PRIMITIVE_FACE('',(#72));
#76=POLY_LOOP('',(#74,#62,#75));
#77=FACE_OUTER_BOUND('',#76,.T.);
#78=FACETED_PRIMITIVE_FACE('',(#77));
#79=POLY_LOOP('',(#74,#75,#21));
#80=FACE_OUTER_BOUND('',#79,.T.);
#81=FACETED_PRIMITIVE_FACE('',(#80));
#82=POLY_LOOP('',(#74,#21,#26));
#83=FACE_OUTER_BOUND('',#82,.T.);
#84=FACETED_PRIMITIVE_FACE('',(#83));
#85=POLY_LOOP('',(#74,#26,#45));
#86=FACE_OUTER_BOUND('',#85,.T.);
#87=FACETED_PRIMITIVE_FACE('',(#86));
#88=POLY_LOOP('',(#74,#45,#66));
#89=FACE_OUTER_BOUND('',#88,.T.);
#90=FACETED_PRIMITIVE_FACE('',(#89));
#91=POLY_LOOP('',(#74,#60,#62));
#92=FACE_OUTER_BOUND('',#91,.T.);
#93=FACETED_PRIMITIVE_FACE('',(#92));
#96=POLY_LOOP('',(#94,#66,#95));
#97=FACE_OUTER_BOUND('',#96,.T.);
#98=FACETED_PRIMITIVE_FACE('',(#97));
#99=POLY_LOOP('',(#94,#74,#66));
#100=FACE_OUTER_BOUND('',#99,.T.);
#101=FACETED_PRIMITIVE_FACE('',(#100));
#104=POLY_LOOP('',(#21,#102,#103));
#105=FACE_OUTER_BOUND('',#104,.T.);
#106=FACETED_PRIMITIVE_FACE('',(#105));
#107=POLY_LOOP('',(#21,#75,#102));
#108=FACE_OUTER_BOUND('',#107,.T.);
#109=FACETED_PRIMITIVE_FACE('',(#108));
#113=POLY_LOOP('',(#110,#111,#112));
#114=FACE_OUTER_BOUND('',#113,.T.);
#115=FACETED_PRIMITIVE_FACE('',(#114));
#119=POLY_LOOP('',(#116,#117,#118));
#120=FACE_OUTER_BOUND('',#119,.T.);
#121=FACETED_PRIMITIVE_FACE('',(#120));
#123=POLY_LOOP('',(#116,#122,#117));
#124=FACE_OUTER_BOUND('',#123,.T.);
#125=FACETED_PRIMITIVE_FACE('',(#124));
#126=POLY_LOOP('',(#116,#110,#122));
#127=FACE_OUTER_BOUND('',#126,.T.);
#128=FACETED_PRIMITIVE_FACE('',(#127));
#129=POLY_LOOP('',(#116,#111,#110));
#130=FACE_OUTER_BOUND('',#129,.T.);
#131=FACETED_PRIMITIVE_FACE('',(#130));
#134=POLY_LOOP('',(#132,#116,#133));
#135=FACE_OUTER_BOUND('',#134,.T.);
#136=FACETED_PRIMITIVE_FACE('',(#135));
#137=POLY_LOOP('',(#132,#111,#116));
#138=FACE_OUTER_BOUND('',#137,.T.);
#139=FACETED_PRIMITIVE_FACE('',(#138));
#141=POLY_LOOP('',(#140,#111,#132));
#142=FACE_OUTER_BOUND('',#141,.T.);
#143=FACETED_PRIMITIVE_FACE('',(#142));
#144=POLY_LOOP('',(#103,#102,#111));
#145=FACE_OUTER_BOUND('',#144,.T.);
#146=FACETED_PRIMITIVE_FACE('',(#145));
#148=POLY_LOOP('',(#147,#111,#140));
#149=FACE_OUTER_BOUND('',#148,.T.);
#150=FACETED_PRIMITIVE_FACE('',(#149));
#153=POLY_LOOP('',(#151,#152,#103));
#154=FACE_OUTER_BOUND('',#153,.T.);
#155=FACETED_PRIMITIVE_FACE('',(#154));
#158=POLY_LOOP('',(#156,#147,#157));
#159=FACE_OUTER_BOUND('',#158,.T.);
#160=FACETED_PRIMITIVE_FACE('',(#159));
#162=POLY_LOOP('',(#161,#151,#103));
#163=FACE_OUTER_BOUND('',#162,.T.);
#164=FACETED_PRIMITIVE_FACE('',(#163));
#166=POLY_LOOP('',(#165,#147,#156));
#167=FACE_OUTER_BOUND('',#166,.T.);
#168=FACETED_PRIMITIVE_FACE('',(#167));
#170=POLY_LOOP('',(#169,#103,#111));
#171=FACE_OUTER_BOUND('',#170,.T.);
#172=FACETED_PRIMITIVE_FACE('',(#171));
#173=POLY_LOOP('',(#169,#111,#147));
#174=FACE_OUTER_BOUND('',#173,.T.);
#175=FACETED_PRIMITIVE_FACE('',(#174));
#176=POLY_LOOP('',(#169,#161,#103));
#177=FACE_OUTER_BOUND('',#176,.T.);
#178=FACETED_PRIMITIVE_FACE('',(#177));
#180=POLY_LOOP('',(#179,#147,#165));
#181=FACE_OUTER_BOUND('',#180,.T.);
#182=FACETED_PRIMITIVE_FACE('',(#181));
#183=POLY_LOOP('',(#179,#169,#147));
#184=FACE_OUTER_BOUND('',#183,.T.);
#185=FACETED_PRIMITIVE_FACE('',(#184));
#187=POLY_LOOP('',(#186,#169,#179));
#188=FACE_OUTER_BOUND('',#187,.T.);
#189=FACETED_PRIMITIVE_FACE('',(#188));
#190=POLY_LOOP('',(#152,#22,#21));
#191=FACE_OUTER_BOUND('',#190,.T.);
#192=FACETED_PRIMITIVE_FACE('',(#191));
#193=POLY_LOOP('',(#152,#21,#103));
#194=FACE_OUTER_BOUND('',#193,.T.);
#195=FACETED_PRIMITIVE_FACE('',(#194));
#196=POLY_LOOP('',(#151,#20,#22));
#197=FACE_OUTER_BOUND('',#196,.T.);
#198=FACETED_PRIMITIVE_FACE('',(#197));
#199=POLY_LOOP('',(#151,#22,#152));
#200=FACE_OUTER_BOUND('',#199,.T.);
#201=FACETED_PRIMITIVE_FACE('',(#200));
#202=POLY_LOOP('',(#161,#26,#20));
#203=FACE_OUTER_BOUND('',#202,.T.);
#204=FACETED_PRIMITIVE_FACE('',(#203));
#205=POLY_LOOP('',(#161,#31,#26));
#206=FACE_OUTER_BOUND('',#205,.T.);
#207=FACETED_PRIMITIVE_FACE('',(#206));
#208=POLY_LOOP('',(#161,#20,#151));
#209=FACE_OUTER_BOUND('',#208,.T.);
#210=FACETED_PRIMITIVE_FACE('',(#209));
#211=POLY_LOOP('',(#169,#31,#161));
#212=FACE_OUTER_BOUND('',#211,.T.);
#213=FACETED_PRIMITIVE_FACE('',(#212));
#214=POLY_LOOP('',(#186,#30,#31));
#215=FACE_OUTER_BOUND('',#214,.T.);
#216=FACETED_PRIMITIVE_FACE('',(#215));
#217=POLY_LOOP('',(#186,#35,#30));
#218=FACE_OUTER_BOUND('',#217,.T.);
#219=FACETED_PRIMITIVE_FACE('',(#218));
#220=POLY_LOOP('',(#186,#31,#169));
#221=FACE_OUTER_BOUND('',#220,.T.);
#222=FACETED_PRIMITIVE_FACE('',(#221));
#223=POLY_LOOP('',(#179,#35,#186));
#224=FACE_OUTER_BOUND('',#223,.T.);
#225=FACETED_PRIMITIVE_FACE('',(#224));
#226=POLY_LOOP('',(#165,#40,#35));
#227=FACE_OUTER_BOUND('',#226,.T.);
#228=FACETED_PRIMITIVE_FACE('',(#227));
#229=POLY_LOOP('',(#165,#35,#179));
#230=FACE_OUTER_BOUND('',#229,.T.);
#231=FACETED_PRIMITIVE_FACE('',(#230));
#232=POLY_LOOP('',(#156,#41,#40));
#233=FACE_OUTER_BOUND('',#232,.T.);
#234=FACETED_PRIMITIVE_FACE('',(#233));
#235=POLY_LOOP('',(#156,#40,#165));
#236=FACE_OUTER_BOUND('',#235,.T.);
#237=FACETED_PRIMITIVE_FACE('',(#236));
#238=POLY_LOOP('',(#157,#39,#41));
#239=FACE_OUTER_BOUND('',#238,.T.);
#240=FACETED_PRIMITIVE_FACE('',(#239));
#241=POLY_LOOP('',(#157,#41,#156));
#242=FACE_OUTER_BOUND('',#241,.T.);
#243=FACETED_PRIMITIVE_FACE('',(#242));
#244=POLY_LOOP('',(#147,#45,#39));
#245=FACE_OUTER_BOUND('',#244,.T.);
#246=FACETED_PRIMITIVE_FACE('',(#245));
#247=POLY_LOOP('',(#147,#39,#157));
#248=FACE_OUTER_BOUND('',#247,.T.);
#249=FACETED_PRIMITIVE_FACE('',(#248));
#250=POLY_LOOP('',(#140,#56,#45));
#251=FACE_OUTER_BOUND('',#250,.T.);
#252=FACETED_PRIMITIVE_FACE('',(#251));
#253=POLY_LOOP('',(#140,#45,#147));
#254=FACE_OUTER_BOUND('',#253,.T.);
#255=FACETED_PRIMITIVE_FACE('',(#254));
#256=POLY_LOOP('',(#132,#55,#56));
#257=FACE_OUTER_BOUND('',#256,.T.);
#258=FACETED_PRIMITIVE_FACE('',(#257));
#259=POLY_LOOP('',(#132,#56,#140));
#260=FACE_OUTER_BOUND('',#259,.T.);
#261=FACETED_PRIMITIVE_FACE('',(#260));
#262=POLY_LOOP('',(#133,#55,#132));
#263=FACE_OUTER_BOUND('',#262,.T.);
#264=FACETED_PRIMITIVE_FACE('',(#263));
#265=POLY_LOOP('',(#133,#67,#55));
#266=FACE_OUTER_BOUND('',#265,.T.);
#267=FACETED_PRIMITIVE_FACE('',(#266));
#268=POLY_LOOP('',(#116,#67,#133));
#269=FACE_OUTER_BOUND('',#268,.T.);
#270=FACETED_PRIMITIVE_FACE('',(#269));
#271=POLY_LOOP('',(#116,#66,#67));
#272=FACE_OUTER_BOUND('',#271,.T.);
#273=FACETED_PRIMITIVE_FACE('',(#272));
#274=POLY_LOOP('',(#116,#95,#66));
#275=FACE_OUTER_BOUND('',#274,.T.);
#276=FACETED_PRIMITIVE_FACE('',(#275));
#277=POLY_LOOP('',(#118,#95,#116));
#278=FACE_OUTER_BOUND('',#277,.T.);
#279=FACETED_PRIMITIVE_FACE('',(#278));
#280=POLY_LOOP('',(#117,#95,#118));
#281=FACE_OUTER_BOUND('',#280,.T.);
#282=FACETED_PRIMITIVE_FACE('',(#281));
#283=POLY_LOOP('',(#117,#94,#95));
#284=FACE_OUTER_BOUND('',#283,.T.);
#285=FACETED_PRIMITIVE_FACE('',(#284));
#286=POLY_LOOP('',(#122,#94,#117));
#287=FACE_OUTER_BOUND('',#286,.T.);
#288=FACETED_PRIMITIVE_FACE('',(#287));
#289=POLY_LOOP('',(#122,#74,#94));
#290=FACE_OUTER_BOUND('',#289,.T.);
#291=FACETED_PRIMITIVE_FACE('',(#290));
#292=POLY_LOOP('',(#122,#60,#74));
#293=FACE_OUTER_BOUND('',#292,.T.);
#294=FACETED_PRIMITIVE_FACE('',(#293));
#295=POLY_LOOP('',(#110,#60,#122));
#296=FACE_OUTER_BOUND('',#295,.T.);
#297=FACETED_PRIMITIVE_FACE('',(#296));
#298=POLY_LOOP('',(#112,#61,#60));
#299=FACE_OUTER_BOUND('',#298,.T.);
#300=FACETED_PRIMITIVE_FACE('',(#299));
#301=POLY_LOOP('',(#112,#60,#110));
#302=FACE_OUTER_BOUND('',#301,.T.);
#303=FACETED_PRIMITIVE_FACE('',(#302));
#304=POLY_LOOP('',(#111,#62,#61));
#305=FACE_OUTER_BOUND('',#304,.T.);
#306=FACETED_PRIMITIVE_FACE('',(#305));
#307=POLY_LOOP('',(#111,#61,#112));
#308=FACE_OUTER_BOUND('',#307,.T.);
#309=FACETED_PRIMITIVE_FACE('',(#308));
#310=POLY_LOOP('',(#102,#75,#62));
#311=FACE_OUTER_BOUND('',#310,.T.);
#312=FACETED_PRIMITIVE_FACE('',(#311));
#313=POLY_LOOP('',(#102,#62,#111));
#314=FACE_OUTER_BOUND('',#313,.T.);
#315=FACETED_PRIMITIVE_FACE('',(#314));
#319=POLY_LOOP('',(#316,#317,#318));
#320=FACE_OUTER_BOUND('',#319,.T.);
#321=FACETED_PRIMITIVE_FACE('',(#320));
#324=POLY_LOOP('',(#322,#318,#323));
#325=FACE_OUTER_BOUND('',#324,.T.);
#326=FACETED_PRIMITIVE_FACE('',(#325));
#327=POLY_LOOP('',(#322,#316,#318));
#328=FACE_OUTER_BOUND('',#327,.T.);
#329=FACETED_PRIMITIVE_FACE('',(#328));
#332=POLY_LOOP('',(#330,#323,#331));
#333=FACE_OUTER_BOUND('',#332,.T.);
#334=FACETED_PRIMITIVE_FACE('',(#333));
#335=POLY_LOOP('',(#330,#322,#323));
#336=FACE_OUTER_BOUND('',#335,.T.);
#337=FACETED_PRIMITIVE_FACE('',(#336));
#340=POLY_LOOP('',(#338,#331,#339));
#341=FACE_OUTER_BOUND('',#340,.T.);
#342=FACETED_PRIMITIVE_FACE('',(#341));
#343=POLY_LOOP('',(#338,#330,#331));
#344=FACE_OUTER_BOUND('',#343,.T.);
#345=FACETED_PRIMITIVE_FACE('',(#344));
#347=POLY_LOOP('',(#346,#338,#339));
#348=FACE_OUTER_BOUND('',#347,.T.);
#349=FACETED_PRIMITIVE_FACE('',(#348));
#351=POLY_LOOP('',(#350,#346,#339));
#352=FACE_OUTER_BOUND('',#351,.T.);
#353=FACETED_PRIMITIVE_FACE('',(#352));
#355=POLY_LOOP('',(#354,#346,#350));
#356=FACE_OUTER_BOUND('',#355,.T.);
#357=FACETED_PRIMITIVE_FACE('',(#356));
#360=POLY_LOOP('',(#358,#359,#354));
#361=FACE_OUTER_BOUND('',#360,.T.);
#362=FACETED_PRIMITIVE_FACE('',(#361));
#363=POLY_LOOP('',(#358,#354,#350));
#364=FACE_OUTER_BOUND('',#363,.T.);
#365=FACETED_PRIMITIVE_FACE('',(#364));
#368=POLY_LOOP('',(#366,#367,#359));
#369=FACE_OUTER_BOUND('',#368,.T.);
#370=FACETED_PRIMITIVE_FACE('',(#369));
#371=POLY_LOOP('',(#366,#359,#358));
#372=FACE_OUTER_BOUND('',#371,.T.);
#373=FACETED_PRIMITIVE_FACE('',(#372));
#376=POLY_LOOP('',(#374,#375,#367));
#377=FACE_OUTER_BOUND('',#376,.T.);
#378=FACETED_PRIMITIVE_FACE('',(#377));
#379=POLY_LOOP('',(#374,#367,#366));
#380=FACE_OUTER_BOUND('',#379,.T.);
#381=FACETED_PRIMITIVE_FACE('',(#380));
#383=POLY_LOOP('',(#382,#375,#374));
#384=FACE_OUTER_BOUND('',#383,.T.);
#385=FACETED_PRIMITIVE_FACE('',(#384));
#387=POLY_LOOP('',(#382,#386,#375));
#388=FACE_OUTER_BOUND('',#387,.T.);
#389=FACETED_PRIMITIVE_FACE('',(#388));
#391=POLY_LOOP('',(#390,#386,#382));
#392=FACE_OUTER_BOUND('',#391,.T.);
#393=FACETED_PRIMITIVE_FACE('',(#392));
#395=POLY_LOOP('',(#390,#394,#386));
#396=FACE_OUTER_BOUND('',#395,.T.);
#397=FACETED_PRIMITIVE_FACE('',(#396));
#401=POLY_LOOP('',(#398,#399,#400));
#402=FACE_OUTER_BOUND('',#401,.T.);
#403=FACETED_PRIMITIVE_FACE('',(#402));
#405=POLY_LOOP('',(#404,#394,#390));
#406=FACE_OUTER_BOUND('',#405,.T.);
#407=FACETED_PRIMITIVE_FACE('',(#406));
#410=POLY_LOOP('',(#404,#408,#409));
#411=FACE_OUTER_BOUND('',#410,.T.);
#412=FACETED_PRIMITIVE_FACE('',(#411));
#413=POLY_LOOP('',(#404,#409,#394));
#414=FACE_OUTER_BOUND('',#413,.T.);
#415=FACETED_PRIMITIVE_FACE('',(#414));
#417=POLY_LOOP('',(#416,#398,#400));
#418=FACE_OUTER_BOUND('',#417,.T.);
#419=FACETED_PRIMITIVE_FACE('',(#418));
#421=POLY_LOOP('',(#420,#408,#404));
#422=FACE_OUTER_BOUND('',#421,.T.);
#423=FACETED_PRIMITIVE_FACE('',(#422));
#425=POLY_LOOP('',(#420,#424,#408));
#426=FACE_OUTER_BOUND('',#425,.T.);
#427=FACETED_PRIMITIVE_FACE('',(#426));
#430=POLY_LOOP('',(#428,#400,#429));
#431=FACE_OUTER_BOUND('',#430,.T.);
#432=FACETED_PRIMITIVE_FACE('',(#431));
#434=POLY_LOOP('',(#428,#429,#433));
#435=FACE_OUTER_BOUND('',#434,.T.);
#436=FACETED_PRIMITIVE_FACE('',(#435));
#437=POLY_LOOP('',(#428,#416,#400));
#438=FACE_OUTER_BOUND('',#437,.T.);
#439=FACETED_PRIMITIVE_FACE('',(#438));
#441=POLY_LOOP('',(#440,#424,#420));
#442=FACE_OUTER_BOUND('',#441,.T.);
#443=FACETED_PRIMITIVE_FACE('',(#442));
#445=POLY_LOOP('',(#440,#444,#424));
#446=FACE_OUTER_BOUND('',#445,.T.);
#447=FACETED_PRIMITIVE_FACE('',(#446));
#450=POLY_LOOP('',(#448,#433,#449));
#451=FACE_OUTER_BOUND('',#450,.T.);
#452=FACETED_PRIMITIVE_FACE('',(#451));
#453=POLY_LOOP('',(#448,#428,#433));
#454=FACE_OUTER_BOUND('',#453,.T.);
#455=FACETED_PRIMITIVE_FACE('',(#454));
#457=POLY_LOOP('',(#456,#444,#440));
#458=FACE_OUTER_BOUND('',#457,.T.);
#459=FACETED_PRIMITIVE_FACE('',(#458));
#461=POLY_LOOP('',(#460,#448,#449));
#462=FACE_OUTER_BOUND('',#461,.T.);
#463=FACETED_PRIMITIVE_FACE('',(#462));
#465=POLY_LOOP('',(#464,#444,#456));
#466=FACE_OUTER_BOUND('',#465,.T.);
#467=FACETED_PRIMITIVE_FACE('',(#466));
#469=POLY_LOOP('',(#464,#468,#444));
#470=FACE_OUTER_BOUND('',#469,.T.);
#471=FACETED_PRIMITIVE_FACE('',(#470));
#474=POLY_LOOP('',(#472,#449,#473));
#475=FACE_OUTER_BOUND('',#474,.T.);
#476=FACETED_PRIMITIVE_FACE('',(#475));
#477=POLY_LOOP('',(#472,#473,#468));
#478=FACE_OUTER_BOUND('',#477,.T.);
#479=FACETED_PRIMITIVE_FACE('',(#478));
#480=POLY_LOOP('',(#472,#460,#449));
#481=FACE_OUTER_BOUND('',#480,.T.);
#482=FACETED_PRIMITIVE_FACE('',(#481));
#483=POLY_LOOP('',(#472,#468,#464));
#484=FACE_OUTER_BOUND('',#483,.T.);
#485=FACETED_PRIMITIVE_FACE('',(#484));
#487=POLY_LOOP('',(#318,#317,#486));
#488=FACE_OUTER_BOUND('',#487,.T.);
#489=FACETED_PRIMITIVE_FACE('',(#488));
#491=POLY_LOOP('',(#318,#486,#490));
#492=FACE_OUTER_BOUND('',#491,.T.);
#493=FACETED_PRIMITIVE_FACE('',(#492));
#495=POLY_LOOP('',(#318,#490,#494));
#496=FACE_OUTER_BOUND('',#495,.T.);
#497=FACETED_PRIMITIVE_FACE('',(#496));
#499=POLY_LOOP('',(#498,#318,#494));
#500=FACE_OUTER_BOUND('',#499,.T.);
#501=FACETED_PRIMITIVE_FACE('',(#500));
#505=POLY_LOOP('',(#502,#503,#504));
#506=FACE_OUTER_BOUND('',#505,.T.);
#507=FACETED_PRIMITIVE_FACE('',(#506));
#509=POLY_LOOP('',(#502,#504,#508));
#510=FACE_OUTER_BOUND('',#509,.T.);
#511=FACETED_PRIMITIVE_FACE('',(#510));
#513=POLY_LOOP('',(#502,#508,#512));
#514=FACE_OUTER_BOUND('',#513,.T.);
#515=FACETED_PRIMITIVE_FACE('',(#514));
#517=POLY_LOOP('',(#516,#398,#416));
#518=FACE_OUTER_BOUND('',#517,.T.);
#519=FACETED_PRIMITIVE_FACE('',(#518));
#521=POLY_LOOP('',(#520,#516,#416));
#522=FACE_OUTER_BOUND('',#521,.T.);
#523=FACETED_PRIMITIVE_FACE('',(#522));
#525=POLY_LOOP('',(#524,#520,#416));
#526=FACE_OUTER_BOUND('',#525,.T.);
#527=FACETED_PRIMITIVE_FACE('',(#526));
#529=POLY_LOOP('',(#528,#524,#416));
#530=FACE_OUTER_BOUND('',#529,.T.);
#531=FACETED_PRIMITIVE_FACE('',(#530));
#533=POLY_LOOP('',(#532,#528,#416));
#534=FACE_OUTER_BOUND('',#533,.T.);
#535=FACETED_PRIMITIVE_FACE('',(#534));
#536=POLY_LOOP('',(#532,#416,#428));
#537=FACE_OUTER_BOUND('',#536,.T.);
#538=FACETED_PRIMITIVE_FACE('',(#537));
#542=POLY_LOOP('',(#539,#540,#541));
#543=FACE_OUTER_BOUND('',#542,.T.);
#544=FACETED_PRIMITIVE_FACE('',(#543));
#546=POLY_LOOP('',(#545,#539,#541));
#547=FACE_OUTER_BOUND('',#546,.T.);
#548=FACETED_PRIMITIVE_FACE('',(#547));
#550=POLY_LOOP('',(#549,#545,#541));
#551=FACE_OUTER_BOUND('',#550,.T.);
#552=FACETED_PRIMITIVE_FACE('',(#551));
#554=POLY_LOOP('',(#553,#549,#541));
#555=FACE_OUTER_BOUND('',#554,.T.);
#556=FACETED_PRIMITIVE_FACE('',(#555));
#558=POLY_LOOP('',(#557,#323,#318));
#559=FACE_OUTER_BOUND('',#558,.T.);
#560=FACETED_PRIMITIVE_FACE('',(#559));
#561=POLY_LOOP('',(#557,#331,#323));
#562=FACE_OUTER_BOUND('',#561,.T.);
#563=FACETED_PRIMITIVE_FACE('',(#562));
#564=POLY_LOOP('',(#557,#318,#498));
#565=FACE_OUTER_BOUND('',#564,.T.);
#566=FACETED_PRIMITIVE_FACE('',(#565));
#568=POLY_LOOP('',(#557,#498,#567));
#569=FACE_OUTER_BOUND('',#568,.T.);
#570=FACETED_PRIMITIVE_FACE('',(#569));
#572=POLY_LOOP('',(#571,#557,#567));
#573=FACE_OUTER_BOUND('',#572,.T.);
#574=FACETED_PRIMITIVE_FACE('',(#573));
#576=POLY_LOOP('',(#571,#567,#575));
#577=FACE_OUTER_BOUND('',#576,.T.);
#578=FACETED_PRIMITIVE_FACE('',(#577));
#580=POLY_LOOP('',(#571,#575,#579));
#581=FACE_OUTER_BOUND('',#580,.T.);
#582=FACETED_PRIMITIVE_FACE('',(#581));
#584=POLY_LOOP('',(#583,#339,#331));
#585=FACE_OUTER_BOUND('',#584,.T.);
#586=FACETED_PRIMITIVE_FACE('',(#585));
#587=POLY_LOOP('',(#583,#350,#339));
#588=FACE_OUTER_BOUND('',#587,.T.);
#589=FACETED_PRIMITIVE_FACE('',(#588));
#590=POLY_LOOP('',(#583,#331,#557));
#591=FACE_OUTER_BOUND('',#590,.T.);
#592=FACETED_PRIMITIVE_FACE('',(#591));
#594=POLY_LOOP('',(#593,#571,#579));
#595=FACE_OUTER_BOUND('',#594,.T.);
#596=FACETED_PRIMITIVE_FACE('',(#595));
#598=POLY_LOOP('',(#593,#579,#597));
#599=FACE_OUTER_BOUND('',#598,.T.);
#600=FACETED_PRIMITIVE_FACE('',(#599));
#602=POLY_LOOP('',(#601,#583,#557));
#603=FACE_OUTER_BOUND('',#602,.T.);
#604=FACETED_PRIMITIVE_FACE('',(#603));
#605=POLY_LOOP('',(#601,#557,#571));
#606=FACE_OUTER_BOUND('',#605,.T.);
#607=FACETED_PRIMITIVE_FACE('',(#606));
#609=POLY_LOOP('',(#608,#593,#597));
#610=FACE_OUTER_BOUND('',#609,.T.);
#611=FACETED_PRIMITIVE_FACE('',(#610));
#613=POLY_LOOP('',(#608,#597,#612));
#614=FACE_OUTER_BOUND('',#613,.T.);
#615=FACETED_PRIMITIVE_FACE('',(#614));
#617=POLY_LOOP('',(#616,#608,#612));
#618=FACE_OUTER_BOUND('',#617,.T.);
#619=FACETED_PRIMITIVE_FACE('',(#618));
#621=POLY_LOOP('',(#616,#612,#620));
#622=FACE_OUTER_BOUND('',#621,.T.);
#623=FACETED_PRIMITIVE_FACE('',(#622));
#625=POLY_LOOP('',(#616,#620,#624));
#626=FACE_OUTER_BOUND('',#625,.T.);
#627=FACETED_PRIMITIVE_FACE('',(#626));
#629=POLY_LOOP('',(#628,#358,#350));
#630=FACE_OUTER_BOUND('',#629,.T.);
#631=FACETED_PRIMITIVE_FACE('',(#630));
#632=POLY_LOOP('',(#628,#366,#358));
#633=FACE_OUTER_BOUND('',#632,.T.);
#634=FACETED_PRIMITIVE_FACE('',(#633));
#635=POLY_LOOP('',(#628,#350,#583));
#636=FACE_OUTER_BOUND('',#635,.T.);
#637=FACETED_PRIMITIVE_FACE('',(#636));
#639=POLY_LOOP('',(#638,#571,#593));
#640=FACE_OUTER_BOUND('',#639,.T.);
#641=FACETED_PRIMITIVE_FACE('',(#640));
#642=POLY_LOOP('',(#638,#601,#571));
#643=FACE_OUTER_BOUND('',#642,.T.);
#644=FACETED_PRIMITIVE_FACE('',(#643));
#646=POLY_LOOP('',(#645,#583,#601));
#647=FACE_OUTER_BOUND('',#646,.T.);
#648=FACETED_PRIMITIVE_FACE('',(#647));
#649=POLY_LOOP('',(#645,#628,#583));
#650=FACE_OUTER_BOUND('',#649,.T.);
#651=FACETED_PRIMITIVE_FACE('',(#650));
#653=POLY_LOOP('',(#652,#593,#608));
#654=FACE_OUTER_BOUND('',#653,.T.);
#655=FACETED_PRIMITIVE_FACE('',(#654));
#656=POLY_LOOP('',(#652,#638,#593));
#657=FACE_OUTER_BOUND('',#656,.T.);
#658=FACETED_PRIMITIVE_FACE('',(#657));
#660=POLY_LOOP('',(#659,#616,#624));
#661=FACE_OUTER_BOUND('',#660,.T.);
#662=FACETED_PRIMITIVE_FACE('',(#661));
#664=POLY_LOOP('',(#659,#624,#663));
#665=FACE_OUTER_BOUND('',#664,.T.);
#666=FACETED_PRIMITIVE_FACE('',(#665));
#668=POLY_LOOP('',(#659,#663,#667));
#669=FACE_OUTER_BOUND('',#668,.T.);
#670=FACETED_PRIMITIVE_FACE('',(#669));
#672=POLY_LOOP('',(#671,#652,#608));
#673=FACE_OUTER_BOUND('',#672,.T.);
#674=FACETED_PRIMITIVE_FACE('',(#673));
#675=POLY_LOOP('',(#671,#608,#616));
#676=FACE_OUTER_BOUND('',#675,.T.);
#677=FACETED_PRIMITIVE_FACE('',(#676));
#679=POLY_LOOP('',(#678,#374,#366));
#680=FACE_OUTER_BOUND('',#679,.T.);
#681=FACETED_PRIMITIVE_FACE('',(#680));
#682=POLY_LOOP('',(#678,#382,#374));
#683=FACE_OUTER_BOUND('',#682,.T.);
#684=FACETED_PRIMITIVE_FACE('',(#683));
#685=POLY_LOOP('',(#678,#366,#628));
#686=FACE_OUTER_BOUND('',#685,.T.);
#687=FACETED_PRIMITIVE_FACE('',(#686));
#689=POLY_LOOP('',(#688,#645,#601));
#690=FACE_OUTER_BOUND('',#689,.T.);
#691=FACETED_PRIMITIVE_FACE('',(#690));
#692=POLY_LOOP('',(#688,#601,#638));
#693=FACE_OUTER_BOUND('',#692,.T.);
#694=FACETED_PRIMITIVE_FACE('',(#693));
#696=POLY_LOOP('',(#695,#659,#667));
#697=FACE_OUTER_BOUND('',#696,.T.);
#698=FACETED_PRIMITIVE_FACE('',(#697));
#700=POLY_LOOP('',(#695,#667,#699));
#701=FACE_OUTER_BOUND('',#700,.T.);
#702=FACETED_PRIMITIVE_FACE('',(#701));
#704=POLY_LOOP('',(#695,#699,#703));
#705=FACE_OUTER_BOUND('',#704,.T.);
#706=FACETED_PRIMITIVE_FACE('',(#705));
#708=POLY_LOOP('',(#707,#678,#628));
#709=FACE_OUTER_BOUND('',#708,.T.);
#710=FACETED_PRIMITIVE_FACE('',(#709));
#711=POLY_LOOP('',(#707,#628,#645));
#712=FACE_OUTER_BOUND('',#711,.T.);
#713=FACETED_PRIMITIVE_FACE('',(#712));
#714=POLY_LOOP('',(#707,#645,#688));
#715=FACE_OUTER_BOUND('',#714,.T.);
#716=FACETED_PRIMITIVE_FACE('',(#715));
#718=POLY_LOOP('',(#717,#688,#638));
#719=FACE_OUTER_BOUND('',#718,.T.);
#720=FACETED_PRIMITIVE_FACE('',(#719));
#721=POLY_LOOP('',(#717,#638,#652));
#722=FACE_OUTER_BOUND('',#721,.T.);
#723=FACETED_PRIMITIVE_FACE('',(#722));
#725=POLY_LOOP('',(#724,#671,#616));
#726=FACE_OUTER_BOUND('',#725,.T.);
#727=FACETED_PRIMITIVE_FACE('',(#726));
#728=POLY_LOOP('',(#724,#616,#659));
#729=FACE_OUTER_BOUND('',#728,.T.);
#730=FACETED_PRIMITIVE_FACE('',(#729));
#733=POLY_LOOP('',(#731,#703,#732));
#734=FACE_OUTER_BOUND('',#733,.T.);
#735=FACETED_PRIMITIVE_FACE('',(#734));
#737=POLY_LOOP('',(#731,#732,#736));
#738=FACE_OUTER_BOUND('',#737,.T.);
#739=FACETED_PRIMITIVE_FACE('',(#738));
#740=POLY_LOOP('',(#731,#695,#703));
#741=FACE_OUTER_BOUND('',#740,.T.);
#742=FACETED_PRIMITIVE_FACE('',(#741));
#744=POLY_LOOP('',(#743,#717,#652));
#745=FACE_OUTER_BOUND('',#744,.T.);
#746=FACETED_PRIMITIVE_FACE('',(#745));
#747=POLY_LOOP('',(#743,#671,#724));
#748=FACE_OUTER_BOUND('',#747,.T.);
#749=FACETED_PRIMITIVE_FACE('',(#748));
#750=POLY_LOOP('',(#743,#652,#671));
#751=FACE_OUTER_BOUND('',#750,.T.);
#752=FACETED_PRIMITIVE_FACE('',(#751));
#754=POLY_LOOP('',(#753,#390,#382));
#755=FACE_OUTER_BOUND('',#754,.T.);
#756=FACETED_PRIMITIVE_FACE('',(#755));
#757=POLY_LOOP('',(#753,#404,#390));
#758=FACE_OUTER_BOUND('',#757,.T.);
#759=FACETED_PRIMITIVE_FACE('',(#758));
#760=POLY_LOOP('',(#753,#382,#678));
#761=FACE_OUTER_BOUND('',#760,.T.);
#762=FACETED_PRIMITIVE_FACE('',(#761));
#763=POLY_LOOP('',(#753,#678,#707));
#764=FACE_OUTER_BOUND('',#763,.T.);
#765=FACETED_PRIMITIVE_FACE('',(#764));
#767=POLY_LOOP('',(#766,#707,#688));
#768=FACE_OUTER_BOUND('',#767,.T.);
#769=FACETED_PRIMITIVE_FACE('',(#768));
#771=POLY_LOOP('',(#770,#724,#659));
#772=FACE_OUTER_BOUND('',#771,.T.);
#773=FACETED_PRIMITIVE_FACE('',(#772));
#774=POLY_LOOP('',(#770,#695,#731));
#775=FACE_OUTER_BOUND('',#774,.T.);
#776=FACETED_PRIMITIVE_FACE('',(#775));
#777=POLY_LOOP('',(#770,#659,#695));
#778=FACE_OUTER_BOUND('',#777,.T.);
#779=FACETED_PRIMITIVE_FACE('',(#778));
#782=POLY_LOOP('',(#780,#736,#781));
#783=FACE_OUTER_BOUND('',#782,.T.);
#784=FACETED_PRIMITIVE_FACE('',(#783));
#786=POLY_LOOP('',(#780,#781,#785));
#787=FACE_OUTER_BOUND('',#786,.T.);
#788=FACETED_PRIMITIVE_FACE('',(#787));
#789=POLY_LOOP('',(#780,#731,#736));
#790=FACE_OUTER_BOUND('',#789,.T.);
#791=FACETED_PRIMITIVE_FACE('',(#790));
#793=POLY_LOOP('',(#792,#753,#707));
#794=FACE_OUTER_BOUND('',#793,.T.);
#795=FACETED_PRIMITIVE_FACE('',(#794));
#797=POLY_LOOP('',(#796,#688,#717));
#798=FACE_OUTER_BOUND('',#797,.T.);
#799=FACETED_PRIMITIVE_FACE('',(#798));
#800=POLY_LOOP('',(#796,#766,#688));
#801=FACE_OUTER_BOUND('',#800,.T.);
#802=FACETED_PRIMITIVE_FACE('',(#801));
#804=POLY_LOOP('',(#803,#743,#724));
#805=FACE_OUTER_BOUND('',#804,.T.);
#806=FACETED_PRIMITIVE_FACE('',(#805));
#808=POLY_LOOP('',(#807,#731,#780));
#809=FACE_OUTER_BOUND('',#808,.T.);
#810=FACETED_PRIMITIVE_FACE('',(#809));
#811=POLY_LOOP('',(#807,#770,#731));
#812=FACE_OUTER_BOUND('',#811,.T.);
#813=FACETED_PRIMITIVE_FACE('',(#812));
#815=POLY_LOOP('',(#814,#780,#785));
#816=FACE_OUTER_BOUND('',#815,.T.);
#817=FACETED_PRIMITIVE_FACE('',(#816));
#819=POLY_LOOP('',(#814,#785,#818));
#820=FACE_OUTER_BOUND('',#819,.T.);
#821=FACETED_PRIMITIVE_FACE('',(#820));
#823=POLY_LOOP('',(#822,#796,#717));
#824=FACE_OUTER_BOUND('',#823,.T.);
#825=FACETED_PRIMITIVE_FACE('',(#824));
#826=POLY_LOOP('',(#822,#717,#743));
#827=FACE_OUTER_BOUND('',#826,.T.);
#828=FACETED_PRIMITIVE_FACE('',(#827));
#829=POLY_LOOP('',(#822,#743,#803));
#830=FACE_OUTER_BOUND('',#829,.T.);
#831=FACETED_PRIMITIVE_FACE('',(#830));
#833=POLY_LOOP('',(#832,#404,#753));
#834=FACE_OUTER_BOUND('',#833,.T.);
#835=FACETED_PRIMITIVE_FACE('',(#834));
#836=POLY_LOOP('',(#832,#420,#404));
#837=FACE_OUTER_BOUND('',#836,.T.);
#838=FACETED_PRIMITIVE_FACE('',(#837));
#839=POLY_LOOP('',(#832,#440,#420));
#840=FACE_OUTER_BOUND('',#839,.T.);
#841=FACETED_PRIMITIVE_FACE('',(#840));
#843=POLY_LOOP('',(#842,#707,#766));
#844=FACE_OUTER_BOUND('',#843,.T.);
#845=FACETED_PRIMITIVE_FACE('',(#844));
#846=POLY_LOOP('',(#842,#792,#707));
#847=FACE_OUTER_BOUND('',#846,.T.);
#848=FACETED_PRIMITIVE_FACE('',(#847));
#850=POLY_LOOP('',(#849,#803,#724));
#851=FACE_OUTER_BOUND('',#850,.T.);
#852=FACETED_PRIMITIVE_FACE('',(#851));
#853=POLY_LOOP('',(#849,#724,#770));
#854=FACE_OUTER_BOUND('',#853,.T.);
#855=FACETED_PRIMITIVE_FACE('',(#854));
#857=POLY_LOOP('',(#856,#814,#818));
#858=FACE_OUTER_BOUND('',#857,.T.);
#859=FACETED_PRIMITIVE_FACE('',(#858));
#861=POLY_LOOP('',(#856,#818,#860));
#862=FACE_OUTER_BOUND('',#861,.T.);
#863=FACETED_PRIMITIVE_FACE('',(#862));
#865=POLY_LOOP('',(#856,#860,#864));
#866=FACE_OUTER_BOUND('',#865,.T.);
#867=FACETED_PRIMITIVE_FACE('',(#866));
#869=POLY_LOOP('',(#868,#807,#780));
#870=FACE_OUTER_BOUND('',#869,.T.);
#871=FACETED_PRIMITIVE_FACE('',(#870));
#873=POLY_LOOP('',(#872,#832,#753));
#874=FACE_OUTER_BOUND('',#873,.T.);
#875=FACETED_PRIMITIVE_FACE('',(#874));
#876=POLY_LOOP('',(#872,#753,#792));
#877=FACE_OUTER_BOUND('',#876,.T.);
#878=FACETED_PRIMITIVE_FACE('',(#877));
#879=POLY_LOOP('',(#872,#792,#842));
#880=FACE_OUTER_BOUND('',#879,.T.);
#881=FACETED_PRIMITIVE_FACE('',(#880));
#883=POLY_LOOP('',(#882,#842,#766));
#884=FACE_OUTER_BOUND('',#883,.T.);
#885=FACETED_PRIMITIVE_FACE('',(#884));
#886=POLY_LOOP('',(#882,#766,#796));
#887=FACE_OUTER_BOUND('',#886,.T.);
#888=FACETED_PRIMITIVE_FACE('',(#887));
#889=POLY_LOOP('',(#882,#796,#822));
#890=FACE_OUTER_BOUND('',#889,.T.);
#891=FACETED_PRIMITIVE_FACE('',(#890));
#893=POLY_LOOP('',(#892,#822,#803));
#894=FACE_OUTER_BOUND('',#893,.T.);
#895=FACETED_PRIMITIVE_FACE('',(#894));
#897=POLY_LOOP('',(#896,#856,#864));
#898=FACE_OUTER_BOUND('',#897,.T.);
#899=FACETED_PRIMITIVE_FACE('',(#898));
#901=POLY_LOOP('',(#896,#864,#900));
#902=FACE_OUTER_BOUND('',#901,.T.);
#903=FACETED_PRIMITIVE_FACE('',(#902));
#905=POLY_LOOP('',(#904,#770,#807));
#906=FACE_OUTER_BOUND('',#905,.T.);
#907=FACETED_PRIMITIVE_FACE('',(#906));
#908=POLY_LOOP('',(#904,#849,#770));
#909=FACE_OUTER_BOUND('',#908,.T.);
#910=FACETED_PRIMITIVE_FACE('',(#909));
#912=POLY_LOOP('',(#911,#780,#814));
#913=FACE_OUTER_BOUND('',#912,.T.);
#914=FACETED_PRIMITIVE_FACE('',(#913));
#915=POLY_LOOP('',(#911,#868,#780));
#916=FACE_OUTER_BOUND('',#915,.T.);
#917=FACETED_PRIMITIVE_FACE('',(#916));
#919=POLY_LOOP('',(#918,#882,#822));
#920=FACE_OUTER_BOUND('',#919,.T.);
#921=FACETED_PRIMITIVE_FACE('',(#920));
#923=POLY_LOOP('',(#922,#456,#440));
#924=FACE_OUTER_BOUND('',#923,.T.);
#925=FACETED_PRIMITIVE_FACE('',(#924));
#926=POLY_LOOP('',(#922,#464,#456));
#927=FACE_OUTER_BOUND('',#926,.T.);
#928=FACETED_PRIMITIVE_FACE('',(#927));
#929=POLY_LOOP('',(#922,#440,#832));
#930=FACE_OUTER_BOUND('',#929,.T.);
#931=FACETED_PRIMITIVE_FACE('',(#930));
#933=POLY_LOOP('',(#932,#872,#842));
#934=FACE_OUTER_BOUND('',#933,.T.);
#935=FACETED_PRIMITIVE_FACE('',(#934));
#937=POLY_LOOP('',(#936,#892,#803));
#938=FACE_OUTER_BOUND('',#937,.T.);
#939=FACETED_PRIMITIVE_FACE('',(#938));
#940=POLY_LOOP('',(#936,#803,#849));
#941=FACE_OUTER_BOUND('',#940,.T.);
#942=FACETED_PRIMITIVE_FACE('',(#941));
#944=POLY_LOOP('',(#943,#856,#896));
#945=FACE_OUTER_BOUND('',#944,.T.);
#946=FACETED_PRIMITIVE_FACE('',(#945));
#947=POLY_LOOP('',(#943,#911,#814));
#948=FACE_OUTER_BOUND('',#947,.T.);
#949=FACETED_PRIMITIVE_FACE('',(#948));
#950=POLY_LOOP('',(#943,#814,#856));
#951=FACE_OUTER_BOUND('',#950,.T.);
#952=FACETED_PRIMITIVE_FACE('',(#951));
#954=POLY_LOOP('',(#953,#896,#900));
#955=FACE_OUTER_BOUND('',#954,.T.);
#956=FACETED_PRIMITIVE_FACE('',(#955));
#958=POLY_LOOP('',(#953,#502,#957));
#959=FACE_OUTER_BOUND('',#958,.T.);
#960=FACETED_PRIMITIVE_FACE('',(#959));
#962=POLY_LOOP('',(#953,#957,#961));
#963=FACE_OUTER_BOUND('',#962,.T.);
#964=FACETED_PRIMITIVE_FACE('',(#963));
#965=POLY_LOOP('',(#953,#503,#502));
#966=FACE_OUTER_BOUND('',#965,.T.);
#967=FACETED_PRIMITIVE_FACE('',(#966));
#968=POLY_LOOP('',(#953,#900,#503));
#969=FACE_OUTER_BOUND('',#968,.T.);
#970=FACETED_PRIMITIVE_FACE('',(#969));
#972=POLY_LOOP('',(#971,#904,#807));
#973=FACE_OUTER_BOUND('',#972,.T.);
#974=FACETED_PRIMITIVE_FACE('',(#973));
#975=POLY_LOOP('',(#971,#807,#868));
#976=FACE_OUTER_BOUND('',#975,.T.);
#977=FACETED_PRIMITIVE_FACE('',(#976));
#979=POLY_LOOP('',(#978,#832,#872));
#980=FACE_OUTER_BOUND('',#979,.T.);
#981=FACETED_PRIMITIVE_FACE('',(#980));
#982=POLY_LOOP('',(#978,#922,#832));
#983=FACE_OUTER_BOUND('',#982,.T.);
#984=FACETED_PRIMITIVE_FACE('',(#983));
#986=POLY_LOOP('',(#985,#932,#842));
#987=FACE_OUTER_BOUND('',#986,.T.);
#988=FACETED_PRIMITIVE_FACE('',(#987));
#989=POLY_LOOP('',(#985,#842,#882));
#990=FACE_OUTER_BOUND('',#989,.T.);
#991=FACETED_PRIMITIVE_FACE('',(#990));
#993=POLY_LOOP('',(#992,#918,#822));
#994=FACE_OUTER_BOUND('',#993,.T.);
#995=FACETED_PRIMITIVE_FACE('',(#994));
#996=POLY_LOOP('',(#992,#822,#892));
#997=FACE_OUTER_BOUND('',#996,.T.);
#998=FACETED_PRIMITIVE_FACE('',(#997));
#1000=POLY_LOOP('',(#999,#896,#953));
#1001=FACE_OUTER_BOUND('',#1000,.T.);
#1002=FACETED_PRIMITIVE_FACE('',(#1001));
#1003=POLY_LOOP('',(#999,#943,#896));
#1004=FACE_OUTER_BOUND('',#1003,.T.);
#1005=FACETED_PRIMITIVE_FACE('',(#1004));
#1007=POLY_LOOP('',(#1006,#936,#849));
#1008=FACE_OUTER_BOUND('',#1007,.T.);
#1009=FACETED_PRIMITIVE_FACE('',(#1008));
#1010=POLY_LOOP('',(#1006,#849,#904));
#1011=FACE_OUTER_BOUND('',#1010,.T.);
#1012=FACETED_PRIMITIVE_FACE('',(#1011));
#1014=POLY_LOOP('',(#1013,#911,#943));
#1015=FACE_OUTER_BOUND('',#1014,.T.);
#1016=FACETED_PRIMITIVE_FACE('',(#1015));
#1017=POLY_LOOP('',(#1013,#971,#868));
#1018=FACE_OUTER_BOUND('',#1017,.T.);
#1019=FACETED_PRIMITIVE_FACE('',(#1018));
#1020=POLY_LOOP('',(#1013,#868,#911));
#1021=FACE_OUTER_BOUND('',#1020,.T.);
#1022=FACETED_PRIMITIVE_FACE('',(#1021));
#1024=POLY_LOOP('',(#1023,#918,#992));
#1025=FACE_OUTER_BOUND('',#1024,.T.);
#1026=FACETED_PRIMITIVE_FACE('',(#1025));
#1027=POLY_LOOP('',(#1023,#882,#918));
#1028=FACE_OUTER_BOUND('',#1027,.T.);
#1029=FACETED_PRIMITIVE_FACE('',(#1028));
#1030=POLY_LOOP('',(#1023,#985,#882));
#1031=FACE_OUTER_BOUND('',#1030,.T.);
#1032=FACETED_PRIMITIVE_FACE('',(#1031));
#1034=POLY_LOOP('',(#1033,#472,#464));
#1035=FACE_OUTER_BOUND('',#1034,.T.);
#1036=FACETED_PRIMITIVE_FACE('',(#1035));
#1037=POLY_LOOP('',(#1033,#460,#472));
#1038=FACE_OUTER_BOUND('',#1037,.T.);
#1039=FACETED_PRIMITIVE_FACE('',(#1038));
#1040=POLY_LOOP('',(#1033,#464,#922));
#1041=FACE_OUTER_BOUND('',#1040,.T.);
#1042=FACETED_PRIMITIVE_FACE('',(#1041));
#1044=POLY_LOOP('',(#1043,#872,#932));
#1045=FACE_OUTER_BOUND('',#1044,.T.);
#1046=FACETED_PRIMITIVE_FACE('',(#1045));
#1047=POLY_LOOP('',(#1043,#978,#872));
#1048=FACE_OUTER_BOUND('',#1047,.T.);
#1049=FACETED_PRIMITIVE_FACE('',(#1048));
#1051=POLY_LOOP('',(#1050,#992,#892));
#1052=FACE_OUTER_BOUND('',#1051,.T.);
#1053=FACETED_PRIMITIVE_FACE('',(#1052));
#1054=POLY_LOOP('',(#1050,#936,#1006));
#1055=FACE_OUTER_BOUND('',#1054,.T.);
#1056=FACETED_PRIMITIVE_FACE('',(#1055));
#1057=POLY_LOOP('',(#1050,#892,#936));
#1058=FACE_OUTER_BOUND('',#1057,.T.);
#1059=FACETED_PRIMITIVE_FACE('',(#1058));
#1061=POLY_LOOP('',(#1060,#1013,#943));
#1062=FACE_OUTER_BOUND('',#1061,.T.);
#1063=FACETED_PRIMITIVE_FACE('',(#1062));
#1065=POLY_LOOP('',(#1064,#953,#961));
#1066=FACE_OUTER_BOUND('',#1065,.T.);
#1067=FACETED_PRIMITIVE_FACE('',(#1066));
#1069=POLY_LOOP('',(#1064,#961,#1068));
#1070=FACE_OUTER_BOUND('',#1069,.T.);
#1071=FACETED_PRIMITIVE_FACE('',(#1070));
#1073=POLY_LOOP('',(#1064,#1068,#1072));
#1074=FACE_OUTER_BOUND('',#1073,.T.);
#1075=FACETED_PRIMITIVE_FACE('',(#1074));
#1076=POLY_LOOP('',(#1064,#999,#953));
#1077=FACE_OUTER_BOUND('',#1076,.T.);
#1078=FACETED_PRIMITIVE_FACE('',(#1077));
#1080=POLY_LOOP('',(#1079,#1006,#904));
#1081=FACE_OUTER_BOUND('',#1080,.T.);
#1082=FACETED_PRIMITIVE_FACE('',(#1081));
#1083=POLY_LOOP('',(#1079,#904,#971));
#1084=FACE_OUTER_BOUND('',#1083,.T.);
#1085=FACETED_PRIMITIVE_FACE('',(#1084));
#1087=POLY_LOOP('',(#1086,#978,#1043));
#1088=FACE_OUTER_BOUND('',#1087,.T.);
#1089=FACETED_PRIMITIVE_FACE('',(#1088));
#1090=POLY_LOOP('',(#1086,#922,#978));
#1091=FACE_OUTER_BOUND('',#1090,.T.);
#1092=FACETED_PRIMITIVE_FACE('',(#1091));
#1093=POLY_LOOP('',(#1086,#1033,#922));
#1094=FACE_OUTER_BOUND('',#1093,.T.);
#1095=FACETED_PRIMITIVE_FACE('',(#1094));
#1097=POLY_LOOP('',(#1096,#1043,#932));
#1098=FACE_OUTER_BOUND('',#1097,.T.);
#1099=FACETED_PRIMITIVE_FACE('',(#1098));
#1100=POLY_LOOP('',(#1096,#932,#985));
#1101=FACE_OUTER_BOUND('',#1100,.T.);
#1102=FACETED_PRIMITIVE_FACE('',(#1101));
#1104=POLY_LOOP('',(#1103,#1023,#992));
#1105=FACE_OUTER_BOUND('',#1104,.T.);
#1106=FACETED_PRIMITIVE_FACE('',(#1105));
#1108=POLY_LOOP('',(#1107,#943,#999));
#1109=FACE_OUTER_BOUND('',#1108,.T.);
#1110=FACETED_PRIMITIVE_FACE('',(#1109));
#1111=POLY_LOOP('',(#1107,#1060,#943));
#1112=FACE_OUTER_BOUND('',#1111,.T.);
#1113=FACETED_PRIMITIVE_FACE('',(#1112));
#1115=POLY_LOOP('',(#1114,#1050,#1006));
#1116=FACE_OUTER_BOUND('',#1115,.T.);
#1117=FACETED_PRIMITIVE_FACE('',(#1116));
#1119=POLY_LOOP('',(#1118,#1079,#971));
#1120=FACE_OUTER_BOUND('',#1119,.T.);
#1121=FACETED_PRIMITIVE_FACE('',(#1120));
#1122=POLY_LOOP('',(#1118,#971,#1013));
#1123=FACE_OUTER_BOUND('',#1122,.T.);
#1124=FACETED_PRIMITIVE_FACE('',(#1123));
#1125=POLY_LOOP('',(#1118,#1013,#1060));
#1126=FACE_OUTER_BOUND('',#1125,.T.);
#1127=FACETED_PRIMITIVE_FACE('',(#1126));
#1129=POLY_LOOP('',(#1128,#985,#1023));
#1130=FACE_OUTER_BOUND('',#1129,.T.);
#1131=FACETED_PRIMITIVE_FACE('',(#1130));
#1132=POLY_LOOP('',(#1128,#1096,#985));
#1133=FACE_OUTER_BOUND('',#1132,.T.);
#1134=FACETED_PRIMITIVE_FACE('',(#1133));
#1136=POLY_LOOP('',(#1135,#532,#428));
#1137=FACE_OUTER_BOUND('',#1136,.T.);
#1138=FACETED_PRIMITIVE_FACE('',(#1137));
#1139=POLY_LOOP('',(#1135,#448,#460));
#1140=FACE_OUTER_BOUND('',#1139,.T.);
#1141=FACETED_PRIMITIVE_FACE('',(#1140));
#1142=POLY_LOOP('',(#1135,#428,#448));
#1143=FACE_OUTER_BOUND('',#1142,.T.);
#1144=FACETED_PRIMITIVE_FACE('',(#1143));
#1145=POLY_LOOP('',(#1135,#1033,#1086));
#1146=FACE_OUTER_BOUND('',#1145,.T.);
#1147=FACETED_PRIMITIVE_FACE('',(#1146));
#1148=POLY_LOOP('',(#1135,#460,#1033));
#1149=FACE_OUTER_BOUND('',#1148,.T.);
#1150=FACETED_PRIMITIVE_FACE('',(#1149));
#1152=POLY_LOOP('',(#1151,#1086,#1043));
#1153=FACE_OUTER_BOUND('',#1152,.T.);
#1154=FACETED_PRIMITIVE_FACE('',(#1153));
#1156=POLY_LOOP('',(#1155,#992,#1050));
#1157=FACE_OUTER_BOUND('',#1156,.T.);
#1158=FACETED_PRIMITIVE_FACE('',(#1157));
#1159=POLY_LOOP('',(#1155,#1050,#1114));
#1160=FACE_OUTER_BOUND('',#1159,.T.);
#1161=FACETED_PRIMITIVE_FACE('',(#1160));
#1162=POLY_LOOP('',(#1155,#1103,#992));
#1163=FACE_OUTER_BOUND('',#1162,.T.);
#1164=FACETED_PRIMITIVE_FACE('',(#1163));
#1166=POLY_LOOP('',(#1165,#1060,#1107));
#1167=FACE_OUTER_BOUND('',#1166,.T.);
#1168=FACETED_PRIMITIVE_FACE('',(#1167));
#1169=POLY_LOOP('',(#1165,#1118,#1060));
#1170=FACE_OUTER_BOUND('',#1169,.T.);
#1171=FACETED_PRIMITIVE_FACE('',(#1170));
#1174=POLY_LOOP('',(#1172,#1072,#1173));
#1175=FACE_OUTER_BOUND('',#1174,.T.);
#1176=FACETED_PRIMITIVE_FACE('',(#1175));
#1178=POLY_LOOP('',(#1172,#1173,#1177));
#1179=FACE_OUTER_BOUND('',#1178,.T.);
#1180=FACETED_PRIMITIVE_FACE('',(#1179));
#1181=POLY_LOOP('',(#1172,#1107,#999));
#1182=FACE_OUTER_BOUND('',#1181,.T.);
#1183=FACETED_PRIMITIVE_FACE('',(#1182));
#1184=POLY_LOOP('',(#1172,#999,#1064));
#1185=FACE_OUTER_BOUND('',#1184,.T.);
#1186=FACETED_PRIMITIVE_FACE('',(#1185));
#1187=POLY_LOOP('',(#1172,#1064,#1072));
#1188=FACE_OUTER_BOUND('',#1187,.T.);
#1189=FACETED_PRIMITIVE_FACE('',(#1188));
#1191=POLY_LOOP('',(#1190,#1079,#1118));
#1192=FACE_OUTER_BOUND('',#1191,.T.);
#1193=FACETED_PRIMITIVE_FACE('',(#1192));
#1194=POLY_LOOP('',(#1190,#1006,#1079));
#1195=FACE_OUTER_BOUND('',#1194,.T.);
#1196=FACETED_PRIMITIVE_FACE('',(#1195));
#1197=POLY_LOOP('',(#1190,#1114,#1006));
#1198=FACE_OUTER_BOUND('',#1197,.T.);
#1199=FACETED_PRIMITIVE_FACE('',(#1198));
#1202=POLY_LOOP('',(#1200,#1201,#532));
#1203=FACE_OUTER_BOUND('',#1202,.T.);
#1204=FACETED_PRIMITIVE_FACE('',(#1203));
#1206=POLY_LOOP('',(#1200,#1205,#1201));
#1207=FACE_OUTER_BOUND('',#1206,.T.);
#1208=FACETED_PRIMITIVE_FACE('',(#1207));
#1209=POLY_LOOP('',(#1200,#1135,#1086));
#1210=FACE_OUTER_BOUND('',#1209,.T.);
#1211=FACETED_PRIMITIVE_FACE('',(#1210));
#1212=POLY_LOOP('',(#1200,#532,#1135));
#1213=FACE_OUTER_BOUND('',#1212,.T.);
#1214=FACETED_PRIMITIVE_FACE('',(#1213));
#1216=POLY_LOOP('',(#1215,#1043,#1096));
#1217=FACE_OUTER_BOUND('',#1216,.T.);
#1218=FACETED_PRIMITIVE_FACE('',(#1217));
#1219=POLY_LOOP('',(#1215,#1151,#1043));
#1220=FACE_OUTER_BOUND('',#1219,.T.);
#1221=FACETED_PRIMITIVE_FACE('',(#1220));
#1223=POLY_LOOP('',(#1222,#1103,#1155));
#1224=FACE_OUTER_BOUND('',#1223,.T.);
#1225=FACETED_PRIMITIVE_FACE('',(#1224));
#1226=POLY_LOOP('',(#1222,#1128,#1023));
#1227=FACE_OUTER_BOUND('',#1226,.T.);
#1228=FACETED_PRIMITIVE_FACE('',(#1227));
#1229=POLY_LOOP('',(#1222,#1023,#1103));
#1230=FACE_OUTER_BOUND('',#1229,.T.);
#1231=FACETED_PRIMITIVE_FACE('',(#1230));
#1233=POLY_LOOP('',(#1232,#1165,#1107));
#1234=FACE_OUTER_BOUND('',#1233,.T.);
#1235=FACETED_PRIMITIVE_FACE('',(#1234));
#1237=POLY_LOOP('',(#1236,#1155,#1114));
#1238=FACE_OUTER_BOUND('',#1237,.T.);
#1239=FACETED_PRIMITIVE_FACE('',(#1238));
#1240=POLY_LOOP('',(#1236,#1114,#1190));
#1241=FACE_OUTER_BOUND('',#1240,.T.);
#1242=FACETED_PRIMITIVE_FACE('',(#1241));
#1244=POLY_LOOP('',(#1243,#1190,#1118));
#1245=FACE_OUTER_BOUND('',#1244,.T.);
#1246=FACETED_PRIMITIVE_FACE('',(#1245));
#1248=POLY_LOOP('',(#1247,#1096,#1128));
#1249=FACE_OUTER_BOUND('',#1248,.T.);
#1250=FACETED_PRIMITIVE_FACE('',(#1249));
#1251=POLY_LOOP('',(#1247,#1215,#1096));
#1252=FACE_OUTER_BOUND('',#1251,.T.);
#1253=FACETED_PRIMITIVE_FACE('',(#1252));
#1255=POLY_LOOP('',(#1254,#1200,#1086));
#1256=FACE_OUTER_BOUND('',#1255,.T.);
#1257=FACETED_PRIMITIVE_FACE('',(#1256));
#1259=POLY_LOOP('',(#1254,#1258,#1205));
#1260=FACE_OUTER_BOUND('',#1259,.T.);
#1261=FACETED_PRIMITIVE_FACE('',(#1260));
#1262=POLY_LOOP('',(#1254,#1205,#1200));
#1263=FACE_OUTER_BOUND('',#1262,.T.);
#1264=FACETED_PRIMITIVE_FACE('',(#1263));
#1265=POLY_LOOP('',(#1254,#1086,#1151));
#1266=FACE_OUTER_BOUND('',#1265,.T.);
#1267=FACETED_PRIMITIVE_FACE('',(#1266));
#1269=POLY_LOOP('',(#1268,#1222,#1155));
#1270=FACE_OUTER_BOUND('',#1269,.T.);
#1271=FACETED_PRIMITIVE_FACE('',(#1270));
#1273=POLY_LOOP('',(#1272,#1243,#1118));
#1274=FACE_OUTER_BOUND('',#1273,.T.);
#1275=FACETED_PRIMITIVE_FACE('',(#1274));
#1276=POLY_LOOP('',(#1272,#1118,#1165));
#1277=FACE_OUTER_BOUND('',#1276,.T.);
#1278=FACETED_PRIMITIVE_FACE('',(#1277));
#1280=POLY_LOOP('',(#1279,#1232,#1107));
#1281=FACE_OUTER_BOUND('',#1280,.T.);
#1282=FACETED_PRIMITIVE_FACE('',(#1281));
#1283=POLY_LOOP('',(#1279,#1107,#1172));
#1284=FACE_OUTER_BOUND('',#1283,.T.);
#1285=FACETED_PRIMITIVE_FACE('',(#1284));
#1287=POLY_LOOP('',(#1279,#1177,#1286));
#1288=FACE_OUTER_BOUND('',#1287,.T.);
#1289=FACETED_PRIMITIVE_FACE('',(#1288));
#1291=POLY_LOOP('',(#1279,#1286,#1290));
#1292=FACE_OUTER_BOUND('',#1291,.T.);
#1293=FACETED_PRIMITIVE_FACE('',(#1292));
#1294=POLY_LOOP('',(#1279,#1172,#1177));
#1295=FACE_OUTER_BOUND('',#1294,.T.);
#1296=FACETED_PRIMITIVE_FACE('',(#1295));
#1298=POLY_LOOP('',(#1297,#1190,#1243));
#1299=FACE_OUTER_BOUND('',#1298,.T.);
#1300=FACETED_PRIMITIVE_FACE('',(#1299));
#1301=POLY_LOOP('',(#1297,#1236,#1190));
#1302=FACE_OUTER_BOUND('',#1301,.T.);
#1303=FACETED_PRIMITIVE_FACE('',(#1302));
#1305=POLY_LOOP('',(#1304,#1215,#1247));
#1306=FACE_OUTER_BOUND('',#1305,.T.);
#1307=FACETED_PRIMITIVE_FACE('',(#1306));
#1309=POLY_LOOP('',(#1304,#1308,#1258));
#1310=FACE_OUTER_BOUND('',#1309,.T.);
#1311=FACETED_PRIMITIVE_FACE('',(#1310));
#1312=POLY_LOOP('',(#1304,#1254,#1151));
#1313=FACE_OUTER_BOUND('',#1312,.T.);
#1314=FACETED_PRIMITIVE_FACE('',(#1313));
#1315=POLY_LOOP('',(#1304,#1258,#1254));
#1316=FACE_OUTER_BOUND('',#1315,.T.);
#1317=FACETED_PRIMITIVE_FACE('',(#1316));
#1318=POLY_LOOP('',(#1304,#1151,#1215));
#1319=FACE_OUTER_BOUND('',#1318,.T.);
#1320=FACETED_PRIMITIVE_FACE('',(#1319));
#1322=POLY_LOOP('',(#1321,#1247,#1128));
#1323=FACE_OUTER_BOUND('',#1322,.T.);
#1324=FACETED_PRIMITIVE_FACE('',(#1323));
#1325=POLY_LOOP('',(#1321,#1128,#1222));
#1326=FACE_OUTER_BOUND('',#1325,.T.);
#1327=FACETED_PRIMITIVE_FACE('',(#1326));
#1329=POLY_LOOP('',(#1328,#1165,#1232));
#1330=FACE_OUTER_BOUND('',#1329,.T.);
#1331=FACETED_PRIMITIVE_FACE('',(#1330));
#1332=POLY_LOOP('',(#1328,#1272,#1165));
#1333=FACE_OUTER_BOUND('',#1332,.T.);
#1334=FACETED_PRIMITIVE_FACE('',(#1333));
#1336=POLY_LOOP('',(#1335,#1155,#1236));
#1337=FACE_OUTER_BOUND('',#1336,.T.);
#1338=FACETED_PRIMITIVE_FACE('',(#1337));
#1339=POLY_LOOP('',(#1335,#1268,#1155));
#1340=FACE_OUTER_BOUND('',#1339,.T.);
#1341=FACETED_PRIMITIVE_FACE('',(#1340));
#1342=POLY_LOOP('',(#1335,#1236,#1297));
#1343=FACE_OUTER_BOUND('',#1342,.T.);
#1344=FACETED_PRIMITIVE_FACE('',(#1343));
#1346=POLY_LOOP('',(#1345,#1297,#1243));
#1347=FACE_OUTER_BOUND('',#1346,.T.);
#1348=FACETED_PRIMITIVE_FACE('',(#1347));
#1350=POLY_LOOP('',(#1349,#1304,#1247));
#1351=FACE_OUTER_BOUND('',#1350,.T.);
#1352=FACETED_PRIMITIVE_FACE('',(#1351));
#1354=POLY_LOOP('',(#1349,#1353,#1308));
#1355=FACE_OUTER_BOUND('',#1354,.T.);
#1356=FACETED_PRIMITIVE_FACE('',(#1355));
#1358=POLY_LOOP('',(#1349,#1357,#1353));
#1359=FACE_OUTER_BOUND('',#1358,.T.);
#1360=FACETED_PRIMITIVE_FACE('',(#1359));
#1361=POLY_LOOP('',(#1349,#1308,#1304));
#1362=FACE_OUTER_BOUND('',#1361,.T.);
#1363=FACETED_PRIMITIVE_FACE('',(#1362));
#1365=POLY_LOOP('',(#1364,#1222,#1268));
#1366=FACE_OUTER_BOUND('',#1365,.T.);
#1367=FACETED_PRIMITIVE_FACE('',(#1366));
#1368=POLY_LOOP('',(#1364,#1268,#1335));
#1369=FACE_OUTER_BOUND('',#1368,.T.);
#1370=FACETED_PRIMITIVE_FACE('',(#1369));
#1371=POLY_LOOP('',(#1364,#1321,#1222));
#1372=FACE_OUTER_BOUND('',#1371,.T.);
#1373=FACETED_PRIMITIVE_FACE('',(#1372));
#1375=POLY_LOOP('',(#1374,#1272,#1328));
#1376=FACE_OUTER_BOUND('',#1375,.T.);
#1377=FACETED_PRIMITIVE_FACE('',(#1376));
#1378=POLY_LOOP('',(#1374,#1345,#1243));
#1379=FACE_OUTER_BOUND('',#1378,.T.);
#1380=FACETED_PRIMITIVE_FACE('',(#1379));
#1381=POLY_LOOP('',(#1374,#1243,#1272));
#1382=FACE_OUTER_BOUND('',#1381,.T.);
#1383=FACETED_PRIMITIVE_FACE('',(#1382));
#1385=POLY_LOOP('',(#1384,#1232,#1279));
#1386=FACE_OUTER_BOUND('',#1385,.T.);
#1387=FACETED_PRIMITIVE_FACE('',(#1386));
#1388=POLY_LOOP('',(#1384,#1328,#1232));
#1389=FACE_OUTER_BOUND('',#1388,.T.);
#1390=FACETED_PRIMITIVE_FACE('',(#1389));
#1391=POLY_LOOP('',(#1384,#1279,#1290));
#1392=FACE_OUTER_BOUND('',#1391,.T.);
#1393=FACETED_PRIMITIVE_FACE('',(#1392));
#1395=POLY_LOOP('',(#1384,#1290,#1394));
#1396=FACE_OUTER_BOUND('',#1395,.T.);
#1397=FACETED_PRIMITIVE_FACE('',(#1396));
#1399=POLY_LOOP('',(#1384,#1394,#1398));
#1400=FACE_OUTER_BOUND('',#1399,.T.);
#1401=FACETED_PRIMITIVE_FACE('',(#1400));
#1403=POLY_LOOP('',(#1402,#1335,#1297));
#1404=FACE_OUTER_BOUND('',#1403,.T.);
#1405=FACETED_PRIMITIVE_FACE('',(#1404));
#1407=POLY_LOOP('',(#1406,#1357,#1349));
#1408=FACE_OUTER_BOUND('',#1407,.T.);
#1409=FACETED_PRIMITIVE_FACE('',(#1408));
#1410=POLY_LOOP('',(#1406,#1349,#1247));
#1411=FACE_OUTER_BOUND('',#1410,.T.);
#1412=FACETED_PRIMITIVE_FACE('',(#1411));
#1414=POLY_LOOP('',(#1406,#1413,#1357));
#1415=FACE_OUTER_BOUND('',#1414,.T.);
#1416=FACETED_PRIMITIVE_FACE('',(#1415));
#1418=POLY_LOOP('',(#1406,#1417,#1413));
#1419=FACE_OUTER_BOUND('',#1418,.T.);
#1420=FACETED_PRIMITIVE_FACE('',(#1419));
#1421=POLY_LOOP('',(#1406,#1247,#1321));
#1422=FACE_OUTER_BOUND('',#1421,.T.);
#1423=FACETED_PRIMITIVE_FACE('',(#1422));
#1425=POLY_LOOP('',(#1424,#1328,#1384));
#1426=FACE_OUTER_BOUND('',#1425,.T.);
#1427=FACETED_PRIMITIVE_FACE('',(#1426));
#1428=POLY_LOOP('',(#1424,#1374,#1328));
#1429=FACE_OUTER_BOUND('',#1428,.T.);
#1430=FACETED_PRIMITIVE_FACE('',(#1429));
#1432=POLY_LOOP('',(#1431,#1364,#1335));
#1433=FACE_OUTER_BOUND('',#1432,.T.);
#1434=FACETED_PRIMITIVE_FACE('',(#1433));
#1436=POLY_LOOP('',(#1435,#1402,#1297));
#1437=FACE_OUTER_BOUND('',#1436,.T.);
#1438=FACETED_PRIMITIVE_FACE('',(#1437));
#1439=POLY_LOOP('',(#1435,#1297,#1345));
#1440=FACE_OUTER_BOUND('',#1439,.T.);
#1441=FACETED_PRIMITIVE_FACE('',(#1440));
#1444=POLY_LOOP('',(#1442,#1443,#1417));
#1445=FACE_OUTER_BOUND('',#1444,.T.);
#1446=FACETED_PRIMITIVE_FACE('',(#1445));
#1448=POLY_LOOP('',(#1442,#1447,#1443));
#1449=FACE_OUTER_BOUND('',#1448,.T.);
#1450=FACETED_PRIMITIVE_FACE('',(#1449));
#1451=POLY_LOOP('',(#1442,#1417,#1406));
#1452=FACE_OUTER_BOUND('',#1451,.T.);
#1453=FACETED_PRIMITIVE_FACE('',(#1452));
#1454=POLY_LOOP('',(#1442,#1321,#1364));
#1455=FACE_OUTER_BOUND('',#1454,.T.);
#1456=FACETED_PRIMITIVE_FACE('',(#1455));
#1457=POLY_LOOP('',(#1442,#1406,#1321));
#1458=FACE_OUTER_BOUND('',#1457,.T.);
#1459=FACETED_PRIMITIVE_FACE('',(#1458));
#1461=POLY_LOOP('',(#1460,#1374,#1424));
#1462=FACE_OUTER_BOUND('',#1461,.T.);
#1463=FACETED_PRIMITIVE_FACE('',(#1462));
#1464=POLY_LOOP('',(#1460,#1345,#1374));
#1465=FACE_OUTER_BOUND('',#1464,.T.);
#1466=FACETED_PRIMITIVE_FACE('',(#1465));
#1467=POLY_LOOP('',(#1460,#1435,#1345));
#1468=FACE_OUTER_BOUND('',#1467,.T.);
#1469=FACETED_PRIMITIVE_FACE('',(#1468));
#1472=POLY_LOOP('',(#1470,#1398,#1471));
#1473=FACE_OUTER_BOUND('',#1472,.T.);
#1474=FACETED_PRIMITIVE_FACE('',(#1473));
#1476=POLY_LOOP('',(#1470,#1471,#1475));
#1477=FACE_OUTER_BOUND('',#1476,.T.);
#1478=FACETED_PRIMITIVE_FACE('',(#1477));
#1479=POLY_LOOP('',(#1470,#1424,#1384));
#1480=FACE_OUTER_BOUND('',#1479,.T.);
#1481=FACETED_PRIMITIVE_FACE('',(#1480));
#1482=POLY_LOOP('',(#1470,#1384,#1398));
#1483=FACE_OUTER_BOUND('',#1482,.T.);
#1484=FACETED_PRIMITIVE_FACE('',(#1483));
#1486=POLY_LOOP('',(#1485,#1335,#1402));
#1487=FACE_OUTER_BOUND('',#1486,.T.);
#1488=FACETED_PRIMITIVE_FACE('',(#1487));
#1489=POLY_LOOP('',(#1485,#1431,#1335));
#1490=FACE_OUTER_BOUND('',#1489,.T.);
#1491=FACETED_PRIMITIVE_FACE('',(#1490));
#1493=POLY_LOOP('',(#1492,#1460,#1424));
#1494=FACE_OUTER_BOUND('',#1493,.T.);
#1495=FACETED_PRIMITIVE_FACE('',(#1494));
#1498=POLY_LOOP('',(#1496,#1497,#1447));
#1499=FACE_OUTER_BOUND('',#1498,.T.);
#1500=FACETED_PRIMITIVE_FACE('',(#1499));
#1502=POLY_LOOP('',(#1496,#1501,#1497));
#1503=FACE_OUTER_BOUND('',#1502,.T.);
#1504=FACETED_PRIMITIVE_FACE('',(#1503));
#1505=POLY_LOOP('',(#1496,#1447,#1442));
#1506=FACE_OUTER_BOUND('',#1505,.T.);
#1507=FACETED_PRIMITIVE_FACE('',(#1506));
#1508=POLY_LOOP('',(#1496,#1364,#1431));
#1509=FACE_OUTER_BOUND('',#1508,.T.);
#1510=FACETED_PRIMITIVE_FACE('',(#1509));
#1511=POLY_LOOP('',(#1496,#1442,#1364));
#1512=FACE_OUTER_BOUND('',#1511,.T.);
#1513=FACETED_PRIMITIVE_FACE('',(#1512));
#1515=POLY_LOOP('',(#1514,#1402,#1435));
#1516=FACE_OUTER_BOUND('',#1515,.T.);
#1517=FACETED_PRIMITIVE_FACE('',(#1516));
#1518=POLY_LOOP('',(#1514,#1485,#1402));
#1519=FACE_OUTER_BOUND('',#1518,.T.);
#1520=FACETED_PRIMITIVE_FACE('',(#1519));
#1522=POLY_LOOP('',(#1521,#1514,#1435));
#1523=FACE_OUTER_BOUND('',#1522,.T.);
#1524=FACETED_PRIMITIVE_FACE('',(#1523));
#1525=POLY_LOOP('',(#1521,#1435,#1460));
#1526=FACE_OUTER_BOUND('',#1525,.T.);
#1527=FACETED_PRIMITIVE_FACE('',(#1526));
#1530=POLY_LOOP('',(#1528,#1475,#1529));
#1531=FACE_OUTER_BOUND('',#1530,.T.);
#1532=FACETED_PRIMITIVE_FACE('',(#1531));
#1534=POLY_LOOP('',(#1528,#1529,#1533));
#1535=FACE_OUTER_BOUND('',#1534,.T.);
#1536=FACETED_PRIMITIVE_FACE('',(#1535));
#1537=POLY_LOOP('',(#1528,#1492,#1424));
#1538=FACE_OUTER_BOUND('',#1537,.T.);
#1539=FACETED_PRIMITIVE_FACE('',(#1538));
#1540=POLY_LOOP('',(#1528,#1470,#1475));
#1541=FACE_OUTER_BOUND('',#1540,.T.);
#1542=FACETED_PRIMITIVE_FACE('',(#1541));
#1543=POLY_LOOP('',(#1528,#1424,#1470));
#1544=FACE_OUTER_BOUND('',#1543,.T.);
#1545=FACETED_PRIMITIVE_FACE('',(#1544));
#1547=POLY_LOOP('',(#1546,#1496,#1431));
#1548=FACE_OUTER_BOUND('',#1547,.T.);
#1549=FACETED_PRIMITIVE_FACE('',(#1548));
#1551=POLY_LOOP('',(#1546,#1550,#1501));
#1552=FACE_OUTER_BOUND('',#1551,.T.);
#1553=FACETED_PRIMITIVE_FACE('',(#1552));
#1555=POLY_LOOP('',(#1546,#1554,#1550));
#1556=FACE_OUTER_BOUND('',#1555,.T.);
#1557=FACETED_PRIMITIVE_FACE('',(#1556));
#1558=POLY_LOOP('',(#1546,#1501,#1496));
#1559=FACE_OUTER_BOUND('',#1558,.T.);
#1560=FACETED_PRIMITIVE_FACE('',(#1559));
#1561=POLY_LOOP('',(#1546,#1431,#1485));
#1562=FACE_OUTER_BOUND('',#1561,.T.);
#1563=FACETED_PRIMITIVE_FACE('',(#1562));
#1564=POLY_LOOP('',(#1546,#1485,#1514));
#1565=FACE_OUTER_BOUND('',#1564,.T.);
#1566=FACETED_PRIMITIVE_FACE('',(#1565));
#1568=POLY_LOOP('',(#1567,#1460,#1492));
#1569=FACE_OUTER_BOUND('',#1568,.T.);
#1570=FACETED_PRIMITIVE_FACE('',(#1569));
#1571=POLY_LOOP('',(#1567,#1521,#1460));
#1572=FACE_OUTER_BOUND('',#1571,.T.);
#1573=FACETED_PRIMITIVE_FACE('',(#1572));
#1574=POLY_LOOP('',(#1567,#1492,#1528));
#1575=FACE_OUTER_BOUND('',#1574,.T.);
#1576=FACETED_PRIMITIVE_FACE('',(#1575));
#1578=POLY_LOOP('',(#1577,#1546,#1514));
#1579=FACE_OUTER_BOUND('',#1578,.T.);
#1580=FACETED_PRIMITIVE_FACE('',(#1579));
#1582=POLY_LOOP('',(#1577,#1581,#1554));
#1583=FACE_OUTER_BOUND('',#1582,.T.);
#1584=FACETED_PRIMITIVE_FACE('',(#1583));
#1585=POLY_LOOP('',(#1577,#1554,#1546));
#1586=FACE_OUTER_BOUND('',#1585,.T.);
#1587=FACETED_PRIMITIVE_FACE('',(#1586));
#1589=POLY_LOOP('',(#1588,#1577,#1514));
#1590=FACE_OUTER_BOUND('',#1589,.T.);
#1591=FACETED_PRIMITIVE_FACE('',(#1590));
#1592=POLY_LOOP('',(#1588,#1514,#1521));
#1593=FACE_OUTER_BOUND('',#1592,.T.);
#1594=FACETED_PRIMITIVE_FACE('',(#1593));
#1596=POLY_LOOP('',(#1588,#1595,#1581));
#1597=FACE_OUTER_BOUND('',#1596,.T.);
#1598=FACETED_PRIMITIVE_FACE('',(#1597));
#1599=POLY_LOOP('',(#1588,#1581,#1577));
#1600=FACE_OUTER_BOUND('',#1599,.T.);
#1601=FACETED_PRIMITIVE_FACE('',(#1600));
#1603=POLY_LOOP('',(#1602,#1528,#1533));
#1604=FACE_OUTER_BOUND('',#1603,.T.);
#1605=FACETED_PRIMITIVE_FACE('',(#1604));
#1607=POLY_LOOP('',(#1602,#1533,#1606));
#1608=FACE_OUTER_BOUND('',#1607,.T.);
#1609=FACETED_PRIMITIVE_FACE('',(#1608));
#1611=POLY_LOOP('',(#1602,#1606,#1610));
#1612=FACE_OUTER_BOUND('',#1611,.T.);
#1613=FACETED_PRIMITIVE_FACE('',(#1612));
#1614=POLY_LOOP('',(#1602,#1567,#1528));
#1615=FACE_OUTER_BOUND('',#1614,.T.);
#1616=FACETED_PRIMITIVE_FACE('',(#1615));
#1618=POLY_LOOP('',(#1617,#1595,#1588));
#1619=FACE_OUTER_BOUND('',#1618,.T.);
#1620=FACETED_PRIMITIVE_FACE('',(#1619));
#1621=POLY_LOOP('',(#1617,#1588,#1521));
#1622=FACE_OUTER_BOUND('',#1621,.T.);
#1623=FACETED_PRIMITIVE_FACE('',(#1622));
#1625=POLY_LOOP('',(#1617,#1624,#1595));
#1626=FACE_OUTER_BOUND('',#1625,.T.);
#1627=FACETED_PRIMITIVE_FACE('',(#1626));
#1628=POLY_LOOP('',(#1617,#1521,#1567));
#1629=FACE_OUTER_BOUND('',#1628,.T.);
#1630=FACETED_PRIMITIVE_FACE('',(#1629));
#1632=POLY_LOOP('',(#1631,#1617,#1567));
#1633=FACE_OUTER_BOUND('',#1632,.T.);
#1634=FACETED_PRIMITIVE_FACE('',(#1633));
#1635=POLY_LOOP('',(#1631,#1567,#1602));
#1636=FACE_OUTER_BOUND('',#1635,.T.);
#1637=FACETED_PRIMITIVE_FACE('',(#1636));
#1638=POLY_LOOP('',(#1631,#1602,#1610));
#1639=FACE_OUTER_BOUND('',#1638,.T.);
#1640=FACETED_PRIMITIVE_FACE('',(#1639));
#1642=POLY_LOOP('',(#1631,#1610,#1641));
#1643=FACE_OUTER_BOUND('',#1642,.T.);
#1644=FACETED_PRIMITIVE_FACE('',(#1643));
#1646=POLY_LOOP('',(#1645,#1631,#1641));
#1647=FACE_OUTER_BOUND('',#1646,.T.);
#1648=FACETED_PRIMITIVE_FACE('',(#1647));
#1649=POLY_LOOP('',(#1645,#540,#1624));
#1650=FACE_OUTER_BOUND('',#1649,.T.);
#1651=FACETED_PRIMITIVE_FACE('',(#1650));
#1653=POLY_LOOP('',(#1645,#1641,#1652));
#1654=FACE_OUTER_BOUND('',#1653,.T.);
#1655=FACETED_PRIMITIVE_FACE('',(#1654));
#1656=POLY_LOOP('',(#1645,#1652,#541));
#1657=FACE_OUTER_BOUND('',#1656,.T.);
#1658=FACETED_PRIMITIVE_FACE('',(#1657));
#1659=POLY_LOOP('',(#1645,#1624,#1617));
#1660=FACE_OUTER_BOUND('',#1659,.T.);
#1661=FACETED_PRIMITIVE_FACE('',(#1660));
#1662=POLY_LOOP('',(#1645,#541,#540));
#1663=FACE_OUTER_BOUND('',#1662,.T.);
#1664=FACETED_PRIMITIVE_FACE('',(#1663));
#1665=POLY_LOOP('',(#1645,#1617,#1631));
#1666=FACE_OUTER_BOUND('',#1665,.T.);
#1667=FACETED_PRIMITIVE_FACE('',(#1666));
#1670=POLY_LOOP('',(#1258,#1668,#1669));
#1671=FACE_OUTER_BOUND('',#1670,.T.);
#1672=FACETED_PRIMITIVE_FACE('',(#1671));
#1674=POLY_LOOP('',(#1205,#1669,#1673));
#1675=FACE_OUTER_BOUND('',#1674,.T.);
#1676=FACETED_PRIMITIVE_FACE('',(#1675));
#1677=POLY_LOOP('',(#1205,#1258,#1669));
#1678=FACE_OUTER_BOUND('',#1677,.T.);
#1679=FACETED_PRIMITIVE_FACE('',(#1678));
#1680=POLY_LOOP('',(#1201,#1205,#1673));
#1681=FACE_OUTER_BOUND('',#1680,.T.);
#1682=FACETED_PRIMITIVE_FACE('',(#1681));
#1685=POLY_LOOP('',(#1308,#1683,#1684));
#1686=FACE_OUTER_BOUND('',#1685,.T.);
#1687=FACETED_PRIMITIVE_FACE('',(#1686));
#1688=POLY_LOOP('',(#1308,#1684,#1668));
#1689=FACE_OUTER_BOUND('',#1688,.T.);
#1690=FACETED_PRIMITIVE_FACE('',(#1689));
#1691=POLY_LOOP('',(#1308,#1668,#1258));
#1692=FACE_OUTER_BOUND('',#1691,.T.);
#1693=FACETED_PRIMITIVE_FACE('',(#1692));
#1695=POLY_LOOP('',(#532,#1673,#1694));
#1696=FACE_OUTER_BOUND('',#1695,.T.);
#1697=FACETED_PRIMITIVE_FACE('',(#1696));
#1698=POLY_LOOP('',(#532,#1201,#1673));
#1699=FACE_OUTER_BOUND('',#1698,.T.);
#1700=FACETED_PRIMITIVE_FACE('',(#1699));
#1701=POLY_LOOP('',(#528,#532,#1694));
#1702=FACE_OUTER_BOUND('',#1701,.T.);
#1703=FACETED_PRIMITIVE_FACE('',(#1702));
#1705=POLY_LOOP('',(#1353,#1704,#1683));
#1706=FACE_OUTER_BOUND('',#1705,.T.);
#1707=FACETED_PRIMITIVE_FACE('',(#1706));
#1708=POLY_LOOP('',(#1353,#1683,#1308));
#1709=FACE_OUTER_BOUND('',#1708,.T.);
#1710=FACETED_PRIMITIVE_FACE('',(#1709));
#1712=POLY_LOOP('',(#1711,#528,#1694));
#1713=FACE_OUTER_BOUND('',#1712,.T.);
#1714=FACETED_PRIMITIVE_FACE('',(#1713));
#1715=POLY_LOOP('',(#524,#528,#1711));
#1716=FACE_OUTER_BOUND('',#1715,.T.);
#1717=FACETED_PRIMITIVE_FACE('',(#1716));
#1719=POLY_LOOP('',(#520,#1711,#1718));
#1720=FACE_OUTER_BOUND('',#1719,.T.);
#1721=FACETED_PRIMITIVE_FACE('',(#1720));
#1722=POLY_LOOP('',(#520,#524,#1711));
#1723=FACE_OUTER_BOUND('',#1722,.T.);
#1724=FACETED_PRIMITIVE_FACE('',(#1723));
#1726=POLY_LOOP('',(#1357,#1725,#1704));
#1727=FACE_OUTER_BOUND('',#1726,.T.);
#1728=FACETED_PRIMITIVE_FACE('',(#1727));
#1729=POLY_LOOP('',(#1357,#1704,#1353));
#1730=FACE_OUTER_BOUND('',#1729,.T.);
#1731=FACETED_PRIMITIVE_FACE('',(#1730));
#1732=POLY_LOOP('',(#516,#520,#1718));
#1733=FACE_OUTER_BOUND('',#1732,.T.);
#1734=FACETED_PRIMITIVE_FACE('',(#1733));
#1736=POLY_LOOP('',(#516,#1718,#1735));
#1737=FACE_OUTER_BOUND('',#1736,.T.);
#1738=FACETED_PRIMITIVE_FACE('',(#1737));
#1740=POLY_LOOP('',(#1739,#1725,#1357));
#1741=FACE_OUTER_BOUND('',#1740,.T.);
#1742=FACETED_PRIMITIVE_FACE('',(#1741));
#1744=POLY_LOOP('',(#398,#1735,#1743));
#1745=FACE_OUTER_BOUND('',#1744,.T.);
#1746=FACETED_PRIMITIVE_FACE('',(#1745));
#1747=POLY_LOOP('',(#398,#516,#1735));
#1748=FACE_OUTER_BOUND('',#1747,.T.);
#1749=FACETED_PRIMITIVE_FACE('',(#1748));
#1750=POLY_LOOP('',(#1413,#1739,#1357));
#1751=FACE_OUTER_BOUND('',#1750,.T.);
#1752=FACETED_PRIMITIVE_FACE('',(#1751));
#1754=POLY_LOOP('',(#1753,#1739,#1413));
#1755=FACE_OUTER_BOUND('',#1754,.T.);
#1756=FACETED_PRIMITIVE_FACE('',(#1755));
#1757=POLY_LOOP('',(#1417,#1753,#1413));
#1758=FACE_OUTER_BOUND('',#1757,.T.);
#1759=FACETED_PRIMITIVE_FACE('',(#1758));
#1761=POLY_LOOP('',(#1760,#1753,#1417));
#1762=FACE_OUTER_BOUND('',#1761,.T.);
#1763=FACETED_PRIMITIVE_FACE('',(#1762));
#1764=POLY_LOOP('',(#1443,#1760,#1417));
#1765=FACE_OUTER_BOUND('',#1764,.T.);
#1766=FACETED_PRIMITIVE_FACE('',(#1765));
#1768=POLY_LOOP('',(#1767,#1760,#1443));
#1769=FACE_OUTER_BOUND('',#1768,.T.);
#1770=FACETED_PRIMITIVE_FACE('',(#1769));
#1771=POLY_LOOP('',(#1447,#1767,#1443));
#1772=FACE_OUTER_BOUND('',#1771,.T.);
#1773=FACETED_PRIMITIVE_FACE('',(#1772));
#1774=POLY_LOOP('',(#1497,#1767,#1447));
#1775=FACE_OUTER_BOUND('',#1774,.T.);
#1776=FACETED_PRIMITIVE_FACE('',(#1775));
#1778=POLY_LOOP('',(#1777,#1767,#1497));
#1779=FACE_OUTER_BOUND('',#1778,.T.);
#1780=FACETED_PRIMITIVE_FACE('',(#1779));
#1781=POLY_LOOP('',(#1501,#1777,#1497));
#1782=FACE_OUTER_BOUND('',#1781,.T.);
#1783=FACETED_PRIMITIVE_FACE('',(#1782));
#1785=POLY_LOOP('',(#1784,#1777,#1501));
#1786=FACE_OUTER_BOUND('',#1785,.T.);
#1787=FACETED_PRIMITIVE_FACE('',(#1786));
#1788=POLY_LOOP('',(#399,#398,#1743));
#1789=FACE_OUTER_BOUND('',#1788,.T.);
#1790=FACETED_PRIMITIVE_FACE('',(#1789));
#1792=POLY_LOOP('',(#399,#1743,#1791));
#1793=FACE_OUTER_BOUND('',#1792,.T.);
#1794=FACETED_PRIMITIVE_FACE('',(#1793));
#1795=POLY_LOOP('',(#1550,#1784,#1501));
#1796=FACE_OUTER_BOUND('',#1795,.T.);
#1797=FACETED_PRIMITIVE_FACE('',(#1796));
#1799=POLY_LOOP('',(#1798,#1784,#1550));
#1800=FACE_OUTER_BOUND('',#1799,.T.);
#1801=FACETED_PRIMITIVE_FACE('',(#1800));
#1802=POLY_LOOP('',(#1554,#1798,#1550));
#1803=FACE_OUTER_BOUND('',#1802,.T.);
#1804=FACETED_PRIMITIVE_FACE('',(#1803));
#1805=POLY_LOOP('',(#1581,#1798,#1554));
#1806=FACE_OUTER_BOUND('',#1805,.T.);
#1807=FACETED_PRIMITIVE_FACE('',(#1806));
#1809=POLY_LOOP('',(#1808,#1798,#1581));
#1810=FACE_OUTER_BOUND('',#1809,.T.);
#1811=FACETED_PRIMITIVE_FACE('',(#1810));
#1812=POLY_LOOP('',(#1595,#1808,#1581));
#1813=FACE_OUTER_BOUND('',#1812,.T.);
#1814=FACETED_PRIMITIVE_FACE('',(#1813));
#1816=POLY_LOOP('',(#1815,#1808,#1595));
#1817=FACE_OUTER_BOUND('',#1816,.T.);
#1818=FACETED_PRIMITIVE_FACE('',(#1817));
#1819=POLY_LOOP('',(#1624,#1815,#1595));
#1820=FACE_OUTER_BOUND('',#1819,.T.);
#1821=FACETED_PRIMITIVE_FACE('',(#1820));
#1823=POLY_LOOP('',(#1822,#1815,#1624));
#1824=FACE_OUTER_BOUND('',#1823,.T.);
#1825=FACETED_PRIMITIVE_FACE('',(#1824));
#1827=POLY_LOOP('',(#1826,#1822,#1624));
#1828=FACE_OUTER_BOUND('',#1827,.T.);
#1829=FACETED_PRIMITIVE_FACE('',(#1828));
#1830=POLY_LOOP('',(#540,#1826,#1624));
#1831=FACE_OUTER_BOUND('',#1830,.T.);
#1832=FACETED_PRIMITIVE_FACE('',(#1831));
#1834=POLY_LOOP('',(#1833,#1826,#540));
#1835=FACE_OUTER_BOUND('',#1834,.T.);
#1836=FACETED_PRIMITIVE_FACE('',(#1835));
#1837=POLY_LOOP('',(#539,#1833,#540));
#1838=FACE_OUTER_BOUND('',#1837,.T.);
#1839=FACETED_PRIMITIVE_FACE('',(#1838));
#1841=POLY_LOOP('',(#1840,#1833,#539));
#1842=FACE_OUTER_BOUND('',#1841,.T.);
#1843=FACETED_PRIMITIVE_FACE('',(#1842));
#1845=POLY_LOOP('',(#1844,#1840,#539));
#1846=FACE_OUTER_BOUND('',#1845,.T.);
#1847=FACETED_PRIMITIVE_FACE('',(#1846));
#1848=POLY_LOOP('',(#545,#1844,#539));
#1849=FACE_OUTER_BOUND('',#1848,.T.);
#1850=FACETED_PRIMITIVE_FACE('',(#1849));
#1852=POLY_LOOP('',(#1851,#545,#549));
#1853=FACE_OUTER_BOUND('',#1852,.T.);
#1854=FACETED_PRIMITIVE_FACE('',(#1853));
#1855=POLY_LOOP('',(#1851,#1844,#545));
#1856=FACE_OUTER_BOUND('',#1855,.T.);
#1857=FACETED_PRIMITIVE_FACE('',(#1856));
#1859=POLY_LOOP('',(#1858,#549,#553));
#1860=FACE_OUTER_BOUND('',#1859,.T.);
#1861=FACETED_PRIMITIVE_FACE('',(#1860));
#1862=POLY_LOOP('',(#1858,#1851,#549));
#1863=FACE_OUTER_BOUND('',#1862,.T.);
#1864=FACETED_PRIMITIVE_FACE('',(#1863));
#1867=POLY_LOOP('',(#1865,#553,#1866));
#1868=FACE_OUTER_BOUND('',#1867,.T.);
#1869=FACETED_PRIMITIVE_FACE('',(#1868));
#1870=POLY_LOOP('',(#1865,#1858,#553));
#1871=FACE_OUTER_BOUND('',#1870,.T.);
#1872=FACETED_PRIMITIVE_FACE('',(#1871));
#1875=POLY_LOOP('',(#1873,#1874,#316));
#1876=FACE_OUTER_BOUND('',#1875,.T.);
#1877=FACETED_PRIMITIVE_FACE('',(#1876));
#1878=POLY_LOOP('',(#1873,#322,#330));
#1879=FACE_OUTER_BOUND('',#1878,.T.);
#1880=FACETED_PRIMITIVE_FACE('',(#1879));
#1881=POLY_LOOP('',(#1873,#316,#322));
#1882=FACE_OUTER_BOUND('',#1881,.T.);
#1883=FACETED_PRIMITIVE_FACE('',(#1882));
#1885=POLY_LOOP('',(#1884,#1873,#330));
#1886=FACE_OUTER_BOUND('',#1885,.T.);
#1887=FACETED_PRIMITIVE_FACE('',(#1886));
#1889=POLY_LOOP('',(#1888,#338,#346));
#1890=FACE_OUTER_BOUND('',#1889,.T.);
#1891=FACETED_PRIMITIVE_FACE('',(#1890));
#1892=POLY_LOOP('',(#1888,#330,#338));
#1893=FACE_OUTER_BOUND('',#1892,.T.);
#1894=FACETED_PRIMITIVE_FACE('',(#1893));
#1895=POLY_LOOP('',(#1888,#1884,#330));
#1896=FACE_OUTER_BOUND('',#1895,.T.);
#1897=FACETED_PRIMITIVE_FACE('',(#1896));
#1899=POLY_LOOP('',(#1898,#1888,#346));
#1900=FACE_OUTER_BOUND('',#1899,.T.);
#1901=FACETED_PRIMITIVE_FACE('',(#1900));
#1903=POLY_LOOP('',(#1902,#354,#359));
#1904=FACE_OUTER_BOUND('',#1903,.T.);
#1905=FACETED_PRIMITIVE_FACE('',(#1904));
#1906=POLY_LOOP('',(#1902,#346,#354));
#1907=FACE_OUTER_BOUND('',#1906,.T.);
#1908=FACETED_PRIMITIVE_FACE('',(#1907));
#1909=POLY_LOOP('',(#1902,#1898,#346));
#1910=FACE_OUTER_BOUND('',#1909,.T.);
#1911=FACETED_PRIMITIVE_FACE('',(#1910));
#1913=POLY_LOOP('',(#1912,#1902,#359));
#1914=FACE_OUTER_BOUND('',#1913,.T.);
#1915=FACETED_PRIMITIVE_FACE('',(#1914));
#1917=POLY_LOOP('',(#1916,#359,#367));
#1918=FACE_OUTER_BOUND('',#1917,.T.);
#1919=FACETED_PRIMITIVE_FACE('',(#1918));
#1920=POLY_LOOP('',(#1916,#1912,#359));
#1921=FACE_OUTER_BOUND('',#1920,.T.);
#1922=FACETED_PRIMITIVE_FACE('',(#1921));
#1924=POLY_LOOP('',(#1923,#367,#375));
#1925=FACE_OUTER_BOUND('',#1924,.T.);
#1926=FACETED_PRIMITIVE_FACE('',(#1925));
#1927=POLY_LOOP('',(#1923,#1916,#367));
#1928=FACE_OUTER_BOUND('',#1927,.T.);
#1929=FACETED_PRIMITIVE_FACE('',(#1928));
#1931=POLY_LOOP('',(#1930,#375,#386));
#1932=FACE_OUTER_BOUND('',#1931,.T.);
#1933=FACETED_PRIMITIVE_FACE('',(#1932));
#1934=POLY_LOOP('',(#1930,#1923,#375));
#1935=FACE_OUTER_BOUND('',#1934,.T.);
#1936=FACETED_PRIMITIVE_FACE('',(#1935));
#1938=POLY_LOOP('',(#1937,#394,#409));
#1939=FACE_OUTER_BOUND('',#1938,.T.);
#1940=FACETED_PRIMITIVE_FACE('',(#1939));
#1941=POLY_LOOP('',(#1937,#386,#394));
#1942=FACE_OUTER_BOUND('',#1941,.T.);
#1943=FACETED_PRIMITIVE_FACE('',(#1942));
#1944=POLY_LOOP('',(#1937,#1930,#386));
#1945=FACE_OUTER_BOUND('',#1944,.T.);
#1946=FACETED_PRIMITIVE_FACE('',(#1945));
#1948=POLY_LOOP('',(#1947,#1937,#409));
#1949=FACE_OUTER_BOUND('',#1948,.T.);
#1950=FACETED_PRIMITIVE_FACE('',(#1949));
#1952=POLY_LOOP('',(#1951,#408,#424));
#1953=FACE_OUTER_BOUND('',#1952,.T.);
#1954=FACETED_PRIMITIVE_FACE('',(#1953));
#1955=POLY_LOOP('',(#1951,#409,#408));
#1956=FACE_OUTER_BOUND('',#1955,.T.);
#1957=FACETED_PRIMITIVE_FACE('',(#1956));
#1958=POLY_LOOP('',(#1951,#1947,#409));
#1959=FACE_OUTER_BOUND('',#1958,.T.);
#1960=FACETED_PRIMITIVE_FACE('',(#1959));
#1962=POLY_LOOP('',(#1961,#1951,#424));
#1963=FACE_OUTER_BOUND('',#1962,.T.);
#1964=FACETED_PRIMITIVE_FACE('',(#1963));
#1966=POLY_LOOP('',(#1965,#1961,#424));
#1967=FACE_OUTER_BOUND('',#1966,.T.);
#1968=FACETED_PRIMITIVE_FACE('',(#1967));
#1969=POLY_LOOP('',(#1965,#424,#444));
#1970=FACE_OUTER_BOUND('',#1969,.T.);
#1971=FACETED_PRIMITIVE_FACE('',(#1970));
#1973=POLY_LOOP('',(#1972,#444,#468));
#1974=FACE_OUTER_BOUND('',#1973,.T.);
#1975=FACETED_PRIMITIVE_FACE('',(#1974));
#1976=POLY_LOOP('',(#1972,#1965,#444));
#1977=FACE_OUTER_BOUND('',#1976,.T.);
#1978=FACETED_PRIMITIVE_FACE('',(#1977));
#1980=POLY_LOOP('',(#1979,#473,#449));
#1981=FACE_OUTER_BOUND('',#1980,.T.);
#1982=FACETED_PRIMITIVE_FACE('',(#1981));
#1983=POLY_LOOP('',(#1979,#468,#473));
#1984=FACE_OUTER_BOUND('',#1983,.T.);
#1985=FACETED_PRIMITIVE_FACE('',(#1984));
#1986=POLY_LOOP('',(#1979,#1972,#468));
#1987=FACE_OUTER_BOUND('',#1986,.T.);
#1988=FACETED_PRIMITIVE_FACE('',(#1987));
#1990=POLY_LOOP('',(#1989,#1979,#449));
#1991=FACE_OUTER_BOUND('',#1990,.T.);
#1992=FACETED_PRIMITIVE_FACE('',(#1991));
#1994=POLY_LOOP('',(#1993,#449,#433));
#1995=FACE_OUTER_BOUND('',#1994,.T.);
#1996=FACETED_PRIMITIVE_FACE('',(#1995));
#1997=POLY_LOOP('',(#1993,#1989,#449));
#1998=FACE_OUTER_BOUND('',#1997,.T.);
#1999=FACETED_PRIMITIVE_FACE('',(#1998));
#2001=POLY_LOOP('',(#2000,#433,#429));
#2002=FACE_OUTER_BOUND('',#2001,.T.);
#2003=FACETED_PRIMITIVE_FACE('',(#2002));
#2004=POLY_LOOP('',(#2000,#1993,#433));
#2005=FACE_OUTER_BOUND('',#2004,.T.);
#2006=FACETED_PRIMITIVE_FACE('',(#2005));
#2008=POLY_LOOP('',(#2007,#429,#400));
#2009=FACE_OUTER_BOUND('',#2008,.T.);
#2010=FACETED_PRIMITIVE_FACE('',(#2009));
#2011=POLY_LOOP('',(#2007,#2000,#429));
#2012=FACE_OUTER_BOUND('',#2011,.T.);
#2013=FACETED_PRIMITIVE_FACE('',(#2012));
#2014=POLY_LOOP('',(#1791,#400,#399));
#2015=FACE_OUTER_BOUND('',#2014,.T.);
#2016=FACETED_PRIMITIVE_FACE('',(#2015));
#2017=POLY_LOOP('',(#1791,#2007,#400));
#2018=FACE_OUTER_BOUND('',#2017,.T.);
#2019=FACETED_PRIMITIVE_FACE('',(#2018));
#2021=POLY_LOOP('',(#317,#1874,#2020));
#2022=FACE_OUTER_BOUND('',#2021,.T.);
#2023=FACETED_PRIMITIVE_FACE('',(#2022));
#2024=POLY_LOOP('',(#317,#316,#1874));
#2025=FACE_OUTER_BOUND('',#2024,.T.);
#2026=FACETED_PRIMITIVE_FACE('',(#2025));
#2028=POLY_LOOP('',(#2027,#317,#2020));
#2029=FACE_OUTER_BOUND('',#2028,.T.);
#2030=FACETED_PRIMITIVE_FACE('',(#2029));
#2031=POLY_LOOP('',(#486,#317,#2027));
#2032=FACE_OUTER_BOUND('',#2031,.T.);
#2033=FACETED_PRIMITIVE_FACE('',(#2032));
#2035=POLY_LOOP('',(#2034,#486,#2027));
#2036=FACE_OUTER_BOUND('',#2035,.T.);
#2037=FACETED_PRIMITIVE_FACE('',(#2036));
#2038=POLY_LOOP('',(#490,#486,#2034));
#2039=FACE_OUTER_BOUND('',#2038,.T.);
#2040=FACETED_PRIMITIVE_FACE('',(#2039));
#2042=POLY_LOOP('',(#2041,#490,#2034));
#2043=FACE_OUTER_BOUND('',#2042,.T.);
#2044=FACETED_PRIMITIVE_FACE('',(#2043));
#2045=POLY_LOOP('',(#494,#490,#2041));
#2046=FACE_OUTER_BOUND('',#2045,.T.);
#2047=FACETED_PRIMITIVE_FACE('',(#2046));
#2048=POLY_LOOP('',(#498,#494,#2041));
#2049=FACE_OUTER_BOUND('',#2048,.T.);
#2050=FACETED_PRIMITIVE_FACE('',(#2049));
#2052=POLY_LOOP('',(#2051,#498,#2041));
#2053=FACE_OUTER_BOUND('',#2052,.T.);
#2054=FACETED_PRIMITIVE_FACE('',(#2053));
#2055=POLY_LOOP('',(#567,#498,#2051));
#2056=FACE_OUTER_BOUND('',#2055,.T.);
#2057=FACETED_PRIMITIVE_FACE('',(#2056));
#2059=POLY_LOOP('',(#2058,#567,#2051));
#2060=FACE_OUTER_BOUND('',#2059,.T.);
#2061=FACETED_PRIMITIVE_FACE('',(#2060));
#2062=POLY_LOOP('',(#575,#567,#2058));
#2063=FACE_OUTER_BOUND('',#2062,.T.);
#2064=FACETED_PRIMITIVE_FACE('',(#2063));
#2065=POLY_LOOP('',(#579,#575,#2058));
#2066=FACE_OUTER_BOUND('',#2065,.T.);
#2067=FACETED_PRIMITIVE_FACE('',(#2066));
#2069=POLY_LOOP('',(#2068,#579,#2058));
#2070=FACE_OUTER_BOUND('',#2069,.T.);
#2071=FACETED_PRIMITIVE_FACE('',(#2070));
#2072=POLY_LOOP('',(#597,#579,#2068));
#2073=FACE_OUTER_BOUND('',#2072,.T.);
#2074=FACETED_PRIMITIVE_FACE('',(#2073));
#2076=POLY_LOOP('',(#2075,#597,#2068));
#2077=FACE_OUTER_BOUND('',#2076,.T.);
#2078=FACETED_PRIMITIVE_FACE('',(#2077));
#2079=POLY_LOOP('',(#612,#597,#2075));
#2080=FACE_OUTER_BOUND('',#2079,.T.);
#2081=FACETED_PRIMITIVE_FACE('',(#2080));
#2083=POLY_LOOP('',(#2082,#612,#2075));
#2084=FACE_OUTER_BOUND('',#2083,.T.);
#2085=FACETED_PRIMITIVE_FACE('',(#2084));
#2087=POLY_LOOP('',(#2086,#612,#2082));
#2088=FACE_OUTER_BOUND('',#2087,.T.);
#2089=FACETED_PRIMITIVE_FACE('',(#2088));
#2090=POLY_LOOP('',(#620,#612,#2086));
#2091=FACE_OUTER_BOUND('',#2090,.T.);
#2092=FACETED_PRIMITIVE_FACE('',(#2091));
#2094=POLY_LOOP('',(#2093,#620,#2086));
#2095=FACE_OUTER_BOUND('',#2094,.T.);
#2096=FACETED_PRIMITIVE_FACE('',(#2095));
#2097=POLY_LOOP('',(#624,#620,#2093));
#2098=FACE_OUTER_BOUND('',#2097,.T.);
#2099=FACETED_PRIMITIVE_FACE('',(#2098));
#2101=POLY_LOOP('',(#2100,#624,#2093));
#2102=FACE_OUTER_BOUND('',#2101,.T.);
#2103=FACETED_PRIMITIVE_FACE('',(#2102));
#2105=POLY_LOOP('',(#2104,#663,#624));
#2106=FACE_OUTER_BOUND('',#2105,.T.);
#2107=FACETED_PRIMITIVE_FACE('',(#2106));
#2108=POLY_LOOP('',(#2104,#624,#2100));
#2109=FACE_OUTER_BOUND('',#2108,.T.);
#2110=FACETED_PRIMITIVE_FACE('',(#2109));
#2112=POLY_LOOP('',(#2111,#663,#2104));
#2113=FACE_OUTER_BOUND('',#2112,.T.);
#2114=FACETED_PRIMITIVE_FACE('',(#2113));
#2115=POLY_LOOP('',(#667,#663,#2111));
#2116=FACE_OUTER_BOUND('',#2115,.T.);
#2117=FACETED_PRIMITIVE_FACE('',(#2116));
#2119=POLY_LOOP('',(#2118,#699,#667));
#2120=FACE_OUTER_BOUND('',#2119,.T.);
#2121=FACETED_PRIMITIVE_FACE('',(#2120));
#2122=POLY_LOOP('',(#2118,#667,#2111));
#2123=FACE_OUTER_BOUND('',#2122,.T.);
#2124=FACETED_PRIMITIVE_FACE('',(#2123));
#2126=POLY_LOOP('',(#2125,#703,#699));
#2127=FACE_OUTER_BOUND('',#2126,.T.);
#2128=FACETED_PRIMITIVE_FACE('',(#2127));
#2129=POLY_LOOP('',(#2125,#699,#2118));
#2130=FACE_OUTER_BOUND('',#2129,.T.);
#2131=FACETED_PRIMITIVE_FACE('',(#2130));
#2134=POLY_LOOP('',(#2132,#2133,#512));
#2135=FACE_OUTER_BOUND('',#2134,.T.);
#2136=FACETED_PRIMITIVE_FACE('',(#2135));
#2138=POLY_LOOP('',(#2132,#2137,#2133));
#2139=FACE_OUTER_BOUND('',#2138,.T.);
#2140=FACETED_PRIMITIVE_FACE('',(#2139));
#2141=POLY_LOOP('',(#508,#2132,#512));
#2142=FACE_OUTER_BOUND('',#2141,.T.);
#2143=FACETED_PRIMITIVE_FACE('',(#2142));
#2144=POLY_LOOP('',(#732,#703,#2125));
#2145=FACE_OUTER_BOUND('',#2144,.T.);
#2146=FACETED_PRIMITIVE_FACE('',(#2145));
#2148=POLY_LOOP('',(#2147,#508,#504));
#2149=FACE_OUTER_BOUND('',#2148,.T.);
#2150=FACETED_PRIMITIVE_FACE('',(#2149));
#2151=POLY_LOOP('',(#2147,#2132,#508));
#2152=FACE_OUTER_BOUND('',#2151,.T.);
#2153=FACETED_PRIMITIVE_FACE('',(#2152));
#2155=POLY_LOOP('',(#2154,#732,#2125));
#2156=FACE_OUTER_BOUND('',#2155,.T.);
#2157=FACETED_PRIMITIVE_FACE('',(#2156));
#2159=POLY_LOOP('',(#2158,#2147,#504));
#2160=FACE_OUTER_BOUND('',#2159,.T.);
#2161=FACETED_PRIMITIVE_FACE('',(#2160));
#2162=POLY_LOOP('',(#503,#2158,#504));
#2163=FACE_OUTER_BOUND('',#2162,.T.);
#2164=FACETED_PRIMITIVE_FACE('',(#2163));
#2165=POLY_LOOP('',(#736,#732,#2154));
#2166=FACE_OUTER_BOUND('',#2165,.T.);
#2167=FACETED_PRIMITIVE_FACE('',(#2166));
#2169=POLY_LOOP('',(#2168,#2158,#503));
#2170=FACE_OUTER_BOUND('',#2169,.T.);
#2171=FACETED_PRIMITIVE_FACE('',(#2170));
#2173=POLY_LOOP('',(#2172,#781,#736));
#2174=FACE_OUTER_BOUND('',#2173,.T.);
#2175=FACETED_PRIMITIVE_FACE('',(#2174));
#2176=POLY_LOOP('',(#2172,#736,#2154));
#2177=FACE_OUTER_BOUND('',#2176,.T.);
#2178=FACETED_PRIMITIVE_FACE('',(#2177));
#2180=POLY_LOOP('',(#2179,#503,#900));
#2181=FACE_OUTER_BOUND('',#2180,.T.);
#2182=FACETED_PRIMITIVE_FACE('',(#2181));
#2183=POLY_LOOP('',(#2179,#2168,#503));
#2184=FACE_OUTER_BOUND('',#2183,.T.);
#2185=FACETED_PRIMITIVE_FACE('',(#2184));
#2187=POLY_LOOP('',(#2186,#900,#864));
#2188=FACE_OUTER_BOUND('',#2187,.T.);
#2189=FACETED_PRIMITIVE_FACE('',(#2188));
#2190=POLY_LOOP('',(#2186,#2179,#900));
#2191=FACE_OUTER_BOUND('',#2190,.T.);
#2192=FACETED_PRIMITIVE_FACE('',(#2191));
#2194=POLY_LOOP('',(#2193,#785,#781));
#2195=FACE_OUTER_BOUND('',#2194,.T.);
#2196=FACETED_PRIMITIVE_FACE('',(#2195));
#2197=POLY_LOOP('',(#2193,#818,#785));
#2198=FACE_OUTER_BOUND('',#2197,.T.);
#2199=FACETED_PRIMITIVE_FACE('',(#2198));
#2200=POLY_LOOP('',(#2193,#781,#2172));
#2201=FACE_OUTER_BOUND('',#2200,.T.);
#2202=FACETED_PRIMITIVE_FACE('',(#2201));
#2204=POLY_LOOP('',(#2203,#2186,#864));
#2205=FACE_OUTER_BOUND('',#2204,.T.);
#2206=FACETED_PRIMITIVE_FACE('',(#2205));
#2208=POLY_LOOP('',(#2207,#864,#860));
#2209=FACE_OUTER_BOUND('',#2208,.T.);
#2210=FACETED_PRIMITIVE_FACE('',(#2209));
#2211=POLY_LOOP('',(#2207,#2203,#864));
#2212=FACE_OUTER_BOUND('',#2211,.T.);
#2213=FACETED_PRIMITIVE_FACE('',(#2212));
#2215=POLY_LOOP('',(#2214,#860,#818));
#2216=FACE_OUTER_BOUND('',#2215,.T.);
#2217=FACETED_PRIMITIVE_FACE('',(#2216));
#2218=POLY_LOOP('',(#2214,#818,#2193));
#2219=FACE_OUTER_BOUND('',#2218,.T.);
#2220=FACETED_PRIMITIVE_FACE('',(#2219));
#2221=POLY_LOOP('',(#2214,#2207,#860));
#2222=FACE_OUTER_BOUND('',#2221,.T.);
#2223=FACETED_PRIMITIVE_FACE('',(#2222));
#2225=POLY_LOOP('',(#2224,#553,#541));
#2226=FACE_OUTER_BOUND('',#2225,.T.);
#2227=FACETED_PRIMITIVE_FACE('',(#2226));
#2228=POLY_LOOP('',(#2224,#1866,#553));
#2229=FACE_OUTER_BOUND('',#2228,.T.);
#2230=FACETED_PRIMITIVE_FACE('',(#2229));
#2232=POLY_LOOP('',(#2231,#541,#1652));
#2233=FACE_OUTER_BOUND('',#2232,.T.);
#2234=FACETED_PRIMITIVE_FACE('',(#2233));
#2235=POLY_LOOP('',(#2231,#2224,#541));
#2236=FACE_OUTER_BOUND('',#2235,.T.);
#2237=FACETED_PRIMITIVE_FACE('',(#2236));
#2239=POLY_LOOP('',(#2238,#1652,#1641));
#2240=FACE_OUTER_BOUND('',#2239,.T.);
#2241=FACETED_PRIMITIVE_FACE('',(#2240));
#2242=POLY_LOOP('',(#2238,#2231,#1652));
#2243=FACE_OUTER_BOUND('',#2242,.T.);
#2244=FACETED_PRIMITIVE_FACE('',(#2243));
#2246=POLY_LOOP('',(#2245,#1641,#1610));
#2247=FACE_OUTER_BOUND('',#2246,.T.);
#2248=FACETED_PRIMITIVE_FACE('',(#2247));
#2249=POLY_LOOP('',(#2245,#2238,#1641));
#2250=FACE_OUTER_BOUND('',#2249,.T.);
#2251=FACETED_PRIMITIVE_FACE('',(#2250));
#2253=POLY_LOOP('',(#2252,#1610,#1606));
#2254=FACE_OUTER_BOUND('',#2253,.T.);
#2255=FACETED_PRIMITIVE_FACE('',(#2254));
#2256=POLY_LOOP('',(#2252,#2245,#1610));
#2257=FACE_OUTER_BOUND('',#2256,.T.);
#2258=FACETED_PRIMITIVE_FACE('',(#2257));
#2260=POLY_LOOP('',(#1533,#2259,#2252));
#2261=FACE_OUTER_BOUND('',#2260,.T.);
#2262=FACETED_PRIMITIVE_FACE('',(#2261));
#2263=POLY_LOOP('',(#1533,#2252,#1606));
#2264=FACE_OUTER_BOUND('',#2263,.T.);
#2265=FACETED_PRIMITIVE_FACE('',(#2264));
#2267=POLY_LOOP('',(#1529,#2266,#2259));
#2268=FACE_OUTER_BOUND('',#2267,.T.);
#2269=FACETED_PRIMITIVE_FACE('',(#2268));
#2271=POLY_LOOP('',(#1529,#2270,#2266));
#2272=FACE_OUTER_BOUND('',#2271,.T.);
#2273=FACETED_PRIMITIVE_FACE('',(#2272));
#2274=POLY_LOOP('',(#1529,#2259,#1533));
#2275=FACE_OUTER_BOUND('',#2274,.T.);
#2276=FACETED_PRIMITIVE_FACE('',(#2275));
#2278=POLY_LOOP('',(#1475,#2277,#2270));
#2279=FACE_OUTER_BOUND('',#2278,.T.);
#2280=FACETED_PRIMITIVE_FACE('',(#2279));
#2281=POLY_LOOP('',(#1475,#2270,#1529));
#2282=FACE_OUTER_BOUND('',#2281,.T.);
#2283=FACETED_PRIMITIVE_FACE('',(#2282));
#2284=POLY_LOOP('',(#1471,#2277,#1475));
#2285=FACE_OUTER_BOUND('',#2284,.T.);
#2286=FACETED_PRIMITIVE_FACE('',(#2285));
#2287=POLY_LOOP('',(#1398,#2277,#1471));
#2288=FACE_OUTER_BOUND('',#2287,.T.);
#2289=FACETED_PRIMITIVE_FACE('',(#2288));
#2291=POLY_LOOP('',(#1398,#2290,#2277));
#2292=FACE_OUTER_BOUND('',#2291,.T.);
#2293=FACETED_PRIMITIVE_FACE('',(#2292));
#2295=POLY_LOOP('',(#1398,#2294,#2290));
#2296=FACE_OUTER_BOUND('',#2295,.T.);
#2297=FACETED_PRIMITIVE_FACE('',(#2296));
#2298=POLY_LOOP('',(#1394,#2294,#1398));
#2299=FACE_OUTER_BOUND('',#2298,.T.);
#2300=FACETED_PRIMITIVE_FACE('',(#2299));
#2301=POLY_LOOP('',(#502,#512,#2133));
#2302=FACE_OUTER_BOUND('',#2301,.T.);
#2303=FACETED_PRIMITIVE_FACE('',(#2302));
#2305=POLY_LOOP('',(#502,#2133,#2304));
#2306=FACE_OUTER_BOUND('',#2305,.T.);
#2307=FACETED_PRIMITIVE_FACE('',(#2306));
#2309=POLY_LOOP('',(#1290,#2308,#2294));
#2310=FACE_OUTER_BOUND('',#2309,.T.);
#2311=FACETED_PRIMITIVE_FACE('',(#2310));
#2312=POLY_LOOP('',(#1290,#2294,#1394));
#2313=FACE_OUTER_BOUND('',#2312,.T.);
#2314=FACETED_PRIMITIVE_FACE('',(#2313));
#2315=POLY_LOOP('',(#957,#502,#2304));
#2316=FACE_OUTER_BOUND('',#2315,.T.);
#2317=FACETED_PRIMITIVE_FACE('',(#2316));
#2319=POLY_LOOP('',(#957,#2304,#2318));
#2320=FACE_OUTER_BOUND('',#2319,.T.);
#2321=FACETED_PRIMITIVE_FACE('',(#2320));
#2322=POLY_LOOP('',(#1286,#2308,#1290));
#2323=FACE_OUTER_BOUND('',#2322,.T.);
#2324=FACETED_PRIMITIVE_FACE('',(#2323));
#2326=POLY_LOOP('',(#1286,#2325,#2308));
#2327=FACE_OUTER_BOUND('',#2326,.T.);
#2328=FACETED_PRIMITIVE_FACE('',(#2327));
#2330=POLY_LOOP('',(#1286,#2329,#2325));
#2331=FACE_OUTER_BOUND('',#2330,.T.);
#2332=FACETED_PRIMITIVE_FACE('',(#2331));
#2333=POLY_LOOP('',(#961,#957,#2318));
#2334=FACE_OUTER_BOUND('',#2333,.T.);
#2335=FACETED_PRIMITIVE_FACE('',(#2334));
#2337=POLY_LOOP('',(#961,#2318,#2336));
#2338=FACE_OUTER_BOUND('',#2337,.T.);
#2339=FACETED_PRIMITIVE_FACE('',(#2338));
#2340=POLY_LOOP('',(#1177,#2329,#1286));
#2341=FACE_OUTER_BOUND('',#2340,.T.);
#2342=FACETED_PRIMITIVE_FACE('',(#2341));
#2343=POLY_LOOP('',(#1068,#961,#2336));
#2344=FACE_OUTER_BOUND('',#2343,.T.);
#2345=FACETED_PRIMITIVE_FACE('',(#2344));
#2347=POLY_LOOP('',(#1068,#2336,#2346));
#2348=FACE_OUTER_BOUND('',#2347,.T.);
#2349=FACETED_PRIMITIVE_FACE('',(#2348));
#2350=POLY_LOOP('',(#1173,#2329,#1177));
#2351=FACE_OUTER_BOUND('',#2350,.T.);
#2352=FACETED_PRIMITIVE_FACE('',(#2351));
#2354=POLY_LOOP('',(#1173,#2353,#2329));
#2355=FACE_OUTER_BOUND('',#2354,.T.);
#2356=FACETED_PRIMITIVE_FACE('',(#2355));
#2358=POLY_LOOP('',(#1173,#2357,#2353));
#2359=FACE_OUTER_BOUND('',#2358,.T.);
#2360=FACETED_PRIMITIVE_FACE('',(#2359));
#2361=POLY_LOOP('',(#1072,#1068,#2346));
#2362=FACE_OUTER_BOUND('',#2361,.T.);
#2363=FACETED_PRIMITIVE_FACE('',(#2362));
#2364=POLY_LOOP('',(#1072,#2357,#1173));
#2365=FACE_OUTER_BOUND('',#2364,.T.);
#2366=FACETED_PRIMITIVE_FACE('',(#2365));
#2367=POLY_LOOP('',(#1072,#2346,#2357));
#2368=FACE_OUTER_BOUND('',#2367,.T.);
#2369=FACETED_PRIMITIVE_FACE('',(#2368));
#2370=POLY_LOOP('',(#2304,#2133,#2137));
#2371=FACE_OUTER_BOUND('',#2370,.T.);
#2372=FACETED_PRIMITIVE_FACE('',(#2371));
#2374=POLY_LOOP('',(#2304,#2137,#2373));
#2375=FACE_OUTER_BOUND('',#2374,.T.);
#2376=FACETED_PRIMITIVE_FACE('',(#2375));
#2378=POLY_LOOP('',(#2318,#2373,#2377));
#2379=FACE_OUTER_BOUND('',#2378,.T.);
#2380=FACETED_PRIMITIVE_FACE('',(#2379));
#2381=POLY_LOOP('',(#2318,#2304,#2373));
#2382=FACE_OUTER_BOUND('',#2381,.T.);
#2383=FACETED_PRIMITIVE_FACE('',(#2382));
#2385=POLY_LOOP('',(#2336,#2377,#2384));
#2386=FACE_OUTER_BOUND('',#2385,.T.);
#2387=FACETED_PRIMITIVE_FACE('',(#2386));
#2388=POLY_LOOP('',(#2336,#2318,#2377));
#2389=FACE_OUTER_BOUND('',#2388,.T.);
#2390=FACETED_PRIMITIVE_FACE('',(#2389));
#2392=POLY_LOOP('',(#2346,#2384,#2391));
#2393=FACE_OUTER_BOUND('',#2392,.T.);
#2394=FACETED_PRIMITIVE_FACE('',(#2393));
#2395=POLY_LOOP('',(#2346,#2336,#2384));
#2396=FACE_OUTER_BOUND('',#2395,.T.);
#2397=FACETED_PRIMITIVE_FACE('',(#2396));
#2399=POLY_LOOP('',(#2357,#2391,#2398));
#2400=FACE_OUTER_BOUND('',#2399,.T.);
#2401=FACETED_PRIMITIVE_FACE('',(#2400));
#2402=POLY_LOOP('',(#2357,#2346,#2391));
#2403=FACE_OUTER_BOUND('',#2402,.T.);
#2404=FACETED_PRIMITIVE_FACE('',(#2403));
#2407=POLY_LOOP('',(#2353,#2405,#2406));
#2408=FACE_OUTER_BOUND('',#2407,.T.);
#2409=FACETED_PRIMITIVE_FACE('',(#2408));
#2410=POLY_LOOP('',(#2353,#2398,#2405));
#2411=FACE_OUTER_BOUND('',#2410,.T.);
#2412=FACETED_PRIMITIVE_FACE('',(#2411));
#2413=POLY_LOOP('',(#2353,#2357,#2398));
#2414=FACE_OUTER_BOUND('',#2413,.T.);
#2415=FACETED_PRIMITIVE_FACE('',(#2414));
#2417=POLY_LOOP('',(#2329,#2406,#2416));
#2418=FACE_OUTER_BOUND('',#2417,.T.);
#2419=FACETED_PRIMITIVE_FACE('',(#2418));
#2420=POLY_LOOP('',(#2329,#2353,#2406));
#2421=FACE_OUTER_BOUND('',#2420,.T.);
#2422=FACETED_PRIMITIVE_FACE('',(#2421));
#2423=POLY_LOOP('',(#2325,#2329,#2416));
#2424=FACE_OUTER_BOUND('',#2423,.T.);
#2425=FACETED_PRIMITIVE_FACE('',(#2424));
#2428=POLY_LOOP('',(#2308,#2426,#2427));
#2429=FACE_OUTER_BOUND('',#2428,.T.);
#2430=FACETED_PRIMITIVE_FACE('',(#2429));
#2431=POLY_LOOP('',(#2308,#2416,#2426));
#2432=FACE_OUTER_BOUND('',#2431,.T.);
#2433=FACETED_PRIMITIVE_FACE('',(#2432));
#2434=POLY_LOOP('',(#2308,#2325,#2416));
#2435=FACE_OUTER_BOUND('',#2434,.T.);
#2436=FACETED_PRIMITIVE_FACE('',(#2435));
#2438=POLY_LOOP('',(#2294,#2427,#2437));
#2439=FACE_OUTER_BOUND('',#2438,.T.);
#2440=FACETED_PRIMITIVE_FACE('',(#2439));
#2441=POLY_LOOP('',(#2294,#2308,#2427));
#2442=FACE_OUTER_BOUND('',#2441,.T.);
#2443=FACETED_PRIMITIVE_FACE('',(#2442));
#2444=POLY_LOOP('',(#2290,#2294,#2437));
#2445=FACE_OUTER_BOUND('',#2444,.T.);
#2446=FACETED_PRIMITIVE_FACE('',(#2445));
#2449=POLY_LOOP('',(#2277,#2447,#2448));
#2450=FACE_OUTER_BOUND('',#2449,.T.);
#2451=FACETED_PRIMITIVE_FACE('',(#2450));
#2452=POLY_LOOP('',(#2277,#2437,#2447));
#2453=FACE_OUTER_BOUND('',#2452,.T.);
#2454=FACETED_PRIMITIVE_FACE('',(#2453));
#2455=POLY_LOOP('',(#2277,#2290,#2437));
#2456=FACE_OUTER_BOUND('',#2455,.T.);
#2457=FACETED_PRIMITIVE_FACE('',(#2456));
#2458=POLY_LOOP('',(#2270,#2277,#2448));
#2459=FACE_OUTER_BOUND('',#2458,.T.);
#2460=FACETED_PRIMITIVE_FACE('',(#2459));
#2461=POLY_LOOP('',(#2266,#2270,#2448));
#2462=FACE_OUTER_BOUND('',#2461,.T.);
#2463=FACETED_PRIMITIVE_FACE('',(#2462));
#2465=POLY_LOOP('',(#2266,#2448,#2464));
#2466=FACE_OUTER_BOUND('',#2465,.T.);
#2467=FACETED_PRIMITIVE_FACE('',(#2466));
#2469=POLY_LOOP('',(#2259,#2464,#2468));
#2470=FACE_OUTER_BOUND('',#2469,.T.);
#2471=FACETED_PRIMITIVE_FACE('',(#2470));
#2472=POLY_LOOP('',(#2259,#2266,#2464));
#2473=FACE_OUTER_BOUND('',#2472,.T.);
#2474=FACETED_PRIMITIVE_FACE('',(#2473));
#2476=POLY_LOOP('',(#2252,#2468,#2475));
#2477=FACE_OUTER_BOUND('',#2476,.T.);
#2478=FACETED_PRIMITIVE_FACE('',(#2477));
#2479=POLY_LOOP('',(#2252,#2259,#2468));
#2480=FACE_OUTER_BOUND('',#2479,.T.);
#2481=FACETED_PRIMITIVE_FACE('',(#2480));
#2483=POLY_LOOP('',(#2245,#2475,#2482));
#2484=FACE_OUTER_BOUND('',#2483,.T.);
#2485=FACETED_PRIMITIVE_FACE('',(#2484));
#2486=POLY_LOOP('',(#2245,#2252,#2475));
#2487=FACE_OUTER_BOUND('',#2486,.T.);
#2488=FACETED_PRIMITIVE_FACE('',(#2487));
#2490=POLY_LOOP('',(#2238,#2482,#2489));
#2491=FACE_OUTER_BOUND('',#2490,.T.);
#2492=FACETED_PRIMITIVE_FACE('',(#2491));
#2493=POLY_LOOP('',(#2238,#2245,#2482));
#2494=FACE_OUTER_BOUND('',#2493,.T.);
#2495=FACETED_PRIMITIVE_FACE('',(#2494));
#2497=POLY_LOOP('',(#2231,#2489,#2496));
#2498=FACE_OUTER_BOUND('',#2497,.T.);
#2499=FACETED_PRIMITIVE_FACE('',(#2498));
#2500=POLY_LOOP('',(#2231,#2238,#2489));
#2501=FACE_OUTER_BOUND('',#2500,.T.);
#2502=FACETED_PRIMITIVE_FACE('',(#2501));
#2504=POLY_LOOP('',(#2224,#2503,#1865));
#2505=FACE_OUTER_BOUND('',#2504,.T.);
#2506=FACETED_PRIMITIVE_FACE('',(#2505));
#2507=POLY_LOOP('',(#2224,#2496,#2503));
#2508=FACE_OUTER_BOUND('',#2507,.T.);
#2509=FACETED_PRIMITIVE_FACE('',(#2508));
#2510=POLY_LOOP('',(#2224,#2231,#2496));
#2511=FACE_OUTER_BOUND('',#2510,.T.);
#2512=FACETED_PRIMITIVE_FACE('',(#2511));
#2513=POLY_LOOP('',(#1866,#2224,#1865));
#2514=FACE_OUTER_BOUND('',#2513,.T.);
#2515=FACETED_PRIMITIVE_FACE('',(#2514));
#2517=POLY_LOOP('',(#2137,#2132,#2516));
#2518=FACE_OUTER_BOUND('',#2517,.T.);
#2519=FACETED_PRIMITIVE_FACE('',(#2518));
#2521=POLY_LOOP('',(#2373,#2516,#2520));
#2522=FACE_OUTER_BOUND('',#2521,.T.);
#2523=FACETED_PRIMITIVE_FACE('',(#2522));
#2524=POLY_LOOP('',(#2373,#2137,#2516));
#2525=FACE_OUTER_BOUND('',#2524,.T.);
#2526=FACETED_PRIMITIVE_FACE('',(#2525));
#2528=POLY_LOOP('',(#2377,#2520,#2527));
#2529=FACE_OUTER_BOUND('',#2528,.T.);
#2530=FACETED_PRIMITIVE_FACE('',(#2529));
#2531=POLY_LOOP('',(#2377,#2373,#2520));
#2532=FACE_OUTER_BOUND('',#2531,.T.);
#2533=FACETED_PRIMITIVE_FACE('',(#2532));
#2535=POLY_LOOP('',(#2384,#2527,#2534));
#2536=FACE_OUTER_BOUND('',#2535,.T.);
#2537=FACETED_PRIMITIVE_FACE('',(#2536));
#2538=POLY_LOOP('',(#2384,#2377,#2527));
#2539=FACE_OUTER_BOUND('',#2538,.T.);
#2540=FACETED_PRIMITIVE_FACE('',(#2539));
#2541=POLY_LOOP('',(#2391,#2384,#2534));
#2542=FACE_OUTER_BOUND('',#2541,.T.);
#2543=FACETED_PRIMITIVE_FACE('',(#2542));
#2545=POLY_LOOP('',(#2544,#2391,#2534));
#2546=FACE_OUTER_BOUND('',#2545,.T.);
#2547=FACETED_PRIMITIVE_FACE('',(#2546));
#2548=POLY_LOOP('',(#2398,#2391,#2544));
#2549=FACE_OUTER_BOUND('',#2548,.T.);
#2550=FACETED_PRIMITIVE_FACE('',(#2549));
#2552=POLY_LOOP('',(#2551,#2405,#2398));
#2553=FACE_OUTER_BOUND('',#2552,.T.);
#2554=FACETED_PRIMITIVE_FACE('',(#2553));
#2555=POLY_LOOP('',(#2551,#2398,#2544));
#2556=FACE_OUTER_BOUND('',#2555,.T.);
#2557=FACETED_PRIMITIVE_FACE('',(#2556));
#2559=POLY_LOOP('',(#2558,#2406,#2405));
#2560=FACE_OUTER_BOUND('',#2559,.T.);
#2561=FACETED_PRIMITIVE_FACE('',(#2560));
#2562=POLY_LOOP('',(#2558,#2405,#2551));
#2563=FACE_OUTER_BOUND('',#2562,.T.);
#2564=FACETED_PRIMITIVE_FACE('',(#2563));
#2566=POLY_LOOP('',(#2565,#2416,#2406));
#2567=FACE_OUTER_BOUND('',#2566,.T.);
#2568=FACETED_PRIMITIVE_FACE('',(#2567));
#2569=POLY_LOOP('',(#2565,#2406,#2558));
#2570=FACE_OUTER_BOUND('',#2569,.T.);
#2571=FACETED_PRIMITIVE_FACE('',(#2570));
#2573=POLY_LOOP('',(#2572,#2416,#2565));
#2574=FACE_OUTER_BOUND('',#2573,.T.);
#2575=FACETED_PRIMITIVE_FACE('',(#2574));
#2576=POLY_LOOP('',(#2572,#2426,#2416));
#2577=FACE_OUTER_BOUND('',#2576,.T.);
#2578=FACETED_PRIMITIVE_FACE('',(#2577));
#2580=POLY_LOOP('',(#2579,#2426,#2572));
#2581=FACE_OUTER_BOUND('',#2580,.T.);
#2582=FACETED_PRIMITIVE_FACE('',(#2581));
#2583=POLY_LOOP('',(#2579,#2427,#2426));
#2584=FACE_OUTER_BOUND('',#2583,.T.);
#2585=FACETED_PRIMITIVE_FACE('',(#2584));
#2586=POLY_LOOP('',(#1858,#1865,#2503));
#2587=FACE_OUTER_BOUND('',#2586,.T.);
#2588=FACETED_PRIMITIVE_FACE('',(#2587));
#2590=POLY_LOOP('',(#2589,#2427,#2579));
#2591=FACE_OUTER_BOUND('',#2590,.T.);
#2592=FACETED_PRIMITIVE_FACE('',(#2591));
#2593=POLY_LOOP('',(#2589,#2447,#2437));
#2594=FACE_OUTER_BOUND('',#2593,.T.);
#2595=FACETED_PRIMITIVE_FACE('',(#2594));
#2596=POLY_LOOP('',(#2589,#2437,#2427));
#2597=FACE_OUTER_BOUND('',#2596,.T.);
#2598=FACETED_PRIMITIVE_FACE('',(#2597));
#2600=POLY_LOOP('',(#2599,#1858,#2503));
#2601=FACE_OUTER_BOUND('',#2600,.T.);
#2602=FACETED_PRIMITIVE_FACE('',(#2601));
#2604=POLY_LOOP('',(#2603,#2447,#2589));
#2605=FACE_OUTER_BOUND('',#2604,.T.);
#2606=FACETED_PRIMITIVE_FACE('',(#2605));
#2607=POLY_LOOP('',(#2603,#2448,#2447));
#2608=FACE_OUTER_BOUND('',#2607,.T.);
#2609=FACETED_PRIMITIVE_FACE('',(#2608));
#2611=POLY_LOOP('',(#2610,#2503,#2496));
#2612=FACE_OUTER_BOUND('',#2611,.T.);
#2613=FACETED_PRIMITIVE_FACE('',(#2612));
#2614=POLY_LOOP('',(#2610,#2496,#2489));
#2615=FACE_OUTER_BOUND('',#2614,.T.);
#2616=FACETED_PRIMITIVE_FACE('',(#2615));
#2617=POLY_LOOP('',(#2610,#2599,#2503));
#2618=FACE_OUTER_BOUND('',#2617,.T.);
#2619=FACETED_PRIMITIVE_FACE('',(#2618));
#2621=POLY_LOOP('',(#2620,#2448,#2603));
#2622=FACE_OUTER_BOUND('',#2621,.T.);
#2623=FACETED_PRIMITIVE_FACE('',(#2622));
#2624=POLY_LOOP('',(#2620,#2464,#2448));
#2625=FACE_OUTER_BOUND('',#2624,.T.);
#2626=FACETED_PRIMITIVE_FACE('',(#2625));
#2628=POLY_LOOP('',(#2627,#2489,#2482));
#2629=FACE_OUTER_BOUND('',#2628,.T.);
#2630=FACETED_PRIMITIVE_FACE('',(#2629));
#2631=POLY_LOOP('',(#2627,#2610,#2489));
#2632=FACE_OUTER_BOUND('',#2631,.T.);
#2633=FACETED_PRIMITIVE_FACE('',(#2632));
#2635=POLY_LOOP('',(#2634,#2464,#2620));
#2636=FACE_OUTER_BOUND('',#2635,.T.);
#2637=FACETED_PRIMITIVE_FACE('',(#2636));
#2639=POLY_LOOP('',(#2638,#2627,#2482));
#2640=FACE_OUTER_BOUND('',#2639,.T.);
#2641=FACETED_PRIMITIVE_FACE('',(#2640));
#2643=POLY_LOOP('',(#2642,#2464,#2634));
#2644=FACE_OUTER_BOUND('',#2643,.T.);
#2645=FACETED_PRIMITIVE_FACE('',(#2644));
#2646=POLY_LOOP('',(#2642,#2468,#2464));
#2647=FACE_OUTER_BOUND('',#2646,.T.);
#2648=FACETED_PRIMITIVE_FACE('',(#2647));
#2650=POLY_LOOP('',(#2649,#2482,#2475));
#2651=FACE_OUTER_BOUND('',#2650,.T.);
#2652=FACETED_PRIMITIVE_FACE('',(#2651));
#2653=POLY_LOOP('',(#2649,#2475,#2468));
#2654=FACE_OUTER_BOUND('',#2653,.T.);
#2655=FACETED_PRIMITIVE_FACE('',(#2654));
#2656=POLY_LOOP('',(#2649,#2638,#2482));
#2657=FACE_OUTER_BOUND('',#2656,.T.);
#2658=FACETED_PRIMITIVE_FACE('',(#2657));
#2659=POLY_LOOP('',(#2649,#2468,#2642));
#2660=FACE_OUTER_BOUND('',#2659,.T.);
#2661=FACETED_PRIMITIVE_FACE('',(#2660));
#2662=POLY_LOOP('',(#2516,#2132,#2147));
#2663=FACE_OUTER_BOUND('',#2662,.T.);
#2664=FACETED_PRIMITIVE_FACE('',(#2663));
#2665=POLY_LOOP('',(#2516,#2147,#2158));
#2666=FACE_OUTER_BOUND('',#2665,.T.);
#2667=FACETED_PRIMITIVE_FACE('',(#2666));
#2668=POLY_LOOP('',(#2516,#2158,#2168));
#2669=FACE_OUTER_BOUND('',#2668,.T.);
#2670=FACETED_PRIMITIVE_FACE('',(#2669));
#2671=POLY_LOOP('',(#2179,#2516,#2168));
#2672=FACE_OUTER_BOUND('',#2671,.T.);
#2673=FACETED_PRIMITIVE_FACE('',(#2672));
#2675=POLY_LOOP('',(#2674,#2051,#2041));
#2676=FACE_OUTER_BOUND('',#2675,.T.);
#2677=FACETED_PRIMITIVE_FACE('',(#2676));
#2678=POLY_LOOP('',(#2674,#2041,#2034));
#2679=FACE_OUTER_BOUND('',#2678,.T.);
#2680=FACETED_PRIMITIVE_FACE('',(#2679));
#2681=POLY_LOOP('',(#2674,#2034,#2027));
#2682=FACE_OUTER_BOUND('',#2681,.T.);
#2683=FACETED_PRIMITIVE_FACE('',(#2682));
#2684=POLY_LOOP('',(#2674,#2027,#2020));
#2685=FACE_OUTER_BOUND('',#2684,.T.);
#2686=FACETED_PRIMITIVE_FACE('',(#2685));
#2687=POLY_LOOP('',(#1851,#1858,#2599));
#2688=FACE_OUTER_BOUND('',#2687,.T.);
#2689=FACETED_PRIMITIVE_FACE('',(#2688));
#2690=POLY_LOOP('',(#1844,#1851,#2599));
#2691=FACE_OUTER_BOUND('',#2690,.T.);
#2692=FACETED_PRIMITIVE_FACE('',(#2691));
#2693=POLY_LOOP('',(#1840,#1844,#2599));
#2694=FACE_OUTER_BOUND('',#2693,.T.);
#2695=FACETED_PRIMITIVE_FACE('',(#2694));
#2696=POLY_LOOP('',(#1833,#1840,#2599));
#2697=FACE_OUTER_BOUND('',#2696,.T.);
#2698=FACETED_PRIMITIVE_FACE('',(#2697));
#2699=POLY_LOOP('',(#1826,#1833,#2599));
#2700=FACE_OUTER_BOUND('',#2699,.T.);
#2701=FACETED_PRIMITIVE_FACE('',(#2700));
#2702=POLY_LOOP('',(#1826,#2599,#2610));
#2703=FACE_OUTER_BOUND('',#2702,.T.);
#2704=FACETED_PRIMITIVE_FACE('',(#2703));
#2706=POLY_LOOP('',(#1711,#1694,#2705));
#2707=FACE_OUTER_BOUND('',#2706,.T.);
#2708=FACETED_PRIMITIVE_FACE('',(#2707));
#2709=POLY_LOOP('',(#1718,#1711,#2705));
#2710=FACE_OUTER_BOUND('',#2709,.T.);
#2711=FACETED_PRIMITIVE_FACE('',(#2710));
#2712=POLY_LOOP('',(#1735,#1718,#2705));
#2713=FACE_OUTER_BOUND('',#2712,.T.);
#2714=FACETED_PRIMITIVE_FACE('',(#2713));
#2715=POLY_LOOP('',(#1743,#1735,#2705));
#2716=FACE_OUTER_BOUND('',#2715,.T.);
#2717=FACETED_PRIMITIVE_FACE('',(#2716));
#2719=POLY_LOOP('',(#2718,#2520,#2516));
#2720=FACE_OUTER_BOUND('',#2719,.T.);
#2721=FACETED_PRIMITIVE_FACE('',(#2720));
#2722=POLY_LOOP('',(#2718,#2527,#2520));
#2723=FACE_OUTER_BOUND('',#2722,.T.);
#2724=FACETED_PRIMITIVE_FACE('',(#2723));
#2725=POLY_LOOP('',(#2718,#2516,#2179));
#2726=FACE_OUTER_BOUND('',#2725,.T.);
#2727=FACETED_PRIMITIVE_FACE('',(#2726));
#2728=POLY_LOOP('',(#2718,#2179,#2186));
#2729=FACE_OUTER_BOUND('',#2728,.T.);
#2730=FACETED_PRIMITIVE_FACE('',(#2729));
#2732=POLY_LOOP('',(#2731,#2718,#2186));
#2733=FACE_OUTER_BOUND('',#2732,.T.);
#2734=FACETED_PRIMITIVE_FACE('',(#2733));
#2735=POLY_LOOP('',(#2731,#2186,#2203));
#2736=FACE_OUTER_BOUND('',#2735,.T.);
#2737=FACETED_PRIMITIVE_FACE('',(#2736));
#2738=POLY_LOOP('',(#2731,#2203,#2207));
#2739=FACE_OUTER_BOUND('',#2738,.T.);
#2740=FACETED_PRIMITIVE_FACE('',(#2739));
#2742=POLY_LOOP('',(#2741,#2534,#2527));
#2743=FACE_OUTER_BOUND('',#2742,.T.);
#2744=FACETED_PRIMITIVE_FACE('',(#2743));
#2745=POLY_LOOP('',(#2741,#2544,#2534));
#2746=FACE_OUTER_BOUND('',#2745,.T.);
#2747=FACETED_PRIMITIVE_FACE('',(#2746));
#2748=POLY_LOOP('',(#2741,#2527,#2718));
#2749=FACE_OUTER_BOUND('',#2748,.T.);
#2750=FACETED_PRIMITIVE_FACE('',(#2749));
#2751=POLY_LOOP('',(#2741,#2718,#2731));
#2752=FACE_OUTER_BOUND('',#2751,.T.);
#2753=FACETED_PRIMITIVE_FACE('',(#2752));
#2755=POLY_LOOP('',(#2754,#2731,#2207));
#2756=FACE_OUTER_BOUND('',#2755,.T.);
#2757=FACETED_PRIMITIVE_FACE('',(#2756));
#2758=POLY_LOOP('',(#2754,#2207,#2214));
#2759=FACE_OUTER_BOUND('',#2758,.T.);
#2760=FACETED_PRIMITIVE_FACE('',(#2759));
#2762=POLY_LOOP('',(#2761,#2741,#2731));
#2763=FACE_OUTER_BOUND('',#2762,.T.);
#2764=FACETED_PRIMITIVE_FACE('',(#2763));
#2766=POLY_LOOP('',(#2765,#2754,#2214));
#2767=FACE_OUTER_BOUND('',#2766,.T.);
#2768=FACETED_PRIMITIVE_FACE('',(#2767));
#2769=POLY_LOOP('',(#2765,#2214,#2193));
#2770=FACE_OUTER_BOUND('',#2769,.T.);
#2771=FACETED_PRIMITIVE_FACE('',(#2770));
#2773=POLY_LOOP('',(#2772,#2551,#2544));
#2774=FACE_OUTER_BOUND('',#2773,.T.);
#2775=FACETED_PRIMITIVE_FACE('',(#2774));
#2776=POLY_LOOP('',(#2772,#2558,#2551));
#2777=FACE_OUTER_BOUND('',#2776,.T.);
#2778=FACETED_PRIMITIVE_FACE('',(#2777));
#2779=POLY_LOOP('',(#2772,#2544,#2741));
#2780=FACE_OUTER_BOUND('',#2779,.T.);
#2781=FACETED_PRIMITIVE_FACE('',(#2780));
#2783=POLY_LOOP('',(#2782,#2765,#2193));
#2784=FACE_OUTER_BOUND('',#2783,.T.);
#2785=FACETED_PRIMITIVE_FACE('',(#2784));
#2786=POLY_LOOP('',(#2782,#2193,#2172));
#2787=FACE_OUTER_BOUND('',#2786,.T.);
#2788=FACETED_PRIMITIVE_FACE('',(#2787));
#2789=POLY_LOOP('',(#2782,#2172,#2154));
#2790=FACE_OUTER_BOUND('',#2789,.T.);
#2791=FACETED_PRIMITIVE_FACE('',(#2790));
#2793=POLY_LOOP('',(#2792,#2761,#2731));
#2794=FACE_OUTER_BOUND('',#2793,.T.);
#2795=FACETED_PRIMITIVE_FACE('',(#2794));
#2796=POLY_LOOP('',(#2792,#2731,#2754));
#2797=FACE_OUTER_BOUND('',#2796,.T.);
#2798=FACETED_PRIMITIVE_FACE('',(#2797));
#2800=POLY_LOOP('',(#2799,#2741,#2761));
#2801=FACE_OUTER_BOUND('',#2800,.T.);
#2802=FACETED_PRIMITIVE_FACE('',(#2801));
#2803=POLY_LOOP('',(#2799,#2772,#2741));
#2804=FACE_OUTER_BOUND('',#2803,.T.);
#2805=FACETED_PRIMITIVE_FACE('',(#2804));
#2807=POLY_LOOP('',(#2806,#2754,#2765));
#2808=FACE_OUTER_BOUND('',#2807,.T.);
#2809=FACETED_PRIMITIVE_FACE('',(#2808));
#2810=POLY_LOOP('',(#2806,#2792,#2754));
#2811=FACE_OUTER_BOUND('',#2810,.T.);
#2812=FACETED_PRIMITIVE_FACE('',(#2811));
#2814=POLY_LOOP('',(#2813,#2154,#2125));
#2815=FACE_OUTER_BOUND('',#2814,.T.);
#2816=FACETED_PRIMITIVE_FACE('',(#2815));
#2817=POLY_LOOP('',(#2813,#2125,#2118));
#2818=FACE_OUTER_BOUND('',#2817,.T.);
#2819=FACETED_PRIMITIVE_FACE('',(#2818));
#2820=POLY_LOOP('',(#2813,#2782,#2154));
#2821=FACE_OUTER_BOUND('',#2820,.T.);
#2822=FACETED_PRIMITIVE_FACE('',(#2821));
#2824=POLY_LOOP('',(#2823,#2565,#2558));
#2825=FACE_OUTER_BOUND('',#2824,.T.);
#2826=FACETED_PRIMITIVE_FACE('',(#2825));
#2827=POLY_LOOP('',(#2823,#2572,#2565));
#2828=FACE_OUTER_BOUND('',#2827,.T.);
#2829=FACETED_PRIMITIVE_FACE('',(#2828));
#2830=POLY_LOOP('',(#2823,#2558,#2772));
#2831=FACE_OUTER_BOUND('',#2830,.T.);
#2832=FACETED_PRIMITIVE_FACE('',(#2831));
#2833=POLY_LOOP('',(#2823,#2772,#2799));
#2834=FACE_OUTER_BOUND('',#2833,.T.);
#2835=FACETED_PRIMITIVE_FACE('',(#2834));
#2837=POLY_LOOP('',(#2836,#2806,#2765));
#2838=FACE_OUTER_BOUND('',#2837,.T.);
#2839=FACETED_PRIMITIVE_FACE('',(#2838));
#2840=POLY_LOOP('',(#2836,#2782,#2813));
#2841=FACE_OUTER_BOUND('',#2840,.T.);
#2842=FACETED_PRIMITIVE_FACE('',(#2841));
#2843=POLY_LOOP('',(#2836,#2765,#2782));
#2844=FACE_OUTER_BOUND('',#2843,.T.);
#2845=FACETED_PRIMITIVE_FACE('',(#2844));
#2847=POLY_LOOP('',(#2846,#2799,#2761));
#2848=FACE_OUTER_BOUND('',#2847,.T.);
#2849=FACETED_PRIMITIVE_FACE('',(#2848));
#2850=POLY_LOOP('',(#2846,#2761,#2792));
#2851=FACE_OUTER_BOUND('',#2850,.T.);
#2852=FACETED_PRIMITIVE_FACE('',(#2851));
#2854=POLY_LOOP('',(#2853,#2813,#2118));
#2855=FACE_OUTER_BOUND('',#2854,.T.);
#2856=FACETED_PRIMITIVE_FACE('',(#2855));
#2857=POLY_LOOP('',(#2853,#2118,#2111));
#2858=FACE_OUTER_BOUND('',#2857,.T.);
#2859=FACETED_PRIMITIVE_FACE('',(#2858));
#2860=POLY_LOOP('',(#2853,#2111,#2104));
#2861=FACE_OUTER_BOUND('',#2860,.T.);
#2862=FACETED_PRIMITIVE_FACE('',(#2861));
#2864=POLY_LOOP('',(#2863,#2823,#2799));
#2865=FACE_OUTER_BOUND('',#2864,.T.);
#2866=FACETED_PRIMITIVE_FACE('',(#2865));
#2868=POLY_LOOP('',(#2867,#2792,#2806));
#2869=FACE_OUTER_BOUND('',#2868,.T.);
#2870=FACETED_PRIMITIVE_FACE('',(#2869));
#2871=POLY_LOOP('',(#2867,#2846,#2792));
#2872=FACE_OUTER_BOUND('',#2871,.T.);
#2873=FACETED_PRIMITIVE_FACE('',(#2872));
#2875=POLY_LOOP('',(#2874,#2836,#2813));
#2876=FACE_OUTER_BOUND('',#2875,.T.);
#2877=FACETED_PRIMITIVE_FACE('',(#2876));
#2879=POLY_LOOP('',(#2878,#2853,#2104));
#2880=FACE_OUTER_BOUND('',#2879,.T.);
#2881=FACETED_PRIMITIVE_FACE('',(#2880));
#2882=POLY_LOOP('',(#2878,#2104,#2100));
#2883=FACE_OUTER_BOUND('',#2882,.T.);
#2884=FACETED_PRIMITIVE_FACE('',(#2883));
#2885=POLY_LOOP('',(#2878,#2100,#2093));
#2886=FACE_OUTER_BOUND('',#2885,.T.);
#2887=FACETED_PRIMITIVE_FACE('',(#2886));
#2889=POLY_LOOP('',(#2888,#2579,#2572));
#2890=FACE_OUTER_BOUND('',#2889,.T.);
#2891=FACETED_PRIMITIVE_FACE('',(#2890));
#2892=POLY_LOOP('',(#2888,#2589,#2579));
#2893=FACE_OUTER_BOUND('',#2892,.T.);
#2894=FACETED_PRIMITIVE_FACE('',(#2893));
#2895=POLY_LOOP('',(#2888,#2572,#2823));
#2896=FACE_OUTER_BOUND('',#2895,.T.);
#2897=FACETED_PRIMITIVE_FACE('',(#2896));
#2899=POLY_LOOP('',(#2898,#2867,#2806));
#2900=FACE_OUTER_BOUND('',#2899,.T.);
#2901=FACETED_PRIMITIVE_FACE('',(#2900));
#2902=POLY_LOOP('',(#2898,#2806,#2836));
#2903=FACE_OUTER_BOUND('',#2902,.T.);
#2904=FACETED_PRIMITIVE_FACE('',(#2903));
#2906=POLY_LOOP('',(#2905,#2799,#2846));
#2907=FACE_OUTER_BOUND('',#2906,.T.);
#2908=FACETED_PRIMITIVE_FACE('',(#2907));
#2909=POLY_LOOP('',(#2905,#2863,#2799));
#2910=FACE_OUTER_BOUND('',#2909,.T.);
#2911=FACETED_PRIMITIVE_FACE('',(#2910));
#2913=POLY_LOOP('',(#2912,#2813,#2853));
#2914=FACE_OUTER_BOUND('',#2913,.T.);
#2915=FACETED_PRIMITIVE_FACE('',(#2914));
#2916=POLY_LOOP('',(#2912,#2853,#2878));
#2917=FACE_OUTER_BOUND('',#2916,.T.);
#2918=FACETED_PRIMITIVE_FACE('',(#2917));
#2919=POLY_LOOP('',(#2912,#2874,#2813));
#2920=FACE_OUTER_BOUND('',#2919,.T.);
#2921=FACETED_PRIMITIVE_FACE('',(#2920));
#2923=POLY_LOOP('',(#2922,#2878,#2093));
#2924=FACE_OUTER_BOUND('',#2923,.T.);
#2925=FACETED_PRIMITIVE_FACE('',(#2924));
#2926=POLY_LOOP('',(#2922,#2093,#2086));
#2927=FACE_OUTER_BOUND('',#2926,.T.);
#2928=FACETED_PRIMITIVE_FACE('',(#2927));
#2929=POLY_LOOP('',(#2922,#2086,#2082));
#2930=FACE_OUTER_BOUND('',#2929,.T.);
#2931=FACETED_PRIMITIVE_FACE('',(#2930));
#2933=POLY_LOOP('',(#2932,#2888,#2823));
#2934=FACE_OUTER_BOUND('',#2933,.T.);
#2935=FACETED_PRIMITIVE_FACE('',(#2934));
#2936=POLY_LOOP('',(#2932,#2823,#2863));
#2937=FACE_OUTER_BOUND('',#2936,.T.);
#2938=FACETED_PRIMITIVE_FACE('',(#2937));
#2939=POLY_LOOP('',(#2932,#2863,#2905));
#2940=FACE_OUTER_BOUND('',#2939,.T.);
#2941=FACETED_PRIMITIVE_FACE('',(#2940));
#2943=POLY_LOOP('',(#2942,#2867,#2898));
#2944=FACE_OUTER_BOUND('',#2943,.T.);
#2945=FACETED_PRIMITIVE_FACE('',(#2944));
#2946=POLY_LOOP('',(#2942,#2905,#2846));
#2947=FACE_OUTER_BOUND('',#2946,.T.);
#2948=FACETED_PRIMITIVE_FACE('',(#2947));
#2949=POLY_LOOP('',(#2942,#2846,#2867));
#2950=FACE_OUTER_BOUND('',#2949,.T.);
#2951=FACETED_PRIMITIVE_FACE('',(#2950));
#2953=POLY_LOOP('',(#2952,#2898,#2836));
#2954=FACE_OUTER_BOUND('',#2953,.T.);
#2955=FACETED_PRIMITIVE_FACE('',(#2954));
#2956=POLY_LOOP('',(#2952,#2836,#2874));
#2957=FACE_OUTER_BOUND('',#2956,.T.);
#2958=FACETED_PRIMITIVE_FACE('',(#2957));
#2960=POLY_LOOP('',(#2959,#2912,#2878));
#2961=FACE_OUTER_BOUND('',#2960,.T.);
#2962=FACETED_PRIMITIVE_FACE('',(#2961));
#2964=POLY_LOOP('',(#2963,#2603,#2589));
#2965=FACE_OUTER_BOUND('',#2964,.T.);
#2966=FACETED_PRIMITIVE_FACE('',(#2965));
#2967=POLY_LOOP('',(#2963,#2620,#2603));
#2968=FACE_OUTER_BOUND('',#2967,.T.);
#2969=FACETED_PRIMITIVE_FACE('',(#2968));
#2970=POLY_LOOP('',(#2963,#2589,#2888));
#2971=FACE_OUTER_BOUND('',#2970,.T.);
#2972=FACETED_PRIMITIVE_FACE('',(#2971));
#2974=POLY_LOOP('',(#2973,#2942,#2898));
#2975=FACE_OUTER_BOUND('',#2974,.T.);
#2976=FACETED_PRIMITIVE_FACE('',(#2975));
#2978=POLY_LOOP('',(#2977,#2922,#2082));
#2979=FACE_OUTER_BOUND('',#2978,.T.);
#2980=FACETED_PRIMITIVE_FACE('',(#2979));
#2981=POLY_LOOP('',(#2977,#2082,#2075));
#2982=FACE_OUTER_BOUND('',#2981,.T.);
#2983=FACETED_PRIMITIVE_FACE('',(#2982));
#2984=POLY_LOOP('',(#2977,#2075,#2068));
#2985=FACE_OUTER_BOUND('',#2984,.T.);
#2986=FACETED_PRIMITIVE_FACE('',(#2985));
#2988=POLY_LOOP('',(#2987,#2932,#2905));
#2989=FACE_OUTER_BOUND('',#2988,.T.);
#2990=FACETED_PRIMITIVE_FACE('',(#2989));
#2992=POLY_LOOP('',(#2991,#2912,#2959));
#2993=FACE_OUTER_BOUND('',#2992,.T.);
#2994=FACETED_PRIMITIVE_FACE('',(#2993));
#2995=POLY_LOOP('',(#2991,#2874,#2912));
#2996=FACE_OUTER_BOUND('',#2995,.T.);
#2997=FACETED_PRIMITIVE_FACE('',(#2996));
#2998=POLY_LOOP('',(#2991,#2952,#2874));
#2999=FACE_OUTER_BOUND('',#2998,.T.);
#3000=FACETED_PRIMITIVE_FACE('',(#2999));
#3002=POLY_LOOP('',(#3001,#2878,#2922));
#3003=FACE_OUTER_BOUND('',#3002,.T.);
#3004=FACETED_PRIMITIVE_FACE('',(#3003));
#3005=POLY_LOOP('',(#3001,#2959,#2878));
#3006=FACE_OUTER_BOUND('',#3005,.T.);
#3007=FACETED_PRIMITIVE_FACE('',(#3006));
#3009=POLY_LOOP('',(#3008,#2888,#2932));
#3010=FACE_OUTER_BOUND('',#3009,.T.);
#3011=FACETED_PRIMITIVE_FACE('',(#3010));
#3012=POLY_LOOP('',(#3008,#2963,#2888));
#3013=FACE_OUTER_BOUND('',#3012,.T.);
#3014=FACETED_PRIMITIVE_FACE('',(#3013));
#3016=POLY_LOOP('',(#3015,#2977,#2068));
#3017=FACE_OUTER_BOUND('',#3016,.T.);
#3018=FACETED_PRIMITIVE_FACE('',(#3017));
#3020=POLY_LOOP('',(#3019,#2987,#2905));
#3021=FACE_OUTER_BOUND('',#3020,.T.);
#3022=FACETED_PRIMITIVE_FACE('',(#3021));
#3023=POLY_LOOP('',(#3019,#2905,#2942));
#3024=FACE_OUTER_BOUND('',#3023,.T.);
#3025=FACETED_PRIMITIVE_FACE('',(#3024));
#3027=POLY_LOOP('',(#3026,#2973,#2898));
#3028=FACE_OUTER_BOUND('',#3027,.T.);
#3029=FACETED_PRIMITIVE_FACE('',(#3028));
#3030=POLY_LOOP('',(#3026,#2898,#2952));
#3031=FACE_OUTER_BOUND('',#3030,.T.);
#3032=FACETED_PRIMITIVE_FACE('',(#3031));
#3034=POLY_LOOP('',(#3033,#3015,#2068));
#3035=FACE_OUTER_BOUND('',#3034,.T.);
#3036=FACETED_PRIMITIVE_FACE('',(#3035));
#3037=POLY_LOOP('',(#3033,#2068,#2058));
#3038=FACE_OUTER_BOUND('',#3037,.T.);
#3039=FACETED_PRIMITIVE_FACE('',(#3038));
#3040=POLY_LOOP('',(#3033,#2058,#2051));
#3041=FACE_OUTER_BOUND('',#3040,.T.);
#3042=FACETED_PRIMITIVE_FACE('',(#3041));
#3044=POLY_LOOP('',(#3043,#2959,#3001));
#3045=FACE_OUTER_BOUND('',#3044,.T.);
#3046=FACETED_PRIMITIVE_FACE('',(#3045));
#3047=POLY_LOOP('',(#3043,#2991,#2959));
#3048=FACE_OUTER_BOUND('',#3047,.T.);
#3049=FACETED_PRIMITIVE_FACE('',(#3048));
#3051=POLY_LOOP('',(#3050,#2634,#2620));
#3052=FACE_OUTER_BOUND('',#3051,.T.);
#3053=FACETED_PRIMITIVE_FACE('',(#3052));
#3054=POLY_LOOP('',(#3050,#2642,#2634));
#3055=FACE_OUTER_BOUND('',#3054,.T.);
#3056=FACETED_PRIMITIVE_FACE('',(#3055));
#3057=POLY_LOOP('',(#3050,#2620,#2963));
#3058=FACE_OUTER_BOUND('',#3057,.T.);
#3059=FACETED_PRIMITIVE_FACE('',(#3058));
#3061=POLY_LOOP('',(#3060,#2942,#2973));
#3062=FACE_OUTER_BOUND('',#3061,.T.);
#3063=FACETED_PRIMITIVE_FACE('',(#3062));
#3064=POLY_LOOP('',(#3060,#3019,#2942));
#3065=FACE_OUTER_BOUND('',#3064,.T.);
#3066=FACETED_PRIMITIVE_FACE('',(#3065));
#3068=POLY_LOOP('',(#3067,#3001,#2922));
#3069=FACE_OUTER_BOUND('',#3068,.T.);
#3070=FACETED_PRIMITIVE_FACE('',(#3069));
#3071=POLY_LOOP('',(#3067,#2922,#2977));
#3072=FACE_OUTER_BOUND('',#3071,.T.);
#3073=FACETED_PRIMITIVE_FACE('',(#3072));
#3075=POLY_LOOP('',(#3074,#2932,#2987));
#3076=FACE_OUTER_BOUND('',#3075,.T.);
#3077=FACETED_PRIMITIVE_FACE('',(#3076));
#3078=POLY_LOOP('',(#3074,#3008,#2932));
#3079=FACE_OUTER_BOUND('',#3078,.T.);
#3080=FACETED_PRIMITIVE_FACE('',(#3079));
#3081=POLY_LOOP('',(#3074,#2987,#3019));
#3082=FACE_OUTER_BOUND('',#3081,.T.);
#3083=FACETED_PRIMITIVE_FACE('',(#3082));
#3085=POLY_LOOP('',(#3084,#3026,#2952));
#3086=FACE_OUTER_BOUND('',#3085,.T.);
#3087=FACETED_PRIMITIVE_FACE('',(#3086));
#3088=POLY_LOOP('',(#3084,#2952,#2991));
#3089=FACE_OUTER_BOUND('',#3088,.T.);
#3090=FACETED_PRIMITIVE_FACE('',(#3089));
#3091=POLY_LOOP('',(#3084,#2991,#3043));
#3092=FACE_OUTER_BOUND('',#3091,.T.);
#3093=FACETED_PRIMITIVE_FACE('',(#3092));
#3095=POLY_LOOP('',(#3094,#3043,#3001));
#3096=FACE_OUTER_BOUND('',#3095,.T.);
#3097=FACETED_PRIMITIVE_FACE('',(#3096));
#3099=POLY_LOOP('',(#3098,#2963,#3008));
#3100=FACE_OUTER_BOUND('',#3099,.T.);
#3101=FACETED_PRIMITIVE_FACE('',(#3100));
#3102=POLY_LOOP('',(#3098,#3050,#2963));
#3103=FACE_OUTER_BOUND('',#3102,.T.);
#3104=FACETED_PRIMITIVE_FACE('',(#3103));
#3106=POLY_LOOP('',(#3105,#3067,#2977));
#3107=FACE_OUTER_BOUND('',#3106,.T.);
#3108=FACETED_PRIMITIVE_FACE('',(#3107));
#3109=POLY_LOOP('',(#3105,#2977,#3015));
#3110=FACE_OUTER_BOUND('',#3109,.T.);
#3111=FACETED_PRIMITIVE_FACE('',(#3110));
#3114=POLY_LOOP('',(#3112,#2674,#3113));
#3115=FACE_OUTER_BOUND('',#3114,.T.);
#3116=FACETED_PRIMITIVE_FACE('',(#3115));
#3118=POLY_LOOP('',(#3112,#3113,#3117));
#3119=FACE_OUTER_BOUND('',#3118,.T.);
#3120=FACETED_PRIMITIVE_FACE('',(#3119));
#3121=POLY_LOOP('',(#3112,#2051,#2674));
#3122=FACE_OUTER_BOUND('',#3121,.T.);
#3123=FACETED_PRIMITIVE_FACE('',(#3122));
#3124=POLY_LOOP('',(#3112,#3033,#2051));
#3125=FACE_OUTER_BOUND('',#3124,.T.);
#3126=FACETED_PRIMITIVE_FACE('',(#3125));
#3128=POLY_LOOP('',(#3127,#3074,#3019));
#3129=FACE_OUTER_BOUND('',#3128,.T.);
#3130=FACETED_PRIMITIVE_FACE('',(#3129));
#3132=POLY_LOOP('',(#3131,#2973,#3026));
#3133=FACE_OUTER_BOUND('',#3132,.T.);
#3134=FACETED_PRIMITIVE_FACE('',(#3133));
#3135=POLY_LOOP('',(#3131,#3026,#3084));
#3136=FACE_OUTER_BOUND('',#3135,.T.);
#3137=FACETED_PRIMITIVE_FACE('',(#3136));
#3138=POLY_LOOP('',(#3131,#3060,#2973));
#3139=FACE_OUTER_BOUND('',#3138,.T.);
#3140=FACETED_PRIMITIVE_FACE('',(#3139));
#3142=POLY_LOOP('',(#3141,#3015,#3033));
#3143=FACE_OUTER_BOUND('',#3142,.T.);
#3144=FACETED_PRIMITIVE_FACE('',(#3143));
#3145=POLY_LOOP('',(#3141,#3105,#3015));
#3146=FACE_OUTER_BOUND('',#3145,.T.);
#3147=FACETED_PRIMITIVE_FACE('',(#3146));
#3149=POLY_LOOP('',(#3148,#3084,#3043));
#3150=FACE_OUTER_BOUND('',#3149,.T.);
#3151=FACETED_PRIMITIVE_FACE('',(#3150));
#3153=POLY_LOOP('',(#3152,#2649,#2642));
#3154=FACE_OUTER_BOUND('',#3153,.T.);
#3155=FACETED_PRIMITIVE_FACE('',(#3154));
#3156=POLY_LOOP('',(#3152,#2638,#2649));
#3157=FACE_OUTER_BOUND('',#3156,.T.);
#3158=FACETED_PRIMITIVE_FACE('',(#3157));
#3159=POLY_LOOP('',(#3152,#2642,#3050));
#3160=FACE_OUTER_BOUND('',#3159,.T.);
#3161=FACETED_PRIMITIVE_FACE('',(#3160));
#3163=POLY_LOOP('',(#3162,#3019,#3060));
#3164=FACE_OUTER_BOUND('',#3163,.T.);
#3165=FACETED_PRIMITIVE_FACE('',(#3164));
#3166=POLY_LOOP('',(#3162,#3127,#3019));
#3167=FACE_OUTER_BOUND('',#3166,.T.);
#3168=FACETED_PRIMITIVE_FACE('',(#3167));
#3170=POLY_LOOP('',(#3169,#3094,#3001));
#3171=FACE_OUTER_BOUND('',#3170,.T.);
#3172=FACETED_PRIMITIVE_FACE('',(#3171));
#3173=POLY_LOOP('',(#3169,#3067,#3105));
#3174=FACE_OUTER_BOUND('',#3173,.T.);
#3175=FACETED_PRIMITIVE_FACE('',(#3174));
#3176=POLY_LOOP('',(#3169,#3001,#3067));
#3177=FACE_OUTER_BOUND('',#3176,.T.);
#3178=FACETED_PRIMITIVE_FACE('',(#3177));
#3180=POLY_LOOP('',(#3179,#3098,#3008));
#3181=FACE_OUTER_BOUND('',#3180,.T.);
#3182=FACETED_PRIMITIVE_FACE('',(#3181));
#3183=POLY_LOOP('',(#3179,#3008,#3074));
#3184=FACE_OUTER_BOUND('',#3183,.T.);
#3185=FACETED_PRIMITIVE_FACE('',(#3184));
#3187=POLY_LOOP('',(#3186,#3084,#3148));
#3188=FACE_OUTER_BOUND('',#3187,.T.);
#3189=FACETED_PRIMITIVE_FACE('',(#3188));
#3190=POLY_LOOP('',(#3186,#3131,#3084));
#3191=FACE_OUTER_BOUND('',#3190,.T.);
#3192=FACETED_PRIMITIVE_FACE('',(#3191));
#3194=POLY_LOOP('',(#3193,#3148,#3043));
#3195=FACE_OUTER_BOUND('',#3194,.T.);
#3196=FACETED_PRIMITIVE_FACE('',(#3195));
#3197=POLY_LOOP('',(#3193,#3043,#3094));
#3198=FACE_OUTER_BOUND('',#3197,.T.);
#3199=FACETED_PRIMITIVE_FACE('',(#3198));
#3201=POLY_LOOP('',(#3200,#3152,#3050));
#3202=FACE_OUTER_BOUND('',#3201,.T.);
#3203=FACETED_PRIMITIVE_FACE('',(#3202));
#3204=POLY_LOOP('',(#3200,#3050,#3098));
#3205=FACE_OUTER_BOUND('',#3204,.T.);
#3206=FACETED_PRIMITIVE_FACE('',(#3205));
#3207=POLY_LOOP('',(#3200,#3098,#3179));
#3208=FACE_OUTER_BOUND('',#3207,.T.);
#3209=FACETED_PRIMITIVE_FACE('',(#3208));
#3211=POLY_LOOP('',(#3210,#3169,#3105));
#3212=FACE_OUTER_BOUND('',#3211,.T.);
#3213=FACETED_PRIMITIVE_FACE('',(#3212));
#3215=POLY_LOOP('',(#3214,#3141,#3033));
#3216=FACE_OUTER_BOUND('',#3215,.T.);
#3217=FACETED_PRIMITIVE_FACE('',(#3216));
#3218=POLY_LOOP('',(#3214,#3112,#3117));
#3219=FACE_OUTER_BOUND('',#3218,.T.);
#3220=FACETED_PRIMITIVE_FACE('',(#3219));
#3221=POLY_LOOP('',(#3214,#3033,#3112));
#3222=FACE_OUTER_BOUND('',#3221,.T.);
#3223=FACETED_PRIMITIVE_FACE('',(#3222));
#3225=POLY_LOOP('',(#3214,#3117,#3224));
#3226=FACE_OUTER_BOUND('',#3225,.T.);
#3227=FACETED_PRIMITIVE_FACE('',(#3226));
#3229=POLY_LOOP('',(#3214,#3224,#3228));
#3230=FACE_OUTER_BOUND('',#3229,.T.);
#3231=FACETED_PRIMITIVE_FACE('',(#3230));
#3233=POLY_LOOP('',(#3232,#3074,#3127));
#3234=FACE_OUTER_BOUND('',#3233,.T.);
#3235=FACETED_PRIMITIVE_FACE('',(#3234));
#3236=POLY_LOOP('',(#3232,#3179,#3074));
#3237=FACE_OUTER_BOUND('',#3236,.T.);
#3238=FACETED_PRIMITIVE_FACE('',(#3237));
#3240=POLY_LOOP('',(#3239,#3060,#3131));
#3241=FACE_OUTER_BOUND('',#3240,.T.);
#3242=FACETED_PRIMITIVE_FACE('',(#3241));
#3243=POLY_LOOP('',(#3239,#3162,#3060));
#3244=FACE_OUTER_BOUND('',#3243,.T.);
#3245=FACETED_PRIMITIVE_FACE('',(#3244));
#3247=POLY_LOOP('',(#3246,#3210,#3105));
#3248=FACE_OUTER_BOUND('',#3247,.T.);
#3249=FACETED_PRIMITIVE_FACE('',(#3248));
#3250=POLY_LOOP('',(#3246,#3105,#3141));
#3251=FACE_OUTER_BOUND('',#3250,.T.);
#3252=FACETED_PRIMITIVE_FACE('',(#3251));
#3254=POLY_LOOP('',(#3253,#3186,#3148));
#3255=FACE_OUTER_BOUND('',#3254,.T.);
#3256=FACETED_PRIMITIVE_FACE('',(#3255));
#3258=POLY_LOOP('',(#3257,#1826,#2610));
#3259=FACE_OUTER_BOUND('',#3258,.T.);
#3260=FACETED_PRIMITIVE_FACE('',(#3259));
#3261=POLY_LOOP('',(#3257,#2627,#2638));
#3262=FACE_OUTER_BOUND('',#3261,.T.);
#3263=FACETED_PRIMITIVE_FACE('',(#3262));
#3264=POLY_LOOP('',(#3257,#2610,#2627));
#3265=FACE_OUTER_BOUND('',#3264,.T.);
#3266=FACETED_PRIMITIVE_FACE('',(#3265));
#3267=POLY_LOOP('',(#3257,#2638,#3152));
#3268=FACE_OUTER_BOUND('',#3267,.T.);
#3269=FACETED_PRIMITIVE_FACE('',(#3268));
#3271=POLY_LOOP('',(#3270,#3232,#3127));
#3272=FACE_OUTER_BOUND('',#3271,.T.);
#3273=FACETED_PRIMITIVE_FACE('',(#3272));
#3274=POLY_LOOP('',(#3270,#3127,#3162));
#3275=FACE_OUTER_BOUND('',#3274,.T.);
#3276=FACETED_PRIMITIVE_FACE('',(#3275));
#3277=POLY_LOOP('',(#3270,#3162,#3239));
#3278=FACE_OUTER_BOUND('',#3277,.T.);
#3279=FACETED_PRIMITIVE_FACE('',(#3278));
#3281=POLY_LOOP('',(#3280,#3193,#3094));
#3282=FACE_OUTER_BOUND('',#3281,.T.);
#3283=FACETED_PRIMITIVE_FACE('',(#3282));
#3284=POLY_LOOP('',(#3280,#3094,#3169));
#3285=FACE_OUTER_BOUND('',#3284,.T.);
#3286=FACETED_PRIMITIVE_FACE('',(#3285));
#3288=POLY_LOOP('',(#3287,#3200,#3179));
#3289=FACE_OUTER_BOUND('',#3288,.T.);
#3290=FACETED_PRIMITIVE_FACE('',(#3289));
#3292=POLY_LOOP('',(#3291,#3239,#3131));
#3293=FACE_OUTER_BOUND('',#3292,.T.);
#3294=FACETED_PRIMITIVE_FACE('',(#3293));
#3295=POLY_LOOP('',(#3291,#3131,#3186));
#3296=FACE_OUTER_BOUND('',#3295,.T.);
#3297=FACETED_PRIMITIVE_FACE('',(#3296));
#3299=POLY_LOOP('',(#3298,#3148,#3193));
#3300=FACE_OUTER_BOUND('',#3299,.T.);
#3301=FACETED_PRIMITIVE_FACE('',(#3300));
#3302=POLY_LOOP('',(#3298,#3253,#3148));
#3303=FACE_OUTER_BOUND('',#3302,.T.);
#3304=FACETED_PRIMITIVE_FACE('',(#3303));
#3306=POLY_LOOP('',(#3305,#1826,#3257));
#3307=FACE_OUTER_BOUND('',#3306,.T.);
#3308=FACETED_PRIMITIVE_FACE('',(#3307));
#3309=POLY_LOOP('',(#3305,#1822,#1826));
#3310=FACE_OUTER_BOUND('',#3309,.T.);
#3311=FACETED_PRIMITIVE_FACE('',(#3310));
#3312=POLY_LOOP('',(#3305,#1815,#1822));
#3313=FACE_OUTER_BOUND('',#3312,.T.);
#3314=FACETED_PRIMITIVE_FACE('',(#3313));
#3315=POLY_LOOP('',(#3305,#3152,#3200));
#3316=FACE_OUTER_BOUND('',#3315,.T.);
#3317=FACETED_PRIMITIVE_FACE('',(#3316));
#3318=POLY_LOOP('',(#3305,#3257,#3152));
#3319=FACE_OUTER_BOUND('',#3318,.T.);
#3320=FACETED_PRIMITIVE_FACE('',(#3319));
#3322=POLY_LOOP('',(#3321,#3169,#3210));
#3323=FACE_OUTER_BOUND('',#3322,.T.);
#3324=FACETED_PRIMITIVE_FACE('',(#3323));
#3325=POLY_LOOP('',(#3321,#3280,#3169));
#3326=FACE_OUTER_BOUND('',#3325,.T.);
#3327=FACETED_PRIMITIVE_FACE('',(#3326));
#3330=POLY_LOOP('',(#3328,#3228,#3329));
#3331=FACE_OUTER_BOUND('',#3330,.T.);
#3332=FACETED_PRIMITIVE_FACE('',(#3331));
#3334=POLY_LOOP('',(#3328,#3329,#3333));
#3335=FACE_OUTER_BOUND('',#3334,.T.);
#3336=FACETED_PRIMITIVE_FACE('',(#3335));
#3337=POLY_LOOP('',(#3328,#3246,#3141));
#3338=FACE_OUTER_BOUND('',#3337,.T.);
#3339=FACETED_PRIMITIVE_FACE('',(#3338));
#3340=POLY_LOOP('',(#3328,#3214,#3228));
#3341=FACE_OUTER_BOUND('',#3340,.T.);
#3342=FACETED_PRIMITIVE_FACE('',(#3341));
#3343=POLY_LOOP('',(#3328,#3141,#3214));
#3344=FACE_OUTER_BOUND('',#3343,.T.);
#3345=FACETED_PRIMITIVE_FACE('',(#3344));
#3347=POLY_LOOP('',(#3346,#3179,#3232));
#3348=FACE_OUTER_BOUND('',#3347,.T.);
#3349=FACETED_PRIMITIVE_FACE('',(#3348));
#3350=POLY_LOOP('',(#3346,#3287,#3179));
#3351=FACE_OUTER_BOUND('',#3350,.T.);
#3352=FACETED_PRIMITIVE_FACE('',(#3351));
#3354=POLY_LOOP('',(#3353,#3270,#3239));
#3355=FACE_OUTER_BOUND('',#3354,.T.);
#3356=FACETED_PRIMITIVE_FACE('',(#3355));
#3358=POLY_LOOP('',(#3357,#3321,#3210));
#3359=FACE_OUTER_BOUND('',#3358,.T.);
#3360=FACETED_PRIMITIVE_FACE('',(#3359));
#3361=POLY_LOOP('',(#3357,#3246,#3328));
#3362=FACE_OUTER_BOUND('',#3361,.T.);
#3363=FACETED_PRIMITIVE_FACE('',(#3362));
#3364=POLY_LOOP('',(#3357,#3210,#3246));
#3365=FACE_OUTER_BOUND('',#3364,.T.);
#3366=FACETED_PRIMITIVE_FACE('',(#3365));
#3368=POLY_LOOP('',(#3367,#3186,#3253));
#3369=FACE_OUTER_BOUND('',#3368,.T.);
#3370=FACETED_PRIMITIVE_FACE('',(#3369));
#3371=POLY_LOOP('',(#3367,#3291,#3186));
#3372=FACE_OUTER_BOUND('',#3371,.T.);
#3373=FACETED_PRIMITIVE_FACE('',(#3372));
#3375=POLY_LOOP('',(#3374,#3232,#3270));
#3376=FACE_OUTER_BOUND('',#3375,.T.);
#3377=FACETED_PRIMITIVE_FACE('',(#3376));
#3378=POLY_LOOP('',(#3374,#3346,#3232));
#3379=FACE_OUTER_BOUND('',#3378,.T.);
#3380=FACETED_PRIMITIVE_FACE('',(#3379));
#3382=POLY_LOOP('',(#3381,#3193,#3280));
#3383=FACE_OUTER_BOUND('',#3382,.T.);
#3384=FACETED_PRIMITIVE_FACE('',(#3383));
#3385=POLY_LOOP('',(#3381,#3298,#3193));
#3386=FACE_OUTER_BOUND('',#3385,.T.);
#3387=FACETED_PRIMITIVE_FACE('',(#3386));
#3389=POLY_LOOP('',(#3388,#3305,#3200));
#3390=FACE_OUTER_BOUND('',#3389,.T.);
#3391=FACETED_PRIMITIVE_FACE('',(#3390));
#3392=POLY_LOOP('',(#3388,#1808,#1815));
#3393=FACE_OUTER_BOUND('',#3392,.T.);
#3394=FACETED_PRIMITIVE_FACE('',(#3393));
#3395=POLY_LOOP('',(#3388,#1815,#3305));
#3396=FACE_OUTER_BOUND('',#3395,.T.);
#3397=FACETED_PRIMITIVE_FACE('',(#3396));
#3398=POLY_LOOP('',(#3388,#3287,#3346));
#3399=FACE_OUTER_BOUND('',#3398,.T.);
#3400=FACETED_PRIMITIVE_FACE('',(#3399));
#3401=POLY_LOOP('',(#3388,#3200,#3287));
#3402=FACE_OUTER_BOUND('',#3401,.T.);
#3403=FACETED_PRIMITIVE_FACE('',(#3402));
#3405=POLY_LOOP('',(#3404,#3353,#3239));
#3406=FACE_OUTER_BOUND('',#3405,.T.);
#3407=FACETED_PRIMITIVE_FACE('',(#3406));
#3408=POLY_LOOP('',(#3404,#3239,#3291));
#3409=FACE_OUTER_BOUND('',#3408,.T.);
#3410=FACETED_PRIMITIVE_FACE('',(#3409));
#3411=POLY_LOOP('',(#3404,#3291,#3367));
#3412=FACE_OUTER_BOUND('',#3411,.T.);
#3413=FACETED_PRIMITIVE_FACE('',(#3412));
#3415=POLY_LOOP('',(#3414,#3253,#3298));
#3416=FACE_OUTER_BOUND('',#3415,.T.);
#3417=FACETED_PRIMITIVE_FACE('',(#3416));
#3418=POLY_LOOP('',(#3414,#3367,#3253));
#3419=FACE_OUTER_BOUND('',#3418,.T.);
#3420=FACETED_PRIMITIVE_FACE('',(#3419));
#3422=POLY_LOOP('',(#3421,#3280,#3321));
#3423=FACE_OUTER_BOUND('',#3422,.T.);
#3424=FACETED_PRIMITIVE_FACE('',(#3423));
#3425=POLY_LOOP('',(#3421,#3321,#3357));
#3426=FACE_OUTER_BOUND('',#3425,.T.);
#3427=FACETED_PRIMITIVE_FACE('',(#3426));
#3428=POLY_LOOP('',(#3421,#3381,#3280));
#3429=FACE_OUTER_BOUND('',#3428,.T.);
#3430=FACETED_PRIMITIVE_FACE('',(#3429));
#3432=POLY_LOOP('',(#3431,#3357,#3328));
#3433=FACE_OUTER_BOUND('',#3432,.T.);
#3434=FACETED_PRIMITIVE_FACE('',(#3433));
#3436=POLY_LOOP('',(#3431,#3333,#3435));
#3437=FACE_OUTER_BOUND('',#3436,.T.);
#3438=FACETED_PRIMITIVE_FACE('',(#3437));
#3440=POLY_LOOP('',(#3431,#3435,#3439));
#3441=FACE_OUTER_BOUND('',#3440,.T.);
#3442=FACETED_PRIMITIVE_FACE('',(#3441));
#3443=POLY_LOOP('',(#3431,#3328,#3333));
#3444=FACE_OUTER_BOUND('',#3443,.T.);
#3445=FACETED_PRIMITIVE_FACE('',(#3444));
#3447=POLY_LOOP('',(#3446,#1808,#3388));
#3448=FACE_OUTER_BOUND('',#3447,.T.);
#3449=FACETED_PRIMITIVE_FACE('',(#3448));
#3450=POLY_LOOP('',(#3446,#3346,#3374));
#3451=FACE_OUTER_BOUND('',#3450,.T.);
#3452=FACETED_PRIMITIVE_FACE('',(#3451));
#3453=POLY_LOOP('',(#3446,#1798,#1808));
#3454=FACE_OUTER_BOUND('',#3453,.T.);
#3455=FACETED_PRIMITIVE_FACE('',(#3454));
#3456=POLY_LOOP('',(#3446,#1784,#1798));
#3457=FACE_OUTER_BOUND('',#3456,.T.);
#3458=FACETED_PRIMITIVE_FACE('',(#3457));
#3459=POLY_LOOP('',(#3446,#3388,#3346));
#3460=FACE_OUTER_BOUND('',#3459,.T.);
#3461=FACETED_PRIMITIVE_FACE('',(#3460));
#3463=POLY_LOOP('',(#3462,#3270,#3353));
#3464=FACE_OUTER_BOUND('',#3463,.T.);
#3465=FACETED_PRIMITIVE_FACE('',(#3464));
#3466=POLY_LOOP('',(#3462,#3374,#3270));
#3467=FACE_OUTER_BOUND('',#3466,.T.);
#3468=FACETED_PRIMITIVE_FACE('',(#3467));
#3470=POLY_LOOP('',(#3469,#3421,#3357));
#3471=FACE_OUTER_BOUND('',#3470,.T.);
#3472=FACETED_PRIMITIVE_FACE('',(#3471));
#3474=POLY_LOOP('',(#3473,#3404,#3367));
#3475=FACE_OUTER_BOUND('',#3474,.T.);
#3476=FACETED_PRIMITIVE_FACE('',(#3475));
#3478=POLY_LOOP('',(#3477,#3446,#3374));
#3479=FACE_OUTER_BOUND('',#3478,.T.);
#3480=FACETED_PRIMITIVE_FACE('',(#3479));
#3481=POLY_LOOP('',(#3477,#1777,#1784));
#3482=FACE_OUTER_BOUND('',#3481,.T.);
#3483=FACETED_PRIMITIVE_FACE('',(#3482));
#3484=POLY_LOOP('',(#3477,#1784,#3446));
#3485=FACE_OUTER_BOUND('',#3484,.T.);
#3486=FACETED_PRIMITIVE_FACE('',(#3485));
#3487=POLY_LOOP('',(#3477,#3374,#3462));
#3488=FACE_OUTER_BOUND('',#3487,.T.);
#3489=FACETED_PRIMITIVE_FACE('',(#3488));
#3491=POLY_LOOP('',(#3490,#3414,#3298));
#3492=FACE_OUTER_BOUND('',#3491,.T.);
#3493=FACETED_PRIMITIVE_FACE('',(#3492));
#3494=POLY_LOOP('',(#3490,#3298,#3381));
#3495=FACE_OUTER_BOUND('',#3494,.T.);
#3496=FACETED_PRIMITIVE_FACE('',(#3495));
#3497=POLY_LOOP('',(#3490,#3381,#3421));
#3498=FACE_OUTER_BOUND('',#3497,.T.);
#3499=FACETED_PRIMITIVE_FACE('',(#3498));
#3501=POLY_LOOP('',(#3500,#3353,#3404));
#3502=FACE_OUTER_BOUND('',#3501,.T.);
#3503=FACETED_PRIMITIVE_FACE('',(#3502));
#3504=POLY_LOOP('',(#3500,#3462,#3353));
#3505=FACE_OUTER_BOUND('',#3504,.T.);
#3506=FACETED_PRIMITIVE_FACE('',(#3505));
#3508=POLY_LOOP('',(#3507,#3414,#3490));
#3509=FACE_OUTER_BOUND('',#3508,.T.);
#3510=FACETED_PRIMITIVE_FACE('',(#3509));
#3511=POLY_LOOP('',(#3507,#3473,#3367));
#3512=FACE_OUTER_BOUND('',#3511,.T.);
#3513=FACETED_PRIMITIVE_FACE('',(#3512));
#3514=POLY_LOOP('',(#3507,#3367,#3414));
#3515=FACE_OUTER_BOUND('',#3514,.T.);
#3516=FACETED_PRIMITIVE_FACE('',(#3515));
#3518=POLY_LOOP('',(#3517,#3490,#3421));
#3519=FACE_OUTER_BOUND('',#3518,.T.);
#3520=FACETED_PRIMITIVE_FACE('',(#3519));
#3522=POLY_LOOP('',(#3521,#3357,#3431));
#3523=FACE_OUTER_BOUND('',#3522,.T.);
#3524=FACETED_PRIMITIVE_FACE('',(#3523));
#3525=POLY_LOOP('',(#3521,#3469,#3357));
#3526=FACE_OUTER_BOUND('',#3525,.T.);
#3527=FACETED_PRIMITIVE_FACE('',(#3526));
#3528=POLY_LOOP('',(#3521,#3431,#3439));
#3529=FACE_OUTER_BOUND('',#3528,.T.);
#3530=FACETED_PRIMITIVE_FACE('',(#3529));
#3532=POLY_LOOP('',(#3521,#3439,#3531));
#3533=FACE_OUTER_BOUND('',#3532,.T.);
#3534=FACETED_PRIMITIVE_FACE('',(#3533));
#3536=POLY_LOOP('',(#3521,#3531,#3535));
#3537=FACE_OUTER_BOUND('',#3536,.T.);
#3538=FACETED_PRIMITIVE_FACE('',(#3537));
#3540=POLY_LOOP('',(#3539,#1767,#1777));
#3541=FACE_OUTER_BOUND('',#3540,.T.);
#3542=FACETED_PRIMITIVE_FACE('',(#3541));
#3543=POLY_LOOP('',(#3539,#1760,#1767));
#3544=FACE_OUTER_BOUND('',#3543,.T.);
#3545=FACETED_PRIMITIVE_FACE('',(#3544));
#3546=POLY_LOOP('',(#3539,#1777,#3477));
#3547=FACE_OUTER_BOUND('',#3546,.T.);
#3548=FACETED_PRIMITIVE_FACE('',(#3547));
#3549=POLY_LOOP('',(#3539,#3477,#3462));
#3550=FACE_OUTER_BOUND('',#3549,.T.);
#3551=FACETED_PRIMITIVE_FACE('',(#3550));
#3552=POLY_LOOP('',(#3539,#3462,#3500));
#3553=FACE_OUTER_BOUND('',#3552,.T.);
#3554=FACETED_PRIMITIVE_FACE('',(#3553));
#3556=POLY_LOOP('',(#3555,#3421,#3469));
#3557=FACE_OUTER_BOUND('',#3556,.T.);
#3558=FACETED_PRIMITIVE_FACE('',(#3557));
#3559=POLY_LOOP('',(#3555,#3517,#3421));
#3560=FACE_OUTER_BOUND('',#3559,.T.);
#3561=FACETED_PRIMITIVE_FACE('',(#3560));
#3563=POLY_LOOP('',(#3562,#3473,#3507));
#3564=FACE_OUTER_BOUND('',#3563,.T.);
#3565=FACETED_PRIMITIVE_FACE('',(#3564));
#3566=POLY_LOOP('',(#3562,#3404,#3473));
#3567=FACE_OUTER_BOUND('',#3566,.T.);
#3568=FACETED_PRIMITIVE_FACE('',(#3567));
#3569=POLY_LOOP('',(#3562,#3500,#3404));
#3570=FACE_OUTER_BOUND('',#3569,.T.);
#3571=FACETED_PRIMITIVE_FACE('',(#3570));
#3573=POLY_LOOP('',(#3572,#3507,#3490));
#3574=FACE_OUTER_BOUND('',#3573,.T.);
#3575=FACETED_PRIMITIVE_FACE('',(#3574));
#3577=POLY_LOOP('',(#3576,#1760,#3539));
#3578=FACE_OUTER_BOUND('',#3577,.T.);
#3579=FACETED_PRIMITIVE_FACE('',(#3578));
#3580=POLY_LOOP('',(#3576,#1753,#1760));
#3581=FACE_OUTER_BOUND('',#3580,.T.);
#3582=FACETED_PRIMITIVE_FACE('',(#3581));
#3583=POLY_LOOP('',(#3576,#1739,#1753));
#3584=FACE_OUTER_BOUND('',#3583,.T.);
#3585=FACETED_PRIMITIVE_FACE('',(#3584));
#3586=POLY_LOOP('',(#3576,#3539,#3500));
#3587=FACE_OUTER_BOUND('',#3586,.T.);
#3588=FACETED_PRIMITIVE_FACE('',(#3587));
#3590=POLY_LOOP('',(#3589,#3562,#3507));
#3591=FACE_OUTER_BOUND('',#3590,.T.);
#3592=FACETED_PRIMITIVE_FACE('',(#3591));
#3594=POLY_LOOP('',(#3593,#3490,#3517));
#3595=FACE_OUTER_BOUND('',#3594,.T.);
#3596=FACETED_PRIMITIVE_FACE('',(#3595));
#3597=POLY_LOOP('',(#3593,#3572,#3490));
#3598=FACE_OUTER_BOUND('',#3597,.T.);
#3599=FACETED_PRIMITIVE_FACE('',(#3598));
#3601=POLY_LOOP('',(#3600,#3469,#3521));
#3602=FACE_OUTER_BOUND('',#3601,.T.);
#3603=FACETED_PRIMITIVE_FACE('',(#3602));
#3605=POLY_LOOP('',(#3600,#3535,#3604));
#3606=FACE_OUTER_BOUND('',#3605,.T.);
#3607=FACETED_PRIMITIVE_FACE('',(#3606));
#3609=POLY_LOOP('',(#3600,#3604,#3608));
#3610=FACE_OUTER_BOUND('',#3609,.T.);
#3611=FACETED_PRIMITIVE_FACE('',(#3610));
#3612=POLY_LOOP('',(#3600,#3555,#3469));
#3613=FACE_OUTER_BOUND('',#3612,.T.);
#3614=FACETED_PRIMITIVE_FACE('',(#3613));
#3615=POLY_LOOP('',(#3600,#3521,#3535));
#3616=FACE_OUTER_BOUND('',#3615,.T.);
#3617=FACETED_PRIMITIVE_FACE('',(#3616));
#3619=POLY_LOOP('',(#3618,#3517,#3555));
#3620=FACE_OUTER_BOUND('',#3619,.T.);
#3621=FACETED_PRIMITIVE_FACE('',(#3620));
#3622=POLY_LOOP('',(#3618,#3593,#3517));
#3623=FACE_OUTER_BOUND('',#3622,.T.);
#3624=FACETED_PRIMITIVE_FACE('',(#3623));
#3626=POLY_LOOP('',(#3625,#3500,#3562));
#3627=FACE_OUTER_BOUND('',#3626,.T.);
#3628=FACETED_PRIMITIVE_FACE('',(#3627));
#3629=POLY_LOOP('',(#3625,#1725,#1739));
#3630=FACE_OUTER_BOUND('',#3629,.T.);
#3631=FACETED_PRIMITIVE_FACE('',(#3630));
#3632=POLY_LOOP('',(#3625,#1704,#1725));
#3633=FACE_OUTER_BOUND('',#3632,.T.);
#3634=FACETED_PRIMITIVE_FACE('',(#3633));
#3635=POLY_LOOP('',(#3625,#3576,#3500));
#3636=FACE_OUTER_BOUND('',#3635,.T.);
#3637=FACETED_PRIMITIVE_FACE('',(#3636));
#3638=POLY_LOOP('',(#3625,#1739,#3576));
#3639=FACE_OUTER_BOUND('',#3638,.T.);
#3640=FACETED_PRIMITIVE_FACE('',(#3639));
#3642=POLY_LOOP('',(#3641,#3507,#3572));
#3643=FACE_OUTER_BOUND('',#3642,.T.);
#3644=FACETED_PRIMITIVE_FACE('',(#3643));
#3645=POLY_LOOP('',(#3641,#3589,#3507));
#3646=FACE_OUTER_BOUND('',#3645,.T.);
#3647=FACETED_PRIMITIVE_FACE('',(#3646));
#3649=POLY_LOOP('',(#3648,#3562,#3589));
#3650=FACE_OUTER_BOUND('',#3649,.T.);
#3651=FACETED_PRIMITIVE_FACE('',(#3650));
#3652=POLY_LOOP('',(#3648,#3589,#3641));
#3653=FACE_OUTER_BOUND('',#3652,.T.);
#3654=FACETED_PRIMITIVE_FACE('',(#3653));
#3655=POLY_LOOP('',(#3648,#1683,#1704));
#3656=FACE_OUTER_BOUND('',#3655,.T.);
#3657=FACETED_PRIMITIVE_FACE('',(#3656));
#3658=POLY_LOOP('',(#3648,#1684,#1683));
#3659=FACE_OUTER_BOUND('',#3658,.T.);
#3660=FACETED_PRIMITIVE_FACE('',(#3659));
#3661=POLY_LOOP('',(#3648,#3625,#3562));
#3662=FACE_OUTER_BOUND('',#3661,.T.);
#3663=FACETED_PRIMITIVE_FACE('',(#3662));
#3664=POLY_LOOP('',(#3648,#1704,#3625));
#3665=FACE_OUTER_BOUND('',#3664,.T.);
#3666=FACETED_PRIMITIVE_FACE('',(#3665));
#3668=POLY_LOOP('',(#3667,#3641,#3572));
#3669=FACE_OUTER_BOUND('',#3668,.T.);
#3670=FACETED_PRIMITIVE_FACE('',(#3669));
#3671=POLY_LOOP('',(#3667,#3572,#3593));
#3672=FACE_OUTER_BOUND('',#3671,.T.);
#3673=FACETED_PRIMITIVE_FACE('',(#3672));
#3675=POLY_LOOP('',(#3674,#3618,#3555));
#3676=FACE_OUTER_BOUND('',#3675,.T.);
#3677=FACETED_PRIMITIVE_FACE('',(#3676));
#3679=POLY_LOOP('',(#3674,#3608,#3678));
#3680=FACE_OUTER_BOUND('',#3679,.T.);
#3681=FACETED_PRIMITIVE_FACE('',(#3680));
#3683=POLY_LOOP('',(#3674,#3678,#3682));
#3684=FACE_OUTER_BOUND('',#3683,.T.);
#3685=FACETED_PRIMITIVE_FACE('',(#3684));
#3686=POLY_LOOP('',(#3674,#3600,#3608));
#3687=FACE_OUTER_BOUND('',#3686,.T.);
#3688=FACETED_PRIMITIVE_FACE('',(#3687));
#3689=POLY_LOOP('',(#3674,#3555,#3600));
#3690=FACE_OUTER_BOUND('',#3689,.T.);
#3691=FACETED_PRIMITIVE_FACE('',(#3690));
#3693=POLY_LOOP('',(#3692,#3667,#3593));
#3694=FACE_OUTER_BOUND('',#3693,.T.);
#3695=FACETED_PRIMITIVE_FACE('',(#3694));
#3696=POLY_LOOP('',(#3692,#3593,#3618));
#3697=FACE_OUTER_BOUND('',#3696,.T.);
#3698=FACETED_PRIMITIVE_FACE('',(#3697));
#3700=POLY_LOOP('',(#3699,#1668,#1684));
#3701=FACE_OUTER_BOUND('',#3700,.T.);
#3702=FACETED_PRIMITIVE_FACE('',(#3701));
#3703=POLY_LOOP('',(#3699,#1684,#3648));
#3704=FACE_OUTER_BOUND('',#3703,.T.);
#3705=FACETED_PRIMITIVE_FACE('',(#3704));
#3706=POLY_LOOP('',(#3699,#3648,#3641));
#3707=FACE_OUTER_BOUND('',#3706,.T.);
#3708=FACETED_PRIMITIVE_FACE('',(#3707));
#3710=POLY_LOOP('',(#3709,#3641,#3667));
#3711=FACE_OUTER_BOUND('',#3710,.T.);
#3712=FACETED_PRIMITIVE_FACE('',(#3711));
#3713=POLY_LOOP('',(#3709,#3699,#3641));
#3714=FACE_OUTER_BOUND('',#3713,.T.);
#3715=FACETED_PRIMITIVE_FACE('',(#3714));
#3716=POLY_LOOP('',(#3709,#1669,#1668));
#3717=FACE_OUTER_BOUND('',#3716,.T.);
#3718=FACETED_PRIMITIVE_FACE('',(#3717));
#3719=POLY_LOOP('',(#3709,#3667,#3692));
#3720=FACE_OUTER_BOUND('',#3719,.T.);
#3721=FACETED_PRIMITIVE_FACE('',(#3720));
#3722=POLY_LOOP('',(#3709,#1668,#3699));
#3723=FACE_OUTER_BOUND('',#3722,.T.);
#3724=FACETED_PRIMITIVE_FACE('',(#3723));
#3726=POLY_LOOP('',(#3725,#3674,#3682));
#3727=FACE_OUTER_BOUND('',#3726,.T.);
#3728=FACETED_PRIMITIVE_FACE('',(#3727));
#3729=POLY_LOOP('',(#3725,#3692,#3618));
#3730=FACE_OUTER_BOUND('',#3729,.T.);
#3731=FACETED_PRIMITIVE_FACE('',(#3730));
#3733=POLY_LOOP('',(#3725,#3682,#3732));
#3734=FACE_OUTER_BOUND('',#3733,.T.);
#3735=FACETED_PRIMITIVE_FACE('',(#3734));
#3737=POLY_LOOP('',(#3725,#3732,#3736));
#3738=FACE_OUTER_BOUND('',#3737,.T.);
#3739=FACETED_PRIMITIVE_FACE('',(#3738));
#3740=POLY_LOOP('',(#3725,#3618,#3674));
#3741=FACE_OUTER_BOUND('',#3740,.T.);
#3742=FACETED_PRIMITIVE_FACE('',(#3741));
#3744=POLY_LOOP('',(#3743,#3709,#3692));
#3745=FACE_OUTER_BOUND('',#3744,.T.);
#3746=FACETED_PRIMITIVE_FACE('',(#3745));
#3747=POLY_LOOP('',(#3743,#1669,#3709));
#3748=FACE_OUTER_BOUND('',#3747,.T.);
#3749=FACETED_PRIMITIVE_FACE('',(#3748));
#3750=POLY_LOOP('',(#3743,#1673,#1669));
#3751=FACE_OUTER_BOUND('',#3750,.T.);
#3752=FACETED_PRIMITIVE_FACE('',(#3751));
#3754=POLY_LOOP('',(#3753,#3743,#3692));
#3755=FACE_OUTER_BOUND('',#3754,.T.);
#3756=FACETED_PRIMITIVE_FACE('',(#3755));
#3757=POLY_LOOP('',(#3753,#3725,#3736));
#3758=FACE_OUTER_BOUND('',#3757,.T.);
#3759=FACETED_PRIMITIVE_FACE('',(#3758));
#3761=POLY_LOOP('',(#3753,#3736,#3760));
#3762=FACE_OUTER_BOUND('',#3761,.T.);
#3763=FACETED_PRIMITIVE_FACE('',(#3762));
#3765=POLY_LOOP('',(#3753,#3760,#3764));
#3766=FACE_OUTER_BOUND('',#3765,.T.);
#3767=FACETED_PRIMITIVE_FACE('',(#3766));
#3768=POLY_LOOP('',(#3753,#3692,#3725));
#3769=FACE_OUTER_BOUND('',#3768,.T.);
#3770=FACETED_PRIMITIVE_FACE('',(#3769));
#3772=POLY_LOOP('',(#3771,#3753,#3764));
#3773=FACE_OUTER_BOUND('',#3772,.T.);
#3774=FACETED_PRIMITIVE_FACE('',(#3773));
#3775=POLY_LOOP('',(#3771,#1694,#1673));
#3776=FACE_OUTER_BOUND('',#3775,.T.);
#3777=FACETED_PRIMITIVE_FACE('',(#3776));
#3778=POLY_LOOP('',(#3771,#3764,#2705));
#3779=FACE_OUTER_BOUND('',#3778,.T.);
#3780=FACETED_PRIMITIVE_FACE('',(#3779));
#3781=POLY_LOOP('',(#3771,#3743,#3753));
#3782=FACE_OUTER_BOUND('',#3781,.T.);
#3783=FACETED_PRIMITIVE_FACE('',(#3782));
#3784=POLY_LOOP('',(#3771,#1673,#3743));
#3785=FACE_OUTER_BOUND('',#3784,.T.);
#3786=FACETED_PRIMITIVE_FACE('',(#3785));
#3787=POLY_LOOP('',(#3771,#2705,#1694));
#3788=FACE_OUTER_BOUND('',#3787,.T.);
#3789=FACETED_PRIMITIVE_FACE('',(#3788));
#3790=POLY_LOOP('',(#2007,#1743,#2705));
#3791=FACE_OUTER_BOUND('',#3790,.T.);
#3792=FACETED_PRIMITIVE_FACE('',(#3791));
#3793=POLY_LOOP('',(#2007,#1791,#1743));
#3794=FACE_OUTER_BOUND('',#3793,.T.);
#3795=FACETED_PRIMITIVE_FACE('',(#3794));
#3796=POLY_LOOP('',(#2000,#2705,#3764));
#3797=FACE_OUTER_BOUND('',#3796,.T.);
#3798=FACETED_PRIMITIVE_FACE('',(#3797));
#3799=POLY_LOOP('',(#2000,#2007,#2705));
#3800=FACE_OUTER_BOUND('',#3799,.T.);
#3801=FACETED_PRIMITIVE_FACE('',(#3800));
#3802=POLY_LOOP('',(#1993,#3764,#3760));
#3803=FACE_OUTER_BOUND('',#3802,.T.);
#3804=FACETED_PRIMITIVE_FACE('',(#3803));
#3805=POLY_LOOP('',(#1993,#2000,#3764));
#3806=FACE_OUTER_BOUND('',#3805,.T.);
#3807=FACETED_PRIMITIVE_FACE('',(#3806));
#3808=POLY_LOOP('',(#1989,#3760,#3736));
#3809=FACE_OUTER_BOUND('',#3808,.T.);
#3810=FACETED_PRIMITIVE_FACE('',(#3809));
#3811=POLY_LOOP('',(#1989,#1993,#3760));
#3812=FACE_OUTER_BOUND('',#3811,.T.);
#3813=FACETED_PRIMITIVE_FACE('',(#3812));
#3814=POLY_LOOP('',(#1979,#3736,#3732));
#3815=FACE_OUTER_BOUND('',#3814,.T.);
#3816=FACETED_PRIMITIVE_FACE('',(#3815));
#3817=POLY_LOOP('',(#1979,#1989,#3736));
#3818=FACE_OUTER_BOUND('',#3817,.T.);
#3819=FACETED_PRIMITIVE_FACE('',(#3818));
#3820=POLY_LOOP('',(#3682,#1972,#1979));
#3821=FACE_OUTER_BOUND('',#3820,.T.);
#3822=FACETED_PRIMITIVE_FACE('',(#3821));
#3823=POLY_LOOP('',(#3682,#1979,#3732));
#3824=FACE_OUTER_BOUND('',#3823,.T.);
#3825=FACETED_PRIMITIVE_FACE('',(#3824));
#3826=POLY_LOOP('',(#3678,#1965,#1972));
#3827=FACE_OUTER_BOUND('',#3826,.T.);
#3828=FACETED_PRIMITIVE_FACE('',(#3827));
#3829=POLY_LOOP('',(#3678,#1961,#1965));
#3830=FACE_OUTER_BOUND('',#3829,.T.);
#3831=FACETED_PRIMITIVE_FACE('',(#3830));
#3832=POLY_LOOP('',(#3678,#1972,#3682));
#3833=FACE_OUTER_BOUND('',#3832,.T.);
#3834=FACETED_PRIMITIVE_FACE('',(#3833));
#3835=POLY_LOOP('',(#3608,#1951,#1961));
#3836=FACE_OUTER_BOUND('',#3835,.T.);
#3837=FACETED_PRIMITIVE_FACE('',(#3836));
#3838=POLY_LOOP('',(#3608,#1961,#3678));
#3839=FACE_OUTER_BOUND('',#3838,.T.);
#3840=FACETED_PRIMITIVE_FACE('',(#3839));
#3841=POLY_LOOP('',(#3604,#1951,#3608));
#3842=FACE_OUTER_BOUND('',#3841,.T.);
#3843=FACETED_PRIMITIVE_FACE('',(#3842));
#3844=POLY_LOOP('',(#3535,#1951,#3604));
#3845=FACE_OUTER_BOUND('',#3844,.T.);
#3846=FACETED_PRIMITIVE_FACE('',(#3845));
#3847=POLY_LOOP('',(#3535,#1947,#1951));
#3848=FACE_OUTER_BOUND('',#3847,.T.);
#3849=FACETED_PRIMITIVE_FACE('',(#3848));
#3850=POLY_LOOP('',(#3535,#1937,#1947));
#3851=FACE_OUTER_BOUND('',#3850,.T.);
#3852=FACETED_PRIMITIVE_FACE('',(#3851));
#3853=POLY_LOOP('',(#3531,#1937,#3535));
#3854=FACE_OUTER_BOUND('',#3853,.T.);
#3855=FACETED_PRIMITIVE_FACE('',(#3854));
#3856=POLY_LOOP('',(#2674,#2020,#1874));
#3857=FACE_OUTER_BOUND('',#3856,.T.);
#3858=FACETED_PRIMITIVE_FACE('',(#3857));
#3859=POLY_LOOP('',(#2674,#1874,#1873));
#3860=FACE_OUTER_BOUND('',#3859,.T.);
#3861=FACETED_PRIMITIVE_FACE('',(#3860));
#3862=POLY_LOOP('',(#3439,#1930,#1937));
#3863=FACE_OUTER_BOUND('',#3862,.T.);
#3864=FACETED_PRIMITIVE_FACE('',(#3863));
#3865=POLY_LOOP('',(#3439,#1937,#3531));
#3866=FACE_OUTER_BOUND('',#3865,.T.);
#3867=FACETED_PRIMITIVE_FACE('',(#3866));
#3868=POLY_LOOP('',(#3113,#2674,#1873));
#3869=FACE_OUTER_BOUND('',#3868,.T.);
#3870=FACETED_PRIMITIVE_FACE('',(#3869));
#3871=POLY_LOOP('',(#3113,#1873,#1884));
#3872=FACE_OUTER_BOUND('',#3871,.T.);
#3873=FACETED_PRIMITIVE_FACE('',(#3872));
#3874=POLY_LOOP('',(#3435,#1930,#3439));
#3875=FACE_OUTER_BOUND('',#3874,.T.);
#3876=FACETED_PRIMITIVE_FACE('',(#3875));
#3877=POLY_LOOP('',(#3435,#1923,#1930));
#3878=FACE_OUTER_BOUND('',#3877,.T.);
#3879=FACETED_PRIMITIVE_FACE('',(#3878));
#3880=POLY_LOOP('',(#3435,#1916,#1923));
#3881=FACE_OUTER_BOUND('',#3880,.T.);
#3882=FACETED_PRIMITIVE_FACE('',(#3881));
#3883=POLY_LOOP('',(#3117,#3113,#1884));
#3884=FACE_OUTER_BOUND('',#3883,.T.);
#3885=FACETED_PRIMITIVE_FACE('',(#3884));
#3886=POLY_LOOP('',(#3117,#1884,#1888));
#3887=FACE_OUTER_BOUND('',#3886,.T.);
#3888=FACETED_PRIMITIVE_FACE('',(#3887));
#3889=POLY_LOOP('',(#3333,#1916,#3435));
#3890=FACE_OUTER_BOUND('',#3889,.T.);
#3891=FACETED_PRIMITIVE_FACE('',(#3890));
#3892=POLY_LOOP('',(#3224,#3117,#1888));
#3893=FACE_OUTER_BOUND('',#3892,.T.);
#3894=FACETED_PRIMITIVE_FACE('',(#3893));
#3895=POLY_LOOP('',(#3224,#1888,#1898));
#3896=FACE_OUTER_BOUND('',#3895,.T.);
#3897=FACETED_PRIMITIVE_FACE('',(#3896));
#3898=POLY_LOOP('',(#3329,#1916,#3333));
#3899=FACE_OUTER_BOUND('',#3898,.T.);
#3900=FACETED_PRIMITIVE_FACE('',(#3899));
#3901=POLY_LOOP('',(#3329,#1912,#1916));
#3902=FACE_OUTER_BOUND('',#3901,.T.);
#3903=FACETED_PRIMITIVE_FACE('',(#3902));
#3904=POLY_LOOP('',(#3329,#1902,#1912));
#3905=FACE_OUTER_BOUND('',#3904,.T.);
#3906=FACETED_PRIMITIVE_FACE('',(#3905));
#3907=POLY_LOOP('',(#3228,#3224,#1898));
#3908=FACE_OUTER_BOUND('',#3907,.T.);
#3909=FACETED_PRIMITIVE_FACE('',(#3908));
#3910=POLY_LOOP('',(#3228,#1902,#3329));
#3911=FACE_OUTER_BOUND('',#3910,.T.);
#3912=FACETED_PRIMITIVE_FACE('',(#3911));
#3913=POLY_LOOP('',(#3228,#1898,#1902));
#3914=FACE_OUTER_BOUND('',#3913,.T.);
#3915=FACETED_PRIMITIVE_FACE('',(#3914));
#3916=POLY_LOOP('',(#1874,#2020,#2674));
#3917=FACE_OUTER_BOUND('',#3916,.T.);
#3918=FACETED_PRIMITIVE_FACE('',(#3917));
#3919=POLY_LOOP('',(#1873,#2674,#3113));
#3920=FACE_OUTER_BOUND('',#3919,.T.);
#3921=FACETED_PRIMITIVE_FACE('',(#3920));
#3922=POLY_LOOP('',(#1873,#1874,#2674));
#3923=FACE_OUTER_BOUND('',#3922,.T.);
#3924=FACETED_PRIMITIVE_FACE('',(#3923));
#3925=POLY_LOOP('',(#1884,#3113,#3117));
#3926=FACE_OUTER_BOUND('',#3925,.T.);
#3927=FACETED_PRIMITIVE_FACE('',(#3926));
#3928=POLY_LOOP('',(#1884,#1873,#3113));
#3929=FACE_OUTER_BOUND('',#3928,.T.);
#3930=FACETED_PRIMITIVE_FACE('',(#3929));
#3931=POLY_LOOP('',(#1888,#3117,#3224));
#3932=FACE_OUTER_BOUND('',#3931,.T.);
#3933=FACETED_PRIMITIVE_FACE('',(#3932));
#3934=POLY_LOOP('',(#1888,#1884,#3117));
#3935=FACE_OUTER_BOUND('',#3934,.T.);
#3936=FACETED_PRIMITIVE_FACE('',(#3935));
#3937=POLY_LOOP('',(#1898,#1888,#3224));
#3938=FACE_OUTER_BOUND('',#3937,.T.);
#3939=FACETED_PRIMITIVE_FACE('',(#3938));
#3940=POLY_LOOP('',(#3228,#1898,#3224));
#3941=FACE_OUTER_BOUND('',#3940,.T.);
#3942=FACETED_PRIMITIVE_FACE('',(#3941));
#3943=POLY_LOOP('',(#1902,#1898,#3228));
#3944=FACE_OUTER_BOUND('',#3943,.T.);
#3945=FACETED_PRIMITIVE_FACE('',(#3944));
#3946=POLY_LOOP('',(#3329,#1912,#1902));
#3947=FACE_OUTER_BOUND('',#3946,.T.);
#3948=FACETED_PRIMITIVE_FACE('',(#3947));
#3949=POLY_LOOP('',(#3329,#1902,#3228));
#3950=FACE_OUTER_BOUND('',#3949,.T.);
#3951=FACETED_PRIMITIVE_FACE('',(#3950));
#3952=POLY_LOOP('',(#3333,#1916,#1912));
#3953=FACE_OUTER_BOUND('',#3952,.T.);
#3954=FACETED_PRIMITIVE_FACE('',(#3953));
#3955=POLY_LOOP('',(#3333,#1912,#3329));
#3956=FACE_OUTER_BOUND('',#3955,.T.);
#3957=FACETED_PRIMITIVE_FACE('',(#3956));
#3958=POLY_LOOP('',(#3435,#1923,#1916));
#3959=FACE_OUTER_BOUND('',#3958,.T.);
#3960=FACETED_PRIMITIVE_FACE('',(#3959));
#3961=POLY_LOOP('',(#3435,#1916,#3333));
#3962=FACE_OUTER_BOUND('',#3961,.T.);
#3963=FACETED_PRIMITIVE_FACE('',(#3962));
#3964=POLY_LOOP('',(#3439,#1923,#3435));
#3965=FACE_OUTER_BOUND('',#3964,.T.);
#3966=FACETED_PRIMITIVE_FACE('',(#3965));
#3967=POLY_LOOP('',(#3439,#1930,#1923));
#3968=FACE_OUTER_BOUND('',#3967,.T.);
#3969=FACETED_PRIMITIVE_FACE('',(#3968));
#3970=POLY_LOOP('',(#3531,#1930,#3439));
#3971=FACE_OUTER_BOUND('',#3970,.T.);
#3972=FACETED_PRIMITIVE_FACE('',(#3971));
#3973=POLY_LOOP('',(#3531,#1937,#1930));
#3974=FACE_OUTER_BOUND('',#3973,.T.);
#3975=FACETED_PRIMITIVE_FACE('',(#3974));
#3976=POLY_LOOP('',(#1743,#1791,#2007));
#3977=FACE_OUTER_BOUND('',#3976,.T.);
#3978=FACETED_PRIMITIVE_FACE('',(#3977));
#3979=POLY_LOOP('',(#3535,#1937,#3531));
#3980=FACE_OUTER_BOUND('',#3979,.T.);
#3981=FACETED_PRIMITIVE_FACE('',(#3980));
#3982=POLY_LOOP('',(#3535,#1951,#1947));
#3983=FACE_OUTER_BOUND('',#3982,.T.);
#3984=FACETED_PRIMITIVE_FACE('',(#3983));
#3985=POLY_LOOP('',(#3535,#1947,#1937));
#3986=FACE_OUTER_BOUND('',#3985,.T.);
#3987=FACETED_PRIMITIVE_FACE('',(#3986));
#3988=POLY_LOOP('',(#2705,#1743,#2007));
#3989=FACE_OUTER_BOUND('',#3988,.T.);
#3990=FACETED_PRIMITIVE_FACE('',(#3989));
#3991=POLY_LOOP('',(#3604,#1951,#3535));
#3992=FACE_OUTER_BOUND('',#3991,.T.);
#3993=FACETED_PRIMITIVE_FACE('',(#3992));
#3994=POLY_LOOP('',(#3604,#1961,#1951));
#3995=FACE_OUTER_BOUND('',#3994,.T.);
#3996=FACETED_PRIMITIVE_FACE('',(#3995));
#3997=POLY_LOOP('',(#3764,#2007,#2000));
#3998=FACE_OUTER_BOUND('',#3997,.T.);
#3999=FACETED_PRIMITIVE_FACE('',(#3998));
#4000=POLY_LOOP('',(#3764,#2000,#1993));
#4001=FACE_OUTER_BOUND('',#4000,.T.);
#4002=FACETED_PRIMITIVE_FACE('',(#4001));
#4003=POLY_LOOP('',(#3764,#2705,#2007));
#4004=FACE_OUTER_BOUND('',#4003,.T.);
#4005=FACETED_PRIMITIVE_FACE('',(#4004));
#4006=POLY_LOOP('',(#3608,#1961,#3604));
#4007=FACE_OUTER_BOUND('',#4006,.T.);
#4008=FACETED_PRIMITIVE_FACE('',(#4007));
#4009=POLY_LOOP('',(#3608,#1965,#1961));
#4010=FACE_OUTER_BOUND('',#4009,.T.);
#4011=FACETED_PRIMITIVE_FACE('',(#4010));
#4012=POLY_LOOP('',(#3760,#1993,#1989));
#4013=FACE_OUTER_BOUND('',#4012,.T.);
#4014=FACETED_PRIMITIVE_FACE('',(#4013));
#4015=POLY_LOOP('',(#3760,#3764,#1993));
#4016=FACE_OUTER_BOUND('',#4015,.T.);
#4017=FACETED_PRIMITIVE_FACE('',(#4016));
#4018=POLY_LOOP('',(#3678,#1965,#3608));
#4019=FACE_OUTER_BOUND('',#4018,.T.);
#4020=FACETED_PRIMITIVE_FACE('',(#4019));
#4021=POLY_LOOP('',(#3736,#3760,#1989));
#4022=FACE_OUTER_BOUND('',#4021,.T.);
#4023=FACETED_PRIMITIVE_FACE('',(#4022));
#4024=POLY_LOOP('',(#3682,#1965,#3678));
#4025=FACE_OUTER_BOUND('',#4024,.T.);
#4026=FACETED_PRIMITIVE_FACE('',(#4025));
#4027=POLY_LOOP('',(#3682,#1972,#1965));
#4028=FACE_OUTER_BOUND('',#4027,.T.);
#4029=FACETED_PRIMITIVE_FACE('',(#4028));
#4030=POLY_LOOP('',(#3732,#1989,#1979));
#4031=FACE_OUTER_BOUND('',#4030,.T.);
#4032=FACETED_PRIMITIVE_FACE('',(#4031));
#4033=POLY_LOOP('',(#3732,#1979,#1972));
#4034=FACE_OUTER_BOUND('',#4033,.T.);
#4035=FACETED_PRIMITIVE_FACE('',(#4034));
#4036=POLY_LOOP('',(#3732,#3736,#1989));
#4037=FACE_OUTER_BOUND('',#4036,.T.);
#4038=FACETED_PRIMITIVE_FACE('',(#4037));
#4039=POLY_LOOP('',(#3732,#1972,#3682));
#4040=FACE_OUTER_BOUND('',#4039,.T.);
#4041=FACETED_PRIMITIVE_FACE('',(#4040));
#4043=POLY_LOOP('',(#2674,#2020,#4042));
#4044=FACE_OUTER_BOUND('',#4043,.T.);
#4045=FACETED_PRIMITIVE_FACE('',(#4044));
#4047=POLY_LOOP('',(#2674,#4042,#4046));
#4048=FACE_OUTER_BOUND('',#4047,.T.);
#4049=FACETED_PRIMITIVE_FACE('',(#4048));
#4051=POLY_LOOP('',(#2674,#4046,#4050));
#4052=FACE_OUTER_BOUND('',#4051,.T.);
#4053=FACETED_PRIMITIVE_FACE('',(#4052));
#4055=POLY_LOOP('',(#4054,#2674,#4050));
#4056=FACE_OUTER_BOUND('',#4055,.T.);
#4057=FACETED_PRIMITIVE_FACE('',(#4056));
#4060=POLY_LOOP('',(#2516,#4058,#4059));
#4061=FACE_OUTER_BOUND('',#4060,.T.);
#4062=FACETED_PRIMITIVE_FACE('',(#4061));
#4064=POLY_LOOP('',(#2516,#4059,#4063));
#4065=FACE_OUTER_BOUND('',#4064,.T.);
#4066=FACETED_PRIMITIVE_FACE('',(#4065));
#4068=POLY_LOOP('',(#2516,#4063,#4067));
#4069=FACE_OUTER_BOUND('',#4068,.T.);
#4070=FACETED_PRIMITIVE_FACE('',(#4069));
#4071=POLY_LOOP('',(#2516,#4067,#2132));
#4072=FACE_OUTER_BOUND('',#4071,.T.);
#4073=FACETED_PRIMITIVE_FACE('',(#4072));
#4075=POLY_LOOP('',(#4074,#1743,#2705));
#4076=FACE_OUTER_BOUND('',#4075,.T.);
#4077=FACETED_PRIMITIVE_FACE('',(#4076));
#4079=POLY_LOOP('',(#4078,#4074,#2705));
#4080=FACE_OUTER_BOUND('',#4079,.T.);
#4081=FACETED_PRIMITIVE_FACE('',(#4080));
#4083=POLY_LOOP('',(#4082,#4078,#2705));
#4084=FACE_OUTER_BOUND('',#4083,.T.);
#4085=FACETED_PRIMITIVE_FACE('',(#4084));
#4087=POLY_LOOP('',(#4086,#4082,#2705));
#4088=FACE_OUTER_BOUND('',#4087,.T.);
#4089=FACETED_PRIMITIVE_FACE('',(#4088));
#4091=POLY_LOOP('',(#4090,#4086,#2705));
#4092=FACE_OUTER_BOUND('',#4091,.T.);
#4093=FACETED_PRIMITIVE_FACE('',(#4092));
#4094=POLY_LOOP('',(#4090,#2705,#3764));
#4095=FACE_OUTER_BOUND('',#4094,.T.);
#4096=FACETED_PRIMITIVE_FACE('',(#4095));
#4099=POLY_LOOP('',(#4097,#4098,#2599));
#4100=FACE_OUTER_BOUND('',#4099,.T.);
#4101=FACETED_PRIMITIVE_FACE('',(#4100));
#4103=POLY_LOOP('',(#4102,#4097,#2599));
#4104=FACE_OUTER_BOUND('',#4103,.T.);
#4105=FACETED_PRIMITIVE_FACE('',(#4104));
#4107=POLY_LOOP('',(#4106,#4102,#2599));
#4108=FACE_OUTER_BOUND('',#4107,.T.);
#4109=FACETED_PRIMITIVE_FACE('',(#4108));
#4110=POLY_LOOP('',(#1858,#4106,#2599));
#4111=FACE_OUTER_BOUND('',#4110,.T.);
#4112=FACETED_PRIMITIVE_FACE('',(#4111));
#4114=POLY_LOOP('',(#4113,#3113,#2674));
#4115=FACE_OUTER_BOUND('',#4114,.T.);
#4116=FACETED_PRIMITIVE_FACE('',(#4115));
#4117=POLY_LOOP('',(#4113,#3117,#3113));
#4118=FACE_OUTER_BOUND('',#4117,.T.);
#4119=FACETED_PRIMITIVE_FACE('',(#4118));
#4120=POLY_LOOP('',(#4113,#2674,#4054));
#4121=FACE_OUTER_BOUND('',#4120,.T.);
#4122=FACETED_PRIMITIVE_FACE('',(#4121));
#4124=POLY_LOOP('',(#4113,#4054,#4123));
#4125=FACE_OUTER_BOUND('',#4124,.T.);
#4126=FACETED_PRIMITIVE_FACE('',(#4125));
#4128=POLY_LOOP('',(#4127,#4113,#4123));
#4129=FACE_OUTER_BOUND('',#4128,.T.);
#4130=FACETED_PRIMITIVE_FACE('',(#4129));
#4132=POLY_LOOP('',(#4127,#4123,#4131));
#4133=FACE_OUTER_BOUND('',#4132,.T.);
#4134=FACETED_PRIMITIVE_FACE('',(#4133));
#4136=POLY_LOOP('',(#4127,#4131,#4135));
#4137=FACE_OUTER_BOUND('',#4136,.T.);
#4138=FACETED_PRIMITIVE_FACE('',(#4137));
#4140=POLY_LOOP('',(#4139,#3224,#3117));
#4141=FACE_OUTER_BOUND('',#4140,.T.);
#4142=FACETED_PRIMITIVE_FACE('',(#4141));
#4143=POLY_LOOP('',(#4139,#3228,#3224));
#4144=FACE_OUTER_BOUND('',#4143,.T.);
#4145=FACETED_PRIMITIVE_FACE('',(#4144));
#4146=POLY_LOOP('',(#4139,#3117,#4113));
#4147=FACE_OUTER_BOUND('',#4146,.T.);
#4148=FACETED_PRIMITIVE_FACE('',(#4147));
#4149=POLY_LOOP('',(#4139,#4113,#4127));
#4150=FACE_OUTER_BOUND('',#4149,.T.);
#4151=FACETED_PRIMITIVE_FACE('',(#4150));
#4153=POLY_LOOP('',(#4152,#4127,#4135));
#4154=FACE_OUTER_BOUND('',#4153,.T.);
#4155=FACETED_PRIMITIVE_FACE('',(#4154));
#4157=POLY_LOOP('',(#4152,#4135,#4156));
#4158=FACE_OUTER_BOUND('',#4157,.T.);
#4159=FACETED_PRIMITIVE_FACE('',(#4158));
#4161=POLY_LOOP('',(#4160,#4139,#4127));
#4162=FACE_OUTER_BOUND('',#4161,.T.);
#4163=FACETED_PRIMITIVE_FACE('',(#4162));
#4164=POLY_LOOP('',(#4160,#4127,#4152));
#4165=FACE_OUTER_BOUND('',#4164,.T.);
#4166=FACETED_PRIMITIVE_FACE('',(#4165));
#4168=POLY_LOOP('',(#4167,#4152,#4156));
#4169=FACE_OUTER_BOUND('',#4168,.T.);
#4170=FACETED_PRIMITIVE_FACE('',(#4169));
#4172=POLY_LOOP('',(#4167,#4156,#4171));
#4173=FACE_OUTER_BOUND('',#4172,.T.);
#4174=FACETED_PRIMITIVE_FACE('',(#4173));
#4176=POLY_LOOP('',(#4175,#3329,#3228));
#4177=FACE_OUTER_BOUND('',#4176,.T.);
#4178=FACETED_PRIMITIVE_FACE('',(#4177));
#4179=POLY_LOOP('',(#4175,#3333,#3329));
#4180=FACE_OUTER_BOUND('',#4179,.T.);
#4181=FACETED_PRIMITIVE_FACE('',(#4180));
#4182=POLY_LOOP('',(#4175,#3228,#4139));
#4183=FACE_OUTER_BOUND('',#4182,.T.);
#4184=FACETED_PRIMITIVE_FACE('',(#4183));
#4186=POLY_LOOP('',(#4185,#4167,#4171));
#4187=FACE_OUTER_BOUND('',#4186,.T.);
#4188=FACETED_PRIMITIVE_FACE('',(#4187));
#4190=POLY_LOOP('',(#4185,#4171,#4189));
#4191=FACE_OUTER_BOUND('',#4190,.T.);
#4192=FACETED_PRIMITIVE_FACE('',(#4191));
#4194=POLY_LOOP('',(#4185,#4189,#4193));
#4195=FACE_OUTER_BOUND('',#4194,.T.);
#4196=FACETED_PRIMITIVE_FACE('',(#4195));
#4198=POLY_LOOP('',(#4197,#4160,#4152));
#4199=FACE_OUTER_BOUND('',#4198,.T.);
#4200=FACETED_PRIMITIVE_FACE('',(#4199));
#4202=POLY_LOOP('',(#4201,#4160,#4197));
#4203=FACE_OUTER_BOUND('',#4202,.T.);
#4204=FACETED_PRIMITIVE_FACE('',(#4203));
#4205=POLY_LOOP('',(#4201,#4139,#4160));
#4206=FACE_OUTER_BOUND('',#4205,.T.);
#4207=FACETED_PRIMITIVE_FACE('',(#4206));
#4208=POLY_LOOP('',(#4201,#4175,#4139));
#4209=FACE_OUTER_BOUND('',#4208,.T.);
#4210=FACETED_PRIMITIVE_FACE('',(#4209));
#4212=POLY_LOOP('',(#4211,#4152,#4167));
#4213=FACE_OUTER_BOUND('',#4212,.T.);
#4214=FACETED_PRIMITIVE_FACE('',(#4213));
#4215=POLY_LOOP('',(#4211,#4197,#4152));
#4216=FACE_OUTER_BOUND('',#4215,.T.);
#4217=FACETED_PRIMITIVE_FACE('',(#4216));
#4220=POLY_LOOP('',(#4218,#4193,#4219));
#4221=FACE_OUTER_BOUND('',#4220,.T.);
#4222=FACETED_PRIMITIVE_FACE('',(#4221));
#4224=POLY_LOOP('',(#4218,#4219,#4223));
#4225=FACE_OUTER_BOUND('',#4224,.T.);
#4226=FACETED_PRIMITIVE_FACE('',(#4225));
#4227=POLY_LOOP('',(#4218,#4185,#4193));
#4228=FACE_OUTER_BOUND('',#4227,.T.);
#4229=FACETED_PRIMITIVE_FACE('',(#4228));
#4231=POLY_LOOP('',(#4230,#3435,#3333));
#4232=FACE_OUTER_BOUND('',#4231,.T.);
#4233=FACETED_PRIMITIVE_FACE('',(#4232));
#4234=POLY_LOOP('',(#4230,#3439,#3435));
#4235=FACE_OUTER_BOUND('',#4234,.T.);
#4236=FACETED_PRIMITIVE_FACE('',(#4235));
#4237=POLY_LOOP('',(#4230,#3333,#4175));
#4238=FACE_OUTER_BOUND('',#4237,.T.);
#4239=FACETED_PRIMITIVE_FACE('',(#4238));
#4241=POLY_LOOP('',(#4240,#4185,#4218));
#4242=FACE_OUTER_BOUND('',#4241,.T.);
#4243=FACETED_PRIMITIVE_FACE('',(#4242));
#4244=POLY_LOOP('',(#4240,#4211,#4167));
#4245=FACE_OUTER_BOUND('',#4244,.T.);
#4246=FACETED_PRIMITIVE_FACE('',(#4245));
#4247=POLY_LOOP('',(#4240,#4167,#4185));
#4248=FACE_OUTER_BOUND('',#4247,.T.);
#4249=FACETED_PRIMITIVE_FACE('',(#4248));
#4251=POLY_LOOP('',(#4250,#4201,#4197));
#4252=FACE_OUTER_BOUND('',#4251,.T.);
#4253=FACETED_PRIMITIVE_FACE('',(#4252));
#4254=POLY_LOOP('',(#4250,#4197,#4211));
#4255=FACE_OUTER_BOUND('',#4254,.T.);
#4256=FACETED_PRIMITIVE_FACE('',(#4255));
#4258=POLY_LOOP('',(#4257,#4218,#4223));
#4259=FACE_OUTER_BOUND('',#4258,.T.);
#4260=FACETED_PRIMITIVE_FACE('',(#4259));
#4262=POLY_LOOP('',(#4257,#4223,#4261));
#4263=FACE_OUTER_BOUND('',#4262,.T.);
#4264=FACETED_PRIMITIVE_FACE('',(#4263));
#4266=POLY_LOOP('',(#4257,#4261,#4265));
#4267=FACE_OUTER_BOUND('',#4266,.T.);
#4268=FACETED_PRIMITIVE_FACE('',(#4267));
#4270=POLY_LOOP('',(#4269,#4175,#4201));
#4271=FACE_OUTER_BOUND('',#4270,.T.);
#4272=FACETED_PRIMITIVE_FACE('',(#4271));
#4273=POLY_LOOP('',(#4269,#4230,#4175));
#4274=FACE_OUTER_BOUND('',#4273,.T.);
#4275=FACETED_PRIMITIVE_FACE('',(#4274));
#4277=POLY_LOOP('',(#4276,#4250,#4211));
#4278=FACE_OUTER_BOUND('',#4277,.T.);
#4279=FACETED_PRIMITIVE_FACE('',(#4278));
#4281=POLY_LOOP('',(#4280,#4240,#4218));
#4282=FACE_OUTER_BOUND('',#4281,.T.);
#4283=FACETED_PRIMITIVE_FACE('',(#4282));
#4285=POLY_LOOP('',(#4284,#4257,#4265));
#4286=FACE_OUTER_BOUND('',#4285,.T.);
#4287=FACETED_PRIMITIVE_FACE('',(#4286));
#4289=POLY_LOOP('',(#4284,#4265,#4288));
#4290=FACE_OUTER_BOUND('',#4289,.T.);
#4291=FACETED_PRIMITIVE_FACE('',(#4290));
#4293=POLY_LOOP('',(#4284,#4288,#4292));
#4294=FACE_OUTER_BOUND('',#4293,.T.);
#4295=FACETED_PRIMITIVE_FACE('',(#4294));
#4297=POLY_LOOP('',(#4296,#3531,#3439));
#4298=FACE_OUTER_BOUND('',#4297,.T.);
#4299=FACETED_PRIMITIVE_FACE('',(#4298));
#4300=POLY_LOOP('',(#4296,#3535,#3531));
#4301=FACE_OUTER_BOUND('',#4300,.T.);
#4302=FACETED_PRIMITIVE_FACE('',(#4301));
#4303=POLY_LOOP('',(#4296,#3439,#4230));
#4304=FACE_OUTER_BOUND('',#4303,.T.);
#4305=FACETED_PRIMITIVE_FACE('',(#4304));
#4307=POLY_LOOP('',(#4306,#4276,#4211));
#4308=FACE_OUTER_BOUND('',#4307,.T.);
#4309=FACETED_PRIMITIVE_FACE('',(#4308));
#4310=POLY_LOOP('',(#4306,#4211,#4240));
#4311=FACE_OUTER_BOUND('',#4310,.T.);
#4312=FACETED_PRIMITIVE_FACE('',(#4311));
#4313=POLY_LOOP('',(#4306,#4240,#4280));
#4314=FACE_OUTER_BOUND('',#4313,.T.);
#4315=FACETED_PRIMITIVE_FACE('',(#4314));
#4317=POLY_LOOP('',(#4316,#4201,#4250));
#4318=FACE_OUTER_BOUND('',#4317,.T.);
#4319=FACETED_PRIMITIVE_FACE('',(#4318));
#4320=POLY_LOOP('',(#4316,#4269,#4201));
#4321=FACE_OUTER_BOUND('',#4320,.T.);
#4322=FACETED_PRIMITIVE_FACE('',(#4321));
#4324=POLY_LOOP('',(#4323,#4218,#4257));
#4325=FACE_OUTER_BOUND('',#4324,.T.);
#4326=FACETED_PRIMITIVE_FACE('',(#4325));
#4327=POLY_LOOP('',(#4323,#4280,#4218));
#4328=FACE_OUTER_BOUND('',#4327,.T.);
#4329=FACETED_PRIMITIVE_FACE('',(#4328));
#4331=POLY_LOOP('',(#4330,#4284,#4292));
#4332=FACE_OUTER_BOUND('',#4331,.T.);
#4333=FACETED_PRIMITIVE_FACE('',(#4332));
#4335=POLY_LOOP('',(#4330,#4292,#4334));
#4336=FACE_OUTER_BOUND('',#4335,.T.);
#4337=FACETED_PRIMITIVE_FACE('',(#4336));
#4339=POLY_LOOP('',(#4330,#4334,#4338));
#4340=FACE_OUTER_BOUND('',#4339,.T.);
#4341=FACETED_PRIMITIVE_FACE('',(#4340));
#4343=POLY_LOOP('',(#4342,#4230,#4269));
#4344=FACE_OUTER_BOUND('',#4343,.T.);
#4345=FACETED_PRIMITIVE_FACE('',(#4344));
#4346=POLY_LOOP('',(#4342,#4296,#4230));
#4347=FACE_OUTER_BOUND('',#4346,.T.);
#4348=FACETED_PRIMITIVE_FACE('',(#4347));
#4349=POLY_LOOP('',(#4342,#4269,#4316));
#4350=FACE_OUTER_BOUND('',#4349,.T.);
#4351=FACETED_PRIMITIVE_FACE('',(#4350));
#4353=POLY_LOOP('',(#4352,#4316,#4250));
#4354=FACE_OUTER_BOUND('',#4353,.T.);
#4355=FACETED_PRIMITIVE_FACE('',(#4354));
#4356=POLY_LOOP('',(#4352,#4250,#4276));
#4357=FACE_OUTER_BOUND('',#4356,.T.);
#4358=FACETED_PRIMITIVE_FACE('',(#4357));
#4360=POLY_LOOP('',(#4359,#4306,#4280));
#4361=FACE_OUTER_BOUND('',#4360,.T.);
#4362=FACETED_PRIMITIVE_FACE('',(#4361));
#4364=POLY_LOOP('',(#4363,#4323,#4257));
#4365=FACE_OUTER_BOUND('',#4364,.T.);
#4366=FACETED_PRIMITIVE_FACE('',(#4365));
#4367=POLY_LOOP('',(#4363,#4257,#4284));
#4368=FACE_OUTER_BOUND('',#4367,.T.);
#4369=FACETED_PRIMITIVE_FACE('',(#4368));
#4371=POLY_LOOP('',(#4370,#3604,#3535));
#4372=FACE_OUTER_BOUND('',#4371,.T.);
#4373=FACETED_PRIMITIVE_FACE('',(#4372));
#4374=POLY_LOOP('',(#4370,#3608,#3604));
#4375=FACE_OUTER_BOUND('',#4374,.T.);
#4376=FACETED_PRIMITIVE_FACE('',(#4375));
#4377=POLY_LOOP('',(#4370,#3535,#4296));
#4378=FACE_OUTER_BOUND('',#4377,.T.);
#4379=FACETED_PRIMITIVE_FACE('',(#4378));
#4381=POLY_LOOP('',(#4380,#4276,#4306));
#4382=FACE_OUTER_BOUND('',#4381,.T.);
#4383=FACETED_PRIMITIVE_FACE('',(#4382));
#4384=POLY_LOOP('',(#4380,#4352,#4276));
#4385=FACE_OUTER_BOUND('',#4384,.T.);
#4386=FACETED_PRIMITIVE_FACE('',(#4385));
#4388=POLY_LOOP('',(#4387,#4330,#4338));
#4389=FACE_OUTER_BOUND('',#4388,.T.);
#4390=FACETED_PRIMITIVE_FACE('',(#4389));
#4392=POLY_LOOP('',(#4387,#4338,#4391));
#4393=FACE_OUTER_BOUND('',#4392,.T.);
#4394=FACETED_PRIMITIVE_FACE('',(#4393));
#4396=POLY_LOOP('',(#4395,#4316,#4352));
#4397=FACE_OUTER_BOUND('',#4396,.T.);
#4398=FACETED_PRIMITIVE_FACE('',(#4397));
#4399=POLY_LOOP('',(#4395,#4342,#4316));
#4400=FACE_OUTER_BOUND('',#4399,.T.);
#4401=FACETED_PRIMITIVE_FACE('',(#4400));
#4403=POLY_LOOP('',(#4402,#4359,#4280));
#4404=FACE_OUTER_BOUND('',#4403,.T.);
#4405=FACETED_PRIMITIVE_FACE('',(#4404));
#4406=POLY_LOOP('',(#4402,#4280,#4323));
#4407=FACE_OUTER_BOUND('',#4406,.T.);
#4408=FACETED_PRIMITIVE_FACE('',(#4407));
#4410=POLY_LOOP('',(#4409,#4284,#4330));
#4411=FACE_OUTER_BOUND('',#4410,.T.);
#4412=FACETED_PRIMITIVE_FACE('',(#4411));
#4413=POLY_LOOP('',(#4409,#4363,#4284));
#4414=FACE_OUTER_BOUND('',#4413,.T.);
#4415=FACETED_PRIMITIVE_FACE('',(#4414));
#4417=POLY_LOOP('',(#4416,#4296,#4342));
#4418=FACE_OUTER_BOUND('',#4417,.T.);
#4419=FACETED_PRIMITIVE_FACE('',(#4418));
#4420=POLY_LOOP('',(#4416,#4370,#4296));
#4421=FACE_OUTER_BOUND('',#4420,.T.);
#4422=FACETED_PRIMITIVE_FACE('',(#4421));
#4425=POLY_LOOP('',(#4423,#4391,#4424));
#4426=FACE_OUTER_BOUND('',#4425,.T.);
#4427=FACETED_PRIMITIVE_FACE('',(#4426));
#4429=POLY_LOOP('',(#4423,#4424,#4428));
#4430=FACE_OUTER_BOUND('',#4429,.T.);
#4431=FACETED_PRIMITIVE_FACE('',(#4430));
#4432=POLY_LOOP('',(#4423,#4387,#4391));
#4433=FACE_OUTER_BOUND('',#4432,.T.);
#4434=FACETED_PRIMITIVE_FACE('',(#4433));
#4436=POLY_LOOP('',(#4435,#4395,#4352));
#4437=FACE_OUTER_BOUND('',#4436,.T.);
#4438=FACETED_PRIMITIVE_FACE('',(#4437));
#4440=POLY_LOOP('',(#4439,#4380,#4306));
#4441=FACE_OUTER_BOUND('',#4440,.T.);
#4442=FACETED_PRIMITIVE_FACE('',(#4441));
#4443=POLY_LOOP('',(#4439,#4306,#4359));
#4444=FACE_OUTER_BOUND('',#4443,.T.);
#4445=FACETED_PRIMITIVE_FACE('',(#4444));
#4447=POLY_LOOP('',(#4446,#4428,#4058));
#4448=FACE_OUTER_BOUND('',#4447,.T.);
#4449=FACETED_PRIMITIVE_FACE('',(#4448));
#4450=POLY_LOOP('',(#4446,#4423,#4428));
#4451=FACE_OUTER_BOUND('',#4450,.T.);
#4452=FACETED_PRIMITIVE_FACE('',(#4451));
#4454=POLY_LOOP('',(#4453,#4323,#4363));
#4455=FACE_OUTER_BOUND('',#4454,.T.);
#4456=FACETED_PRIMITIVE_FACE('',(#4455));
#4457=POLY_LOOP('',(#4453,#4402,#4323));
#4458=FACE_OUTER_BOUND('',#4457,.T.);
#4459=FACETED_PRIMITIVE_FACE('',(#4458));
#4460=POLY_LOOP('',(#4453,#4363,#4409));
#4461=FACE_OUTER_BOUND('',#4460,.T.);
#4462=FACETED_PRIMITIVE_FACE('',(#4461));
#4464=POLY_LOOP('',(#4463,#3678,#3608));
#4465=FACE_OUTER_BOUND('',#4464,.T.);
#4466=FACETED_PRIMITIVE_FACE('',(#4465));
#4467=POLY_LOOP('',(#4463,#3682,#3678));
#4468=FACE_OUTER_BOUND('',#4467,.T.);
#4469=FACETED_PRIMITIVE_FACE('',(#4468));
#4470=POLY_LOOP('',(#4463,#3608,#4370));
#4471=FACE_OUTER_BOUND('',#4470,.T.);
#4472=FACETED_PRIMITIVE_FACE('',(#4471));
#4474=POLY_LOOP('',(#4473,#4352,#4380));
#4475=FACE_OUTER_BOUND('',#4474,.T.);
#4476=FACETED_PRIMITIVE_FACE('',(#4475));
#4477=POLY_LOOP('',(#4473,#4435,#4352));
#4478=FACE_OUTER_BOUND('',#4477,.T.);
#4479=FACETED_PRIMITIVE_FACE('',(#4478));
#4481=POLY_LOOP('',(#4480,#4330,#4387));
#4482=FACE_OUTER_BOUND('',#4481,.T.);
#4483=FACETED_PRIMITIVE_FACE('',(#4482));
#4484=POLY_LOOP('',(#4480,#4409,#4330));
#4485=FACE_OUTER_BOUND('',#4484,.T.);
#4486=FACETED_PRIMITIVE_FACE('',(#4485));
#4488=POLY_LOOP('',(#4487,#4342,#4395));
#4489=FACE_OUTER_BOUND('',#4488,.T.);
#4490=FACETED_PRIMITIVE_FACE('',(#4489));
#4491=POLY_LOOP('',(#4487,#4416,#4342));
#4492=FACE_OUTER_BOUND('',#4491,.T.);
#4493=FACETED_PRIMITIVE_FACE('',(#4492));
#4495=POLY_LOOP('',(#4494,#4359,#4402));
#4496=FACE_OUTER_BOUND('',#4495,.T.);
#4497=FACETED_PRIMITIVE_FACE('',(#4496));
#4498=POLY_LOOP('',(#4494,#4439,#4359));
#4499=FACE_OUTER_BOUND('',#4498,.T.);
#4500=FACETED_PRIMITIVE_FACE('',(#4499));
#4502=POLY_LOOP('',(#4501,#4453,#4409));
#4503=FACE_OUTER_BOUND('',#4502,.T.);
#4504=FACETED_PRIMITIVE_FACE('',(#4503));
#4506=POLY_LOOP('',(#4505,#4463,#4370));
#4507=FACE_OUTER_BOUND('',#4506,.T.);
#4508=FACETED_PRIMITIVE_FACE('',(#4507));
#4509=POLY_LOOP('',(#4505,#4370,#4416));
#4510=FACE_OUTER_BOUND('',#4509,.T.);
#4511=FACETED_PRIMITIVE_FACE('',(#4510));
#4513=POLY_LOOP('',(#4512,#4387,#4423));
#4514=FACE_OUTER_BOUND('',#4513,.T.);
#4515=FACETED_PRIMITIVE_FACE('',(#4514));
#4516=POLY_LOOP('',(#4512,#4480,#4387));
#4517=FACE_OUTER_BOUND('',#4516,.T.);
#4518=FACETED_PRIMITIVE_FACE('',(#4517));
#4520=POLY_LOOP('',(#4519,#4446,#4058));
#4521=FACE_OUTER_BOUND('',#4520,.T.);
#4522=FACETED_PRIMITIVE_FACE('',(#4521));
#4523=POLY_LOOP('',(#4519,#2516,#2520));
#4524=FACE_OUTER_BOUND('',#4523,.T.);
#4525=FACETED_PRIMITIVE_FACE('',(#4524));
#4526=POLY_LOOP('',(#4519,#2520,#2527));
#4527=FACE_OUTER_BOUND('',#4526,.T.);
#4528=FACETED_PRIMITIVE_FACE('',(#4527));
#4529=POLY_LOOP('',(#4519,#4058,#2516));
#4530=FACE_OUTER_BOUND('',#4529,.T.);
#4531=FACETED_PRIMITIVE_FACE('',(#4530));
#4533=POLY_LOOP('',(#4532,#4395,#4435));
#4534=FACE_OUTER_BOUND('',#4533,.T.);
#4535=FACETED_PRIMITIVE_FACE('',(#4534));
#4536=POLY_LOOP('',(#4532,#4487,#4395));
#4537=FACE_OUTER_BOUND('',#4536,.T.);
#4538=FACETED_PRIMITIVE_FACE('',(#4537));
#4540=POLY_LOOP('',(#4539,#4380,#4439));
#4541=FACE_OUTER_BOUND('',#4540,.T.);
#4542=FACETED_PRIMITIVE_FACE('',(#4541));
#4543=POLY_LOOP('',(#4539,#4473,#4380));
#4544=FACE_OUTER_BOUND('',#4543,.T.);
#4545=FACETED_PRIMITIVE_FACE('',(#4544));
#4547=POLY_LOOP('',(#4546,#4423,#4446));
#4548=FACE_OUTER_BOUND('',#4547,.T.);
#4549=FACETED_PRIMITIVE_FACE('',(#4548));
#4550=POLY_LOOP('',(#4546,#4512,#4423));
#4551=FACE_OUTER_BOUND('',#4550,.T.);
#4552=FACETED_PRIMITIVE_FACE('',(#4551));
#4554=POLY_LOOP('',(#4553,#4494,#4402));
#4555=FACE_OUTER_BOUND('',#4554,.T.);
#4556=FACETED_PRIMITIVE_FACE('',(#4555));
#4557=POLY_LOOP('',(#4553,#4402,#4453));
#4558=FACE_OUTER_BOUND('',#4557,.T.);
#4559=FACETED_PRIMITIVE_FACE('',(#4558));
#4561=POLY_LOOP('',(#4560,#3732,#3682));
#4562=FACE_OUTER_BOUND('',#4561,.T.);
#4563=FACETED_PRIMITIVE_FACE('',(#4562));
#4564=POLY_LOOP('',(#4560,#3736,#3732));
#4565=FACE_OUTER_BOUND('',#4564,.T.);
#4566=FACETED_PRIMITIVE_FACE('',(#4565));
#4567=POLY_LOOP('',(#4560,#4463,#4505));
#4568=FACE_OUTER_BOUND('',#4567,.T.);
#4569=FACETED_PRIMITIVE_FACE('',(#4568));
#4570=POLY_LOOP('',(#4560,#3682,#4463));
#4571=FACE_OUTER_BOUND('',#4570,.T.);
#4572=FACETED_PRIMITIVE_FACE('',(#4571));
#4574=POLY_LOOP('',(#4573,#4532,#4435));
#4575=FACE_OUTER_BOUND('',#4574,.T.);
#4576=FACETED_PRIMITIVE_FACE('',(#4575));
#4577=POLY_LOOP('',(#4573,#4435,#4473));
#4578=FACE_OUTER_BOUND('',#4577,.T.);
#4579=FACETED_PRIMITIVE_FACE('',(#4578));
#4581=POLY_LOOP('',(#4580,#4501,#4409));
#4582=FACE_OUTER_BOUND('',#4581,.T.);
#4583=FACETED_PRIMITIVE_FACE('',(#4582));
#4584=POLY_LOOP('',(#4580,#4409,#4480));
#4585=FACE_OUTER_BOUND('',#4584,.T.);
#4586=FACETED_PRIMITIVE_FACE('',(#4585));
#4588=POLY_LOOP('',(#4587,#4416,#4487));
#4589=FACE_OUTER_BOUND('',#4588,.T.);
#4590=FACETED_PRIMITIVE_FACE('',(#4589));
#4591=POLY_LOOP('',(#4587,#4505,#4416));
#4592=FACE_OUTER_BOUND('',#4591,.T.);
#4593=FACETED_PRIMITIVE_FACE('',(#4592));
#4595=POLY_LOOP('',(#4594,#4539,#4439));
#4596=FACE_OUTER_BOUND('',#4595,.T.);
#4597=FACETED_PRIMITIVE_FACE('',(#4596));
#4598=POLY_LOOP('',(#4594,#4439,#4494));
#4599=FACE_OUTER_BOUND('',#4598,.T.);
#4600=FACETED_PRIMITIVE_FACE('',(#4599));
#4602=POLY_LOOP('',(#4601,#4553,#4453));
#4603=FACE_OUTER_BOUND('',#4602,.T.);
#4604=FACETED_PRIMITIVE_FACE('',(#4603));
#4605=POLY_LOOP('',(#4601,#4453,#4501));
#4606=FACE_OUTER_BOUND('',#4605,.T.);
#4607=FACETED_PRIMITIVE_FACE('',(#4606));
#4609=POLY_LOOP('',(#4608,#4560,#4505));
#4610=FACE_OUTER_BOUND('',#4609,.T.);
#4611=FACETED_PRIMITIVE_FACE('',(#4610));
#4612=POLY_LOOP('',(#4608,#4505,#4587));
#4613=FACE_OUTER_BOUND('',#4612,.T.);
#4614=FACETED_PRIMITIVE_FACE('',(#4613));
#4616=POLY_LOOP('',(#4615,#4480,#4512));
#4617=FACE_OUTER_BOUND('',#4616,.T.);
#4618=FACETED_PRIMITIVE_FACE('',(#4617));
#4619=POLY_LOOP('',(#4615,#4580,#4480));
#4620=FACE_OUTER_BOUND('',#4619,.T.);
#4621=FACETED_PRIMITIVE_FACE('',(#4620));
#4622=POLY_LOOP('',(#4615,#4512,#4546));
#4623=FACE_OUTER_BOUND('',#4622,.T.);
#4624=FACETED_PRIMITIVE_FACE('',(#4623));
#4626=POLY_LOOP('',(#4625,#4546,#4446));
#4627=FACE_OUTER_BOUND('',#4626,.T.);
#4628=FACETED_PRIMITIVE_FACE('',(#4627));
#4629=POLY_LOOP('',(#4625,#4519,#2527));
#4630=FACE_OUTER_BOUND('',#4629,.T.);
#4631=FACETED_PRIMITIVE_FACE('',(#4630));
#4632=POLY_LOOP('',(#4625,#4446,#4519));
#4633=FACE_OUTER_BOUND('',#4632,.T.);
#4634=FACETED_PRIMITIVE_FACE('',(#4633));
#4635=POLY_LOOP('',(#4625,#2527,#2534));
#4636=FACE_OUTER_BOUND('',#4635,.T.);
#4637=FACETED_PRIMITIVE_FACE('',(#4636));
#4638=POLY_LOOP('',(#4625,#2534,#2544));
#4639=FACE_OUTER_BOUND('',#4638,.T.);
#4640=FACETED_PRIMITIVE_FACE('',(#4639));
#4642=POLY_LOOP('',(#4641,#4487,#4532));
#4643=FACE_OUTER_BOUND('',#4642,.T.);
#4644=FACETED_PRIMITIVE_FACE('',(#4643));
#4645=POLY_LOOP('',(#4641,#4587,#4487));
#4646=FACE_OUTER_BOUND('',#4645,.T.);
#4647=FACETED_PRIMITIVE_FACE('',(#4646));
#4649=POLY_LOOP('',(#4648,#4573,#4473));
#4650=FACE_OUTER_BOUND('',#4649,.T.);
#4651=FACETED_PRIMITIVE_FACE('',(#4650));
#4652=POLY_LOOP('',(#4648,#4473,#4539));
#4653=FACE_OUTER_BOUND('',#4652,.T.);
#4654=FACETED_PRIMITIVE_FACE('',(#4653));
#4656=POLY_LOOP('',(#4655,#4546,#4625));
#4657=FACE_OUTER_BOUND('',#4656,.T.);
#4658=FACETED_PRIMITIVE_FACE('',(#4657));
#4659=POLY_LOOP('',(#4655,#4615,#4546));
#4660=FACE_OUTER_BOUND('',#4659,.T.);
#4661=FACETED_PRIMITIVE_FACE('',(#4660));
#4663=POLY_LOOP('',(#4662,#4494,#4553));
#4664=FACE_OUTER_BOUND('',#4663,.T.);
#4665=FACETED_PRIMITIVE_FACE('',(#4664));
#4666=POLY_LOOP('',(#4662,#4594,#4494));
#4667=FACE_OUTER_BOUND('',#4666,.T.);
#4668=FACETED_PRIMITIVE_FACE('',(#4667));
#4670=POLY_LOOP('',(#4669,#4090,#3764));
#4671=FACE_OUTER_BOUND('',#4670,.T.);
#4672=FACETED_PRIMITIVE_FACE('',(#4671));
#4673=POLY_LOOP('',(#4669,#3760,#3736));
#4674=FACE_OUTER_BOUND('',#4673,.T.);
#4675=FACETED_PRIMITIVE_FACE('',(#4674));
#4676=POLY_LOOP('',(#4669,#3764,#3760));
#4677=FACE_OUTER_BOUND('',#4676,.T.);
#4678=FACETED_PRIMITIVE_FACE('',(#4677));
#4679=POLY_LOOP('',(#4669,#3736,#4560));
#4680=FACE_OUTER_BOUND('',#4679,.T.);
#4681=FACETED_PRIMITIVE_FACE('',(#4680));
#4683=POLY_LOOP('',(#4682,#4532,#4573));
#4684=FACE_OUTER_BOUND('',#4683,.T.);
#4685=FACETED_PRIMITIVE_FACE('',(#4684));
#4686=POLY_LOOP('',(#4682,#4641,#4532));
#4687=FACE_OUTER_BOUND('',#4686,.T.);
#4688=FACETED_PRIMITIVE_FACE('',(#4687));
#4689=POLY_LOOP('',(#4682,#4573,#4648));
#4690=FACE_OUTER_BOUND('',#4689,.T.);
#4691=FACETED_PRIMITIVE_FACE('',(#4690));
#4693=POLY_LOOP('',(#4692,#4601,#4501));
#4694=FACE_OUTER_BOUND('',#4693,.T.);
#4695=FACETED_PRIMITIVE_FACE('',(#4694));
#4696=POLY_LOOP('',(#4692,#4501,#4580));
#4697=FACE_OUTER_BOUND('',#4696,.T.);
#4698=FACETED_PRIMITIVE_FACE('',(#4697));
#4700=POLY_LOOP('',(#4699,#4608,#4587));
#4701=FACE_OUTER_BOUND('',#4700,.T.);
#4702=FACETED_PRIMITIVE_FACE('',(#4701));
#4704=POLY_LOOP('',(#4703,#4539,#4594));
#4705=FACE_OUTER_BOUND('',#4704,.T.);
#4706=FACETED_PRIMITIVE_FACE('',(#4705));
#4707=POLY_LOOP('',(#4703,#4648,#4539));
#4708=FACE_OUTER_BOUND('',#4707,.T.);
#4709=FACETED_PRIMITIVE_FACE('',(#4708));
#4711=POLY_LOOP('',(#4710,#4553,#4601));
#4712=FACE_OUTER_BOUND('',#4711,.T.);
#4713=FACETED_PRIMITIVE_FACE('',(#4712));
#4714=POLY_LOOP('',(#4710,#4662,#4553));
#4715=FACE_OUTER_BOUND('',#4714,.T.);
#4716=FACETED_PRIMITIVE_FACE('',(#4715));
#4719=POLY_LOOP('',(#4717,#4718,#4090));
#4720=FACE_OUTER_BOUND('',#4719,.T.);
#4721=FACETED_PRIMITIVE_FACE('',(#4720));
#4723=POLY_LOOP('',(#4717,#4722,#4718));
#4724=FACE_OUTER_BOUND('',#4723,.T.);
#4725=FACETED_PRIMITIVE_FACE('',(#4724));
#4726=POLY_LOOP('',(#4717,#4090,#4669));
#4727=FACE_OUTER_BOUND('',#4726,.T.);
#4728=FACETED_PRIMITIVE_FACE('',(#4727));
#4729=POLY_LOOP('',(#4717,#4560,#4608));
#4730=FACE_OUTER_BOUND('',#4729,.T.);
#4731=FACETED_PRIMITIVE_FACE('',(#4730));
#4732=POLY_LOOP('',(#4717,#4669,#4560));
#4733=FACE_OUTER_BOUND('',#4732,.T.);
#4734=FACETED_PRIMITIVE_FACE('',(#4733));
#4736=POLY_LOOP('',(#4735,#4580,#4615));
#4737=FACE_OUTER_BOUND('',#4736,.T.);
#4738=FACETED_PRIMITIVE_FACE('',(#4737));
#4739=POLY_LOOP('',(#4735,#4692,#4580));
#4740=FACE_OUTER_BOUND('',#4739,.T.);
#4741=FACETED_PRIMITIVE_FACE('',(#4740));
#4743=POLY_LOOP('',(#4742,#2544,#2551));
#4744=FACE_OUTER_BOUND('',#4743,.T.);
#4745=FACETED_PRIMITIVE_FACE('',(#4744));
#4746=POLY_LOOP('',(#4742,#2551,#2558));
#4747=FACE_OUTER_BOUND('',#4746,.T.);
#4748=FACETED_PRIMITIVE_FACE('',(#4747));
#4749=POLY_LOOP('',(#4742,#4655,#4625));
#4750=FACE_OUTER_BOUND('',#4749,.T.);
#4751=FACETED_PRIMITIVE_FACE('',(#4750));
#4752=POLY_LOOP('',(#4742,#4625,#2544));
#4753=FACE_OUTER_BOUND('',#4752,.T.);
#4754=FACETED_PRIMITIVE_FACE('',(#4753));
#4756=POLY_LOOP('',(#4755,#4587,#4641));
#4757=FACE_OUTER_BOUND('',#4756,.T.);
#4758=FACETED_PRIMITIVE_FACE('',(#4757));
#4759=POLY_LOOP('',(#4755,#4699,#4587));
#4760=FACE_OUTER_BOUND('',#4759,.T.);
#4761=FACETED_PRIMITIVE_FACE('',(#4760));
#4763=POLY_LOOP('',(#4762,#4682,#4648));
#4764=FACE_OUTER_BOUND('',#4763,.T.);
#4765=FACETED_PRIMITIVE_FACE('',(#4764));
#4767=POLY_LOOP('',(#4766,#4735,#4615));
#4768=FACE_OUTER_BOUND('',#4767,.T.);
#4769=FACETED_PRIMITIVE_FACE('',(#4768));
#4770=POLY_LOOP('',(#4766,#4615,#4655));
#4771=FACE_OUTER_BOUND('',#4770,.T.);
#4772=FACETED_PRIMITIVE_FACE('',(#4771));
#4774=POLY_LOOP('',(#4773,#4594,#4662));
#4775=FACE_OUTER_BOUND('',#4774,.T.);
#4776=FACETED_PRIMITIVE_FACE('',(#4775));
#4777=POLY_LOOP('',(#4773,#4703,#4594));
#4778=FACE_OUTER_BOUND('',#4777,.T.);
#4779=FACETED_PRIMITIVE_FACE('',(#4778));
#4781=POLY_LOOP('',(#4780,#4755,#4641));
#4782=FACE_OUTER_BOUND('',#4781,.T.);
#4783=FACETED_PRIMITIVE_FACE('',(#4782));
#4784=POLY_LOOP('',(#4780,#4641,#4682));
#4785=FACE_OUTER_BOUND('',#4784,.T.);
#4786=FACETED_PRIMITIVE_FACE('',(#4785));
#4788=POLY_LOOP('',(#4787,#4710,#4601));
#4789=FACE_OUTER_BOUND('',#4788,.T.);
#4790=FACETED_PRIMITIVE_FACE('',(#4789));
#4791=POLY_LOOP('',(#4787,#4601,#4692));
#4792=FACE_OUTER_BOUND('',#4791,.T.);
#4793=FACETED_PRIMITIVE_FACE('',(#4792));
#4795=POLY_LOOP('',(#4794,#4717,#4608));
#4796=FACE_OUTER_BOUND('',#4795,.T.);
#4797=FACETED_PRIMITIVE_FACE('',(#4796));
#4799=POLY_LOOP('',(#4794,#4798,#4722));
#4800=FACE_OUTER_BOUND('',#4799,.T.);
#4801=FACETED_PRIMITIVE_FACE('',(#4800));
#4803=POLY_LOOP('',(#4794,#4802,#4798));
#4804=FACE_OUTER_BOUND('',#4803,.T.);
#4805=FACETED_PRIMITIVE_FACE('',(#4804));
#4806=POLY_LOOP('',(#4794,#4608,#4699));
#4807=FACE_OUTER_BOUND('',#4806,.T.);
#4808=FACETED_PRIMITIVE_FACE('',(#4807));
#4809=POLY_LOOP('',(#4794,#4722,#4717));
#4810=FACE_OUTER_BOUND('',#4809,.T.);
#4811=FACETED_PRIMITIVE_FACE('',(#4810));
#4813=POLY_LOOP('',(#4812,#4648,#4703));
#4814=FACE_OUTER_BOUND('',#4813,.T.);
#4815=FACETED_PRIMITIVE_FACE('',(#4814));
#4816=POLY_LOOP('',(#4812,#4762,#4648));
#4817=FACE_OUTER_BOUND('',#4816,.T.);
#4818=FACETED_PRIMITIVE_FACE('',(#4817));
#4820=POLY_LOOP('',(#4819,#4710,#4787));
#4821=FACE_OUTER_BOUND('',#4820,.T.);
#4822=FACETED_PRIMITIVE_FACE('',(#4821));
#4823=POLY_LOOP('',(#4819,#4662,#4710));
#4824=FACE_OUTER_BOUND('',#4823,.T.);
#4825=FACETED_PRIMITIVE_FACE('',(#4824));
#4826=POLY_LOOP('',(#4819,#4773,#4662));
#4827=FACE_OUTER_BOUND('',#4826,.T.);
#4828=FACETED_PRIMITIVE_FACE('',(#4827));
#4830=POLY_LOOP('',(#4829,#4735,#4766));
#4831=FACE_OUTER_BOUND('',#4830,.T.);
#4832=FACETED_PRIMITIVE_FACE('',(#4831));
#4833=POLY_LOOP('',(#4829,#4692,#4735));
#4834=FACE_OUTER_BOUND('',#4833,.T.);
#4835=FACETED_PRIMITIVE_FACE('',(#4834));
#4836=POLY_LOOP('',(#4829,#4787,#4692));
#4837=FACE_OUTER_BOUND('',#4836,.T.);
#4838=FACETED_PRIMITIVE_FACE('',(#4837));
#4840=POLY_LOOP('',(#4839,#4766,#4655));
#4841=FACE_OUTER_BOUND('',#4840,.T.);
#4842=FACETED_PRIMITIVE_FACE('',(#4841));
#4843=POLY_LOOP('',(#4839,#4742,#2558));
#4844=FACE_OUTER_BOUND('',#4843,.T.);
#4845=FACETED_PRIMITIVE_FACE('',(#4844));
#4846=POLY_LOOP('',(#4839,#4655,#4742));
#4847=FACE_OUTER_BOUND('',#4846,.T.);
#4848=FACETED_PRIMITIVE_FACE('',(#4847));
#4849=POLY_LOOP('',(#4839,#2558,#2565));
#4850=FACE_OUTER_BOUND('',#4849,.T.);
#4851=FACETED_PRIMITIVE_FACE('',(#4850));
#4852=POLY_LOOP('',(#4839,#2565,#2572));
#4853=FACE_OUTER_BOUND('',#4852,.T.);
#4854=FACETED_PRIMITIVE_FACE('',(#4853));
#4856=POLY_LOOP('',(#4855,#4802,#4794));
#4857=FACE_OUTER_BOUND('',#4856,.T.);
#4858=FACETED_PRIMITIVE_FACE('',(#4857));
#4859=POLY_LOOP('',(#4855,#4794,#4699));
#4860=FACE_OUTER_BOUND('',#4859,.T.);
#4861=FACETED_PRIMITIVE_FACE('',(#4860));
#4862=POLY_LOOP('',(#4855,#4755,#4780));
#4863=FACE_OUTER_BOUND('',#4862,.T.);
#4864=FACETED_PRIMITIVE_FACE('',(#4863));
#4865=POLY_LOOP('',(#4855,#4699,#4755));
#4866=FACE_OUTER_BOUND('',#4865,.T.);
#4867=FACETED_PRIMITIVE_FACE('',(#4866));
#4869=POLY_LOOP('',(#4868,#4780,#4682));
#4870=FACE_OUTER_BOUND('',#4869,.T.);
#4871=FACETED_PRIMITIVE_FACE('',(#4870));
#4872=POLY_LOOP('',(#4868,#4762,#4812));
#4873=FACE_OUTER_BOUND('',#4872,.T.);
#4874=FACETED_PRIMITIVE_FACE('',(#4873));
#4875=POLY_LOOP('',(#4868,#4682,#4762));
#4876=FACE_OUTER_BOUND('',#4875,.T.);
#4877=FACETED_PRIMITIVE_FACE('',(#4876));
#4879=POLY_LOOP('',(#4878,#4829,#4766));
#4880=FACE_OUTER_BOUND('',#4879,.T.);
#4881=FACETED_PRIMITIVE_FACE('',(#4880));
#4883=POLY_LOOP('',(#4882,#4703,#4773));
#4884=FACE_OUTER_BOUND('',#4883,.T.);
#4885=FACETED_PRIMITIVE_FACE('',(#4884));
#4886=POLY_LOOP('',(#4882,#4812,#4703));
#4887=FACE_OUTER_BOUND('',#4886,.T.);
#4888=FACETED_PRIMITIVE_FACE('',(#4887));
#4890=POLY_LOOP('',(#4889,#4780,#4868));
#4891=FACE_OUTER_BOUND('',#4890,.T.);
#4892=FACETED_PRIMITIVE_FACE('',(#4891));
#4894=POLY_LOOP('',(#4889,#4893,#4802));
#4895=FACE_OUTER_BOUND('',#4894,.T.);
#4896=FACETED_PRIMITIVE_FACE('',(#4895));
#4898=POLY_LOOP('',(#4889,#4897,#4893));
#4899=FACE_OUTER_BOUND('',#4898,.T.);
#4900=FACETED_PRIMITIVE_FACE('',(#4899));
#4901=POLY_LOOP('',(#4889,#4802,#4855));
#4902=FACE_OUTER_BOUND('',#4901,.T.);
#4903=FACETED_PRIMITIVE_FACE('',(#4902));
#4904=POLY_LOOP('',(#4889,#4855,#4780));
#4905=FACE_OUTER_BOUND('',#4904,.T.);
#4906=FACETED_PRIMITIVE_FACE('',(#4905));
#4908=POLY_LOOP('',(#4907,#4819,#4787));
#4909=FACE_OUTER_BOUND('',#4908,.T.);
#4910=FACETED_PRIMITIVE_FACE('',(#4909));
#4912=POLY_LOOP('',(#4911,#4868,#4812));
#4913=FACE_OUTER_BOUND('',#4912,.T.);
#4914=FACETED_PRIMITIVE_FACE('',(#4913));
#4916=POLY_LOOP('',(#4915,#4882,#4773));
#4917=FACE_OUTER_BOUND('',#4916,.T.);
#4918=FACETED_PRIMITIVE_FACE('',(#4917));
#4919=POLY_LOOP('',(#4915,#4773,#4819));
#4920=FACE_OUTER_BOUND('',#4919,.T.);
#4921=FACETED_PRIMITIVE_FACE('',(#4920));
#4923=POLY_LOOP('',(#4922,#4787,#4829));
#4924=FACE_OUTER_BOUND('',#4923,.T.);
#4925=FACETED_PRIMITIVE_FACE('',(#4924));
#4926=POLY_LOOP('',(#4922,#4829,#4878));
#4927=FACE_OUTER_BOUND('',#4926,.T.);
#4928=FACETED_PRIMITIVE_FACE('',(#4927));
#4929=POLY_LOOP('',(#4922,#4907,#4787));
#4930=FACE_OUTER_BOUND('',#4929,.T.);
#4931=FACETED_PRIMITIVE_FACE('',(#4930));
#4933=POLY_LOOP('',(#4932,#4878,#4766));
#4934=FACE_OUTER_BOUND('',#4933,.T.);
#4935=FACETED_PRIMITIVE_FACE('',(#4934));
#4936=POLY_LOOP('',(#4932,#4839,#2572));
#4937=FACE_OUTER_BOUND('',#4936,.T.);
#4938=FACETED_PRIMITIVE_FACE('',(#4937));
#4939=POLY_LOOP('',(#4932,#2572,#2579));
#4940=FACE_OUTER_BOUND('',#4939,.T.);
#4941=FACETED_PRIMITIVE_FACE('',(#4940));
#4942=POLY_LOOP('',(#4932,#2579,#2589));
#4943=FACE_OUTER_BOUND('',#4942,.T.);
#4944=FACETED_PRIMITIVE_FACE('',(#4943));
#4945=POLY_LOOP('',(#4932,#4766,#4839));
#4946=FACE_OUTER_BOUND('',#4945,.T.);
#4947=FACETED_PRIMITIVE_FACE('',(#4946));
#4950=POLY_LOOP('',(#4948,#4949,#4897));
#4951=FACE_OUTER_BOUND('',#4950,.T.);
#4952=FACETED_PRIMITIVE_FACE('',(#4951));
#4954=POLY_LOOP('',(#4948,#4953,#4949));
#4955=FACE_OUTER_BOUND('',#4954,.T.);
#4956=FACETED_PRIMITIVE_FACE('',(#4955));
#4957=POLY_LOOP('',(#4948,#4889,#4868));
#4958=FACE_OUTER_BOUND('',#4957,.T.);
#4959=FACETED_PRIMITIVE_FACE('',(#4958));
#4960=POLY_LOOP('',(#4948,#4897,#4889));
#4961=FACE_OUTER_BOUND('',#4960,.T.);
#4962=FACETED_PRIMITIVE_FACE('',(#4961));
#4964=POLY_LOOP('',(#4963,#4922,#4878));
#4965=FACE_OUTER_BOUND('',#4964,.T.);
#4966=FACETED_PRIMITIVE_FACE('',(#4965));
#4968=POLY_LOOP('',(#4967,#4911,#4812));
#4969=FACE_OUTER_BOUND('',#4968,.T.);
#4970=FACETED_PRIMITIVE_FACE('',(#4969));
#4971=POLY_LOOP('',(#4967,#4812,#4882));
#4972=FACE_OUTER_BOUND('',#4971,.T.);
#4973=FACETED_PRIMITIVE_FACE('',(#4972));
#4975=POLY_LOOP('',(#4974,#4819,#4907));
#4976=FACE_OUTER_BOUND('',#4975,.T.);
#4977=FACETED_PRIMITIVE_FACE('',(#4976));
#4978=POLY_LOOP('',(#4974,#4915,#4819));
#4979=FACE_OUTER_BOUND('',#4978,.T.);
#4980=FACETED_PRIMITIVE_FACE('',(#4979));
#4983=POLY_LOOP('',(#4981,#4982,#4953));
#4984=FACE_OUTER_BOUND('',#4983,.T.);
#4985=FACETED_PRIMITIVE_FACE('',(#4984));
#4987=POLY_LOOP('',(#4981,#4986,#4982));
#4988=FACE_OUTER_BOUND('',#4987,.T.);
#4989=FACETED_PRIMITIVE_FACE('',(#4988));
#4990=POLY_LOOP('',(#4981,#4953,#4948));
#4991=FACE_OUTER_BOUND('',#4990,.T.);
#4992=FACETED_PRIMITIVE_FACE('',(#4991));
#4993=POLY_LOOP('',(#4981,#4948,#4868));
#4994=FACE_OUTER_BOUND('',#4993,.T.);
#4995=FACETED_PRIMITIVE_FACE('',(#4994));
#4996=POLY_LOOP('',(#4981,#4868,#4911));
#4997=FACE_OUTER_BOUND('',#4996,.T.);
#4998=FACETED_PRIMITIVE_FACE('',(#4997));
#5000=POLY_LOOP('',(#4999,#4967,#4882));
#5001=FACE_OUTER_BOUND('',#5000,.T.);
#5002=FACETED_PRIMITIVE_FACE('',(#5001));
#5003=POLY_LOOP('',(#4999,#4882,#4915));
#5004=FACE_OUTER_BOUND('',#5003,.T.);
#5005=FACETED_PRIMITIVE_FACE('',(#5004));
#5006=POLY_LOOP('',(#4999,#4915,#4974));
#5007=FACE_OUTER_BOUND('',#5006,.T.);
#5008=FACETED_PRIMITIVE_FACE('',(#5007));
#5010=POLY_LOOP('',(#5009,#4907,#4922));
#5011=FACE_OUTER_BOUND('',#5010,.T.);
#5012=FACETED_PRIMITIVE_FACE('',(#5011));
#5013=POLY_LOOP('',(#5009,#4974,#4907));
#5014=FACE_OUTER_BOUND('',#5013,.T.);
#5015=FACETED_PRIMITIVE_FACE('',(#5014));
#5017=POLY_LOOP('',(#5016,#4878,#4932));
#5018=FACE_OUTER_BOUND('',#5017,.T.);
#5019=FACETED_PRIMITIVE_FACE('',(#5018));
#5020=POLY_LOOP('',(#5016,#2589,#2603));
#5021=FACE_OUTER_BOUND('',#5020,.T.);
#5022=FACETED_PRIMITIVE_FACE('',(#5021));
#5023=POLY_LOOP('',(#5016,#2603,#2620));
#5024=FACE_OUTER_BOUND('',#5023,.T.);
#5025=FACETED_PRIMITIVE_FACE('',(#5024));
#5026=POLY_LOOP('',(#5016,#4963,#4878));
#5027=FACE_OUTER_BOUND('',#5026,.T.);
#5028=FACETED_PRIMITIVE_FACE('',(#5027));
#5029=POLY_LOOP('',(#5016,#4932,#2589));
#5030=FACE_OUTER_BOUND('',#5029,.T.);
#5031=FACETED_PRIMITIVE_FACE('',(#5030));
#5033=POLY_LOOP('',(#5032,#4922,#4963));
#5034=FACE_OUTER_BOUND('',#5033,.T.);
#5035=FACETED_PRIMITIVE_FACE('',(#5034));
#5036=POLY_LOOP('',(#5032,#5009,#4922));
#5037=FACE_OUTER_BOUND('',#5036,.T.);
#5038=FACETED_PRIMITIVE_FACE('',(#5037));
#5040=POLY_LOOP('',(#5039,#4986,#4981));
#5041=FACE_OUTER_BOUND('',#5040,.T.);
#5042=FACETED_PRIMITIVE_FACE('',(#5041));
#5044=POLY_LOOP('',(#5039,#5043,#4986));
#5045=FACE_OUTER_BOUND('',#5044,.T.);
#5046=FACETED_PRIMITIVE_FACE('',(#5045));
#5048=POLY_LOOP('',(#5039,#5047,#5043));
#5049=FACE_OUTER_BOUND('',#5048,.T.);
#5050=FACETED_PRIMITIVE_FACE('',(#5049));
#5051=POLY_LOOP('',(#5039,#4911,#4967));
#5052=FACE_OUTER_BOUND('',#5051,.T.);
#5053=FACETED_PRIMITIVE_FACE('',(#5052));
#5054=POLY_LOOP('',(#5039,#4981,#4911));
#5055=FACE_OUTER_BOUND('',#5054,.T.);
#5056=FACETED_PRIMITIVE_FACE('',(#5055));
#5058=POLY_LOOP('',(#5057,#4999,#4974));
#5059=FACE_OUTER_BOUND('',#5058,.T.);
#5060=FACETED_PRIMITIVE_FACE('',(#5059));
#5062=POLY_LOOP('',(#5061,#5039,#4967));
#5063=FACE_OUTER_BOUND('',#5062,.T.);
#5064=FACETED_PRIMITIVE_FACE('',(#5063));
#5066=POLY_LOOP('',(#5061,#5065,#5047));
#5067=FACE_OUTER_BOUND('',#5066,.T.);
#5068=FACETED_PRIMITIVE_FACE('',(#5067));
#5070=POLY_LOOP('',(#5061,#5069,#5065));
#5071=FACE_OUTER_BOUND('',#5070,.T.);
#5072=FACETED_PRIMITIVE_FACE('',(#5071));
#5073=POLY_LOOP('',(#5061,#5047,#5039));
#5074=FACE_OUTER_BOUND('',#5073,.T.);
#5075=FACETED_PRIMITIVE_FACE('',(#5074));
#5076=POLY_LOOP('',(#5061,#4967,#4999));
#5077=FACE_OUTER_BOUND('',#5076,.T.);
#5078=FACETED_PRIMITIVE_FACE('',(#5077));
#5080=POLY_LOOP('',(#5079,#5057,#4974));
#5081=FACE_OUTER_BOUND('',#5080,.T.);
#5082=FACETED_PRIMITIVE_FACE('',(#5081));
#5083=POLY_LOOP('',(#5079,#4974,#5009));
#5084=FACE_OUTER_BOUND('',#5083,.T.);
#5085=FACETED_PRIMITIVE_FACE('',(#5084));
#5087=POLY_LOOP('',(#5086,#2620,#2634));
#5088=FACE_OUTER_BOUND('',#5087,.T.);
#5089=FACETED_PRIMITIVE_FACE('',(#5088));
#5090=POLY_LOOP('',(#5086,#2634,#2642));
#5091=FACE_OUTER_BOUND('',#5090,.T.);
#5092=FACETED_PRIMITIVE_FACE('',(#5091));
#5093=POLY_LOOP('',(#5086,#5032,#4963));
#5094=FACE_OUTER_BOUND('',#5093,.T.);
#5095=FACETED_PRIMITIVE_FACE('',(#5094));
#5096=POLY_LOOP('',(#5086,#5016,#2620));
#5097=FACE_OUTER_BOUND('',#5096,.T.);
#5098=FACETED_PRIMITIVE_FACE('',(#5097));
#5099=POLY_LOOP('',(#5086,#4963,#5016));
#5100=FACE_OUTER_BOUND('',#5099,.T.);
#5101=FACETED_PRIMITIVE_FACE('',(#5100));
#5103=POLY_LOOP('',(#5102,#5009,#5032));
#5104=FACE_OUTER_BOUND('',#5103,.T.);
#5105=FACETED_PRIMITIVE_FACE('',(#5104));
#5106=POLY_LOOP('',(#5102,#5079,#5009));
#5107=FACE_OUTER_BOUND('',#5106,.T.);
#5108=FACETED_PRIMITIVE_FACE('',(#5107));
#5110=POLY_LOOP('',(#5109,#5057,#5079));
#5111=FACE_OUTER_BOUND('',#5110,.T.);
#5112=FACETED_PRIMITIVE_FACE('',(#5111));
#5113=POLY_LOOP('',(#5109,#5061,#4999));
#5114=FACE_OUTER_BOUND('',#5113,.T.);
#5115=FACETED_PRIMITIVE_FACE('',(#5114));
#5117=POLY_LOOP('',(#5109,#5116,#5069));
#5118=FACE_OUTER_BOUND('',#5117,.T.);
#5119=FACETED_PRIMITIVE_FACE('',(#5118));
#5120=POLY_LOOP('',(#5109,#5069,#5061));
#5121=FACE_OUTER_BOUND('',#5120,.T.);
#5122=FACETED_PRIMITIVE_FACE('',(#5121));
#5123=POLY_LOOP('',(#5109,#4999,#5057));
#5124=FACE_OUTER_BOUND('',#5123,.T.);
#5125=FACETED_PRIMITIVE_FACE('',(#5124));
#5127=POLY_LOOP('',(#5126,#5079,#5102));
#5128=FACE_OUTER_BOUND('',#5127,.T.);
#5129=FACETED_PRIMITIVE_FACE('',(#5128));
#5131=POLY_LOOP('',(#5126,#5130,#5116));
#5132=FACE_OUTER_BOUND('',#5131,.T.);
#5133=FACETED_PRIMITIVE_FACE('',(#5132));
#5134=POLY_LOOP('',(#5126,#5116,#5109));
#5135=FACE_OUTER_BOUND('',#5134,.T.);
#5136=FACETED_PRIMITIVE_FACE('',(#5135));
#5137=POLY_LOOP('',(#5126,#5109,#5079));
#5138=FACE_OUTER_BOUND('',#5137,.T.);
#5139=FACETED_PRIMITIVE_FACE('',(#5138));
#5141=POLY_LOOP('',(#5140,#5086,#2642));
#5142=FACE_OUTER_BOUND('',#5141,.T.);
#5143=FACETED_PRIMITIVE_FACE('',(#5142));
#5144=POLY_LOOP('',(#5140,#5102,#5032));
#5145=FACE_OUTER_BOUND('',#5144,.T.);
#5146=FACETED_PRIMITIVE_FACE('',(#5145));
#5147=POLY_LOOP('',(#5140,#5032,#5086));
#5148=FACE_OUTER_BOUND('',#5147,.T.);
#5149=FACETED_PRIMITIVE_FACE('',(#5148));
#5150=POLY_LOOP('',(#5140,#2642,#2649));
#5151=FACE_OUTER_BOUND('',#5150,.T.);
#5152=FACETED_PRIMITIVE_FACE('',(#5151));
#5153=POLY_LOOP('',(#5140,#2649,#2638));
#5154=FACE_OUTER_BOUND('',#5153,.T.);
#5155=FACETED_PRIMITIVE_FACE('',(#5154));
#5157=POLY_LOOP('',(#5156,#5130,#5126));
#5158=FACE_OUTER_BOUND('',#5157,.T.);
#5159=FACETED_PRIMITIVE_FACE('',(#5158));
#5160=POLY_LOOP('',(#5156,#5126,#5102));
#5161=FACE_OUTER_BOUND('',#5160,.T.);
#5162=FACETED_PRIMITIVE_FACE('',(#5161));
#5164=POLY_LOOP('',(#5156,#5163,#5130));
#5165=FACE_OUTER_BOUND('',#5164,.T.);
#5166=FACETED_PRIMITIVE_FACE('',(#5165));
#5168=POLY_LOOP('',(#5167,#5156,#5102));
#5169=FACE_OUTER_BOUND('',#5168,.T.);
#5170=FACETED_PRIMITIVE_FACE('',(#5169));
#5171=POLY_LOOP('',(#5167,#5102,#5140));
#5172=FACE_OUTER_BOUND('',#5171,.T.);
#5173=FACETED_PRIMITIVE_FACE('',(#5172));
#5174=POLY_LOOP('',(#5167,#5140,#2638));
#5175=FACE_OUTER_BOUND('',#5174,.T.);
#5176=FACETED_PRIMITIVE_FACE('',(#5175));
#5177=POLY_LOOP('',(#5167,#2638,#2627));
#5178=FACE_OUTER_BOUND('',#5177,.T.);
#5179=FACETED_PRIMITIVE_FACE('',(#5178));
#5180=POLY_LOOP('',(#5167,#2627,#2610));
#5181=FACE_OUTER_BOUND('',#5180,.T.);
#5182=FACETED_PRIMITIVE_FACE('',(#5181));
#5184=POLY_LOOP('',(#5183,#5156,#5167));
#5185=FACE_OUTER_BOUND('',#5184,.T.);
#5186=FACETED_PRIMITIVE_FACE('',(#5185));
#5187=POLY_LOOP('',(#5183,#5167,#2610));
#5188=FACE_OUTER_BOUND('',#5187,.T.);
#5189=FACETED_PRIMITIVE_FACE('',(#5188));
#5190=POLY_LOOP('',(#5183,#4098,#5163));
#5191=FACE_OUTER_BOUND('',#5190,.T.);
#5192=FACETED_PRIMITIVE_FACE('',(#5191));
#5193=POLY_LOOP('',(#5183,#2610,#2599));
#5194=FACE_OUTER_BOUND('',#5193,.T.);
#5195=FACETED_PRIMITIVE_FACE('',(#5194));
#5196=POLY_LOOP('',(#5183,#5163,#5156));
#5197=FACE_OUTER_BOUND('',#5196,.T.);
#5198=FACETED_PRIMITIVE_FACE('',(#5197));
#5199=POLY_LOOP('',(#5183,#2599,#4098));
#5200=FACE_OUTER_BOUND('',#5199,.T.);
#5201=FACETED_PRIMITIVE_FACE('',(#5200));
#5204=POLY_LOOP('',(#4798,#5202,#5203));
#5205=FACE_OUTER_BOUND('',#5204,.T.);
#5206=FACETED_PRIMITIVE_FACE('',(#5205));
#5207=POLY_LOOP('',(#4722,#4798,#5203));
#5208=FACE_OUTER_BOUND('',#5207,.T.);
#5209=FACETED_PRIMITIVE_FACE('',(#5208));
#5211=POLY_LOOP('',(#4718,#5203,#5210));
#5212=FACE_OUTER_BOUND('',#5211,.T.);
#5213=FACETED_PRIMITIVE_FACE('',(#5212));
#5214=POLY_LOOP('',(#4718,#4722,#5203));
#5215=FACE_OUTER_BOUND('',#5214,.T.);
#5216=FACETED_PRIMITIVE_FACE('',(#5215));
#5219=POLY_LOOP('',(#4802,#5217,#5218));
#5220=FACE_OUTER_BOUND('',#5219,.T.);
#5221=FACETED_PRIMITIVE_FACE('',(#5220));
#5222=POLY_LOOP('',(#4802,#5218,#5202));
#5223=FACE_OUTER_BOUND('',#5222,.T.);
#5224=FACETED_PRIMITIVE_FACE('',(#5223));
#5225=POLY_LOOP('',(#4802,#5202,#4798));
#5226=FACE_OUTER_BOUND('',#5225,.T.);
#5227=FACETED_PRIMITIVE_FACE('',(#5226));
#5229=POLY_LOOP('',(#4090,#5210,#5228));
#5230=FACE_OUTER_BOUND('',#5229,.T.);
#5231=FACETED_PRIMITIVE_FACE('',(#5230));
#5232=POLY_LOOP('',(#4090,#4718,#5210));
#5233=FACE_OUTER_BOUND('',#5232,.T.);
#5234=FACETED_PRIMITIVE_FACE('',(#5233));
#5235=POLY_LOOP('',(#4086,#4090,#5228));
#5236=FACE_OUTER_BOUND('',#5235,.T.);
#5237=FACETED_PRIMITIVE_FACE('',(#5236));
#5239=POLY_LOOP('',(#4893,#5238,#5217));
#5240=FACE_OUTER_BOUND('',#5239,.T.);
#5241=FACETED_PRIMITIVE_FACE('',(#5240));
#5242=POLY_LOOP('',(#4893,#5217,#4802));
#5243=FACE_OUTER_BOUND('',#5242,.T.);
#5244=FACETED_PRIMITIVE_FACE('',(#5243));
#5246=POLY_LOOP('',(#4082,#5228,#5245));
#5247=FACE_OUTER_BOUND('',#5246,.T.);
#5248=FACETED_PRIMITIVE_FACE('',(#5247));
#5249=POLY_LOOP('',(#4082,#4086,#5228));
#5250=FACE_OUTER_BOUND('',#5249,.T.);
#5251=FACETED_PRIMITIVE_FACE('',(#5250));
#5252=POLY_LOOP('',(#4078,#4082,#5245));
#5253=FACE_OUTER_BOUND('',#5252,.T.);
#5254=FACETED_PRIMITIVE_FACE('',(#5253));
#5256=POLY_LOOP('',(#4078,#5245,#5255));
#5257=FACE_OUTER_BOUND('',#5256,.T.);
#5258=FACETED_PRIMITIVE_FACE('',(#5257));
#5261=POLY_LOOP('',(#4897,#5259,#5260));
#5262=FACE_OUTER_BOUND('',#5261,.T.);
#5263=FACETED_PRIMITIVE_FACE('',(#5262));
#5264=POLY_LOOP('',(#4897,#5260,#5238));
#5265=FACE_OUTER_BOUND('',#5264,.T.);
#5266=FACETED_PRIMITIVE_FACE('',(#5265));
#5267=POLY_LOOP('',(#4897,#5238,#4893));
#5268=FACE_OUTER_BOUND('',#5267,.T.);
#5269=FACETED_PRIMITIVE_FACE('',(#5268));
#5271=POLY_LOOP('',(#4074,#5255,#5270));
#5272=FACE_OUTER_BOUND('',#5271,.T.);
#5273=FACETED_PRIMITIVE_FACE('',(#5272));
#5274=POLY_LOOP('',(#4074,#4078,#5255));
#5275=FACE_OUTER_BOUND('',#5274,.T.);
#5276=FACETED_PRIMITIVE_FACE('',(#5275));
#5278=POLY_LOOP('',(#1743,#5270,#5277));
#5279=FACE_OUTER_BOUND('',#5278,.T.);
#5280=FACETED_PRIMITIVE_FACE('',(#5279));
#5281=POLY_LOOP('',(#1743,#4074,#5270));
#5282=FACE_OUTER_BOUND('',#5281,.T.);
#5283=FACETED_PRIMITIVE_FACE('',(#5282));
#5285=POLY_LOOP('',(#4949,#5284,#5259));
#5286=FACE_OUTER_BOUND('',#5285,.T.);
#5287=FACETED_PRIMITIVE_FACE('',(#5286));
#5288=POLY_LOOP('',(#4949,#5259,#4897));
#5289=FACE_OUTER_BOUND('',#5288,.T.);
#5290=FACETED_PRIMITIVE_FACE('',(#5289));
#5291=POLY_LOOP('',(#4953,#5284,#4949));
#5292=FACE_OUTER_BOUND('',#5291,.T.);
#5293=FACETED_PRIMITIVE_FACE('',(#5292));
#5295=POLY_LOOP('',(#4953,#5294,#5284));
#5296=FACE_OUTER_BOUND('',#5295,.T.);
#5297=FACETED_PRIMITIVE_FACE('',(#5296));
#5298=POLY_LOOP('',(#4982,#5294,#4953));
#5299=FACE_OUTER_BOUND('',#5298,.T.);
#5300=FACETED_PRIMITIVE_FACE('',(#5299));
#5302=POLY_LOOP('',(#4982,#5301,#5294));
#5303=FACE_OUTER_BOUND('',#5302,.T.);
#5304=FACETED_PRIMITIVE_FACE('',(#5303));
#5305=POLY_LOOP('',(#4986,#5301,#4982));
#5306=FACE_OUTER_BOUND('',#5305,.T.);
#5307=FACETED_PRIMITIVE_FACE('',(#5306));
#5309=POLY_LOOP('',(#5308,#5301,#4986));
#5310=FACE_OUTER_BOUND('',#5309,.T.);
#5311=FACETED_PRIMITIVE_FACE('',(#5310));
#5312=POLY_LOOP('',(#5043,#5308,#4986));
#5313=FACE_OUTER_BOUND('',#5312,.T.);
#5314=FACETED_PRIMITIVE_FACE('',(#5313));
#5316=POLY_LOOP('',(#5315,#5308,#5043));
#5317=FACE_OUTER_BOUND('',#5316,.T.);
#5318=FACETED_PRIMITIVE_FACE('',(#5317));
#5319=POLY_LOOP('',(#5047,#5315,#5043));
#5320=FACE_OUTER_BOUND('',#5319,.T.);
#5321=FACETED_PRIMITIVE_FACE('',(#5320));
#5323=POLY_LOOP('',(#1791,#5277,#5322));
#5324=FACE_OUTER_BOUND('',#5323,.T.);
#5325=FACETED_PRIMITIVE_FACE('',(#5324));
#5326=POLY_LOOP('',(#1791,#1743,#5277));
#5327=FACE_OUTER_BOUND('',#5326,.T.);
#5328=FACETED_PRIMITIVE_FACE('',(#5327));
#5329=POLY_LOOP('',(#5065,#5315,#5047));
#5330=FACE_OUTER_BOUND('',#5329,.T.);
#5331=FACETED_PRIMITIVE_FACE('',(#5330));
#5333=POLY_LOOP('',(#5332,#5315,#5065));
#5334=FACE_OUTER_BOUND('',#5333,.T.);
#5335=FACETED_PRIMITIVE_FACE('',(#5334));
#5336=POLY_LOOP('',(#5069,#5332,#5065));
#5337=FACE_OUTER_BOUND('',#5336,.T.);
#5338=FACETED_PRIMITIVE_FACE('',(#5337));
#5340=POLY_LOOP('',(#5339,#5332,#5069));
#5341=FACE_OUTER_BOUND('',#5340,.T.);
#5342=FACETED_PRIMITIVE_FACE('',(#5341));
#5343=POLY_LOOP('',(#5116,#5339,#5069));
#5344=FACE_OUTER_BOUND('',#5343,.T.);
#5345=FACETED_PRIMITIVE_FACE('',(#5344));
#5347=POLY_LOOP('',(#5346,#5339,#5116));
#5348=FACE_OUTER_BOUND('',#5347,.T.);
#5349=FACETED_PRIMITIVE_FACE('',(#5348));
#5350=POLY_LOOP('',(#5130,#5346,#5116));
#5351=FACE_OUTER_BOUND('',#5350,.T.);
#5352=FACETED_PRIMITIVE_FACE('',(#5351));
#5354=POLY_LOOP('',(#5353,#5346,#5130));
#5355=FACE_OUTER_BOUND('',#5354,.T.);
#5356=FACETED_PRIMITIVE_FACE('',(#5355));
#5357=POLY_LOOP('',(#5163,#5353,#5130));
#5358=FACE_OUTER_BOUND('',#5357,.T.);
#5359=FACETED_PRIMITIVE_FACE('',(#5358));
#5361=POLY_LOOP('',(#5360,#5353,#5163));
#5362=FACE_OUTER_BOUND('',#5361,.T.);
#5363=FACETED_PRIMITIVE_FACE('',(#5362));
#5365=POLY_LOOP('',(#5364,#5360,#5163));
#5366=FACE_OUTER_BOUND('',#5365,.T.);
#5367=FACETED_PRIMITIVE_FACE('',(#5366));
#5368=POLY_LOOP('',(#4098,#5364,#5163));
#5369=FACE_OUTER_BOUND('',#5368,.T.);
#5370=FACETED_PRIMITIVE_FACE('',(#5369));
#5372=POLY_LOOP('',(#5371,#5364,#4098));
#5373=FACE_OUTER_BOUND('',#5372,.T.);
#5374=FACETED_PRIMITIVE_FACE('',(#5373));
#5375=POLY_LOOP('',(#4097,#5371,#4098));
#5376=FACE_OUTER_BOUND('',#5375,.T.);
#5377=FACETED_PRIMITIVE_FACE('',(#5376));
#5379=POLY_LOOP('',(#5378,#5371,#4097));
#5380=FACE_OUTER_BOUND('',#5379,.T.);
#5381=FACETED_PRIMITIVE_FACE('',(#5380));
#5383=POLY_LOOP('',(#5382,#4097,#4102));
#5384=FACE_OUTER_BOUND('',#5383,.T.);
#5385=FACETED_PRIMITIVE_FACE('',(#5384));
#5386=POLY_LOOP('',(#5382,#5378,#4097));
#5387=FACE_OUTER_BOUND('',#5386,.T.);
#5388=FACETED_PRIMITIVE_FACE('',(#5387));
#5390=POLY_LOOP('',(#5389,#4102,#4106));
#5391=FACE_OUTER_BOUND('',#5390,.T.);
#5392=FACETED_PRIMITIVE_FACE('',(#5391));
#5393=POLY_LOOP('',(#5389,#5382,#4102));
#5394=FACE_OUTER_BOUND('',#5393,.T.);
#5395=FACETED_PRIMITIVE_FACE('',(#5394));
#5397=POLY_LOOP('',(#5396,#4106,#1858));
#5398=FACE_OUTER_BOUND('',#5397,.T.);
#5399=FACETED_PRIMITIVE_FACE('',(#5398));
#5400=POLY_LOOP('',(#5396,#5389,#4106));
#5401=FACE_OUTER_BOUND('',#5400,.T.);
#5402=FACETED_PRIMITIVE_FACE('',(#5401));
#5404=POLY_LOOP('',(#5403,#1858,#1865));
#5405=FACE_OUTER_BOUND('',#5404,.T.);
#5406=FACETED_PRIMITIVE_FACE('',(#5405));
#5407=POLY_LOOP('',(#5403,#5396,#1858));
#5408=FACE_OUTER_BOUND('',#5407,.T.);
#5409=FACETED_PRIMITIVE_FACE('',(#5408));
#5411=POLY_LOOP('',(#5410,#1874,#1873));
#5412=FACE_OUTER_BOUND('',#5411,.T.);
#5413=FACETED_PRIMITIVE_FACE('',(#5412));
#5415=POLY_LOOP('',(#5414,#5410,#1873));
#5416=FACE_OUTER_BOUND('',#5415,.T.);
#5417=FACETED_PRIMITIVE_FACE('',(#5416));
#5419=POLY_LOOP('',(#5418,#1873,#1884));
#5420=FACE_OUTER_BOUND('',#5419,.T.);
#5421=FACETED_PRIMITIVE_FACE('',(#5420));
#5422=POLY_LOOP('',(#5418,#5414,#1873));
#5423=FACE_OUTER_BOUND('',#5422,.T.);
#5424=FACETED_PRIMITIVE_FACE('',(#5423));
#5426=POLY_LOOP('',(#5425,#1884,#1888));
#5427=FACE_OUTER_BOUND('',#5426,.T.);
#5428=FACETED_PRIMITIVE_FACE('',(#5427));
#5429=POLY_LOOP('',(#5425,#5418,#1884));
#5430=FACE_OUTER_BOUND('',#5429,.T.);
#5431=FACETED_PRIMITIVE_FACE('',(#5430));
#5433=POLY_LOOP('',(#5432,#1898,#1902));
#5434=FACE_OUTER_BOUND('',#5433,.T.);
#5435=FACETED_PRIMITIVE_FACE('',(#5434));
#5436=POLY_LOOP('',(#5432,#1888,#1898));
#5437=FACE_OUTER_BOUND('',#5436,.T.);
#5438=FACETED_PRIMITIVE_FACE('',(#5437));
#5439=POLY_LOOP('',(#5432,#5425,#1888));
#5440=FACE_OUTER_BOUND('',#5439,.T.);
#5441=FACETED_PRIMITIVE_FACE('',(#5440));
#5443=POLY_LOOP('',(#5442,#5432,#1902));
#5444=FACE_OUTER_BOUND('',#5443,.T.);
#5445=FACETED_PRIMITIVE_FACE('',(#5444));
#5447=POLY_LOOP('',(#5446,#1902,#1912));
#5448=FACE_OUTER_BOUND('',#5447,.T.);
#5449=FACETED_PRIMITIVE_FACE('',(#5448));
#5450=POLY_LOOP('',(#5446,#5442,#1902));
#5451=FACE_OUTER_BOUND('',#5450,.T.);
#5452=FACETED_PRIMITIVE_FACE('',(#5451));
#5454=POLY_LOOP('',(#5453,#1912,#1916));
#5455=FACE_OUTER_BOUND('',#5454,.T.);
#5456=FACETED_PRIMITIVE_FACE('',(#5455));
#5457=POLY_LOOP('',(#5453,#5446,#1912));
#5458=FACE_OUTER_BOUND('',#5457,.T.);
#5459=FACETED_PRIMITIVE_FACE('',(#5458));
#5461=POLY_LOOP('',(#5460,#1923,#1930));
#5462=FACE_OUTER_BOUND('',#5461,.T.);
#5463=FACETED_PRIMITIVE_FACE('',(#5462));
#5464=POLY_LOOP('',(#5460,#1916,#1923));
#5465=FACE_OUTER_BOUND('',#5464,.T.);
#5466=FACETED_PRIMITIVE_FACE('',(#5465));
#5467=POLY_LOOP('',(#5460,#5453,#1916));
#5468=FACE_OUTER_BOUND('',#5467,.T.);
#5469=FACETED_PRIMITIVE_FACE('',(#5468));
#5471=POLY_LOOP('',(#5470,#1930,#1937));
#5472=FACE_OUTER_BOUND('',#5471,.T.);
#5473=FACETED_PRIMITIVE_FACE('',(#5472));
#5474=POLY_LOOP('',(#5470,#5460,#1930));
#5475=FACE_OUTER_BOUND('',#5474,.T.);
#5476=FACETED_PRIMITIVE_FACE('',(#5475));
#5478=POLY_LOOP('',(#5477,#5470,#1937));
#5479=FACE_OUTER_BOUND('',#5478,.T.);
#5480=FACETED_PRIMITIVE_FACE('',(#5479));
#5482=POLY_LOOP('',(#5481,#1947,#1951));
#5483=FACE_OUTER_BOUND('',#5482,.T.);
#5484=FACETED_PRIMITIVE_FACE('',(#5483));
#5485=POLY_LOOP('',(#5481,#1937,#1947));
#5486=FACE_OUTER_BOUND('',#5485,.T.);
#5487=FACETED_PRIMITIVE_FACE('',(#5486));
#5488=POLY_LOOP('',(#5481,#5477,#1937));
#5489=FACE_OUTER_BOUND('',#5488,.T.);
#5490=FACETED_PRIMITIVE_FACE('',(#5489));
#5492=POLY_LOOP('',(#5491,#5481,#1951));
#5493=FACE_OUTER_BOUND('',#5492,.T.);
#5494=FACETED_PRIMITIVE_FACE('',(#5493));
#5496=POLY_LOOP('',(#5495,#5491,#1951));
#5497=FACE_OUTER_BOUND('',#5496,.T.);
#5498=FACETED_PRIMITIVE_FACE('',(#5497));
#5499=POLY_LOOP('',(#5495,#1961,#1965));
#5500=FACE_OUTER_BOUND('',#5499,.T.);
#5501=FACETED_PRIMITIVE_FACE('',(#5500));
#5502=POLY_LOOP('',(#5495,#1951,#1961));
#5503=FACE_OUTER_BOUND('',#5502,.T.);
#5504=FACETED_PRIMITIVE_FACE('',(#5503));
#5506=POLY_LOOP('',(#5505,#5495,#1965));
#5507=FACE_OUTER_BOUND('',#5506,.T.);
#5508=FACETED_PRIMITIVE_FACE('',(#5507));
#5510=POLY_LOOP('',(#5509,#5505,#1965));
#5511=FACE_OUTER_BOUND('',#5510,.T.);
#5512=FACETED_PRIMITIVE_FACE('',(#5511));
#5513=POLY_LOOP('',(#5509,#1972,#1979));
#5514=FACE_OUTER_BOUND('',#5513,.T.);
#5515=FACETED_PRIMITIVE_FACE('',(#5514));
#5516=POLY_LOOP('',(#5509,#1965,#1972));
#5517=FACE_OUTER_BOUND('',#5516,.T.);
#5518=FACETED_PRIMITIVE_FACE('',(#5517));
#5520=POLY_LOOP('',(#5519,#5509,#1979));
#5521=FACE_OUTER_BOUND('',#5520,.T.);
#5522=FACETED_PRIMITIVE_FACE('',(#5521));
#5524=POLY_LOOP('',(#5523,#1979,#1989));
#5525=FACE_OUTER_BOUND('',#5524,.T.);
#5526=FACETED_PRIMITIVE_FACE('',(#5525));
#5527=POLY_LOOP('',(#5523,#5519,#1979));
#5528=FACE_OUTER_BOUND('',#5527,.T.);
#5529=FACETED_PRIMITIVE_FACE('',(#5528));
#5531=POLY_LOOP('',(#5530,#1989,#1993));
#5532=FACE_OUTER_BOUND('',#5531,.T.);
#5533=FACETED_PRIMITIVE_FACE('',(#5532));
#5534=POLY_LOOP('',(#5530,#5523,#1989));
#5535=FACE_OUTER_BOUND('',#5534,.T.);
#5536=FACETED_PRIMITIVE_FACE('',(#5535));
#5538=POLY_LOOP('',(#5537,#1993,#2000));
#5539=FACE_OUTER_BOUND('',#5538,.T.);
#5540=FACETED_PRIMITIVE_FACE('',(#5539));
#5541=POLY_LOOP('',(#5537,#5530,#1993));
#5542=FACE_OUTER_BOUND('',#5541,.T.);
#5543=FACETED_PRIMITIVE_FACE('',(#5542));
#5545=POLY_LOOP('',(#5544,#2000,#2007));
#5546=FACE_OUTER_BOUND('',#5545,.T.);
#5547=FACETED_PRIMITIVE_FACE('',(#5546));
#5548=POLY_LOOP('',(#5544,#5537,#2000));
#5549=FACE_OUTER_BOUND('',#5548,.T.);
#5550=FACETED_PRIMITIVE_FACE('',(#5549));
#5551=POLY_LOOP('',(#5322,#2007,#1791));
#5552=FACE_OUTER_BOUND('',#5551,.T.);
#5553=FACETED_PRIMITIVE_FACE('',(#5552));
#5554=POLY_LOOP('',(#5322,#5544,#2007));
#5555=FACE_OUTER_BOUND('',#5554,.T.);
#5556=FACETED_PRIMITIVE_FACE('',(#5555));
#5559=POLY_LOOP('',(#2020,#5557,#5558));
#5560=FACE_OUTER_BOUND('',#5559,.T.);
#5561=FACETED_PRIMITIVE_FACE('',(#5560));
#5562=POLY_LOOP('',(#2020,#5410,#5557));
#5563=FACE_OUTER_BOUND('',#5562,.T.);
#5564=FACETED_PRIMITIVE_FACE('',(#5563));
#5565=POLY_LOOP('',(#2020,#1874,#5410));
#5566=FACE_OUTER_BOUND('',#5565,.T.);
#5567=FACETED_PRIMITIVE_FACE('',(#5566));
#5569=POLY_LOOP('',(#4042,#5558,#5568));
#5570=FACE_OUTER_BOUND('',#5569,.T.);
#5571=FACETED_PRIMITIVE_FACE('',(#5570));
#5572=POLY_LOOP('',(#4042,#2020,#5558));
#5573=FACE_OUTER_BOUND('',#5572,.T.);
#5574=FACETED_PRIMITIVE_FACE('',(#5573));
#5576=POLY_LOOP('',(#4046,#5568,#5575));
#5577=FACE_OUTER_BOUND('',#5576,.T.);
#5578=FACETED_PRIMITIVE_FACE('',(#5577));
#5579=POLY_LOOP('',(#4046,#4042,#5568));
#5580=FACE_OUTER_BOUND('',#5579,.T.);
#5581=FACETED_PRIMITIVE_FACE('',(#5580));
#5582=POLY_LOOP('',(#4050,#4046,#5575));
#5583=FACE_OUTER_BOUND('',#5582,.T.);
#5584=FACETED_PRIMITIVE_FACE('',(#5583));
#5586=POLY_LOOP('',(#5585,#4050,#5575));
#5587=FACE_OUTER_BOUND('',#5586,.T.);
#5588=FACETED_PRIMITIVE_FACE('',(#5587));
#5589=POLY_LOOP('',(#4054,#4050,#5585));
#5590=FACE_OUTER_BOUND('',#5589,.T.);
#5591=FACETED_PRIMITIVE_FACE('',(#5590));
#5592=POLY_LOOP('',(#4123,#4054,#5585));
#5593=FACE_OUTER_BOUND('',#5592,.T.);
#5594=FACETED_PRIMITIVE_FACE('',(#5593));
#5596=POLY_LOOP('',(#5595,#4123,#5585));
#5597=FACE_OUTER_BOUND('',#5596,.T.);
#5598=FACETED_PRIMITIVE_FACE('',(#5597));
#5599=POLY_LOOP('',(#4131,#4123,#5595));
#5600=FACE_OUTER_BOUND('',#5599,.T.);
#5601=FACETED_PRIMITIVE_FACE('',(#5600));
#5603=POLY_LOOP('',(#5602,#4131,#5595));
#5604=FACE_OUTER_BOUND('',#5603,.T.);
#5605=FACETED_PRIMITIVE_FACE('',(#5604));
#5606=POLY_LOOP('',(#4135,#4131,#5602));
#5607=FACE_OUTER_BOUND('',#5606,.T.);
#5608=FACETED_PRIMITIVE_FACE('',(#5607));
#5609=POLY_LOOP('',(#4156,#4135,#5602));
#5610=FACE_OUTER_BOUND('',#5609,.T.);
#5611=FACETED_PRIMITIVE_FACE('',(#5610));
#5613=POLY_LOOP('',(#5612,#4156,#5602));
#5614=FACE_OUTER_BOUND('',#5613,.T.);
#5615=FACETED_PRIMITIVE_FACE('',(#5614));
#5616=POLY_LOOP('',(#4171,#4156,#5612));
#5617=FACE_OUTER_BOUND('',#5616,.T.);
#5618=FACETED_PRIMITIVE_FACE('',(#5617));
#5620=POLY_LOOP('',(#5619,#4171,#5612));
#5621=FACE_OUTER_BOUND('',#5620,.T.);
#5622=FACETED_PRIMITIVE_FACE('',(#5621));
#5624=POLY_LOOP('',(#5623,#4171,#5619));
#5625=FACE_OUTER_BOUND('',#5624,.T.);
#5626=FACETED_PRIMITIVE_FACE('',(#5625));
#5627=POLY_LOOP('',(#4189,#4171,#5623));
#5628=FACE_OUTER_BOUND('',#5627,.T.);
#5629=FACETED_PRIMITIVE_FACE('',(#5628));
#5631=POLY_LOOP('',(#5630,#4189,#5623));
#5632=FACE_OUTER_BOUND('',#5631,.T.);
#5633=FACETED_PRIMITIVE_FACE('',(#5632));
#5634=POLY_LOOP('',(#4193,#4189,#5630));
#5635=FACE_OUTER_BOUND('',#5634,.T.);
#5636=FACETED_PRIMITIVE_FACE('',(#5635));
#5638=POLY_LOOP('',(#5637,#4193,#5630));
#5639=FACE_OUTER_BOUND('',#5638,.T.);
#5640=FACETED_PRIMITIVE_FACE('',(#5639));
#5642=POLY_LOOP('',(#5641,#4219,#4193));
#5643=FACE_OUTER_BOUND('',#5642,.T.);
#5644=FACETED_PRIMITIVE_FACE('',(#5643));
#5645=POLY_LOOP('',(#5641,#4193,#5637));
#5646=FACE_OUTER_BOUND('',#5645,.T.);
#5647=FACETED_PRIMITIVE_FACE('',(#5646));
#5649=POLY_LOOP('',(#5648,#4223,#4219));
#5650=FACE_OUTER_BOUND('',#5649,.T.);
#5651=FACETED_PRIMITIVE_FACE('',(#5650));
#5652=POLY_LOOP('',(#5648,#4219,#5641));
#5653=FACE_OUTER_BOUND('',#5652,.T.);
#5654=FACETED_PRIMITIVE_FACE('',(#5653));
#5656=POLY_LOOP('',(#5655,#4261,#4223));
#5657=FACE_OUTER_BOUND('',#5656,.T.);
#5658=FACETED_PRIMITIVE_FACE('',(#5657));
#5659=POLY_LOOP('',(#5655,#4223,#5648));
#5660=FACE_OUTER_BOUND('',#5659,.T.);
#5661=FACETED_PRIMITIVE_FACE('',(#5660));
#5663=POLY_LOOP('',(#2132,#5662,#2137));
#5664=FACE_OUTER_BOUND('',#5663,.T.);
#5665=FACETED_PRIMITIVE_FACE('',(#5664));
#5667=POLY_LOOP('',(#5666,#4265,#4261));
#5668=FACE_OUTER_BOUND('',#5667,.T.);
#5669=FACETED_PRIMITIVE_FACE('',(#5668));
#5670=POLY_LOOP('',(#5666,#4261,#5655));
#5671=FACE_OUTER_BOUND('',#5670,.T.);
#5672=FACETED_PRIMITIVE_FACE('',(#5671));
#5674=POLY_LOOP('',(#5673,#5662,#2132));
#5675=FACE_OUTER_BOUND('',#5674,.T.);
#5676=FACETED_PRIMITIVE_FACE('',(#5675));
#5677=POLY_LOOP('',(#5673,#2132,#4067));
#5678=FACE_OUTER_BOUND('',#5677,.T.);
#5679=FACETED_PRIMITIVE_FACE('',(#5678));
#5681=POLY_LOOP('',(#5680,#4067,#4063));
#5682=FACE_OUTER_BOUND('',#5681,.T.);
#5683=FACETED_PRIMITIVE_FACE('',(#5682));
#5684=POLY_LOOP('',(#5680,#5673,#4067));
#5685=FACE_OUTER_BOUND('',#5684,.T.);
#5686=FACETED_PRIMITIVE_FACE('',(#5685));
#5688=POLY_LOOP('',(#5687,#4288,#4265));
#5689=FACE_OUTER_BOUND('',#5688,.T.);
#5690=FACETED_PRIMITIVE_FACE('',(#5689));
#5691=POLY_LOOP('',(#5687,#4265,#5666));
#5692=FACE_OUTER_BOUND('',#5691,.T.);
#5693=FACETED_PRIMITIVE_FACE('',(#5692));
#5695=POLY_LOOP('',(#5694,#4063,#4059));
#5696=FACE_OUTER_BOUND('',#5695,.T.);
#5697=FACETED_PRIMITIVE_FACE('',(#5696));
#5698=POLY_LOOP('',(#5694,#5680,#4063));
#5699=FACE_OUTER_BOUND('',#5698,.T.);
#5700=FACETED_PRIMITIVE_FACE('',(#5699));
#5702=POLY_LOOP('',(#5701,#5694,#4059));
#5703=FACE_OUTER_BOUND('',#5702,.T.);
#5704=FACETED_PRIMITIVE_FACE('',(#5703));
#5706=POLY_LOOP('',(#5705,#4292,#4288));
#5707=FACE_OUTER_BOUND('',#5706,.T.);
#5708=FACETED_PRIMITIVE_FACE('',(#5707));
#5709=POLY_LOOP('',(#5705,#4334,#4292));
#5710=FACE_OUTER_BOUND('',#5709,.T.);
#5711=FACETED_PRIMITIVE_FACE('',(#5710));
#5712=POLY_LOOP('',(#5705,#4288,#5687));
#5713=FACE_OUTER_BOUND('',#5712,.T.);
#5714=FACETED_PRIMITIVE_FACE('',(#5713));
#5716=POLY_LOOP('',(#5715,#4059,#4058));
#5717=FACE_OUTER_BOUND('',#5716,.T.);
#5718=FACETED_PRIMITIVE_FACE('',(#5717));
#5719=POLY_LOOP('',(#5715,#5701,#4059));
#5720=FACE_OUTER_BOUND('',#5719,.T.);
#5721=FACETED_PRIMITIVE_FACE('',(#5720));
#5723=POLY_LOOP('',(#5722,#4058,#4428));
#5724=FACE_OUTER_BOUND('',#5723,.T.);
#5725=FACETED_PRIMITIVE_FACE('',(#5724));
#5726=POLY_LOOP('',(#5722,#5715,#4058));
#5727=FACE_OUTER_BOUND('',#5726,.T.);
#5728=FACETED_PRIMITIVE_FACE('',(#5727));
#5730=POLY_LOOP('',(#5729,#4338,#4334));
#5731=FACE_OUTER_BOUND('',#5730,.T.);
#5732=FACETED_PRIMITIVE_FACE('',(#5731));
#5733=POLY_LOOP('',(#5729,#4334,#5705));
#5734=FACE_OUTER_BOUND('',#5733,.T.);
#5735=FACETED_PRIMITIVE_FACE('',(#5734));
#5737=POLY_LOOP('',(#5736,#5722,#4428));
#5738=FACE_OUTER_BOUND('',#5737,.T.);
#5739=FACETED_PRIMITIVE_FACE('',(#5738));
#5741=POLY_LOOP('',(#5740,#4391,#4338));
#5742=FACE_OUTER_BOUND('',#5741,.T.);
#5743=FACETED_PRIMITIVE_FACE('',(#5742));
#5744=POLY_LOOP('',(#5740,#4338,#5729));
#5745=FACE_OUTER_BOUND('',#5744,.T.);
#5746=FACETED_PRIMITIVE_FACE('',(#5745));
#5748=POLY_LOOP('',(#5747,#4428,#4424));
#5749=FACE_OUTER_BOUND('',#5748,.T.);
#5750=FACETED_PRIMITIVE_FACE('',(#5749));
#5751=POLY_LOOP('',(#5747,#5736,#4428));
#5752=FACE_OUTER_BOUND('',#5751,.T.);
#5753=FACETED_PRIMITIVE_FACE('',(#5752));
#5755=POLY_LOOP('',(#5754,#4424,#4391));
#5756=FACE_OUTER_BOUND('',#5755,.T.);
#5757=FACETED_PRIMITIVE_FACE('',(#5756));
#5758=POLY_LOOP('',(#5754,#5747,#4424));
#5759=FACE_OUTER_BOUND('',#5758,.T.);
#5760=FACETED_PRIMITIVE_FACE('',(#5759));
#5761=POLY_LOOP('',(#5754,#4391,#5740));
#5762=FACE_OUTER_BOUND('',#5761,.T.);
#5763=FACETED_PRIMITIVE_FACE('',(#5762));
#5764=POLY_LOOP('',(#2503,#1858,#2599));
#5765=FACE_OUTER_BOUND('',#5764,.T.);
#5766=FACETED_PRIMITIVE_FACE('',(#5765));
#5767=POLY_LOOP('',(#2503,#1865,#1858));
#5768=FACE_OUTER_BOUND('',#5767,.T.);
#5769=FACETED_PRIMITIVE_FACE('',(#5768));
#5770=POLY_LOOP('',(#2496,#2599,#2610));
#5771=FACE_OUTER_BOUND('',#5770,.T.);
#5772=FACETED_PRIMITIVE_FACE('',(#5771));
#5773=POLY_LOOP('',(#2496,#2503,#2599));
#5774=FACE_OUTER_BOUND('',#5773,.T.);
#5775=FACETED_PRIMITIVE_FACE('',(#5774));
#5776=POLY_LOOP('',(#2489,#2610,#2627));
#5777=FACE_OUTER_BOUND('',#5776,.T.);
#5778=FACETED_PRIMITIVE_FACE('',(#5777));
#5779=POLY_LOOP('',(#2489,#2496,#2610));
#5780=FACE_OUTER_BOUND('',#5779,.T.);
#5781=FACETED_PRIMITIVE_FACE('',(#5780));
#5782=POLY_LOOP('',(#2482,#2627,#2638));
#5783=FACE_OUTER_BOUND('',#5782,.T.);
#5784=FACETED_PRIMITIVE_FACE('',(#5783));
#5785=POLY_LOOP('',(#2482,#2489,#2627));
#5786=FACE_OUTER_BOUND('',#5785,.T.);
#5787=FACETED_PRIMITIVE_FACE('',(#5786));
#5788=POLY_LOOP('',(#2475,#2638,#2649));
#5789=FACE_OUTER_BOUND('',#5788,.T.);
#5790=FACETED_PRIMITIVE_FACE('',(#5789));
#5791=POLY_LOOP('',(#2475,#2482,#2638));
#5792=FACE_OUTER_BOUND('',#5791,.T.);
#5793=FACETED_PRIMITIVE_FACE('',(#5792));
#5794=POLY_LOOP('',(#2642,#2468,#2475));
#5795=FACE_OUTER_BOUND('',#5794,.T.);
#5796=FACETED_PRIMITIVE_FACE('',(#5795));
#5797=POLY_LOOP('',(#2642,#2475,#2649));
#5798=FACE_OUTER_BOUND('',#5797,.T.);
#5799=FACETED_PRIMITIVE_FACE('',(#5798));
#5800=POLY_LOOP('',(#2634,#2464,#2468));
#5801=FACE_OUTER_BOUND('',#5800,.T.);
#5802=FACETED_PRIMITIVE_FACE('',(#5801));
#5803=POLY_LOOP('',(#2634,#2448,#2464));
#5804=FACE_OUTER_BOUND('',#5803,.T.);
#5805=FACETED_PRIMITIVE_FACE('',(#5804));
#5806=POLY_LOOP('',(#2634,#2468,#2642));
#5807=FACE_OUTER_BOUND('',#5806,.T.);
#5808=FACETED_PRIMITIVE_FACE('',(#5807));
#5809=POLY_LOOP('',(#2620,#2447,#2448));
#5810=FACE_OUTER_BOUND('',#5809,.T.);
#5811=FACETED_PRIMITIVE_FACE('',(#5810));
#5812=POLY_LOOP('',(#2620,#2448,#2634));
#5813=FACE_OUTER_BOUND('',#5812,.T.);
#5814=FACETED_PRIMITIVE_FACE('',(#5813));
#5815=POLY_LOOP('',(#2603,#2447,#2620));
#5816=FACE_OUTER_BOUND('',#5815,.T.);
#5817=FACETED_PRIMITIVE_FACE('',(#5816));
#5818=POLY_LOOP('',(#2589,#2447,#2603));
#5819=FACE_OUTER_BOUND('',#5818,.T.);
#5820=FACETED_PRIMITIVE_FACE('',(#5819));
#5821=POLY_LOOP('',(#2589,#2437,#2447));
#5822=FACE_OUTER_BOUND('',#5821,.T.);
#5823=FACETED_PRIMITIVE_FACE('',(#5822));
#5824=POLY_LOOP('',(#2589,#2427,#2437));
#5825=FACE_OUTER_BOUND('',#5824,.T.);
#5826=FACETED_PRIMITIVE_FACE('',(#5825));
#5827=POLY_LOOP('',(#2579,#2427,#2589));
#5828=FACE_OUTER_BOUND('',#5827,.T.);
#5829=FACETED_PRIMITIVE_FACE('',(#5828));
#5830=POLY_LOOP('',(#2516,#2132,#2137));
#5831=FACE_OUTER_BOUND('',#5830,.T.);
#5832=FACETED_PRIMITIVE_FACE('',(#5831));
#5833=POLY_LOOP('',(#2516,#2137,#2373));
#5834=FACE_OUTER_BOUND('',#5833,.T.);
#5835=FACETED_PRIMITIVE_FACE('',(#5834));
#5836=POLY_LOOP('',(#2572,#2426,#2427));
#5837=FACE_OUTER_BOUND('',#5836,.T.);
#5838=FACETED_PRIMITIVE_FACE('',(#5837));
#5839=POLY_LOOP('',(#2572,#2427,#2579));
#5840=FACE_OUTER_BOUND('',#5839,.T.);
#5841=FACETED_PRIMITIVE_FACE('',(#5840));
#5842=POLY_LOOP('',(#2520,#2516,#2373));
#5843=FACE_OUTER_BOUND('',#5842,.T.);
#5844=FACETED_PRIMITIVE_FACE('',(#5843));
#5845=POLY_LOOP('',(#2520,#2373,#2377));
#5846=FACE_OUTER_BOUND('',#5845,.T.);
#5847=FACETED_PRIMITIVE_FACE('',(#5846));
#5848=POLY_LOOP('',(#2565,#2426,#2572));
#5849=FACE_OUTER_BOUND('',#5848,.T.);
#5850=FACETED_PRIMITIVE_FACE('',(#5849));
#5851=POLY_LOOP('',(#2565,#2416,#2426));
#5852=FACE_OUTER_BOUND('',#5851,.T.);
#5853=FACETED_PRIMITIVE_FACE('',(#5852));
#5854=POLY_LOOP('',(#2565,#2406,#2416));
#5855=FACE_OUTER_BOUND('',#5854,.T.);
#5856=FACETED_PRIMITIVE_FACE('',(#5855));
#5857=POLY_LOOP('',(#2527,#2520,#2377));
#5858=FACE_OUTER_BOUND('',#5857,.T.);
#5859=FACETED_PRIMITIVE_FACE('',(#5858));
#5860=POLY_LOOP('',(#2527,#2377,#2384));
#5861=FACE_OUTER_BOUND('',#5860,.T.);
#5862=FACETED_PRIMITIVE_FACE('',(#5861));
#5863=POLY_LOOP('',(#2558,#2406,#2565));
#5864=FACE_OUTER_BOUND('',#5863,.T.);
#5865=FACETED_PRIMITIVE_FACE('',(#5864));
#5866=POLY_LOOP('',(#2534,#2527,#2384));
#5867=FACE_OUTER_BOUND('',#5866,.T.);
#5868=FACETED_PRIMITIVE_FACE('',(#5867));
#5869=POLY_LOOP('',(#2534,#2384,#2391));
#5870=FACE_OUTER_BOUND('',#5869,.T.);
#5871=FACETED_PRIMITIVE_FACE('',(#5870));
#5872=POLY_LOOP('',(#2551,#2406,#2558));
#5873=FACE_OUTER_BOUND('',#5872,.T.);
#5874=FACETED_PRIMITIVE_FACE('',(#5873));
#5875=POLY_LOOP('',(#2551,#2405,#2406));
#5876=FACE_OUTER_BOUND('',#5875,.T.);
#5877=FACETED_PRIMITIVE_FACE('',(#5876));
#5878=POLY_LOOP('',(#2551,#2398,#2405));
#5879=FACE_OUTER_BOUND('',#5878,.T.);
#5880=FACETED_PRIMITIVE_FACE('',(#5879));
#5881=POLY_LOOP('',(#2544,#2534,#2391));
#5882=FACE_OUTER_BOUND('',#5881,.T.);
#5883=FACETED_PRIMITIVE_FACE('',(#5882));
#5884=POLY_LOOP('',(#2544,#2398,#2551));
#5885=FACE_OUTER_BOUND('',#5884,.T.);
#5886=FACETED_PRIMITIVE_FACE('',(#5885));
#5887=POLY_LOOP('',(#2544,#2391,#2398));
#5888=FACE_OUTER_BOUND('',#5887,.T.);
#5889=FACETED_PRIMITIVE_FACE('',(#5888));
#5890=POLY_LOOP('',(#2373,#2137,#5662));
#5891=FACE_OUTER_BOUND('',#5890,.T.);
#5892=FACETED_PRIMITIVE_FACE('',(#5891));
#5894=POLY_LOOP('',(#2373,#5662,#5893));
#5895=FACE_OUTER_BOUND('',#5894,.T.);
#5896=FACETED_PRIMITIVE_FACE('',(#5895));
#5899=POLY_LOOP('',(#2377,#5897,#5898));
#5900=FACE_OUTER_BOUND('',#5899,.T.);
#5901=FACETED_PRIMITIVE_FACE('',(#5900));
#5902=POLY_LOOP('',(#2377,#5893,#5897));
#5903=FACE_OUTER_BOUND('',#5902,.T.);
#5904=FACETED_PRIMITIVE_FACE('',(#5903));
#5905=POLY_LOOP('',(#2377,#2373,#5893));
#5906=FACE_OUTER_BOUND('',#5905,.T.);
#5907=FACETED_PRIMITIVE_FACE('',(#5906));
#5909=POLY_LOOP('',(#2384,#5898,#5908));
#5910=FACE_OUTER_BOUND('',#5909,.T.);
#5911=FACETED_PRIMITIVE_FACE('',(#5910));
#5912=POLY_LOOP('',(#2384,#2377,#5898));
#5913=FACE_OUTER_BOUND('',#5912,.T.);
#5914=FACETED_PRIMITIVE_FACE('',(#5913));
#5915=POLY_LOOP('',(#2391,#2384,#5908));
#5916=FACE_OUTER_BOUND('',#5915,.T.);
#5917=FACETED_PRIMITIVE_FACE('',(#5916));
#5919=POLY_LOOP('',(#2398,#5908,#5918));
#5920=FACE_OUTER_BOUND('',#5919,.T.);
#5921=FACETED_PRIMITIVE_FACE('',(#5920));
#5922=POLY_LOOP('',(#2398,#2391,#5908));
#5923=FACE_OUTER_BOUND('',#5922,.T.);
#5924=FACETED_PRIMITIVE_FACE('',(#5923));
#5927=POLY_LOOP('',(#2405,#5925,#5926));
#5928=FACE_OUTER_BOUND('',#5927,.T.);
#5929=FACETED_PRIMITIVE_FACE('',(#5928));
#5930=POLY_LOOP('',(#2405,#5918,#5925));
#5931=FACE_OUTER_BOUND('',#5930,.T.);
#5932=FACETED_PRIMITIVE_FACE('',(#5931));
#5933=POLY_LOOP('',(#2405,#2398,#5918));
#5934=FACE_OUTER_BOUND('',#5933,.T.);
#5935=FACETED_PRIMITIVE_FACE('',(#5934));
#5936=POLY_LOOP('',(#2406,#2405,#5926));
#5937=FACE_OUTER_BOUND('',#5936,.T.);
#5938=FACETED_PRIMITIVE_FACE('',(#5937));
#5940=POLY_LOOP('',(#2416,#5926,#5939));
#5941=FACE_OUTER_BOUND('',#5940,.T.);
#5942=FACETED_PRIMITIVE_FACE('',(#5941));
#5943=POLY_LOOP('',(#2416,#2406,#5926));
#5944=FACE_OUTER_BOUND('',#5943,.T.);
#5945=FACETED_PRIMITIVE_FACE('',(#5944));
#5947=POLY_LOOP('',(#2426,#5939,#5946));
#5948=FACE_OUTER_BOUND('',#5947,.T.);
#5949=FACETED_PRIMITIVE_FACE('',(#5948));
#5950=POLY_LOOP('',(#2426,#2416,#5939));
#5951=FACE_OUTER_BOUND('',#5950,.T.);
#5952=FACETED_PRIMITIVE_FACE('',(#5951));
#5955=POLY_LOOP('',(#2427,#5953,#5954));
#5956=FACE_OUTER_BOUND('',#5955,.T.);
#5957=FACETED_PRIMITIVE_FACE('',(#5956));
#5958=POLY_LOOP('',(#2427,#5946,#5953));
#5959=FACE_OUTER_BOUND('',#5958,.T.);
#5960=FACETED_PRIMITIVE_FACE('',(#5959));
#5961=POLY_LOOP('',(#2427,#2426,#5946));
#5962=FACE_OUTER_BOUND('',#5961,.T.);
#5963=FACETED_PRIMITIVE_FACE('',(#5962));
#5965=POLY_LOOP('',(#2437,#5954,#5964));
#5966=FACE_OUTER_BOUND('',#5965,.T.);
#5967=FACETED_PRIMITIVE_FACE('',(#5966));
#5968=POLY_LOOP('',(#2437,#2427,#5954));
#5969=FACE_OUTER_BOUND('',#5968,.T.);
#5970=FACETED_PRIMITIVE_FACE('',(#5969));
#5972=POLY_LOOP('',(#2447,#5964,#5971));
#5973=FACE_OUTER_BOUND('',#5972,.T.);
#5974=FACETED_PRIMITIVE_FACE('',(#5973));
#5975=POLY_LOOP('',(#2447,#2437,#5964));
#5976=FACE_OUTER_BOUND('',#5975,.T.);
#5977=FACETED_PRIMITIVE_FACE('',(#5976));
#5978=POLY_LOOP('',(#2448,#2447,#5971));
#5979=FACE_OUTER_BOUND('',#5978,.T.);
#5980=FACETED_PRIMITIVE_FACE('',(#5979));
#5981=POLY_LOOP('',(#2464,#2448,#5971));
#5982=FACE_OUTER_BOUND('',#5981,.T.);
#5983=FACETED_PRIMITIVE_FACE('',(#5982));
#5986=POLY_LOOP('',(#2464,#5984,#5985));
#5987=FACE_OUTER_BOUND('',#5986,.T.);
#5988=FACETED_PRIMITIVE_FACE('',(#5987));
#5989=POLY_LOOP('',(#2464,#5971,#5984));
#5990=FACE_OUTER_BOUND('',#5989,.T.);
#5991=FACETED_PRIMITIVE_FACE('',(#5990));
#5993=POLY_LOOP('',(#2468,#5985,#5992));
#5994=FACE_OUTER_BOUND('',#5993,.T.);
#5995=FACETED_PRIMITIVE_FACE('',(#5994));
#5996=POLY_LOOP('',(#2468,#2464,#5985));
#5997=FACE_OUTER_BOUND('',#5996,.T.);
#5998=FACETED_PRIMITIVE_FACE('',(#5997));
#5999=POLY_LOOP('',(#2475,#2468,#5992));
#6000=FACE_OUTER_BOUND('',#5999,.T.);
#6001=FACETED_PRIMITIVE_FACE('',(#6000));
#6003=POLY_LOOP('',(#2482,#5992,#6002));
#6004=FACE_OUTER_BOUND('',#6003,.T.);
#6005=FACETED_PRIMITIVE_FACE('',(#6004));
#6006=POLY_LOOP('',(#2482,#2475,#5992));
#6007=FACE_OUTER_BOUND('',#6006,.T.);
#6008=FACETED_PRIMITIVE_FACE('',(#6007));
#6010=POLY_LOOP('',(#2489,#6002,#6009));
#6011=FACE_OUTER_BOUND('',#6010,.T.);
#6012=FACETED_PRIMITIVE_FACE('',(#6011));
#6013=POLY_LOOP('',(#2489,#2482,#6002));
#6014=FACE_OUTER_BOUND('',#6013,.T.);
#6015=FACETED_PRIMITIVE_FACE('',(#6014));
#6017=POLY_LOOP('',(#2496,#6009,#6016));
#6018=FACE_OUTER_BOUND('',#6017,.T.);
#6019=FACETED_PRIMITIVE_FACE('',(#6018));
#6020=POLY_LOOP('',(#2496,#2489,#6009));
#6021=FACE_OUTER_BOUND('',#6020,.T.);
#6022=FACETED_PRIMITIVE_FACE('',(#6021));
#6024=POLY_LOOP('',(#2503,#6016,#6023));
#6025=FACE_OUTER_BOUND('',#6024,.T.);
#6026=FACETED_PRIMITIVE_FACE('',(#6025));
#6027=POLY_LOOP('',(#2503,#2496,#6016));
#6028=FACE_OUTER_BOUND('',#6027,.T.);
#6029=FACETED_PRIMITIVE_FACE('',(#6028));
#6030=POLY_LOOP('',(#1865,#6023,#5403));
#6031=FACE_OUTER_BOUND('',#6030,.T.);
#6032=FACETED_PRIMITIVE_FACE('',(#6031));
#6033=POLY_LOOP('',(#1865,#2503,#6023));
#6034=FACE_OUTER_BOUND('',#6033,.T.);
#6035=FACETED_PRIMITIVE_FACE('',(#6034));
#6037=POLY_LOOP('',(#5662,#5673,#6036));
#6038=FACE_OUTER_BOUND('',#6037,.T.);
#6039=FACETED_PRIMITIVE_FACE('',(#6038));
#6041=POLY_LOOP('',(#5893,#6036,#6040));
#6042=FACE_OUTER_BOUND('',#6041,.T.);
#6043=FACETED_PRIMITIVE_FACE('',(#6042));
#6044=POLY_LOOP('',(#5893,#5662,#6036));
#6045=FACE_OUTER_BOUND('',#6044,.T.);
#6046=FACETED_PRIMITIVE_FACE('',(#6045));
#6048=POLY_LOOP('',(#5897,#6040,#6047));
#6049=FACE_OUTER_BOUND('',#6048,.T.);
#6050=FACETED_PRIMITIVE_FACE('',(#6049));
#6051=POLY_LOOP('',(#5897,#5893,#6040));
#6052=FACE_OUTER_BOUND('',#6051,.T.);
#6053=FACETED_PRIMITIVE_FACE('',(#6052));
#6055=POLY_LOOP('',(#5898,#6047,#6054));
#6056=FACE_OUTER_BOUND('',#6055,.T.);
#6057=FACETED_PRIMITIVE_FACE('',(#6056));
#6058=POLY_LOOP('',(#5898,#5897,#6047));
#6059=FACE_OUTER_BOUND('',#6058,.T.);
#6060=FACETED_PRIMITIVE_FACE('',(#6059));
#6061=POLY_LOOP('',(#5908,#5898,#6054));
#6062=FACE_OUTER_BOUND('',#6061,.T.);
#6063=FACETED_PRIMITIVE_FACE('',(#6062));
#6065=POLY_LOOP('',(#6064,#5908,#6054));
#6066=FACE_OUTER_BOUND('',#6065,.T.);
#6067=FACETED_PRIMITIVE_FACE('',(#6066));
#6068=POLY_LOOP('',(#5918,#5908,#6064));
#6069=FACE_OUTER_BOUND('',#6068,.T.);
#6070=FACETED_PRIMITIVE_FACE('',(#6069));
#6072=POLY_LOOP('',(#6071,#5925,#5918));
#6073=FACE_OUTER_BOUND('',#6072,.T.);
#6074=FACETED_PRIMITIVE_FACE('',(#6073));
#6075=POLY_LOOP('',(#6071,#5918,#6064));
#6076=FACE_OUTER_BOUND('',#6075,.T.);
#6077=FACETED_PRIMITIVE_FACE('',(#6076));
#6079=POLY_LOOP('',(#6078,#5926,#5925));
#6080=FACE_OUTER_BOUND('',#6079,.T.);
#6081=FACETED_PRIMITIVE_FACE('',(#6080));
#6082=POLY_LOOP('',(#6078,#5925,#6071));
#6083=FACE_OUTER_BOUND('',#6082,.T.);
#6084=FACETED_PRIMITIVE_FACE('',(#6083));
#6086=POLY_LOOP('',(#6085,#5939,#5926));
#6087=FACE_OUTER_BOUND('',#6086,.T.);
#6088=FACETED_PRIMITIVE_FACE('',(#6087));
#6089=POLY_LOOP('',(#6085,#5926,#6078));
#6090=FACE_OUTER_BOUND('',#6089,.T.);
#6091=FACETED_PRIMITIVE_FACE('',(#6090));
#6093=POLY_LOOP('',(#6092,#5939,#6085));
#6094=FACE_OUTER_BOUND('',#6093,.T.);
#6095=FACETED_PRIMITIVE_FACE('',(#6094));
#6096=POLY_LOOP('',(#6092,#5946,#5939));
#6097=FACE_OUTER_BOUND('',#6096,.T.);
#6098=FACETED_PRIMITIVE_FACE('',(#6097));
#6100=POLY_LOOP('',(#6099,#5946,#6092));
#6101=FACE_OUTER_BOUND('',#6100,.T.);
#6102=FACETED_PRIMITIVE_FACE('',(#6101));
#6103=POLY_LOOP('',(#6099,#5953,#5946));
#6104=FACE_OUTER_BOUND('',#6103,.T.);
#6105=FACETED_PRIMITIVE_FACE('',(#6104));
#6106=POLY_LOOP('',(#5396,#5403,#6023));
#6107=FACE_OUTER_BOUND('',#6106,.T.);
#6108=FACETED_PRIMITIVE_FACE('',(#6107));
#6110=POLY_LOOP('',(#6109,#5953,#6099));
#6111=FACE_OUTER_BOUND('',#6110,.T.);
#6112=FACETED_PRIMITIVE_FACE('',(#6111));
#6113=POLY_LOOP('',(#6109,#5964,#5954));
#6114=FACE_OUTER_BOUND('',#6113,.T.);
#6115=FACETED_PRIMITIVE_FACE('',(#6114));
#6116=POLY_LOOP('',(#6109,#5954,#5953));
#6117=FACE_OUTER_BOUND('',#6116,.T.);
#6118=FACETED_PRIMITIVE_FACE('',(#6117));
#6120=POLY_LOOP('',(#6119,#5396,#6023));
#6121=FACE_OUTER_BOUND('',#6120,.T.);
#6122=FACETED_PRIMITIVE_FACE('',(#6121));
#6124=POLY_LOOP('',(#6123,#5964,#6109));
#6125=FACE_OUTER_BOUND('',#6124,.T.);
#6126=FACETED_PRIMITIVE_FACE('',(#6125));
#6127=POLY_LOOP('',(#6123,#5971,#5964));
#6128=FACE_OUTER_BOUND('',#6127,.T.);
#6129=FACETED_PRIMITIVE_FACE('',(#6128));
#6131=POLY_LOOP('',(#6130,#6023,#6016));
#6132=FACE_OUTER_BOUND('',#6131,.T.);
#6133=FACETED_PRIMITIVE_FACE('',(#6132));
#6134=POLY_LOOP('',(#6130,#6016,#6009));
#6135=FACE_OUTER_BOUND('',#6134,.T.);
#6136=FACETED_PRIMITIVE_FACE('',(#6135));
#6137=POLY_LOOP('',(#6130,#6119,#6023));
#6138=FACE_OUTER_BOUND('',#6137,.T.);
#6139=FACETED_PRIMITIVE_FACE('',(#6138));
#6141=POLY_LOOP('',(#6140,#5971,#6123));
#6142=FACE_OUTER_BOUND('',#6141,.T.);
#6143=FACETED_PRIMITIVE_FACE('',(#6142));
#6144=POLY_LOOP('',(#6140,#5984,#5971));
#6145=FACE_OUTER_BOUND('',#6144,.T.);
#6146=FACETED_PRIMITIVE_FACE('',(#6145));
#6148=POLY_LOOP('',(#6147,#6009,#6002));
#6149=FACE_OUTER_BOUND('',#6148,.T.);
#6150=FACETED_PRIMITIVE_FACE('',(#6149));
#6151=POLY_LOOP('',(#6147,#6130,#6009));
#6152=FACE_OUTER_BOUND('',#6151,.T.);
#6153=FACETED_PRIMITIVE_FACE('',(#6152));
#6155=POLY_LOOP('',(#6154,#5984,#6140));
#6156=FACE_OUTER_BOUND('',#6155,.T.);
#6157=FACETED_PRIMITIVE_FACE('',(#6156));
#6159=POLY_LOOP('',(#6158,#6147,#6002));
#6160=FACE_OUTER_BOUND('',#6159,.T.);
#6161=FACETED_PRIMITIVE_FACE('',(#6160));
#6163=POLY_LOOP('',(#6162,#5984,#6154));
#6164=FACE_OUTER_BOUND('',#6163,.T.);
#6165=FACETED_PRIMITIVE_FACE('',(#6164));
#6166=POLY_LOOP('',(#6162,#5985,#5984));
#6167=FACE_OUTER_BOUND('',#6166,.T.);
#6168=FACETED_PRIMITIVE_FACE('',(#6167));
#6170=POLY_LOOP('',(#6169,#6002,#5992));
#6171=FACE_OUTER_BOUND('',#6170,.T.);
#6172=FACETED_PRIMITIVE_FACE('',(#6171));
#6173=POLY_LOOP('',(#6169,#5992,#5985));
#6174=FACE_OUTER_BOUND('',#6173,.T.);
#6175=FACETED_PRIMITIVE_FACE('',(#6174));
#6176=POLY_LOOP('',(#6169,#6158,#6002));
#6177=FACE_OUTER_BOUND('',#6176,.T.);
#6178=FACETED_PRIMITIVE_FACE('',(#6177));
#6179=POLY_LOOP('',(#6169,#5985,#6162));
#6180=FACE_OUTER_BOUND('',#6179,.T.);
#6181=FACETED_PRIMITIVE_FACE('',(#6180));
#6182=POLY_LOOP('',(#6036,#5673,#5680));
#6183=FACE_OUTER_BOUND('',#6182,.T.);
#6184=FACETED_PRIMITIVE_FACE('',(#6183));
#6185=POLY_LOOP('',(#6036,#5680,#5694));
#6186=FACE_OUTER_BOUND('',#6185,.T.);
#6187=FACETED_PRIMITIVE_FACE('',(#6186));
#6188=POLY_LOOP('',(#6036,#5694,#5701));
#6189=FACE_OUTER_BOUND('',#6188,.T.);
#6190=FACETED_PRIMITIVE_FACE('',(#6189));
#6192=POLY_LOOP('',(#6191,#5575,#5568));
#6193=FACE_OUTER_BOUND('',#6192,.T.);
#6194=FACETED_PRIMITIVE_FACE('',(#6193));
#6195=POLY_LOOP('',(#6191,#5568,#5558));
#6196=FACE_OUTER_BOUND('',#6195,.T.);
#6197=FACETED_PRIMITIVE_FACE('',(#6196));
#6198=POLY_LOOP('',(#6191,#5558,#5557));
#6199=FACE_OUTER_BOUND('',#6198,.T.);
#6200=FACETED_PRIMITIVE_FACE('',(#6199));
#6201=POLY_LOOP('',(#5389,#5396,#6119));
#6202=FACE_OUTER_BOUND('',#6201,.T.);
#6203=FACETED_PRIMITIVE_FACE('',(#6202));
#6204=POLY_LOOP('',(#5382,#5389,#6119));
#6205=FACE_OUTER_BOUND('',#6204,.T.);
#6206=FACETED_PRIMITIVE_FACE('',(#6205));
#6207=POLY_LOOP('',(#5378,#5382,#6119));
#6208=FACE_OUTER_BOUND('',#6207,.T.);
#6209=FACETED_PRIMITIVE_FACE('',(#6208));
#6210=POLY_LOOP('',(#5371,#5378,#6119));
#6211=FACE_OUTER_BOUND('',#6210,.T.);
#6212=FACETED_PRIMITIVE_FACE('',(#6211));
#6213=POLY_LOOP('',(#5371,#6119,#6130));
#6214=FACE_OUTER_BOUND('',#6213,.T.);
#6215=FACETED_PRIMITIVE_FACE('',(#6214));
#6217=POLY_LOOP('',(#5245,#5228,#6216));
#6218=FACE_OUTER_BOUND('',#6217,.T.);
#6219=FACETED_PRIMITIVE_FACE('',(#6218));
#6220=POLY_LOOP('',(#5255,#5245,#6216));
#6221=FACE_OUTER_BOUND('',#6220,.T.);
#6222=FACETED_PRIMITIVE_FACE('',(#6221));
#6223=POLY_LOOP('',(#5270,#5255,#6216));
#6224=FACE_OUTER_BOUND('',#6223,.T.);
#6225=FACETED_PRIMITIVE_FACE('',(#6224));
#6226=POLY_LOOP('',(#5277,#5270,#6216));
#6227=FACE_OUTER_BOUND('',#6226,.T.);
#6228=FACETED_PRIMITIVE_FACE('',(#6227));
#6230=POLY_LOOP('',(#6229,#6040,#6036));
#6231=FACE_OUTER_BOUND('',#6230,.T.);
#6232=FACETED_PRIMITIVE_FACE('',(#6231));
#6233=POLY_LOOP('',(#6229,#6036,#5701));
#6234=FACE_OUTER_BOUND('',#6233,.T.);
#6235=FACETED_PRIMITIVE_FACE('',(#6234));
#6236=POLY_LOOP('',(#6229,#6047,#6040));
#6237=FACE_OUTER_BOUND('',#6236,.T.);
#6238=FACETED_PRIMITIVE_FACE('',(#6237));
#6239=POLY_LOOP('',(#6229,#5701,#5715));
#6240=FACE_OUTER_BOUND('',#6239,.T.);
#6241=FACETED_PRIMITIVE_FACE('',(#6240));
#6242=POLY_LOOP('',(#6229,#5715,#5722));
#6243=FACE_OUTER_BOUND('',#6242,.T.);
#6244=FACETED_PRIMITIVE_FACE('',(#6243));
#6245=POLY_LOOP('',(#6229,#5722,#5736));
#6246=FACE_OUTER_BOUND('',#6245,.T.);
#6247=FACETED_PRIMITIVE_FACE('',(#6246));
#6249=POLY_LOOP('',(#6248,#6229,#5736));
#6250=FACE_OUTER_BOUND('',#6249,.T.);
#6251=FACETED_PRIMITIVE_FACE('',(#6250));
#6252=POLY_LOOP('',(#6248,#5736,#5747));
#6253=FACE_OUTER_BOUND('',#6252,.T.);
#6254=FACETED_PRIMITIVE_FACE('',(#6253));
#6255=POLY_LOOP('',(#6248,#5747,#5754));
#6256=FACE_OUTER_BOUND('',#6255,.T.);
#6257=FACETED_PRIMITIVE_FACE('',(#6256));
#6259=POLY_LOOP('',(#6258,#6054,#6047));
#6260=FACE_OUTER_BOUND('',#6259,.T.);
#6261=FACETED_PRIMITIVE_FACE('',(#6260));
#6262=POLY_LOOP('',(#6258,#6064,#6054));
#6263=FACE_OUTER_BOUND('',#6262,.T.);
#6264=FACETED_PRIMITIVE_FACE('',(#6263));
#6265=POLY_LOOP('',(#6258,#6047,#6229));
#6266=FACE_OUTER_BOUND('',#6265,.T.);
#6267=FACETED_PRIMITIVE_FACE('',(#6266));
#6268=POLY_LOOP('',(#6258,#6229,#6248));
#6269=FACE_OUTER_BOUND('',#6268,.T.);
#6270=FACETED_PRIMITIVE_FACE('',(#6269));
#6272=POLY_LOOP('',(#6271,#5754,#5740));
#6273=FACE_OUTER_BOUND('',#6272,.T.);
#6274=FACETED_PRIMITIVE_FACE('',(#6273));
#6275=POLY_LOOP('',(#6271,#6248,#5754));
#6276=FACE_OUTER_BOUND('',#6275,.T.);
#6277=FACETED_PRIMITIVE_FACE('',(#6276));
#6278=POLY_LOOP('',(#6271,#5740,#5729));
#6279=FACE_OUTER_BOUND('',#6278,.T.);
#6280=FACETED_PRIMITIVE_FACE('',(#6279));
#6282=POLY_LOOP('',(#6281,#6258,#6248));
#6283=FACE_OUTER_BOUND('',#6282,.T.);
#6284=FACETED_PRIMITIVE_FACE('',(#6283));
#6286=POLY_LOOP('',(#6285,#6071,#6064));
#6287=FACE_OUTER_BOUND('',#6286,.T.);
#6288=FACETED_PRIMITIVE_FACE('',(#6287));
#6289=POLY_LOOP('',(#6285,#6078,#6071));
#6290=FACE_OUTER_BOUND('',#6289,.T.);
#6291=FACETED_PRIMITIVE_FACE('',(#6290));
#6292=POLY_LOOP('',(#6285,#6064,#6258));
#6293=FACE_OUTER_BOUND('',#6292,.T.);
#6294=FACETED_PRIMITIVE_FACE('',(#6293));
#6296=POLY_LOOP('',(#6295,#6271,#5729));
#6297=FACE_OUTER_BOUND('',#6296,.T.);
#6298=FACETED_PRIMITIVE_FACE('',(#6297));
#6299=POLY_LOOP('',(#6295,#5729,#5705));
#6300=FACE_OUTER_BOUND('',#6299,.T.);
#6301=FACETED_PRIMITIVE_FACE('',(#6300));
#6302=POLY_LOOP('',(#6295,#5705,#5687));
#6303=FACE_OUTER_BOUND('',#6302,.T.);
#6304=FACETED_PRIMITIVE_FACE('',(#6303));
#6306=POLY_LOOP('',(#6305,#6281,#6248));
#6307=FACE_OUTER_BOUND('',#6306,.T.);
#6308=FACETED_PRIMITIVE_FACE('',(#6307));
#6309=POLY_LOOP('',(#6305,#6271,#6295));
#6310=FACE_OUTER_BOUND('',#6309,.T.);
#6311=FACETED_PRIMITIVE_FACE('',(#6310));
#6312=POLY_LOOP('',(#6305,#6248,#6271));
#6313=FACE_OUTER_BOUND('',#6312,.T.);
#6314=FACETED_PRIMITIVE_FACE('',(#6313));
#6316=POLY_LOOP('',(#6315,#6285,#6258));
#6317=FACE_OUTER_BOUND('',#6316,.T.);
#6318=FACETED_PRIMITIVE_FACE('',(#6317));
#6319=POLY_LOOP('',(#6315,#6258,#6281));
#6320=FACE_OUTER_BOUND('',#6319,.T.);
#6321=FACETED_PRIMITIVE_FACE('',(#6320));
#6323=POLY_LOOP('',(#6322,#6085,#6078));
#6324=FACE_OUTER_BOUND('',#6323,.T.);
#6325=FACETED_PRIMITIVE_FACE('',(#6324));
#6326=POLY_LOOP('',(#6322,#6092,#6085));
#6327=FACE_OUTER_BOUND('',#6326,.T.);
#6328=FACETED_PRIMITIVE_FACE('',(#6327));
#6329=POLY_LOOP('',(#6322,#6078,#6285));
#6330=FACE_OUTER_BOUND('',#6329,.T.);
#6331=FACETED_PRIMITIVE_FACE('',(#6330));
#6333=POLY_LOOP('',(#6332,#6295,#5687));
#6334=FACE_OUTER_BOUND('',#6333,.T.);
#6335=FACETED_PRIMITIVE_FACE('',(#6334));
#6336=POLY_LOOP('',(#6332,#5687,#5666));
#6337=FACE_OUTER_BOUND('',#6336,.T.);
#6338=FACETED_PRIMITIVE_FACE('',(#6337));
#6339=POLY_LOOP('',(#6332,#5666,#5655));
#6340=FACE_OUTER_BOUND('',#6339,.T.);
#6341=FACETED_PRIMITIVE_FACE('',(#6340));
#6343=POLY_LOOP('',(#6342,#6305,#6295));
#6344=FACE_OUTER_BOUND('',#6343,.T.);
#6345=FACETED_PRIMITIVE_FACE('',(#6344));
#6347=POLY_LOOP('',(#6346,#6315,#6281));
#6348=FACE_OUTER_BOUND('',#6347,.T.);
#6349=FACETED_PRIMITIVE_FACE('',(#6348));
#6350=POLY_LOOP('',(#6346,#6281,#6305));
#6351=FACE_OUTER_BOUND('',#6350,.T.);
#6352=FACETED_PRIMITIVE_FACE('',(#6351));
#6354=POLY_LOOP('',(#6353,#6332,#5655));
#6355=FACE_OUTER_BOUND('',#6354,.T.);
#6356=FACETED_PRIMITIVE_FACE('',(#6355));
#6357=POLY_LOOP('',(#6353,#5655,#5648));
#6358=FACE_OUTER_BOUND('',#6357,.T.);
#6359=FACETED_PRIMITIVE_FACE('',(#6358));
#6360=POLY_LOOP('',(#6353,#5648,#5641));
#6361=FACE_OUTER_BOUND('',#6360,.T.);
#6362=FACETED_PRIMITIVE_FACE('',(#6361));
#6364=POLY_LOOP('',(#6363,#6285,#6315));
#6365=FACE_OUTER_BOUND('',#6364,.T.);
#6366=FACETED_PRIMITIVE_FACE('',(#6365));
#6367=POLY_LOOP('',(#6363,#6315,#6346));
#6368=FACE_OUTER_BOUND('',#6367,.T.);
#6369=FACETED_PRIMITIVE_FACE('',(#6368));
#6370=POLY_LOOP('',(#6363,#6322,#6285));
#6371=FACE_OUTER_BOUND('',#6370,.T.);
#6372=FACETED_PRIMITIVE_FACE('',(#6371));
#6374=POLY_LOOP('',(#6373,#6099,#6092));
#6375=FACE_OUTER_BOUND('',#6374,.T.);
#6376=FACETED_PRIMITIVE_FACE('',(#6375));
#6377=POLY_LOOP('',(#6373,#6109,#6099));
#6378=FACE_OUTER_BOUND('',#6377,.T.);
#6379=FACETED_PRIMITIVE_FACE('',(#6378));
#6380=POLY_LOOP('',(#6373,#6092,#6322));
#6381=FACE_OUTER_BOUND('',#6380,.T.);
#6382=FACETED_PRIMITIVE_FACE('',(#6381));
#6384=POLY_LOOP('',(#6383,#6342,#6295));
#6385=FACE_OUTER_BOUND('',#6384,.T.);
#6386=FACETED_PRIMITIVE_FACE('',(#6385));
#6387=POLY_LOOP('',(#6383,#6295,#6332));
#6388=FACE_OUTER_BOUND('',#6387,.T.);
#6389=FACETED_PRIMITIVE_FACE('',(#6388));
#6391=POLY_LOOP('',(#6390,#6353,#5641));
#6392=FACE_OUTER_BOUND('',#6391,.T.);
#6393=FACETED_PRIMITIVE_FACE('',(#6392));
#6394=POLY_LOOP('',(#6390,#5641,#5637));
#6395=FACE_OUTER_BOUND('',#6394,.T.);
#6396=FACETED_PRIMITIVE_FACE('',(#6395));
#6397=POLY_LOOP('',(#6390,#5637,#5630));
#6398=FACE_OUTER_BOUND('',#6397,.T.);
#6399=FACETED_PRIMITIVE_FACE('',(#6398));
#6401=POLY_LOOP('',(#6400,#6305,#6342));
#6402=FACE_OUTER_BOUND('',#6401,.T.);
#6403=FACETED_PRIMITIVE_FACE('',(#6402));
#6404=POLY_LOOP('',(#6400,#6346,#6305));
#6405=FACE_OUTER_BOUND('',#6404,.T.);
#6406=FACETED_PRIMITIVE_FACE('',(#6405));
#6408=POLY_LOOP('',(#6407,#6346,#6400));
#6409=FACE_OUTER_BOUND('',#6408,.T.);
#6410=FACETED_PRIMITIVE_FACE('',(#6409));
#6411=POLY_LOOP('',(#6407,#6363,#6346));
#6412=FACE_OUTER_BOUND('',#6411,.T.);
#6413=FACETED_PRIMITIVE_FACE('',(#6412));
#6415=POLY_LOOP('',(#6414,#6383,#6332));
#6416=FACE_OUTER_BOUND('',#6415,.T.);
#6417=FACETED_PRIMITIVE_FACE('',(#6416));
#6418=POLY_LOOP('',(#6414,#6332,#6353));
#6419=FACE_OUTER_BOUND('',#6418,.T.);
#6420=FACETED_PRIMITIVE_FACE('',(#6419));
#6422=POLY_LOOP('',(#6421,#6322,#6363));
#6423=FACE_OUTER_BOUND('',#6422,.T.);
#6424=FACETED_PRIMITIVE_FACE('',(#6423));
#6425=POLY_LOOP('',(#6421,#6373,#6322));
#6426=FACE_OUTER_BOUND('',#6425,.T.);
#6427=FACETED_PRIMITIVE_FACE('',(#6426));
#6429=POLY_LOOP('',(#6428,#6390,#5630));
#6430=FACE_OUTER_BOUND('',#6429,.T.);
#6431=FACETED_PRIMITIVE_FACE('',(#6430));
#6432=POLY_LOOP('',(#6428,#5630,#5623));
#6433=FACE_OUTER_BOUND('',#6432,.T.);
#6434=FACETED_PRIMITIVE_FACE('',(#6433));
#6435=POLY_LOOP('',(#6428,#5623,#5619));
#6436=FACE_OUTER_BOUND('',#6435,.T.);
#6437=FACETED_PRIMITIVE_FACE('',(#6436));
#6439=POLY_LOOP('',(#6438,#6123,#6109));
#6440=FACE_OUTER_BOUND('',#6439,.T.);
#6441=FACETED_PRIMITIVE_FACE('',(#6440));
#6442=POLY_LOOP('',(#6438,#6140,#6123));
#6443=FACE_OUTER_BOUND('',#6442,.T.);
#6444=FACETED_PRIMITIVE_FACE('',(#6443));
#6445=POLY_LOOP('',(#6438,#6109,#6373));
#6446=FACE_OUTER_BOUND('',#6445,.T.);
#6447=FACETED_PRIMITIVE_FACE('',(#6446));
#6448=POLY_LOOP('',(#6438,#6373,#6421));
#6449=FACE_OUTER_BOUND('',#6448,.T.);
#6450=FACETED_PRIMITIVE_FACE('',(#6449));
#6452=POLY_LOOP('',(#6451,#6400,#6342));
#6453=FACE_OUTER_BOUND('',#6452,.T.);
#6454=FACETED_PRIMITIVE_FACE('',(#6453));
#6455=POLY_LOOP('',(#6451,#6342,#6383));
#6456=FACE_OUTER_BOUND('',#6455,.T.);
#6457=FACETED_PRIMITIVE_FACE('',(#6456));
#6459=POLY_LOOP('',(#6458,#6414,#6353));
#6460=FACE_OUTER_BOUND('',#6459,.T.);
#6461=FACETED_PRIMITIVE_FACE('',(#6460));
#6462=POLY_LOOP('',(#6458,#6353,#6390));
#6463=FACE_OUTER_BOUND('',#6462,.T.);
#6464=FACETED_PRIMITIVE_FACE('',(#6463));
#6466=POLY_LOOP('',(#6465,#6407,#6400));
#6467=FACE_OUTER_BOUND('',#6466,.T.);
#6468=FACETED_PRIMITIVE_FACE('',(#6467));
#6470=POLY_LOOP('',(#6469,#6407,#6465));
#6471=FACE_OUTER_BOUND('',#6470,.T.);
#6472=FACETED_PRIMITIVE_FACE('',(#6471));
#6473=POLY_LOOP('',(#6469,#6421,#6363));
#6474=FACE_OUTER_BOUND('',#6473,.T.);
#6475=FACETED_PRIMITIVE_FACE('',(#6474));
#6476=POLY_LOOP('',(#6469,#6363,#6407));
#6477=FACE_OUTER_BOUND('',#6476,.T.);
#6478=FACETED_PRIMITIVE_FACE('',(#6477));
#6480=POLY_LOOP('',(#6479,#6428,#5619));
#6481=FACE_OUTER_BOUND('',#6480,.T.);
#6482=FACETED_PRIMITIVE_FACE('',(#6481));
#6483=POLY_LOOP('',(#6479,#5619,#5612));
#6484=FACE_OUTER_BOUND('',#6483,.T.);
#6485=FACETED_PRIMITIVE_FACE('',(#6484));
#6487=POLY_LOOP('',(#6486,#6451,#6383));
#6488=FACE_OUTER_BOUND('',#6487,.T.);
#6489=FACETED_PRIMITIVE_FACE('',(#6488));
#6490=POLY_LOOP('',(#6486,#6383,#6414));
#6491=FACE_OUTER_BOUND('',#6490,.T.);
#6492=FACETED_PRIMITIVE_FACE('',(#6491));
#6494=POLY_LOOP('',(#6493,#6438,#6421));
#6495=FACE_OUTER_BOUND('',#6494,.T.);
#6496=FACETED_PRIMITIVE_FACE('',(#6495));
#6498=POLY_LOOP('',(#6497,#6458,#6390));
#6499=FACE_OUTER_BOUND('',#6498,.T.);
#6500=FACETED_PRIMITIVE_FACE('',(#6499));
#6501=POLY_LOOP('',(#6497,#6390,#6428));
#6502=FACE_OUTER_BOUND('',#6501,.T.);
#6503=FACETED_PRIMITIVE_FACE('',(#6502));
#6505=POLY_LOOP('',(#6504,#6154,#6140));
#6506=FACE_OUTER_BOUND('',#6505,.T.);
#6507=FACETED_PRIMITIVE_FACE('',(#6506));
#6508=POLY_LOOP('',(#6504,#6162,#6154));
#6509=FACE_OUTER_BOUND('',#6508,.T.);
#6510=FACETED_PRIMITIVE_FACE('',(#6509));
#6511=POLY_LOOP('',(#6504,#6140,#6438));
#6512=FACE_OUTER_BOUND('',#6511,.T.);
#6513=FACETED_PRIMITIVE_FACE('',(#6512));
#6514=POLY_LOOP('',(#6504,#6438,#6493));
#6515=FACE_OUTER_BOUND('',#6514,.T.);
#6516=FACETED_PRIMITIVE_FACE('',(#6515));
#6518=POLY_LOOP('',(#6517,#6465,#6400));
#6519=FACE_OUTER_BOUND('',#6518,.T.);
#6520=FACETED_PRIMITIVE_FACE('',(#6519));
#6521=POLY_LOOP('',(#6517,#6400,#6451));
#6522=FACE_OUTER_BOUND('',#6521,.T.);
#6523=FACETED_PRIMITIVE_FACE('',(#6522));
#6525=POLY_LOOP('',(#6524,#5612,#5602));
#6526=FACE_OUTER_BOUND('',#6525,.T.);
#6527=FACETED_PRIMITIVE_FACE('',(#6526));
#6528=POLY_LOOP('',(#6524,#5602,#5595));
#6529=FACE_OUTER_BOUND('',#6528,.T.);
#6530=FACETED_PRIMITIVE_FACE('',(#6529));
#6531=POLY_LOOP('',(#6524,#6479,#5612));
#6532=FACE_OUTER_BOUND('',#6531,.T.);
#6533=FACETED_PRIMITIVE_FACE('',(#6532));
#6535=POLY_LOOP('',(#6534,#6414,#6458));
#6536=FACE_OUTER_BOUND('',#6535,.T.);
#6537=FACETED_PRIMITIVE_FACE('',(#6536));
#6538=POLY_LOOP('',(#6534,#6458,#6497));
#6539=FACE_OUTER_BOUND('',#6538,.T.);
#6540=FACETED_PRIMITIVE_FACE('',(#6539));
#6541=POLY_LOOP('',(#6534,#6486,#6414));
#6542=FACE_OUTER_BOUND('',#6541,.T.);
#6543=FACETED_PRIMITIVE_FACE('',(#6542));
#6545=POLY_LOOP('',(#6544,#6469,#6465));
#6546=FACE_OUTER_BOUND('',#6545,.T.);
#6547=FACETED_PRIMITIVE_FACE('',(#6546));
#6549=POLY_LOOP('',(#6548,#6421,#6469));
#6550=FACE_OUTER_BOUND('',#6549,.T.);
#6551=FACETED_PRIMITIVE_FACE('',(#6550));
#6552=POLY_LOOP('',(#6548,#6493,#6421));
#6553=FACE_OUTER_BOUND('',#6552,.T.);
#6554=FACETED_PRIMITIVE_FACE('',(#6553));
#6556=POLY_LOOP('',(#6555,#6428,#6479));
#6557=FACE_OUTER_BOUND('',#6556,.T.);
#6558=FACETED_PRIMITIVE_FACE('',(#6557));
#6559=POLY_LOOP('',(#6555,#6497,#6428));
#6560=FACE_OUTER_BOUND('',#6559,.T.);
#6561=FACETED_PRIMITIVE_FACE('',(#6560));
#6563=POLY_LOOP('',(#6562,#6451,#6486));
#6564=FACE_OUTER_BOUND('',#6563,.T.);
#6565=FACETED_PRIMITIVE_FACE('',(#6564));
#6566=POLY_LOOP('',(#6562,#6517,#6451));
#6567=FACE_OUTER_BOUND('',#6566,.T.);
#6568=FACETED_PRIMITIVE_FACE('',(#6567));
#6570=POLY_LOOP('',(#6569,#6504,#6493));
#6571=FACE_OUTER_BOUND('',#6570,.T.);
#6572=FACETED_PRIMITIVE_FACE('',(#6571));
#6575=POLY_LOOP('',(#6573,#6191,#6574));
#6576=FACE_OUTER_BOUND('',#6575,.T.);
#6577=FACETED_PRIMITIVE_FACE('',(#6576));
#6579=POLY_LOOP('',(#6573,#6574,#6578));
#6580=FACE_OUTER_BOUND('',#6579,.T.);
#6581=FACETED_PRIMITIVE_FACE('',(#6580));
#6582=POLY_LOOP('',(#6573,#5575,#6191));
#6583=FACE_OUTER_BOUND('',#6582,.T.);
#6584=FACETED_PRIMITIVE_FACE('',(#6583));
#6585=POLY_LOOP('',(#6573,#5595,#5585));
#6586=FACE_OUTER_BOUND('',#6585,.T.);
#6587=FACETED_PRIMITIVE_FACE('',(#6586));
#6588=POLY_LOOP('',(#6573,#5585,#5575));
#6589=FACE_OUTER_BOUND('',#6588,.T.);
#6590=FACETED_PRIMITIVE_FACE('',(#6589));
#6591=POLY_LOOP('',(#6573,#6524,#5595));
#6592=FACE_OUTER_BOUND('',#6591,.T.);
#6593=FACETED_PRIMITIVE_FACE('',(#6592));
#6595=POLY_LOOP('',(#6594,#6534,#6497));
#6596=FACE_OUTER_BOUND('',#6595,.T.);
#6597=FACETED_PRIMITIVE_FACE('',(#6596));
#6599=POLY_LOOP('',(#6598,#6169,#6162));
#6600=FACE_OUTER_BOUND('',#6599,.T.);
#6601=FACETED_PRIMITIVE_FACE('',(#6600));
#6602=POLY_LOOP('',(#6598,#6158,#6169));
#6603=FACE_OUTER_BOUND('',#6602,.T.);
#6604=FACETED_PRIMITIVE_FACE('',(#6603));
#6605=POLY_LOOP('',(#6598,#6162,#6504));
#6606=FACE_OUTER_BOUND('',#6605,.T.);
#6607=FACETED_PRIMITIVE_FACE('',(#6606));
#6609=POLY_LOOP('',(#6608,#6465,#6517));
#6610=FACE_OUTER_BOUND('',#6609,.T.);
#6611=FACETED_PRIMITIVE_FACE('',(#6610));
#6612=POLY_LOOP('',(#6608,#6544,#6465));
#6613=FACE_OUTER_BOUND('',#6612,.T.);
#6614=FACETED_PRIMITIVE_FACE('',(#6613));
#6615=POLY_LOOP('',(#6608,#6517,#6562));
#6616=FACE_OUTER_BOUND('',#6615,.T.);
#6617=FACETED_PRIMITIVE_FACE('',(#6616));
#6619=POLY_LOOP('',(#6618,#6555,#6479));
#6620=FACE_OUTER_BOUND('',#6619,.T.);
#6621=FACETED_PRIMITIVE_FACE('',(#6620));
#6622=POLY_LOOP('',(#6618,#6479,#6524));
#6623=FACE_OUTER_BOUND('',#6622,.T.);
#6624=FACETED_PRIMITIVE_FACE('',(#6623));
#6626=POLY_LOOP('',(#6625,#6486,#6534));
#6627=FACE_OUTER_BOUND('',#6626,.T.);
#6628=FACETED_PRIMITIVE_FACE('',(#6627));
#6629=POLY_LOOP('',(#6625,#6534,#6594));
#6630=FACE_OUTER_BOUND('',#6629,.T.);
#6631=FACETED_PRIMITIVE_FACE('',(#6630));
#6632=POLY_LOOP('',(#6625,#6562,#6486));
#6633=FACE_OUTER_BOUND('',#6632,.T.);
#6634=FACETED_PRIMITIVE_FACE('',(#6633));
#6636=POLY_LOOP('',(#6635,#6469,#6544));
#6637=FACE_OUTER_BOUND('',#6636,.T.);
#6638=FACETED_PRIMITIVE_FACE('',(#6637));
#6639=POLY_LOOP('',(#6635,#6544,#6608));
#6640=FACE_OUTER_BOUND('',#6639,.T.);
#6641=FACETED_PRIMITIVE_FACE('',(#6640));
#6642=POLY_LOOP('',(#6635,#6548,#6469));
#6643=FACE_OUTER_BOUND('',#6642,.T.);
#6644=FACETED_PRIMITIVE_FACE('',(#6643));
#6646=POLY_LOOP('',(#6645,#6569,#6493));
#6647=FACE_OUTER_BOUND('',#6646,.T.);
#6648=FACETED_PRIMITIVE_FACE('',(#6647));
#6649=POLY_LOOP('',(#6645,#6493,#6548));
#6650=FACE_OUTER_BOUND('',#6649,.T.);
#6651=FACETED_PRIMITIVE_FACE('',(#6650));
#6653=POLY_LOOP('',(#6652,#6497,#6555));
#6654=FACE_OUTER_BOUND('',#6653,.T.);
#6655=FACETED_PRIMITIVE_FACE('',(#6654));
#6656=POLY_LOOP('',(#6652,#6594,#6497));
#6657=FACE_OUTER_BOUND('',#6656,.T.);
#6658=FACETED_PRIMITIVE_FACE('',(#6657));
#6659=POLY_LOOP('',(#6652,#6555,#6618));
#6660=FACE_OUTER_BOUND('',#6659,.T.);
#6661=FACETED_PRIMITIVE_FACE('',(#6660));
#6663=POLY_LOOP('',(#6662,#6608,#6562));
#6664=FACE_OUTER_BOUND('',#6663,.T.);
#6665=FACETED_PRIMITIVE_FACE('',(#6664));
#6666=POLY_LOOP('',(#6662,#6562,#6625));
#6667=FACE_OUTER_BOUND('',#6666,.T.);
#6668=FACETED_PRIMITIVE_FACE('',(#6667));
#6670=POLY_LOOP('',(#6669,#6504,#6569));
#6671=FACE_OUTER_BOUND('',#6670,.T.);
#6672=FACETED_PRIMITIVE_FACE('',(#6671));
#6673=POLY_LOOP('',(#6669,#6569,#6645));
#6674=FACE_OUTER_BOUND('',#6673,.T.);
#6675=FACETED_PRIMITIVE_FACE('',(#6674));
#6676=POLY_LOOP('',(#6669,#6598,#6504));
#6677=FACE_OUTER_BOUND('',#6676,.T.);
#6678=FACETED_PRIMITIVE_FACE('',(#6677));
#6680=POLY_LOOP('',(#6679,#6618,#6524));
#6681=FACE_OUTER_BOUND('',#6680,.T.);
#6682=FACETED_PRIMITIVE_FACE('',(#6681));
#6683=POLY_LOOP('',(#6679,#6524,#6573));
#6684=FACE_OUTER_BOUND('',#6683,.T.);
#6685=FACETED_PRIMITIVE_FACE('',(#6684));
#6687=POLY_LOOP('',(#6679,#6578,#6686));
#6688=FACE_OUTER_BOUND('',#6687,.T.);
#6689=FACETED_PRIMITIVE_FACE('',(#6688));
#6691=POLY_LOOP('',(#6679,#6686,#6690));
#6692=FACE_OUTER_BOUND('',#6691,.T.);
#6693=FACETED_PRIMITIVE_FACE('',(#6692));
#6694=POLY_LOOP('',(#6679,#6573,#6578));
#6695=FACE_OUTER_BOUND('',#6694,.T.);
#6696=FACETED_PRIMITIVE_FACE('',(#6695));
#6698=POLY_LOOP('',(#6697,#6625,#6594));
#6699=FACE_OUTER_BOUND('',#6698,.T.);
#6700=FACETED_PRIMITIVE_FACE('',(#6699));
#6702=POLY_LOOP('',(#6701,#5371,#6130));
#6703=FACE_OUTER_BOUND('',#6702,.T.);
#6704=FACETED_PRIMITIVE_FACE('',(#6703));
#6705=POLY_LOOP('',(#6701,#6147,#6158));
#6706=FACE_OUTER_BOUND('',#6705,.T.);
#6707=FACETED_PRIMITIVE_FACE('',(#6706));
#6708=POLY_LOOP('',(#6701,#6130,#6147));
#6709=FACE_OUTER_BOUND('',#6708,.T.);
#6710=FACETED_PRIMITIVE_FACE('',(#6709));
#6711=POLY_LOOP('',(#6701,#5364,#5371));
#6712=FACE_OUTER_BOUND('',#6711,.T.);
#6713=FACETED_PRIMITIVE_FACE('',(#6712));
#6714=POLY_LOOP('',(#6701,#5360,#5364));
#6715=FACE_OUTER_BOUND('',#6714,.T.);
#6716=FACETED_PRIMITIVE_FACE('',(#6715));
#6717=POLY_LOOP('',(#6701,#6158,#6598));
#6718=FACE_OUTER_BOUND('',#6717,.T.);
#6719=FACETED_PRIMITIVE_FACE('',(#6718));
#6721=POLY_LOOP('',(#6720,#6635,#6608));
#6722=FACE_OUTER_BOUND('',#6721,.T.);
#6723=FACETED_PRIMITIVE_FACE('',(#6722));
#6725=POLY_LOOP('',(#6724,#6652,#6618));
#6726=FACE_OUTER_BOUND('',#6725,.T.);
#6727=FACETED_PRIMITIVE_FACE('',(#6726));
#6728=POLY_LOOP('',(#6724,#6618,#6679));
#6729=FACE_OUTER_BOUND('',#6728,.T.);
#6730=FACETED_PRIMITIVE_FACE('',(#6729));
#6732=POLY_LOOP('',(#6731,#6662,#6625));
#6733=FACE_OUTER_BOUND('',#6732,.T.);
#6734=FACETED_PRIMITIVE_FACE('',(#6733));
#6736=POLY_LOOP('',(#6735,#6548,#6635));
#6737=FACE_OUTER_BOUND('',#6736,.T.);
#6738=FACETED_PRIMITIVE_FACE('',(#6737));
#6739=POLY_LOOP('',(#6735,#6645,#6548));
#6740=FACE_OUTER_BOUND('',#6739,.T.);
#6741=FACETED_PRIMITIVE_FACE('',(#6740));
#6743=POLY_LOOP('',(#6742,#6645,#6735));
#6744=FACE_OUTER_BOUND('',#6743,.T.);
#6745=FACETED_PRIMITIVE_FACE('',(#6744));
#6746=POLY_LOOP('',(#6742,#6669,#6645));
#6747=FACE_OUTER_BOUND('',#6746,.T.);
#6748=FACETED_PRIMITIVE_FACE('',(#6747));
#6750=POLY_LOOP('',(#6749,#6697,#6594));
#6751=FACE_OUTER_BOUND('',#6750,.T.);
#6752=FACETED_PRIMITIVE_FACE('',(#6751));
#6753=POLY_LOOP('',(#6749,#6594,#6652));
#6754=FACE_OUTER_BOUND('',#6753,.T.);
#6755=FACETED_PRIMITIVE_FACE('',(#6754));
#6757=POLY_LOOP('',(#6756,#6720,#6608));
#6758=FACE_OUTER_BOUND('',#6757,.T.);
#6759=FACETED_PRIMITIVE_FACE('',(#6758));
#6760=POLY_LOOP('',(#6756,#6662,#6731));
#6761=FACE_OUTER_BOUND('',#6760,.T.);
#6762=FACETED_PRIMITIVE_FACE('',(#6761));
#6763=POLY_LOOP('',(#6756,#6608,#6662));
#6764=FACE_OUTER_BOUND('',#6763,.T.);
#6765=FACETED_PRIMITIVE_FACE('',(#6764));
#6767=POLY_LOOP('',(#6766,#5353,#5360));
#6768=FACE_OUTER_BOUND('',#6767,.T.);
#6769=FACETED_PRIMITIVE_FACE('',(#6768));
#6770=POLY_LOOP('',(#6766,#5346,#5353));
#6771=FACE_OUTER_BOUND('',#6770,.T.);
#6772=FACETED_PRIMITIVE_FACE('',(#6771));
#6773=POLY_LOOP('',(#6766,#6598,#6669));
#6774=FACE_OUTER_BOUND('',#6773,.T.);
#6775=FACETED_PRIMITIVE_FACE('',(#6774));
#6776=POLY_LOOP('',(#6766,#5360,#6701));
#6777=FACE_OUTER_BOUND('',#6776,.T.);
#6778=FACETED_PRIMITIVE_FACE('',(#6777));
#6779=POLY_LOOP('',(#6766,#6701,#6598));
#6780=FACE_OUTER_BOUND('',#6779,.T.);
#6781=FACETED_PRIMITIVE_FACE('',(#6780));
#6783=POLY_LOOP('',(#6782,#6724,#6679));
#6784=FACE_OUTER_BOUND('',#6783,.T.);
#6785=FACETED_PRIMITIVE_FACE('',(#6784));
#6786=POLY_LOOP('',(#6782,#6679,#6690));
#6787=FACE_OUTER_BOUND('',#6786,.T.);
#6788=FACETED_PRIMITIVE_FACE('',(#6787));
#6790=POLY_LOOP('',(#6782,#6690,#6789));
#6791=FACE_OUTER_BOUND('',#6790,.T.);
#6792=FACETED_PRIMITIVE_FACE('',(#6791));
#6794=POLY_LOOP('',(#6782,#6789,#6793));
#6795=FACE_OUTER_BOUND('',#6794,.T.);
#6796=FACETED_PRIMITIVE_FACE('',(#6795));
#6798=POLY_LOOP('',(#6797,#6731,#6625));
#6799=FACE_OUTER_BOUND('',#6798,.T.);
#6800=FACETED_PRIMITIVE_FACE('',(#6799));
#6801=POLY_LOOP('',(#6797,#6625,#6697));
#6802=FACE_OUTER_BOUND('',#6801,.T.);
#6803=FACETED_PRIMITIVE_FACE('',(#6802));
#6804=POLY_LOOP('',(#6797,#6697,#6749));
#6805=FACE_OUTER_BOUND('',#6804,.T.);
#6806=FACETED_PRIMITIVE_FACE('',(#6805));
#6808=POLY_LOOP('',(#6807,#6735,#6635));
#6809=FACE_OUTER_BOUND('',#6808,.T.);
#6810=FACETED_PRIMITIVE_FACE('',(#6809));
#6811=POLY_LOOP('',(#6807,#6635,#6720));
#6812=FACE_OUTER_BOUND('',#6811,.T.);
#6813=FACETED_PRIMITIVE_FACE('',(#6812));
#6814=POLY_LOOP('',(#6807,#6720,#6756));
#6815=FACE_OUTER_BOUND('',#6814,.T.);
#6816=FACETED_PRIMITIVE_FACE('',(#6815));
#6818=POLY_LOOP('',(#6817,#6652,#6724));
#6819=FACE_OUTER_BOUND('',#6818,.T.);
#6820=FACETED_PRIMITIVE_FACE('',(#6819));
#6821=POLY_LOOP('',(#6817,#6749,#6652));
#6822=FACE_OUTER_BOUND('',#6821,.T.);
#6823=FACETED_PRIMITIVE_FACE('',(#6822));
#6824=POLY_LOOP('',(#6817,#6724,#6782));
#6825=FACE_OUTER_BOUND('',#6824,.T.);
#6826=FACETED_PRIMITIVE_FACE('',(#6825));
#6828=POLY_LOOP('',(#6827,#6756,#6731));
#6829=FACE_OUTER_BOUND('',#6828,.T.);
#6830=FACETED_PRIMITIVE_FACE('',(#6829));
#6832=POLY_LOOP('',(#6831,#6742,#6735));
#6833=FACE_OUTER_BOUND('',#6832,.T.);
#6834=FACETED_PRIMITIVE_FACE('',(#6833));
#6836=POLY_LOOP('',(#6835,#5339,#5346));
#6837=FACE_OUTER_BOUND('',#6836,.T.);
#6838=FACETED_PRIMITIVE_FACE('',(#6837));
#6839=POLY_LOOP('',(#6835,#5332,#5339));
#6840=FACE_OUTER_BOUND('',#6839,.T.);
#6841=FACETED_PRIMITIVE_FACE('',(#6840));
#6842=POLY_LOOP('',(#6835,#5346,#6766));
#6843=FACE_OUTER_BOUND('',#6842,.T.);
#6844=FACETED_PRIMITIVE_FACE('',(#6843));
#6845=POLY_LOOP('',(#6835,#6766,#6669));
#6846=FACE_OUTER_BOUND('',#6845,.T.);
#6847=FACETED_PRIMITIVE_FACE('',(#6846));
#6848=POLY_LOOP('',(#6835,#6669,#6742));
#6849=FACE_OUTER_BOUND('',#6848,.T.);
#6850=FACETED_PRIMITIVE_FACE('',(#6849));
#6851=POLY_LOOP('',(#6835,#6742,#6831));
#6852=FACE_OUTER_BOUND('',#6851,.T.);
#6853=FACETED_PRIMITIVE_FACE('',(#6852));
#6855=POLY_LOOP('',(#6854,#6797,#6749));
#6856=FACE_OUTER_BOUND('',#6855,.T.);
#6857=FACETED_PRIMITIVE_FACE('',(#6856));
#6858=POLY_LOOP('',(#6854,#6749,#6817));
#6859=FACE_OUTER_BOUND('',#6858,.T.);
#6860=FACETED_PRIMITIVE_FACE('',(#6859));
#6862=POLY_LOOP('',(#6861,#6807,#6756));
#6863=FACE_OUTER_BOUND('',#6862,.T.);
#6864=FACETED_PRIMITIVE_FACE('',(#6863));
#6867=POLY_LOOP('',(#6865,#6793,#6866));
#6868=FACE_OUTER_BOUND('',#6867,.T.);
#6869=FACETED_PRIMITIVE_FACE('',(#6868));
#6871=POLY_LOOP('',(#6865,#6866,#6870));
#6872=FACE_OUTER_BOUND('',#6871,.T.);
#6873=FACETED_PRIMITIVE_FACE('',(#6872));
#6874=POLY_LOOP('',(#6865,#6782,#6793));
#6875=FACE_OUTER_BOUND('',#6874,.T.);
#6876=FACETED_PRIMITIVE_FACE('',(#6875));
#6877=POLY_LOOP('',(#6865,#6817,#6782));
#6878=FACE_OUTER_BOUND('',#6877,.T.);
#6879=FACETED_PRIMITIVE_FACE('',(#6878));
#6881=POLY_LOOP('',(#6880,#6731,#6797));
#6882=FACE_OUTER_BOUND('',#6881,.T.);
#6883=FACETED_PRIMITIVE_FACE('',(#6882));
#6884=POLY_LOOP('',(#6880,#6797,#6854));
#6885=FACE_OUTER_BOUND('',#6884,.T.);
#6886=FACETED_PRIMITIVE_FACE('',(#6885));
#6887=POLY_LOOP('',(#6880,#6827,#6731));
#6888=FACE_OUTER_BOUND('',#6887,.T.);
#6889=FACETED_PRIMITIVE_FACE('',(#6888));
#6891=POLY_LOOP('',(#6890,#6735,#6807));
#6892=FACE_OUTER_BOUND('',#6891,.T.);
#6893=FACETED_PRIMITIVE_FACE('',(#6892));
#6894=POLY_LOOP('',(#6890,#6807,#6861));
#6895=FACE_OUTER_BOUND('',#6894,.T.);
#6896=FACETED_PRIMITIVE_FACE('',(#6895));
#6897=POLY_LOOP('',(#6890,#6831,#6735));
#6898=FACE_OUTER_BOUND('',#6897,.T.);
#6899=FACETED_PRIMITIVE_FACE('',(#6898));
#6901=POLY_LOOP('',(#6900,#6854,#6817));
#6902=FACE_OUTER_BOUND('',#6901,.T.);
#6903=FACETED_PRIMITIVE_FACE('',(#6902));
#6905=POLY_LOOP('',(#6904,#6861,#6756));
#6906=FACE_OUTER_BOUND('',#6905,.T.);
#6907=FACETED_PRIMITIVE_FACE('',(#6906));
#6908=POLY_LOOP('',(#6904,#6827,#6880));
#6909=FACE_OUTER_BOUND('',#6908,.T.);
#6910=FACETED_PRIMITIVE_FACE('',(#6909));
#6911=POLY_LOOP('',(#6904,#6756,#6827));
#6912=FACE_OUTER_BOUND('',#6911,.T.);
#6913=FACETED_PRIMITIVE_FACE('',(#6912));
#6915=POLY_LOOP('',(#6914,#5315,#5332));
#6916=FACE_OUTER_BOUND('',#6915,.T.);
#6917=FACETED_PRIMITIVE_FACE('',(#6916));
#6918=POLY_LOOP('',(#6914,#5308,#5315));
#6919=FACE_OUTER_BOUND('',#6918,.T.);
#6920=FACETED_PRIMITIVE_FACE('',(#6919));
#6921=POLY_LOOP('',(#6914,#6835,#6831));
#6922=FACE_OUTER_BOUND('',#6921,.T.);
#6923=FACETED_PRIMITIVE_FACE('',(#6922));
#6924=POLY_LOOP('',(#6914,#5332,#6835));
#6925=FACE_OUTER_BOUND('',#6924,.T.);
#6926=FACETED_PRIMITIVE_FACE('',(#6925));
#6928=POLY_LOOP('',(#6927,#6880,#6854));
#6929=FACE_OUTER_BOUND('',#6928,.T.);
#6930=FACETED_PRIMITIVE_FACE('',(#6929));
#6932=POLY_LOOP('',(#6931,#6890,#6861));
#6933=FACE_OUTER_BOUND('',#6932,.T.);
#6934=FACETED_PRIMITIVE_FACE('',(#6933));
#6936=POLY_LOOP('',(#6935,#6817,#6865));
#6937=FACE_OUTER_BOUND('',#6936,.T.);
#6938=FACETED_PRIMITIVE_FACE('',(#6937));
#6939=POLY_LOOP('',(#6935,#6865,#6870));
#6940=FACE_OUTER_BOUND('',#6939,.T.);
#6941=FACETED_PRIMITIVE_FACE('',(#6940));
#6943=POLY_LOOP('',(#6935,#6870,#6942));
#6944=FACE_OUTER_BOUND('',#6943,.T.);
#6945=FACETED_PRIMITIVE_FACE('',(#6944));
#6947=POLY_LOOP('',(#6935,#6942,#6946));
#6948=FACE_OUTER_BOUND('',#6947,.T.);
#6949=FACETED_PRIMITIVE_FACE('',(#6948));
#6950=POLY_LOOP('',(#6935,#6900,#6817));
#6951=FACE_OUTER_BOUND('',#6950,.T.);
#6952=FACETED_PRIMITIVE_FACE('',(#6951));
#6954=POLY_LOOP('',(#6953,#6904,#6880));
#6955=FACE_OUTER_BOUND('',#6954,.T.);
#6956=FACETED_PRIMITIVE_FACE('',(#6955));
#6958=POLY_LOOP('',(#6957,#6831,#6890));
#6959=FACE_OUTER_BOUND('',#6958,.T.);
#6960=FACETED_PRIMITIVE_FACE('',(#6959));
#6961=POLY_LOOP('',(#6957,#5301,#5308));
#6962=FACE_OUTER_BOUND('',#6961,.T.);
#6963=FACETED_PRIMITIVE_FACE('',(#6962));
#6964=POLY_LOOP('',(#6957,#5294,#5301));
#6965=FACE_OUTER_BOUND('',#6964,.T.);
#6966=FACETED_PRIMITIVE_FACE('',(#6965));
#6967=POLY_LOOP('',(#6957,#5308,#6914));
#6968=FACE_OUTER_BOUND('',#6967,.T.);
#6969=FACETED_PRIMITIVE_FACE('',(#6968));
#6970=POLY_LOOP('',(#6957,#6914,#6831));
#6971=FACE_OUTER_BOUND('',#6970,.T.);
#6972=FACETED_PRIMITIVE_FACE('',(#6971));
#6974=POLY_LOOP('',(#6973,#6927,#6854));
#6975=FACE_OUTER_BOUND('',#6974,.T.);
#6976=FACETED_PRIMITIVE_FACE('',(#6975));
#6977=POLY_LOOP('',(#6973,#6854,#6900));
#6978=FACE_OUTER_BOUND('',#6977,.T.);
#6979=FACETED_PRIMITIVE_FACE('',(#6978));
#6981=POLY_LOOP('',(#6980,#6931,#6861));
#6982=FACE_OUTER_BOUND('',#6981,.T.);
#6983=FACETED_PRIMITIVE_FACE('',(#6982));
#6984=POLY_LOOP('',(#6980,#6861,#6904));
#6985=FACE_OUTER_BOUND('',#6984,.T.);
#6986=FACETED_PRIMITIVE_FACE('',(#6985));
#6988=POLY_LOOP('',(#6987,#6953,#6880));
#6989=FACE_OUTER_BOUND('',#6988,.T.);
#6990=FACETED_PRIMITIVE_FACE('',(#6989));
#6991=POLY_LOOP('',(#6987,#6880,#6927));
#6992=FACE_OUTER_BOUND('',#6991,.T.);
#6993=FACETED_PRIMITIVE_FACE('',(#6992));
#6995=POLY_LOOP('',(#6994,#5294,#6957));
#6996=FACE_OUTER_BOUND('',#6995,.T.);
#6997=FACETED_PRIMITIVE_FACE('',(#6996));
#6998=POLY_LOOP('',(#6994,#6957,#6890));
#6999=FACE_OUTER_BOUND('',#6998,.T.);
#7000=FACETED_PRIMITIVE_FACE('',(#6999));
#7001=POLY_LOOP('',(#6994,#5284,#5294));
#7002=FACE_OUTER_BOUND('',#7001,.T.);
#7003=FACETED_PRIMITIVE_FACE('',(#7002));
#7004=POLY_LOOP('',(#6994,#5259,#5284));
#7005=FACE_OUTER_BOUND('',#7004,.T.);
#7006=FACETED_PRIMITIVE_FACE('',(#7005));
#7007=POLY_LOOP('',(#6994,#6890,#6931));
#7008=FACE_OUTER_BOUND('',#7007,.T.);
#7009=FACETED_PRIMITIVE_FACE('',(#7008));
#7011=POLY_LOOP('',(#7010,#6900,#6935));
#7012=FACE_OUTER_BOUND('',#7011,.T.);
#7013=FACETED_PRIMITIVE_FACE('',(#7012));
#7014=POLY_LOOP('',(#7010,#6973,#6900));
#7015=FACE_OUTER_BOUND('',#7014,.T.);
#7016=FACETED_PRIMITIVE_FACE('',(#7015));
#7017=POLY_LOOP('',(#7010,#6935,#6946));
#7018=FACE_OUTER_BOUND('',#7017,.T.);
#7019=FACETED_PRIMITIVE_FACE('',(#7018));
#7021=POLY_LOOP('',(#7010,#6946,#7020));
#7022=FACE_OUTER_BOUND('',#7021,.T.);
#7023=FACETED_PRIMITIVE_FACE('',(#7022));
#7025=POLY_LOOP('',(#7010,#7020,#7024));
#7026=FACE_OUTER_BOUND('',#7025,.T.);
#7027=FACETED_PRIMITIVE_FACE('',(#7026));
#7029=POLY_LOOP('',(#7028,#6904,#6953));
#7030=FACE_OUTER_BOUND('',#7029,.T.);
#7031=FACETED_PRIMITIVE_FACE('',(#7030));
#7032=POLY_LOOP('',(#7028,#6980,#6904));
#7033=FACE_OUTER_BOUND('',#7032,.T.);
#7034=FACETED_PRIMITIVE_FACE('',(#7033));
#7036=POLY_LOOP('',(#7035,#6927,#6973));
#7037=FACE_OUTER_BOUND('',#7036,.T.);
#7038=FACETED_PRIMITIVE_FACE('',(#7037));
#7039=POLY_LOOP('',(#7035,#6987,#6927));
#7040=FACE_OUTER_BOUND('',#7039,.T.);
#7041=FACETED_PRIMITIVE_FACE('',(#7040));
#7043=POLY_LOOP('',(#7042,#6994,#6931));
#7044=FACE_OUTER_BOUND('',#7043,.T.);
#7045=FACETED_PRIMITIVE_FACE('',(#7044));
#7046=POLY_LOOP('',(#7042,#5259,#6994));
#7047=FACE_OUTER_BOUND('',#7046,.T.);
#7048=FACETED_PRIMITIVE_FACE('',(#7047));
#7049=POLY_LOOP('',(#7042,#6931,#6980));
#7050=FACE_OUTER_BOUND('',#7049,.T.);
#7051=FACETED_PRIMITIVE_FACE('',(#7050));
#7052=POLY_LOOP('',(#7042,#5260,#5259));
#7053=FACE_OUTER_BOUND('',#7052,.T.);
#7054=FACETED_PRIMITIVE_FACE('',(#7053));
#7055=POLY_LOOP('',(#7042,#5238,#5260));
#7056=FACE_OUTER_BOUND('',#7055,.T.);
#7057=FACETED_PRIMITIVE_FACE('',(#7056));
#7059=POLY_LOOP('',(#7058,#7028,#6953));
#7060=FACE_OUTER_BOUND('',#7059,.T.);
#7061=FACETED_PRIMITIVE_FACE('',(#7060));
#7062=POLY_LOOP('',(#7058,#6953,#6987));
#7063=FACE_OUTER_BOUND('',#7062,.T.);
#7064=FACETED_PRIMITIVE_FACE('',(#7063));
#7066=POLY_LOOP('',(#7065,#6973,#7010));
#7067=FACE_OUTER_BOUND('',#7066,.T.);
#7068=FACETED_PRIMITIVE_FACE('',(#7067));
#7069=POLY_LOOP('',(#7065,#7035,#6973));
#7070=FACE_OUTER_BOUND('',#7069,.T.);
#7071=FACETED_PRIMITIVE_FACE('',(#7070));
#7072=POLY_LOOP('',(#7065,#7010,#7024));
#7073=FACE_OUTER_BOUND('',#7072,.T.);
#7074=FACETED_PRIMITIVE_FACE('',(#7073));
#7076=POLY_LOOP('',(#7065,#7024,#7075));
#7077=FACE_OUTER_BOUND('',#7076,.T.);
#7078=FACETED_PRIMITIVE_FACE('',(#7077));
#7080=POLY_LOOP('',(#7065,#7075,#7079));
#7081=FACE_OUTER_BOUND('',#7080,.T.);
#7082=FACETED_PRIMITIVE_FACE('',(#7081));
#7084=POLY_LOOP('',(#7083,#6980,#7028));
#7085=FACE_OUTER_BOUND('',#7084,.T.);
#7086=FACETED_PRIMITIVE_FACE('',(#7085));
#7087=POLY_LOOP('',(#7083,#5217,#5238));
#7088=FACE_OUTER_BOUND('',#7087,.T.);
#7089=FACETED_PRIMITIVE_FACE('',(#7088));
#7090=POLY_LOOP('',(#7083,#5218,#5217));
#7091=FACE_OUTER_BOUND('',#7090,.T.);
#7092=FACETED_PRIMITIVE_FACE('',(#7091));
#7093=POLY_LOOP('',(#7083,#7042,#6980));
#7094=FACE_OUTER_BOUND('',#7093,.T.);
#7095=FACETED_PRIMITIVE_FACE('',(#7094));
#7096=POLY_LOOP('',(#7083,#5238,#7042));
#7097=FACE_OUTER_BOUND('',#7096,.T.);
#7098=FACETED_PRIMITIVE_FACE('',(#7097));
#7100=POLY_LOOP('',(#7099,#7035,#7065));
#7101=FACE_OUTER_BOUND('',#7100,.T.);
#7102=FACETED_PRIMITIVE_FACE('',(#7101));
#7103=POLY_LOOP('',(#7099,#6987,#7035));
#7104=FACE_OUTER_BOUND('',#7103,.T.);
#7105=FACETED_PRIMITIVE_FACE('',(#7104));
#7106=POLY_LOOP('',(#7099,#7058,#6987));
#7107=FACE_OUTER_BOUND('',#7106,.T.);
#7108=FACETED_PRIMITIVE_FACE('',(#7107));
#7110=POLY_LOOP('',(#7109,#7028,#7058));
#7111=FACE_OUTER_BOUND('',#7110,.T.);
#7112=FACETED_PRIMITIVE_FACE('',(#7111));
#7113=POLY_LOOP('',(#7109,#5202,#5218));
#7114=FACE_OUTER_BOUND('',#7113,.T.);
#7115=FACETED_PRIMITIVE_FACE('',(#7114));
#7116=POLY_LOOP('',(#7109,#7083,#7028));
#7117=FACE_OUTER_BOUND('',#7116,.T.);
#7118=FACETED_PRIMITIVE_FACE('',(#7117));
#7119=POLY_LOOP('',(#7109,#5218,#7083));
#7120=FACE_OUTER_BOUND('',#7119,.T.);
#7121=FACETED_PRIMITIVE_FACE('',(#7120));
#7124=POLY_LOOP('',(#7122,#7079,#7123));
#7125=FACE_OUTER_BOUND('',#7124,.T.);
#7126=FACETED_PRIMITIVE_FACE('',(#7125));
#7128=POLY_LOOP('',(#7122,#7123,#7127));
#7129=FACE_OUTER_BOUND('',#7128,.T.);
#7130=FACETED_PRIMITIVE_FACE('',(#7129));
#7131=POLY_LOOP('',(#7122,#7099,#7065));
#7132=FACE_OUTER_BOUND('',#7131,.T.);
#7133=FACETED_PRIMITIVE_FACE('',(#7132));
#7134=POLY_LOOP('',(#7122,#7065,#7079));
#7135=FACE_OUTER_BOUND('',#7134,.T.);
#7136=FACETED_PRIMITIVE_FACE('',(#7135));
#7138=POLY_LOOP('',(#7137,#5203,#5202));
#7139=FACE_OUTER_BOUND('',#7138,.T.);
#7140=FACETED_PRIMITIVE_FACE('',(#7139));
#7141=POLY_LOOP('',(#7137,#5210,#5203));
#7142=FACE_OUTER_BOUND('',#7141,.T.);
#7143=FACETED_PRIMITIVE_FACE('',(#7142));
#7144=POLY_LOOP('',(#7137,#5202,#7109));
#7145=FACE_OUTER_BOUND('',#7144,.T.);
#7146=FACETED_PRIMITIVE_FACE('',(#7145));
#7147=POLY_LOOP('',(#7137,#7058,#7099));
#7148=FACE_OUTER_BOUND('',#7147,.T.);
#7149=FACETED_PRIMITIVE_FACE('',(#7148));
#7150=POLY_LOOP('',(#7137,#7109,#7058));
#7151=FACE_OUTER_BOUND('',#7150,.T.);
#7152=FACETED_PRIMITIVE_FACE('',(#7151));
#7154=POLY_LOOP('',(#7153,#5228,#5210));
#7155=FACE_OUTER_BOUND('',#7154,.T.);
#7156=FACETED_PRIMITIVE_FACE('',(#7155));
#7158=POLY_LOOP('',(#7153,#7127,#7157));
#7159=FACE_OUTER_BOUND('',#7158,.T.);
#7160=FACETED_PRIMITIVE_FACE('',(#7159));
#7162=POLY_LOOP('',(#7153,#7157,#7161));
#7163=FACE_OUTER_BOUND('',#7162,.T.);
#7164=FACETED_PRIMITIVE_FACE('',(#7163));
#7165=POLY_LOOP('',(#7153,#7161,#6216));
#7166=FACE_OUTER_BOUND('',#7165,.T.);
#7167=FACETED_PRIMITIVE_FACE('',(#7166));
#7168=POLY_LOOP('',(#7153,#7122,#7127));
#7169=FACE_OUTER_BOUND('',#7168,.T.);
#7170=FACETED_PRIMITIVE_FACE('',(#7169));
#7171=POLY_LOOP('',(#7153,#5210,#7137));
#7172=FACE_OUTER_BOUND('',#7171,.T.);
#7173=FACETED_PRIMITIVE_FACE('',(#7172));
#7174=POLY_LOOP('',(#7153,#7099,#7122));
#7175=FACE_OUTER_BOUND('',#7174,.T.);
#7176=FACETED_PRIMITIVE_FACE('',(#7175));
#7177=POLY_LOOP('',(#7153,#7137,#7099));
#7178=FACE_OUTER_BOUND('',#7177,.T.);
#7179=FACETED_PRIMITIVE_FACE('',(#7178));
#7180=POLY_LOOP('',(#7153,#6216,#5228));
#7181=FACE_OUTER_BOUND('',#7180,.T.);
#7182=FACETED_PRIMITIVE_FACE('',(#7181));
#7183=POLY_LOOP('',(#5544,#5277,#6216));
#7184=FACE_OUTER_BOUND('',#7183,.T.);
#7185=FACETED_PRIMITIVE_FACE('',(#7184));
#7186=POLY_LOOP('',(#5544,#5322,#5277));
#7187=FACE_OUTER_BOUND('',#7186,.T.);
#7188=FACETED_PRIMITIVE_FACE('',(#7187));
#7189=POLY_LOOP('',(#5537,#6216,#7161));
#7190=FACE_OUTER_BOUND('',#7189,.T.);
#7191=FACETED_PRIMITIVE_FACE('',(#7190));
#7192=POLY_LOOP('',(#5537,#5544,#6216));
#7193=FACE_OUTER_BOUND('',#7192,.T.);
#7194=FACETED_PRIMITIVE_FACE('',(#7193));
#7195=POLY_LOOP('',(#5530,#7161,#7157));
#7196=FACE_OUTER_BOUND('',#7195,.T.);
#7197=FACETED_PRIMITIVE_FACE('',(#7196));
#7198=POLY_LOOP('',(#5530,#5537,#7161));
#7199=FACE_OUTER_BOUND('',#7198,.T.);
#7200=FACETED_PRIMITIVE_FACE('',(#7199));
#7201=POLY_LOOP('',(#5523,#7157,#7127));
#7202=FACE_OUTER_BOUND('',#7201,.T.);
#7203=FACETED_PRIMITIVE_FACE('',(#7202));
#7204=POLY_LOOP('',(#5523,#5530,#7157));
#7205=FACE_OUTER_BOUND('',#7204,.T.);
#7206=FACETED_PRIMITIVE_FACE('',(#7205));
#7207=POLY_LOOP('',(#5519,#7127,#7123));
#7208=FACE_OUTER_BOUND('',#7207,.T.);
#7209=FACETED_PRIMITIVE_FACE('',(#7208));
#7210=POLY_LOOP('',(#5519,#5523,#7127));
#7211=FACE_OUTER_BOUND('',#7210,.T.);
#7212=FACETED_PRIMITIVE_FACE('',(#7211));
#7213=POLY_LOOP('',(#7079,#5509,#5519));
#7214=FACE_OUTER_BOUND('',#7213,.T.);
#7215=FACETED_PRIMITIVE_FACE('',(#7214));
#7216=POLY_LOOP('',(#7079,#5519,#7123));
#7217=FACE_OUTER_BOUND('',#7216,.T.);
#7218=FACETED_PRIMITIVE_FACE('',(#7217));
#7219=POLY_LOOP('',(#7075,#5505,#5509));
#7220=FACE_OUTER_BOUND('',#7219,.T.);
#7221=FACETED_PRIMITIVE_FACE('',(#7220));
#7222=POLY_LOOP('',(#7075,#5495,#5505));
#7223=FACE_OUTER_BOUND('',#7222,.T.);
#7224=FACETED_PRIMITIVE_FACE('',(#7223));
#7225=POLY_LOOP('',(#7075,#5509,#7079));
#7226=FACE_OUTER_BOUND('',#7225,.T.);
#7227=FACETED_PRIMITIVE_FACE('',(#7226));
#7228=POLY_LOOP('',(#7024,#5491,#5495));
#7229=FACE_OUTER_BOUND('',#7228,.T.);
#7230=FACETED_PRIMITIVE_FACE('',(#7229));
#7231=POLY_LOOP('',(#7024,#5495,#7075));
#7232=FACE_OUTER_BOUND('',#7231,.T.);
#7233=FACETED_PRIMITIVE_FACE('',(#7232));
#7234=POLY_LOOP('',(#7020,#5491,#7024));
#7235=FACE_OUTER_BOUND('',#7234,.T.);
#7236=FACETED_PRIMITIVE_FACE('',(#7235));
#7237=POLY_LOOP('',(#6946,#5491,#7020));
#7238=FACE_OUTER_BOUND('',#7237,.T.);
#7239=FACETED_PRIMITIVE_FACE('',(#7238));
#7240=POLY_LOOP('',(#6946,#5481,#5491));
#7241=FACE_OUTER_BOUND('',#7240,.T.);
#7242=FACETED_PRIMITIVE_FACE('',(#7241));
#7243=POLY_LOOP('',(#6946,#5477,#5481));
#7244=FACE_OUTER_BOUND('',#7243,.T.);
#7245=FACETED_PRIMITIVE_FACE('',(#7244));
#7246=POLY_LOOP('',(#6942,#5477,#6946));
#7247=FACE_OUTER_BOUND('',#7246,.T.);
#7248=FACETED_PRIMITIVE_FACE('',(#7247));
#7249=POLY_LOOP('',(#6191,#5557,#5410));
#7250=FACE_OUTER_BOUND('',#7249,.T.);
#7251=FACETED_PRIMITIVE_FACE('',(#7250));
#7252=POLY_LOOP('',(#6191,#5410,#5414));
#7253=FACE_OUTER_BOUND('',#7252,.T.);
#7254=FACETED_PRIMITIVE_FACE('',(#7253));
#7255=POLY_LOOP('',(#6870,#5470,#5477));
#7256=FACE_OUTER_BOUND('',#7255,.T.);
#7257=FACETED_PRIMITIVE_FACE('',(#7256));
#7258=POLY_LOOP('',(#6870,#5477,#6942));
#7259=FACE_OUTER_BOUND('',#7258,.T.);
#7260=FACETED_PRIMITIVE_FACE('',(#7259));
#7261=POLY_LOOP('',(#6574,#6191,#5414));
#7262=FACE_OUTER_BOUND('',#7261,.T.);
#7263=FACETED_PRIMITIVE_FACE('',(#7262));
#7264=POLY_LOOP('',(#6574,#5414,#5418));
#7265=FACE_OUTER_BOUND('',#7264,.T.);
#7266=FACETED_PRIMITIVE_FACE('',(#7265));
#7267=POLY_LOOP('',(#6866,#5470,#6870));
#7268=FACE_OUTER_BOUND('',#7267,.T.);
#7269=FACETED_PRIMITIVE_FACE('',(#7268));
#7270=POLY_LOOP('',(#6866,#5460,#5470));
#7271=FACE_OUTER_BOUND('',#7270,.T.);
#7272=FACETED_PRIMITIVE_FACE('',(#7271));
#7273=POLY_LOOP('',(#6866,#5453,#5460));
#7274=FACE_OUTER_BOUND('',#7273,.T.);
#7275=FACETED_PRIMITIVE_FACE('',(#7274));
#7276=POLY_LOOP('',(#6578,#6574,#5418));
#7277=FACE_OUTER_BOUND('',#7276,.T.);
#7278=FACETED_PRIMITIVE_FACE('',(#7277));
#7279=POLY_LOOP('',(#6578,#5418,#5425));
#7280=FACE_OUTER_BOUND('',#7279,.T.);
#7281=FACETED_PRIMITIVE_FACE('',(#7280));
#7282=POLY_LOOP('',(#6793,#5453,#6866));
#7283=FACE_OUTER_BOUND('',#7282,.T.);
#7284=FACETED_PRIMITIVE_FACE('',(#7283));
#7285=POLY_LOOP('',(#6686,#6578,#5425));
#7286=FACE_OUTER_BOUND('',#7285,.T.);
#7287=FACETED_PRIMITIVE_FACE('',(#7286));
#7288=POLY_LOOP('',(#6686,#5425,#5432));
#7289=FACE_OUTER_BOUND('',#7288,.T.);
#7290=FACETED_PRIMITIVE_FACE('',(#7289));
#7291=POLY_LOOP('',(#6789,#5453,#6793));
#7292=FACE_OUTER_BOUND('',#7291,.T.);
#7293=FACETED_PRIMITIVE_FACE('',(#7292));
#7294=POLY_LOOP('',(#6789,#5446,#5453));
#7295=FACE_OUTER_BOUND('',#7294,.T.);
#7296=FACETED_PRIMITIVE_FACE('',(#7295));
#7297=POLY_LOOP('',(#6789,#5442,#5446));
#7298=FACE_OUTER_BOUND('',#7297,.T.);
#7299=FACETED_PRIMITIVE_FACE('',(#7298));
#7300=POLY_LOOP('',(#6690,#6686,#5432));
#7301=FACE_OUTER_BOUND('',#7300,.T.);
#7302=FACETED_PRIMITIVE_FACE('',(#7301));
#7303=POLY_LOOP('',(#6690,#5442,#6789));
#7304=FACE_OUTER_BOUND('',#7303,.T.);
#7305=FACETED_PRIMITIVE_FACE('',(#7304));
#7306=POLY_LOOP('',(#6690,#5432,#5442));
#7307=FACE_OUTER_BOUND('',#7306,.T.);
#7308=FACETED_PRIMITIVE_FACE('',(#7307));
#7309=POLY_LOOP('',(#5410,#5557,#6191));
#7310=FACE_OUTER_BOUND('',#7309,.T.);
#7311=FACETED_PRIMITIVE_FACE('',(#7310));
#7312=POLY_LOOP('',(#5414,#6191,#6574));
#7313=FACE_OUTER_BOUND('',#7312,.T.);
#7314=FACETED_PRIMITIVE_FACE('',(#7313));
#7315=POLY_LOOP('',(#5414,#5410,#6191));
#7316=FACE_OUTER_BOUND('',#7315,.T.);
#7317=FACETED_PRIMITIVE_FACE('',(#7316));
#7318=POLY_LOOP('',(#5418,#6574,#6578));
#7319=FACE_OUTER_BOUND('',#7318,.T.);
#7320=FACETED_PRIMITIVE_FACE('',(#7319));
#7321=POLY_LOOP('',(#5418,#5414,#6574));
#7322=FACE_OUTER_BOUND('',#7321,.T.);
#7323=FACETED_PRIMITIVE_FACE('',(#7322));
#7324=POLY_LOOP('',(#5425,#6578,#6686));
#7325=FACE_OUTER_BOUND('',#7324,.T.);
#7326=FACETED_PRIMITIVE_FACE('',(#7325));
#7327=POLY_LOOP('',(#5425,#5418,#6578));
#7328=FACE_OUTER_BOUND('',#7327,.T.);
#7329=FACETED_PRIMITIVE_FACE('',(#7328));
#7330=POLY_LOOP('',(#5432,#5425,#6686));
#7331=FACE_OUTER_BOUND('',#7330,.T.);
#7332=FACETED_PRIMITIVE_FACE('',(#7331));
#7333=POLY_LOOP('',(#6690,#5432,#6686));
#7334=FACE_OUTER_BOUND('',#7333,.T.);
#7335=FACETED_PRIMITIVE_FACE('',(#7334));
#7336=POLY_LOOP('',(#5442,#5432,#6690));
#7337=FACE_OUTER_BOUND('',#7336,.T.);
#7338=FACETED_PRIMITIVE_FACE('',(#7337));
#7339=POLY_LOOP('',(#6789,#5446,#5442));
#7340=FACE_OUTER_BOUND('',#7339,.T.);
#7341=FACETED_PRIMITIVE_FACE('',(#7340));
#7342=POLY_LOOP('',(#6789,#5442,#6690));
#7343=FACE_OUTER_BOUND('',#7342,.T.);
#7344=FACETED_PRIMITIVE_FACE('',(#7343));
#7345=POLY_LOOP('',(#6793,#5453,#5446));
#7346=FACE_OUTER_BOUND('',#7345,.T.);
#7347=FACETED_PRIMITIVE_FACE('',(#7346));
#7348=POLY_LOOP('',(#6793,#5446,#6789));
#7349=FACE_OUTER_BOUND('',#7348,.T.);
#7350=FACETED_PRIMITIVE_FACE('',(#7349));
#7351=POLY_LOOP('',(#6866,#5460,#5453));
#7352=FACE_OUTER_BOUND('',#7351,.T.);
#7353=FACETED_PRIMITIVE_FACE('',(#7352));
#7354=POLY_LOOP('',(#6866,#5453,#6793));
#7355=FACE_OUTER_BOUND('',#7354,.T.);
#7356=FACETED_PRIMITIVE_FACE('',(#7355));
#7357=POLY_LOOP('',(#6870,#5460,#6866));
#7358=FACE_OUTER_BOUND('',#7357,.T.);
#7359=FACETED_PRIMITIVE_FACE('',(#7358));
#7360=POLY_LOOP('',(#6870,#5470,#5460));
#7361=FACE_OUTER_BOUND('',#7360,.T.);
#7362=FACETED_PRIMITIVE_FACE('',(#7361));
#7363=POLY_LOOP('',(#6942,#5470,#6870));
#7364=FACE_OUTER_BOUND('',#7363,.T.);
#7365=FACETED_PRIMITIVE_FACE('',(#7364));
#7366=POLY_LOOP('',(#6942,#5477,#5470));
#7367=FACE_OUTER_BOUND('',#7366,.T.);
#7368=FACETED_PRIMITIVE_FACE('',(#7367));
#7369=POLY_LOOP('',(#5277,#5322,#5544));
#7370=FACE_OUTER_BOUND('',#7369,.T.);
#7371=FACETED_PRIMITIVE_FACE('',(#7370));
#7372=POLY_LOOP('',(#6946,#5477,#6942));
#7373=FACE_OUTER_BOUND('',#7372,.T.);
#7374=FACETED_PRIMITIVE_FACE('',(#7373));
#7375=POLY_LOOP('',(#6946,#5491,#5481));
#7376=FACE_OUTER_BOUND('',#7375,.T.);
#7377=FACETED_PRIMITIVE_FACE('',(#7376));
#7378=POLY_LOOP('',(#6946,#5481,#5477));
#7379=FACE_OUTER_BOUND('',#7378,.T.);
#7380=FACETED_PRIMITIVE_FACE('',(#7379));
#7381=POLY_LOOP('',(#6216,#5277,#5544));
#7382=FACE_OUTER_BOUND('',#7381,.T.);
#7383=FACETED_PRIMITIVE_FACE('',(#7382));
#7384=POLY_LOOP('',(#7020,#5491,#6946));
#7385=FACE_OUTER_BOUND('',#7384,.T.);
#7386=FACETED_PRIMITIVE_FACE('',(#7385));
#7387=POLY_LOOP('',(#7020,#5495,#5491));
#7388=FACE_OUTER_BOUND('',#7387,.T.);
#7389=FACETED_PRIMITIVE_FACE('',(#7388));
#7390=POLY_LOOP('',(#7161,#5544,#5537));
#7391=FACE_OUTER_BOUND('',#7390,.T.);
#7392=FACETED_PRIMITIVE_FACE('',(#7391));
#7393=POLY_LOOP('',(#7161,#5537,#5530));
#7394=FACE_OUTER_BOUND('',#7393,.T.);
#7395=FACETED_PRIMITIVE_FACE('',(#7394));
#7396=POLY_LOOP('',(#7161,#6216,#5544));
#7397=FACE_OUTER_BOUND('',#7396,.T.);
#7398=FACETED_PRIMITIVE_FACE('',(#7397));
#7399=POLY_LOOP('',(#7024,#5495,#7020));
#7400=FACE_OUTER_BOUND('',#7399,.T.);
#7401=FACETED_PRIMITIVE_FACE('',(#7400));
#7402=POLY_LOOP('',(#7024,#5505,#5495));
#7403=FACE_OUTER_BOUND('',#7402,.T.);
#7404=FACETED_PRIMITIVE_FACE('',(#7403));
#7405=POLY_LOOP('',(#7157,#5530,#5523));
#7406=FACE_OUTER_BOUND('',#7405,.T.);
#7407=FACETED_PRIMITIVE_FACE('',(#7406));
#7408=POLY_LOOP('',(#7157,#7161,#5530));
#7409=FACE_OUTER_BOUND('',#7408,.T.);
#7410=FACETED_PRIMITIVE_FACE('',(#7409));
#7411=POLY_LOOP('',(#7075,#5505,#7024));
#7412=FACE_OUTER_BOUND('',#7411,.T.);
#7413=FACETED_PRIMITIVE_FACE('',(#7412));
#7414=POLY_LOOP('',(#7127,#7157,#5523));
#7415=FACE_OUTER_BOUND('',#7414,.T.);
#7416=FACETED_PRIMITIVE_FACE('',(#7415));
#7417=POLY_LOOP('',(#7079,#5505,#7075));
#7418=FACE_OUTER_BOUND('',#7417,.T.);
#7419=FACETED_PRIMITIVE_FACE('',(#7418));
#7420=POLY_LOOP('',(#7079,#5509,#5505));
#7421=FACE_OUTER_BOUND('',#7420,.T.);
#7422=FACETED_PRIMITIVE_FACE('',(#7421));
#7423=POLY_LOOP('',(#7123,#5523,#5519));
#7424=FACE_OUTER_BOUND('',#7423,.T.);
#7425=FACETED_PRIMITIVE_FACE('',(#7424));
#7426=POLY_LOOP('',(#7123,#5519,#5509));
#7427=FACE_OUTER_BOUND('',#7426,.T.);
#7428=FACETED_PRIMITIVE_FACE('',(#7427));
#7429=POLY_LOOP('',(#7123,#7127,#5523));
#7430=FACE_OUTER_BOUND('',#7429,.T.);
#7431=FACETED_PRIMITIVE_FACE('',(#7430));
#7432=POLY_LOOP('',(#7123,#5509,#7079));
#7433=FACE_OUTER_BOUND('',#7432,.T.);
#7434=FACETED_PRIMITIVE_FACE('',(#7433));
#7436=POLY_LOOP('',(#6191,#5557,#7435));
#7437=FACE_OUTER_BOUND('',#7436,.T.);
#7438=FACETED_PRIMITIVE_FACE('',(#7437));
#7440=POLY_LOOP('',(#6191,#7435,#7439));
#7441=FACE_OUTER_BOUND('',#7440,.T.);
#7442=FACETED_PRIMITIVE_FACE('',(#7441));
#7444=POLY_LOOP('',(#6191,#7439,#7443));
#7445=FACE_OUTER_BOUND('',#7444,.T.);
#7446=FACETED_PRIMITIVE_FACE('',(#7445));
#7449=POLY_LOOP('',(#6036,#7447,#7448));
#7450=FACE_OUTER_BOUND('',#7449,.T.);
#7451=FACETED_PRIMITIVE_FACE('',(#7450));
#7453=POLY_LOOP('',(#6036,#7448,#7452));
#7454=FACE_OUTER_BOUND('',#7453,.T.);
#7455=FACETED_PRIMITIVE_FACE('',(#7454));
#7456=POLY_LOOP('',(#6036,#7452,#5673));
#7457=FACE_OUTER_BOUND('',#7456,.T.);
#7458=FACETED_PRIMITIVE_FACE('',(#7457));
#7460=POLY_LOOP('',(#7459,#5277,#6216));
#7461=FACE_OUTER_BOUND('',#7460,.T.);
#7462=FACETED_PRIMITIVE_FACE('',(#7461));
#7464=POLY_LOOP('',(#7463,#7459,#6216));
#7465=FACE_OUTER_BOUND('',#7464,.T.);
#7466=FACETED_PRIMITIVE_FACE('',(#7465));
#7468=POLY_LOOP('',(#7467,#7463,#6216));
#7469=FACE_OUTER_BOUND('',#7468,.T.);
#7470=FACETED_PRIMITIVE_FACE('',(#7469));
#7472=POLY_LOOP('',(#7471,#7467,#6216));
#7473=FACE_OUTER_BOUND('',#7472,.T.);
#7474=FACETED_PRIMITIVE_FACE('',(#7473));
#7475=POLY_LOOP('',(#7471,#6216,#7161));
#7476=FACE_OUTER_BOUND('',#7475,.T.);
#7477=FACETED_PRIMITIVE_FACE('',(#7476));
#7480=POLY_LOOP('',(#7478,#7479,#6119));
#7481=FACE_OUTER_BOUND('',#7480,.T.);
#7482=FACETED_PRIMITIVE_FACE('',(#7481));
#7484=POLY_LOOP('',(#7483,#7478,#6119));
#7485=FACE_OUTER_BOUND('',#7484,.T.);
#7486=FACETED_PRIMITIVE_FACE('',(#7485));
#7488=POLY_LOOP('',(#7487,#7483,#6119));
#7489=FACE_OUTER_BOUND('',#7488,.T.);
#7490=FACETED_PRIMITIVE_FACE('',(#7489));
#7491=POLY_LOOP('',(#5396,#7487,#6119));
#7492=FACE_OUTER_BOUND('',#7491,.T.);
#7493=FACETED_PRIMITIVE_FACE('',(#7492));
#7495=POLY_LOOP('',(#7494,#6574,#6191));
#7496=FACE_OUTER_BOUND('',#7495,.T.);
#7497=FACETED_PRIMITIVE_FACE('',(#7496));
#7498=POLY_LOOP('',(#7494,#6191,#7443));
#7499=FACE_OUTER_BOUND('',#7498,.T.);
#7500=FACETED_PRIMITIVE_FACE('',(#7499));
#7501=POLY_LOOP('',(#7494,#6578,#6574));
#7502=FACE_OUTER_BOUND('',#7501,.T.);
#7503=FACETED_PRIMITIVE_FACE('',(#7502));
#7505=POLY_LOOP('',(#7494,#7443,#7504));
#7506=FACE_OUTER_BOUND('',#7505,.T.);
#7507=FACETED_PRIMITIVE_FACE('',(#7506));
#7509=POLY_LOOP('',(#7494,#7504,#7508));
#7510=FACE_OUTER_BOUND('',#7509,.T.);
#7511=FACETED_PRIMITIVE_FACE('',(#7510));
#7513=POLY_LOOP('',(#7494,#7508,#7512));
#7514=FACE_OUTER_BOUND('',#7513,.T.);
#7515=FACETED_PRIMITIVE_FACE('',(#7514));
#7517=POLY_LOOP('',(#7516,#7494,#7512));
#7518=FACE_OUTER_BOUND('',#7517,.T.);
#7519=FACETED_PRIMITIVE_FACE('',(#7518));
#7521=POLY_LOOP('',(#7516,#7512,#7520));
#7522=FACE_OUTER_BOUND('',#7521,.T.);
#7523=FACETED_PRIMITIVE_FACE('',(#7522));
#7525=POLY_LOOP('',(#7516,#7520,#7524));
#7526=FACE_OUTER_BOUND('',#7525,.T.);
#7527=FACETED_PRIMITIVE_FACE('',(#7526));
#7529=POLY_LOOP('',(#7528,#6686,#6578));
#7530=FACE_OUTER_BOUND('',#7529,.T.);
#7531=FACETED_PRIMITIVE_FACE('',(#7530));
#7532=POLY_LOOP('',(#7528,#6690,#6686));
#7533=FACE_OUTER_BOUND('',#7532,.T.);
#7534=FACETED_PRIMITIVE_FACE('',(#7533));
#7535=POLY_LOOP('',(#7528,#6578,#7494));
#7536=FACE_OUTER_BOUND('',#7535,.T.);
#7537=FACETED_PRIMITIVE_FACE('',(#7536));
#7538=POLY_LOOP('',(#7528,#7494,#7516));
#7539=FACE_OUTER_BOUND('',#7538,.T.);
#7540=FACETED_PRIMITIVE_FACE('',(#7539));
#7543=POLY_LOOP('',(#7541,#7524,#7542));
#7544=FACE_OUTER_BOUND('',#7543,.T.);
#7545=FACETED_PRIMITIVE_FACE('',(#7544));
#7546=POLY_LOOP('',(#7541,#7516,#7524));
#7547=FACE_OUTER_BOUND('',#7546,.T.);
#7548=FACETED_PRIMITIVE_FACE('',(#7547));
#7550=POLY_LOOP('',(#7541,#7542,#7549));
#7551=FACE_OUTER_BOUND('',#7550,.T.);
#7552=FACETED_PRIMITIVE_FACE('',(#7551));
#7554=POLY_LOOP('',(#7553,#7528,#7516));
#7555=FACE_OUTER_BOUND('',#7554,.T.);
#7556=FACETED_PRIMITIVE_FACE('',(#7555));
#7557=POLY_LOOP('',(#7553,#7516,#7541));
#7558=FACE_OUTER_BOUND('',#7557,.T.);
#7559=FACETED_PRIMITIVE_FACE('',(#7558));
#7561=POLY_LOOP('',(#7560,#6789,#6690));
#7562=FACE_OUTER_BOUND('',#7561,.T.);
#7563=FACETED_PRIMITIVE_FACE('',(#7562));
#7564=POLY_LOOP('',(#7560,#6793,#6789));
#7565=FACE_OUTER_BOUND('',#7564,.T.);
#7566=FACETED_PRIMITIVE_FACE('',(#7565));
#7567=POLY_LOOP('',(#7560,#6690,#7528));
#7568=FACE_OUTER_BOUND('',#7567,.T.);
#7569=FACETED_PRIMITIVE_FACE('',(#7568));
#7571=POLY_LOOP('',(#7570,#7541,#7549));
#7572=FACE_OUTER_BOUND('',#7571,.T.);
#7573=FACETED_PRIMITIVE_FACE('',(#7572));
#7575=POLY_LOOP('',(#7570,#7549,#7574));
#7576=FACE_OUTER_BOUND('',#7575,.T.);
#7577=FACETED_PRIMITIVE_FACE('',(#7576));
#7579=POLY_LOOP('',(#7570,#7574,#7578));
#7580=FACE_OUTER_BOUND('',#7579,.T.);
#7581=FACETED_PRIMITIVE_FACE('',(#7580));
#7583=POLY_LOOP('',(#7582,#7553,#7541));
#7584=FACE_OUTER_BOUND('',#7583,.T.);
#7585=FACETED_PRIMITIVE_FACE('',(#7584));
#7587=POLY_LOOP('',(#7586,#7560,#7528));
#7588=FACE_OUTER_BOUND('',#7587,.T.);
#7589=FACETED_PRIMITIVE_FACE('',(#7588));
#7590=POLY_LOOP('',(#7586,#7528,#7553));
#7591=FACE_OUTER_BOUND('',#7590,.T.);
#7592=FACETED_PRIMITIVE_FACE('',(#7591));
#7594=POLY_LOOP('',(#7593,#6866,#6793));
#7595=FACE_OUTER_BOUND('',#7594,.T.);
#7596=FACETED_PRIMITIVE_FACE('',(#7595));
#7597=POLY_LOOP('',(#7593,#6870,#6866));
#7598=FACE_OUTER_BOUND('',#7597,.T.);
#7599=FACETED_PRIMITIVE_FACE('',(#7598));
#7600=POLY_LOOP('',(#7593,#6793,#7560));
#7601=FACE_OUTER_BOUND('',#7600,.T.);
#7602=FACETED_PRIMITIVE_FACE('',(#7601));
#7604=POLY_LOOP('',(#7603,#7570,#7578));
#7605=FACE_OUTER_BOUND('',#7604,.T.);
#7606=FACETED_PRIMITIVE_FACE('',(#7605));
#7608=POLY_LOOP('',(#7603,#7578,#7607));
#7609=FACE_OUTER_BOUND('',#7608,.T.);
#7610=FACETED_PRIMITIVE_FACE('',(#7609));
#7612=POLY_LOOP('',(#7603,#7607,#7611));
#7613=FACE_OUTER_BOUND('',#7612,.T.);
#7614=FACETED_PRIMITIVE_FACE('',(#7613));
#7616=POLY_LOOP('',(#7615,#7541,#7570));
#7617=FACE_OUTER_BOUND('',#7616,.T.);
#7618=FACETED_PRIMITIVE_FACE('',(#7617));
#7619=POLY_LOOP('',(#7615,#7582,#7541));
#7620=FACE_OUTER_BOUND('',#7619,.T.);
#7621=FACETED_PRIMITIVE_FACE('',(#7620));
#7622=POLY_LOOP('',(#7615,#7570,#7603));
#7623=FACE_OUTER_BOUND('',#7622,.T.);
#7624=FACETED_PRIMITIVE_FACE('',(#7623));
#7626=POLY_LOOP('',(#7625,#7586,#7553));
#7627=FACE_OUTER_BOUND('',#7626,.T.);
#7628=FACETED_PRIMITIVE_FACE('',(#7627));
#7629=POLY_LOOP('',(#7625,#7553,#7582));
#7630=FACE_OUTER_BOUND('',#7629,.T.);
#7631=FACETED_PRIMITIVE_FACE('',(#7630));
#7633=POLY_LOOP('',(#7632,#7603,#7611));
#7634=FACE_OUTER_BOUND('',#7633,.T.);
#7635=FACETED_PRIMITIVE_FACE('',(#7634));
#7637=POLY_LOOP('',(#7632,#7611,#7636));
#7638=FACE_OUTER_BOUND('',#7637,.T.);
#7639=FACETED_PRIMITIVE_FACE('',(#7638));
#7641=POLY_LOOP('',(#7632,#7636,#7640));
#7642=FACE_OUTER_BOUND('',#7641,.T.);
#7643=FACETED_PRIMITIVE_FACE('',(#7642));
#7645=POLY_LOOP('',(#7644,#7560,#7586));
#7646=FACE_OUTER_BOUND('',#7645,.T.);
#7647=FACETED_PRIMITIVE_FACE('',(#7646));
#7648=POLY_LOOP('',(#7644,#7593,#7560));
#7649=FACE_OUTER_BOUND('',#7648,.T.);
#7650=FACETED_PRIMITIVE_FACE('',(#7649));
#7652=POLY_LOOP('',(#7651,#6942,#6870));
#7653=FACE_OUTER_BOUND('',#7652,.T.);
#7654=FACETED_PRIMITIVE_FACE('',(#7653));
#7655=POLY_LOOP('',(#7651,#6946,#6942));
#7656=FACE_OUTER_BOUND('',#7655,.T.);
#7657=FACETED_PRIMITIVE_FACE('',(#7656));
#7658=POLY_LOOP('',(#7651,#6870,#7593));
#7659=FACE_OUTER_BOUND('',#7658,.T.);
#7660=FACETED_PRIMITIVE_FACE('',(#7659));
#7662=POLY_LOOP('',(#7661,#7615,#7603));
#7663=FACE_OUTER_BOUND('',#7662,.T.);
#7664=FACETED_PRIMITIVE_FACE('',(#7663));
#7666=POLY_LOOP('',(#7665,#7632,#7640));
#7667=FACE_OUTER_BOUND('',#7666,.T.);
#7668=FACETED_PRIMITIVE_FACE('',(#7667));
#7670=POLY_LOOP('',(#7665,#7640,#7669));
#7671=FACE_OUTER_BOUND('',#7670,.T.);
#7672=FACETED_PRIMITIVE_FACE('',(#7671));
#7674=POLY_LOOP('',(#7665,#7669,#7673));
#7675=FACE_OUTER_BOUND('',#7674,.T.);
#7676=FACETED_PRIMITIVE_FACE('',(#7675));
#7678=POLY_LOOP('',(#7677,#7625,#7582));
#7679=FACE_OUTER_BOUND('',#7678,.T.);
#7680=FACETED_PRIMITIVE_FACE('',(#7679));
#7681=POLY_LOOP('',(#7677,#7582,#7615));
#7682=FACE_OUTER_BOUND('',#7681,.T.);
#7683=FACETED_PRIMITIVE_FACE('',(#7682));
#7685=POLY_LOOP('',(#7684,#7644,#7586));
#7686=FACE_OUTER_BOUND('',#7685,.T.);
#7687=FACETED_PRIMITIVE_FACE('',(#7686));
#7688=POLY_LOOP('',(#7684,#7586,#7625));
#7689=FACE_OUTER_BOUND('',#7688,.T.);
#7690=FACETED_PRIMITIVE_FACE('',(#7689));
#7691=POLY_LOOP('',(#7684,#7625,#7677));
#7692=FACE_OUTER_BOUND('',#7691,.T.);
#7693=FACETED_PRIMITIVE_FACE('',(#7692));
#7695=POLY_LOOP('',(#7694,#7661,#7603));
#7696=FACE_OUTER_BOUND('',#7695,.T.);
#7697=FACETED_PRIMITIVE_FACE('',(#7696));
#7698=POLY_LOOP('',(#7694,#7603,#7632));
#7699=FACE_OUTER_BOUND('',#7698,.T.);
#7700=FACETED_PRIMITIVE_FACE('',(#7699));
#7702=POLY_LOOP('',(#7701,#7593,#7644));
#7703=FACE_OUTER_BOUND('',#7702,.T.);
#7704=FACETED_PRIMITIVE_FACE('',(#7703));
#7705=POLY_LOOP('',(#7701,#7651,#7593));
#7706=FACE_OUTER_BOUND('',#7705,.T.);
#7707=FACETED_PRIMITIVE_FACE('',(#7706));
#7710=POLY_LOOP('',(#7708,#7673,#7709));
#7711=FACE_OUTER_BOUND('',#7710,.T.);
#7712=FACETED_PRIMITIVE_FACE('',(#7711));
#7714=POLY_LOOP('',(#7708,#7709,#7713));
#7715=FACE_OUTER_BOUND('',#7714,.T.);
#7716=FACETED_PRIMITIVE_FACE('',(#7715));
#7717=POLY_LOOP('',(#7708,#7665,#7673));
#7718=FACE_OUTER_BOUND('',#7717,.T.);
#7719=FACETED_PRIMITIVE_FACE('',(#7718));
#7721=POLY_LOOP('',(#7720,#7020,#6946));
#7722=FACE_OUTER_BOUND('',#7721,.T.);
#7723=FACETED_PRIMITIVE_FACE('',(#7722));
#7724=POLY_LOOP('',(#7720,#7024,#7020));
#7725=FACE_OUTER_BOUND('',#7724,.T.);
#7726=FACETED_PRIMITIVE_FACE('',(#7725));
#7727=POLY_LOOP('',(#7720,#7651,#7701));
#7728=FACE_OUTER_BOUND('',#7727,.T.);
#7729=FACETED_PRIMITIVE_FACE('',(#7728));
#7730=POLY_LOOP('',(#7720,#6946,#7651));
#7731=FACE_OUTER_BOUND('',#7730,.T.);
#7732=FACETED_PRIMITIVE_FACE('',(#7731));
#7734=POLY_LOOP('',(#7733,#7677,#7615));
#7735=FACE_OUTER_BOUND('',#7734,.T.);
#7736=FACETED_PRIMITIVE_FACE('',(#7735));
#7737=POLY_LOOP('',(#7733,#7615,#7661));
#7738=FACE_OUTER_BOUND('',#7737,.T.);
#7739=FACETED_PRIMITIVE_FACE('',(#7738));
#7741=POLY_LOOP('',(#7740,#7694,#7632));
#7742=FACE_OUTER_BOUND('',#7741,.T.);
#7743=FACETED_PRIMITIVE_FACE('',(#7742));
#7744=POLY_LOOP('',(#7740,#7632,#7665));
#7745=FACE_OUTER_BOUND('',#7744,.T.);
#7746=FACETED_PRIMITIVE_FACE('',(#7745));
#7748=POLY_LOOP('',(#7747,#7684,#7677));
#7749=FACE_OUTER_BOUND('',#7748,.T.);
#7750=FACETED_PRIMITIVE_FACE('',(#7749));
#7752=POLY_LOOP('',(#7751,#7701,#7644));
#7753=FACE_OUTER_BOUND('',#7752,.T.);
#7754=FACETED_PRIMITIVE_FACE('',(#7753));
#7755=POLY_LOOP('',(#7751,#7684,#7747));
#7756=FACE_OUTER_BOUND('',#7755,.T.);
#7757=FACETED_PRIMITIVE_FACE('',(#7756));
#7758=POLY_LOOP('',(#7751,#7644,#7684));
#7759=FACE_OUTER_BOUND('',#7758,.T.);
#7760=FACETED_PRIMITIVE_FACE('',(#7759));
#7762=POLY_LOOP('',(#7761,#7708,#7713));
#7763=FACE_OUTER_BOUND('',#7762,.T.);
#7764=FACETED_PRIMITIVE_FACE('',(#7763));
#7766=POLY_LOOP('',(#7761,#7713,#7765));
#7767=FACE_OUTER_BOUND('',#7766,.T.);
#7768=FACETED_PRIMITIVE_FACE('',(#7767));
#7770=POLY_LOOP('',(#7769,#7733,#7661));
#7771=FACE_OUTER_BOUND('',#7770,.T.);
#7772=FACETED_PRIMITIVE_FACE('',(#7771));
#7773=POLY_LOOP('',(#7769,#7661,#7694));
#7774=FACE_OUTER_BOUND('',#7773,.T.);
#7775=FACETED_PRIMITIVE_FACE('',(#7774));
#7777=POLY_LOOP('',(#7776,#7701,#7751));
#7778=FACE_OUTER_BOUND('',#7777,.T.);
#7779=FACETED_PRIMITIVE_FACE('',(#7778));
#7780=POLY_LOOP('',(#7776,#7720,#7701));
#7781=FACE_OUTER_BOUND('',#7780,.T.);
#7782=FACETED_PRIMITIVE_FACE('',(#7781));
#7784=POLY_LOOP('',(#7783,#7665,#7708));
#7785=FACE_OUTER_BOUND('',#7784,.T.);
#7786=FACETED_PRIMITIVE_FACE('',(#7785));
#7787=POLY_LOOP('',(#7783,#7740,#7665));
#7788=FACE_OUTER_BOUND('',#7787,.T.);
#7789=FACETED_PRIMITIVE_FACE('',(#7788));
#7791=POLY_LOOP('',(#7790,#7075,#7024));
#7792=FACE_OUTER_BOUND('',#7791,.T.);
#7793=FACETED_PRIMITIVE_FACE('',(#7792));
#7794=POLY_LOOP('',(#7790,#7079,#7075));
#7795=FACE_OUTER_BOUND('',#7794,.T.);
#7796=FACETED_PRIMITIVE_FACE('',(#7795));
#7797=POLY_LOOP('',(#7790,#7024,#7720));
#7798=FACE_OUTER_BOUND('',#7797,.T.);
#7799=FACETED_PRIMITIVE_FACE('',(#7798));
#7800=POLY_LOOP('',(#7790,#7720,#7776));
#7801=FACE_OUTER_BOUND('',#7800,.T.);
#7802=FACETED_PRIMITIVE_FACE('',(#7801));
#7804=POLY_LOOP('',(#7803,#7733,#7769));
#7805=FACE_OUTER_BOUND('',#7804,.T.);
#7806=FACETED_PRIMITIVE_FACE('',(#7805));
#7807=POLY_LOOP('',(#7803,#7747,#7677));
#7808=FACE_OUTER_BOUND('',#7807,.T.);
#7809=FACETED_PRIMITIVE_FACE('',(#7808));
#7810=POLY_LOOP('',(#7803,#7677,#7733));
#7811=FACE_OUTER_BOUND('',#7810,.T.);
#7812=FACETED_PRIMITIVE_FACE('',(#7811));
#7814=POLY_LOOP('',(#7813,#7761,#7765));
#7815=FACE_OUTER_BOUND('',#7814,.T.);
#7816=FACETED_PRIMITIVE_FACE('',(#7815));
#7818=POLY_LOOP('',(#7813,#7765,#7817));
#7819=FACE_OUTER_BOUND('',#7818,.T.);
#7820=FACETED_PRIMITIVE_FACE('',(#7819));
#7822=POLY_LOOP('',(#7813,#7817,#7821));
#7823=FACE_OUTER_BOUND('',#7822,.T.);
#7824=FACETED_PRIMITIVE_FACE('',(#7823));
#7826=POLY_LOOP('',(#7825,#7740,#7783));
#7827=FACE_OUTER_BOUND('',#7826,.T.);
#7828=FACETED_PRIMITIVE_FACE('',(#7827));
#7829=POLY_LOOP('',(#7825,#7694,#7740));
#7830=FACE_OUTER_BOUND('',#7829,.T.);
#7831=FACETED_PRIMITIVE_FACE('',(#7830));
#7832=POLY_LOOP('',(#7825,#7769,#7694));
#7833=FACE_OUTER_BOUND('',#7832,.T.);
#7834=FACETED_PRIMITIVE_FACE('',(#7833));
#7836=POLY_LOOP('',(#7835,#7751,#7747));
#7837=FACE_OUTER_BOUND('',#7836,.T.);
#7838=FACETED_PRIMITIVE_FACE('',(#7837));
#7839=POLY_LOOP('',(#7835,#7747,#7803));
#7840=FACE_OUTER_BOUND('',#7839,.T.);
#7841=FACETED_PRIMITIVE_FACE('',(#7840));
#7843=POLY_LOOP('',(#7842,#7776,#7751));
#7844=FACE_OUTER_BOUND('',#7843,.T.);
#7845=FACETED_PRIMITIVE_FACE('',(#7844));
#7847=POLY_LOOP('',(#7846,#7783,#7708));
#7848=FACE_OUTER_BOUND('',#7847,.T.);
#7849=FACETED_PRIMITIVE_FACE('',(#7848));
#7850=POLY_LOOP('',(#7846,#7708,#7761));
#7851=FACE_OUTER_BOUND('',#7850,.T.);
#7852=FACETED_PRIMITIVE_FACE('',(#7851));
#7854=POLY_LOOP('',(#7853,#7803,#7769));
#7855=FACE_OUTER_BOUND('',#7854,.T.);
#7856=FACETED_PRIMITIVE_FACE('',(#7855));
#7858=POLY_LOOP('',(#7857,#7790,#7776));
#7859=FACE_OUTER_BOUND('',#7858,.T.);
#7860=FACETED_PRIMITIVE_FACE('',(#7859));
#7862=POLY_LOOP('',(#7861,#6036,#6040));
#7863=FACE_OUTER_BOUND('',#7862,.T.);
#7864=FACETED_PRIMITIVE_FACE('',(#7863));
#7865=POLY_LOOP('',(#7861,#6040,#6047));
#7866=FACE_OUTER_BOUND('',#7865,.T.);
#7867=FACETED_PRIMITIVE_FACE('',(#7866));
#7868=POLY_LOOP('',(#7861,#7447,#6036));
#7869=FACE_OUTER_BOUND('',#7868,.T.);
#7870=FACETED_PRIMITIVE_FACE('',(#7869));
#7872=POLY_LOOP('',(#7861,#7821,#7871));
#7873=FACE_OUTER_BOUND('',#7872,.T.);
#7874=FACETED_PRIMITIVE_FACE('',(#7873));
#7875=POLY_LOOP('',(#7861,#7871,#7447));
#7876=FACE_OUTER_BOUND('',#7875,.T.);
#7877=FACETED_PRIMITIVE_FACE('',(#7876));
#7878=POLY_LOOP('',(#7861,#7813,#7821));
#7879=FACE_OUTER_BOUND('',#7878,.T.);
#7880=FACETED_PRIMITIVE_FACE('',(#7879));
#7882=POLY_LOOP('',(#7881,#7825,#7783));
#7883=FACE_OUTER_BOUND('',#7882,.T.);
#7884=FACETED_PRIMITIVE_FACE('',(#7883));
#7886=POLY_LOOP('',(#7885,#7079,#7790));
#7887=FACE_OUTER_BOUND('',#7886,.T.);
#7888=FACETED_PRIMITIVE_FACE('',(#7887));
#7889=POLY_LOOP('',(#7885,#7123,#7079));
#7890=FACE_OUTER_BOUND('',#7889,.T.);
#7891=FACETED_PRIMITIVE_FACE('',(#7890));
#7892=POLY_LOOP('',(#7885,#7127,#7123));
#7893=FACE_OUTER_BOUND('',#7892,.T.);
#7894=FACETED_PRIMITIVE_FACE('',(#7893));
#7896=POLY_LOOP('',(#7895,#7835,#7803));
#7897=FACE_OUTER_BOUND('',#7896,.T.);
#7898=FACETED_PRIMITIVE_FACE('',(#7897));
#7900=POLY_LOOP('',(#7899,#7846,#7761));
#7901=FACE_OUTER_BOUND('',#7900,.T.);
#7902=FACETED_PRIMITIVE_FACE('',(#7901));
#7903=POLY_LOOP('',(#7899,#7761,#7813));
#7904=FACE_OUTER_BOUND('',#7903,.T.);
#7905=FACETED_PRIMITIVE_FACE('',(#7904));
#7907=POLY_LOOP('',(#7906,#7769,#7825));
#7908=FACE_OUTER_BOUND('',#7907,.T.);
#7909=FACETED_PRIMITIVE_FACE('',(#7908));
#7910=POLY_LOOP('',(#7906,#7825,#7881));
#7911=FACE_OUTER_BOUND('',#7910,.T.);
#7912=FACETED_PRIMITIVE_FACE('',(#7911));
#7913=POLY_LOOP('',(#7906,#7853,#7769));
#7914=FACE_OUTER_BOUND('',#7913,.T.);
#7915=FACETED_PRIMITIVE_FACE('',(#7914));
#7917=POLY_LOOP('',(#7916,#7842,#7751));
#7918=FACE_OUTER_BOUND('',#7917,.T.);
#7919=FACETED_PRIMITIVE_FACE('',(#7918));
#7920=POLY_LOOP('',(#7916,#7751,#7835));
#7921=FACE_OUTER_BOUND('',#7920,.T.);
#7922=FACETED_PRIMITIVE_FACE('',(#7921));
#7924=POLY_LOOP('',(#7923,#7776,#7842));
#7925=FACE_OUTER_BOUND('',#7924,.T.);
#7926=FACETED_PRIMITIVE_FACE('',(#7925));
#7927=POLY_LOOP('',(#7923,#7857,#7776));
#7928=FACE_OUTER_BOUND('',#7927,.T.);
#7929=FACETED_PRIMITIVE_FACE('',(#7928));
#7931=POLY_LOOP('',(#7930,#7881,#7783));
#7932=FACE_OUTER_BOUND('',#7931,.T.);
#7933=FACETED_PRIMITIVE_FACE('',(#7932));
#7934=POLY_LOOP('',(#7930,#7783,#7846));
#7935=FACE_OUTER_BOUND('',#7934,.T.);
#7936=FACETED_PRIMITIVE_FACE('',(#7935));
#7938=POLY_LOOP('',(#7937,#7853,#7906));
#7939=FACE_OUTER_BOUND('',#7938,.T.);
#7940=FACETED_PRIMITIVE_FACE('',(#7939));
#7941=POLY_LOOP('',(#7937,#7803,#7853));
#7942=FACE_OUTER_BOUND('',#7941,.T.);
#7943=FACETED_PRIMITIVE_FACE('',(#7942));
#7944=POLY_LOOP('',(#7937,#7895,#7803));
#7945=FACE_OUTER_BOUND('',#7944,.T.);
#7946=FACETED_PRIMITIVE_FACE('',(#7945));
#7948=POLY_LOOP('',(#7947,#7885,#7790));
#7949=FACE_OUTER_BOUND('',#7948,.T.);
#7950=FACETED_PRIMITIVE_FACE('',(#7949));
#7951=POLY_LOOP('',(#7947,#7790,#7857));
#7952=FACE_OUTER_BOUND('',#7951,.T.);
#7953=FACETED_PRIMITIVE_FACE('',(#7952));
#7954=POLY_LOOP('',(#7947,#7857,#7923));
#7955=FACE_OUTER_BOUND('',#7954,.T.);
#7956=FACETED_PRIMITIVE_FACE('',(#7955));
#7958=POLY_LOOP('',(#7957,#7899,#7813));
#7959=FACE_OUTER_BOUND('',#7958,.T.);
#7960=FACETED_PRIMITIVE_FACE('',(#7959));
#7961=POLY_LOOP('',(#7957,#6047,#6054));
#7962=FACE_OUTER_BOUND('',#7961,.T.);
#7963=FACETED_PRIMITIVE_FACE('',(#7962));
#7964=POLY_LOOP('',(#7957,#6054,#6064));
#7965=FACE_OUTER_BOUND('',#7964,.T.);
#7966=FACETED_PRIMITIVE_FACE('',(#7965));
#7967=POLY_LOOP('',(#7957,#7861,#6047));
#7968=FACE_OUTER_BOUND('',#7967,.T.);
#7969=FACETED_PRIMITIVE_FACE('',(#7968));
#7970=POLY_LOOP('',(#7957,#7813,#7861));
#7971=FACE_OUTER_BOUND('',#7970,.T.);
#7972=FACETED_PRIMITIVE_FACE('',(#7971));
#7974=POLY_LOOP('',(#7973,#7906,#7881));
#7975=FACE_OUTER_BOUND('',#7974,.T.);
#7976=FACETED_PRIMITIVE_FACE('',(#7975));
#7978=POLY_LOOP('',(#7977,#7471,#7161));
#7979=FACE_OUTER_BOUND('',#7978,.T.);
#7980=FACETED_PRIMITIVE_FACE('',(#7979));
#7981=POLY_LOOP('',(#7977,#7157,#7127));
#7982=FACE_OUTER_BOUND('',#7981,.T.);
#7983=FACETED_PRIMITIVE_FACE('',(#7982));
#7984=POLY_LOOP('',(#7977,#7161,#7157));
#7985=FACE_OUTER_BOUND('',#7984,.T.);
#7986=FACETED_PRIMITIVE_FACE('',(#7985));
#7988=POLY_LOOP('',(#7977,#7987,#7471));
#7989=FACE_OUTER_BOUND('',#7988,.T.);
#7990=FACETED_PRIMITIVE_FACE('',(#7989));
#7992=POLY_LOOP('',(#7977,#7991,#7987));
#7993=FACE_OUTER_BOUND('',#7992,.T.);
#7994=FACETED_PRIMITIVE_FACE('',(#7993));
#7995=POLY_LOOP('',(#7977,#7127,#7885));
#7996=FACE_OUTER_BOUND('',#7995,.T.);
#7997=FACETED_PRIMITIVE_FACE('',(#7996));
#7999=POLY_LOOP('',(#7998,#7916,#7835));
#8000=FACE_OUTER_BOUND('',#7999,.T.);
#8001=FACETED_PRIMITIVE_FACE('',(#8000));
#8002=POLY_LOOP('',(#7998,#7835,#7895));
#8003=FACE_OUTER_BOUND('',#8002,.T.);
#8004=FACETED_PRIMITIVE_FACE('',(#8003));
#8006=POLY_LOOP('',(#8005,#7899,#7957));
#8007=FACE_OUTER_BOUND('',#8006,.T.);
#8008=FACETED_PRIMITIVE_FACE('',(#8007));
#8009=POLY_LOOP('',(#8005,#7846,#7899));
#8010=FACE_OUTER_BOUND('',#8009,.T.);
#8011=FACETED_PRIMITIVE_FACE('',(#8010));
#8012=POLY_LOOP('',(#8005,#7930,#7846));
#8013=FACE_OUTER_BOUND('',#8012,.T.);
#8014=FACETED_PRIMITIVE_FACE('',(#8013));
#8016=POLY_LOOP('',(#8015,#7937,#7906));
#8017=FACE_OUTER_BOUND('',#8016,.T.);
#8018=FACETED_PRIMITIVE_FACE('',(#8017));
#8020=POLY_LOOP('',(#8019,#7923,#7842));
#8021=FACE_OUTER_BOUND('',#8020,.T.);
#8022=FACETED_PRIMITIVE_FACE('',(#8021));
#8023=POLY_LOOP('',(#8019,#7842,#7916));
#8024=FACE_OUTER_BOUND('',#8023,.T.);
#8025=FACETED_PRIMITIVE_FACE('',(#8024));
#8027=POLY_LOOP('',(#8026,#7947,#7923));
#8028=FACE_OUTER_BOUND('',#8027,.T.);
#8029=FACETED_PRIMITIVE_FACE('',(#8028));
#8030=POLY_LOOP('',(#8026,#7923,#8019));
#8031=FACE_OUTER_BOUND('',#8030,.T.);
#8032=FACETED_PRIMITIVE_FACE('',(#8031));
#8034=POLY_LOOP('',(#8033,#7881,#7930));
#8035=FACE_OUTER_BOUND('',#8034,.T.);
#8036=FACETED_PRIMITIVE_FACE('',(#8035));
#8037=POLY_LOOP('',(#8033,#7973,#7881));
#8038=FACE_OUTER_BOUND('',#8037,.T.);
#8039=FACETED_PRIMITIVE_FACE('',(#8038));
#8041=POLY_LOOP('',(#8040,#7895,#7937));
#8042=FACE_OUTER_BOUND('',#8041,.T.);
#8043=FACETED_PRIMITIVE_FACE('',(#8042));
#8044=POLY_LOOP('',(#8040,#7998,#7895));
#8045=FACE_OUTER_BOUND('',#8044,.T.);
#8046=FACETED_PRIMITIVE_FACE('',(#8045));
#8047=POLY_LOOP('',(#8040,#7937,#8015));
#8048=FACE_OUTER_BOUND('',#8047,.T.);
#8049=FACETED_PRIMITIVE_FACE('',(#8048));
#8051=POLY_LOOP('',(#8050,#7885,#7947));
#8052=FACE_OUTER_BOUND('',#8051,.T.);
#8053=FACETED_PRIMITIVE_FACE('',(#8052));
#8055=POLY_LOOP('',(#8050,#8054,#7991));
#8056=FACE_OUTER_BOUND('',#8055,.T.);
#8057=FACETED_PRIMITIVE_FACE('',(#8056));
#8059=POLY_LOOP('',(#8050,#8058,#8054));
#8060=FACE_OUTER_BOUND('',#8059,.T.);
#8061=FACETED_PRIMITIVE_FACE('',(#8060));
#8062=POLY_LOOP('',(#8050,#7991,#7977));
#8063=FACE_OUTER_BOUND('',#8062,.T.);
#8064=FACETED_PRIMITIVE_FACE('',(#8063));
#8065=POLY_LOOP('',(#8050,#7977,#7885));
#8066=FACE_OUTER_BOUND('',#8065,.T.);
#8067=FACETED_PRIMITIVE_FACE('',(#8066));
#8069=POLY_LOOP('',(#8068,#7957,#6064));
#8070=FACE_OUTER_BOUND('',#8069,.T.);
#8071=FACETED_PRIMITIVE_FACE('',(#8070));
#8072=POLY_LOOP('',(#8068,#8005,#7957));
#8073=FACE_OUTER_BOUND('',#8072,.T.);
#8074=FACETED_PRIMITIVE_FACE('',(#8073));
#8075=POLY_LOOP('',(#8068,#6064,#6071));
#8076=FACE_OUTER_BOUND('',#8075,.T.);
#8077=FACETED_PRIMITIVE_FACE('',(#8076));
#8078=POLY_LOOP('',(#8068,#6071,#6078));
#8079=FACE_OUTER_BOUND('',#8078,.T.);
#8080=FACETED_PRIMITIVE_FACE('',(#8079));
#8082=POLY_LOOP('',(#8081,#8015,#7906));
#8083=FACE_OUTER_BOUND('',#8082,.T.);
#8084=FACETED_PRIMITIVE_FACE('',(#8083));
#8085=POLY_LOOP('',(#8081,#7906,#7973));
#8086=FACE_OUTER_BOUND('',#8085,.T.);
#8087=FACETED_PRIMITIVE_FACE('',(#8086));
#8089=POLY_LOOP('',(#8088,#7916,#7998));
#8090=FACE_OUTER_BOUND('',#8089,.T.);
#8091=FACETED_PRIMITIVE_FACE('',(#8090));
#8092=POLY_LOOP('',(#8088,#8019,#7916));
#8093=FACE_OUTER_BOUND('',#8092,.T.);
#8094=FACETED_PRIMITIVE_FACE('',(#8093));
#8096=POLY_LOOP('',(#8095,#7930,#8005));
#8097=FACE_OUTER_BOUND('',#8096,.T.);
#8098=FACETED_PRIMITIVE_FACE('',(#8097));
#8099=POLY_LOOP('',(#8095,#8033,#7930));
#8100=FACE_OUTER_BOUND('',#8099,.T.);
#8101=FACETED_PRIMITIVE_FACE('',(#8100));
#8103=POLY_LOOP('',(#8102,#8015,#8081));
#8104=FACE_OUTER_BOUND('',#8103,.T.);
#8105=FACETED_PRIMITIVE_FACE('',(#8104));
#8106=POLY_LOOP('',(#8102,#8040,#8015));
#8107=FACE_OUTER_BOUND('',#8106,.T.);
#8108=FACETED_PRIMITIVE_FACE('',(#8107));
#8110=POLY_LOOP('',(#8109,#8026,#8019));
#8111=FACE_OUTER_BOUND('',#8110,.T.);
#8112=FACETED_PRIMITIVE_FACE('',(#8111));
#8114=POLY_LOOP('',(#8113,#7947,#8026));
#8115=FACE_OUTER_BOUND('',#8114,.T.);
#8116=FACETED_PRIMITIVE_FACE('',(#8115));
#8117=POLY_LOOP('',(#8113,#8026,#8109));
#8118=FACE_OUTER_BOUND('',#8117,.T.);
#8119=FACETED_PRIMITIVE_FACE('',(#8118));
#8121=POLY_LOOP('',(#8113,#8120,#8058));
#8122=FACE_OUTER_BOUND('',#8121,.T.);
#8123=FACETED_PRIMITIVE_FACE('',(#8122));
#8125=POLY_LOOP('',(#8113,#8124,#8120));
#8126=FACE_OUTER_BOUND('',#8125,.T.);
#8127=FACETED_PRIMITIVE_FACE('',(#8126));
#8128=POLY_LOOP('',(#8113,#8050,#7947));
#8129=FACE_OUTER_BOUND('',#8128,.T.);
#8130=FACETED_PRIMITIVE_FACE('',(#8129));
#8131=POLY_LOOP('',(#8113,#8058,#8050));
#8132=FACE_OUTER_BOUND('',#8131,.T.);
#8133=FACETED_PRIMITIVE_FACE('',(#8132));
#8135=POLY_LOOP('',(#8134,#7973,#8033));
#8136=FACE_OUTER_BOUND('',#8135,.T.);
#8137=FACETED_PRIMITIVE_FACE('',(#8136));
#8138=POLY_LOOP('',(#8134,#8033,#8095));
#8139=FACE_OUTER_BOUND('',#8138,.T.);
#8140=FACETED_PRIMITIVE_FACE('',(#8139));
#8141=POLY_LOOP('',(#8134,#8081,#7973));
#8142=FACE_OUTER_BOUND('',#8141,.T.);
#8143=FACETED_PRIMITIVE_FACE('',(#8142));
#8145=POLY_LOOP('',(#8144,#7998,#8040));
#8146=FACE_OUTER_BOUND('',#8145,.T.);
#8147=FACETED_PRIMITIVE_FACE('',(#8146));
#8148=POLY_LOOP('',(#8144,#8088,#7998));
#8149=FACE_OUTER_BOUND('',#8148,.T.);
#8150=FACETED_PRIMITIVE_FACE('',(#8149));
#8152=POLY_LOOP('',(#8151,#6078,#6085));
#8153=FACE_OUTER_BOUND('',#8152,.T.);
#8154=FACETED_PRIMITIVE_FACE('',(#8153));
#8155=POLY_LOOP('',(#8151,#6085,#6092));
#8156=FACE_OUTER_BOUND('',#8155,.T.);
#8157=FACETED_PRIMITIVE_FACE('',(#8156));
#8158=POLY_LOOP('',(#8151,#8005,#8068));
#8159=FACE_OUTER_BOUND('',#8158,.T.);
#8160=FACETED_PRIMITIVE_FACE('',(#8159));
#8161=POLY_LOOP('',(#8151,#8095,#8005));
#8162=FACE_OUTER_BOUND('',#8161,.T.);
#8163=FACETED_PRIMITIVE_FACE('',(#8162));
#8164=POLY_LOOP('',(#8151,#8068,#6078));
#8165=FACE_OUTER_BOUND('',#8164,.T.);
#8166=FACETED_PRIMITIVE_FACE('',(#8165));
#8168=POLY_LOOP('',(#8167,#8102,#8081));
#8169=FACE_OUTER_BOUND('',#8168,.T.);
#8170=FACETED_PRIMITIVE_FACE('',(#8169));
#8172=POLY_LOOP('',(#8171,#8019,#8088));
#8173=FACE_OUTER_BOUND('',#8172,.T.);
#8174=FACETED_PRIMITIVE_FACE('',(#8173));
#8175=POLY_LOOP('',(#8171,#8109,#8019));
#8176=FACE_OUTER_BOUND('',#8175,.T.);
#8177=FACETED_PRIMITIVE_FACE('',(#8176));
#8179=POLY_LOOP('',(#8178,#8095,#8151));
#8180=FACE_OUTER_BOUND('',#8179,.T.);
#8181=FACETED_PRIMITIVE_FACE('',(#8180));
#8182=POLY_LOOP('',(#8178,#8134,#8095));
#8183=FACE_OUTER_BOUND('',#8182,.T.);
#8184=FACETED_PRIMITIVE_FACE('',(#8183));
#8186=POLY_LOOP('',(#8185,#8040,#8102));
#8187=FACE_OUTER_BOUND('',#8186,.T.);
#8188=FACETED_PRIMITIVE_FACE('',(#8187));
#8189=POLY_LOOP('',(#8185,#8102,#8167));
#8190=FACE_OUTER_BOUND('',#8189,.T.);
#8191=FACETED_PRIMITIVE_FACE('',(#8190));
#8192=POLY_LOOP('',(#8185,#8144,#8040));
#8193=FACE_OUTER_BOUND('',#8192,.T.);
#8194=FACETED_PRIMITIVE_FACE('',(#8193));
#8196=POLY_LOOP('',(#8195,#8109,#8171));
#8197=FACE_OUTER_BOUND('',#8196,.T.);
#8198=FACETED_PRIMITIVE_FACE('',(#8197));
#8199=POLY_LOOP('',(#8195,#8124,#8113));
#8200=FACE_OUTER_BOUND('',#8199,.T.);
#8201=FACETED_PRIMITIVE_FACE('',(#8200));
#8203=POLY_LOOP('',(#8195,#8202,#8124));
#8204=FACE_OUTER_BOUND('',#8203,.T.);
#8205=FACETED_PRIMITIVE_FACE('',(#8204));
#8207=POLY_LOOP('',(#8195,#8206,#8202));
#8208=FACE_OUTER_BOUND('',#8207,.T.);
#8209=FACETED_PRIMITIVE_FACE('',(#8208));
#8210=POLY_LOOP('',(#8195,#8113,#8109));
#8211=FACE_OUTER_BOUND('',#8210,.T.);
#8212=FACETED_PRIMITIVE_FACE('',(#8211));
#8214=POLY_LOOP('',(#8213,#8081,#8134));
#8215=FACE_OUTER_BOUND('',#8214,.T.);
#8216=FACETED_PRIMITIVE_FACE('',(#8215));
#8217=POLY_LOOP('',(#8213,#8167,#8081));
#8218=FACE_OUTER_BOUND('',#8217,.T.);
#8219=FACETED_PRIMITIVE_FACE('',(#8218));
#8221=POLY_LOOP('',(#8220,#8088,#8144));
#8222=FACE_OUTER_BOUND('',#8221,.T.);
#8223=FACETED_PRIMITIVE_FACE('',(#8222));
#8224=POLY_LOOP('',(#8220,#8144,#8185));
#8225=FACE_OUTER_BOUND('',#8224,.T.);
#8226=FACETED_PRIMITIVE_FACE('',(#8225));
#8227=POLY_LOOP('',(#8220,#8171,#8088));
#8228=FACE_OUTER_BOUND('',#8227,.T.);
#8229=FACETED_PRIMITIVE_FACE('',(#8228));
#8231=POLY_LOOP('',(#8230,#8151,#6092));
#8232=FACE_OUTER_BOUND('',#8231,.T.);
#8233=FACETED_PRIMITIVE_FACE('',(#8232));
#8234=POLY_LOOP('',(#8230,#6092,#6099));
#8235=FACE_OUTER_BOUND('',#8234,.T.);
#8236=FACETED_PRIMITIVE_FACE('',(#8235));
#8237=POLY_LOOP('',(#8230,#6099,#6109));
#8238=FACE_OUTER_BOUND('',#8237,.T.);
#8239=FACETED_PRIMITIVE_FACE('',(#8238));
#8240=POLY_LOOP('',(#8230,#8178,#8151));
#8241=FACE_OUTER_BOUND('',#8240,.T.);
#8242=FACETED_PRIMITIVE_FACE('',(#8241));
#8244=POLY_LOOP('',(#8243,#8185,#8167));
#8245=FACE_OUTER_BOUND('',#8244,.T.);
#8246=FACETED_PRIMITIVE_FACE('',(#8245));
#8248=POLY_LOOP('',(#8247,#8195,#8171));
#8249=FACE_OUTER_BOUND('',#8248,.T.);
#8250=FACETED_PRIMITIVE_FACE('',(#8249));
#8252=POLY_LOOP('',(#8247,#8251,#8206));
#8253=FACE_OUTER_BOUND('',#8252,.T.);
#8254=FACETED_PRIMITIVE_FACE('',(#8253));
#8256=POLY_LOOP('',(#8247,#8255,#8251));
#8257=FACE_OUTER_BOUND('',#8256,.T.);
#8258=FACETED_PRIMITIVE_FACE('',(#8257));
#8259=POLY_LOOP('',(#8247,#8206,#8195));
#8260=FACE_OUTER_BOUND('',#8259,.T.);
#8261=FACETED_PRIMITIVE_FACE('',(#8260));
#8263=POLY_LOOP('',(#8262,#8134,#8178));
#8264=FACE_OUTER_BOUND('',#8263,.T.);
#8265=FACETED_PRIMITIVE_FACE('',(#8264));
#8266=POLY_LOOP('',(#8262,#8213,#8134));
#8267=FACE_OUTER_BOUND('',#8266,.T.);
#8268=FACETED_PRIMITIVE_FACE('',(#8267));
#8270=POLY_LOOP('',(#8269,#8220,#8185));
#8271=FACE_OUTER_BOUND('',#8270,.T.);
#8272=FACETED_PRIMITIVE_FACE('',(#8271));
#8274=POLY_LOOP('',(#8273,#8243,#8167));
#8275=FACE_OUTER_BOUND('',#8274,.T.);
#8276=FACETED_PRIMITIVE_FACE('',(#8275));
#8277=POLY_LOOP('',(#8273,#8167,#8213));
#8278=FACE_OUTER_BOUND('',#8277,.T.);
#8279=FACETED_PRIMITIVE_FACE('',(#8278));
#8281=POLY_LOOP('',(#8280,#8255,#8247));
#8282=FACE_OUTER_BOUND('',#8281,.T.);
#8283=FACETED_PRIMITIVE_FACE('',(#8282));
#8285=POLY_LOOP('',(#8280,#8284,#8255));
#8286=FACE_OUTER_BOUND('',#8285,.T.);
#8287=FACETED_PRIMITIVE_FACE('',(#8286));
#8289=POLY_LOOP('',(#8280,#8288,#8284));
#8290=FACE_OUTER_BOUND('',#8289,.T.);
#8291=FACETED_PRIMITIVE_FACE('',(#8290));
#8292=POLY_LOOP('',(#8280,#8247,#8171));
#8293=FACE_OUTER_BOUND('',#8292,.T.);
#8294=FACETED_PRIMITIVE_FACE('',(#8293));
#8295=POLY_LOOP('',(#8280,#8171,#8220));
#8296=FACE_OUTER_BOUND('',#8295,.T.);
#8297=FACETED_PRIMITIVE_FACE('',(#8296));
#8299=POLY_LOOP('',(#8298,#8178,#8230));
#8300=FACE_OUTER_BOUND('',#8299,.T.);
#8301=FACETED_PRIMITIVE_FACE('',(#8300));
#8302=POLY_LOOP('',(#8298,#8230,#6109));
#8303=FACE_OUTER_BOUND('',#8302,.T.);
#8304=FACETED_PRIMITIVE_FACE('',(#8303));
#8305=POLY_LOOP('',(#8298,#6109,#6123));
#8306=FACE_OUTER_BOUND('',#8305,.T.);
#8307=FACETED_PRIMITIVE_FACE('',(#8306));
#8308=POLY_LOOP('',(#8298,#6123,#6140));
#8309=FACE_OUTER_BOUND('',#8308,.T.);
#8310=FACETED_PRIMITIVE_FACE('',(#8309));
#8311=POLY_LOOP('',(#8298,#8262,#8178));
#8312=FACE_OUTER_BOUND('',#8311,.T.);
#8313=FACETED_PRIMITIVE_FACE('',(#8312));
#8315=POLY_LOOP('',(#8314,#8185,#8243));
#8316=FACE_OUTER_BOUND('',#8315,.T.);
#8317=FACETED_PRIMITIVE_FACE('',(#8316));
#8318=POLY_LOOP('',(#8314,#8269,#8185));
#8319=FACE_OUTER_BOUND('',#8318,.T.);
#8320=FACETED_PRIMITIVE_FACE('',(#8319));
#8322=POLY_LOOP('',(#8321,#8213,#8262));
#8323=FACE_OUTER_BOUND('',#8322,.T.);
#8324=FACETED_PRIMITIVE_FACE('',(#8323));
#8325=POLY_LOOP('',(#8321,#8273,#8213));
#8326=FACE_OUTER_BOUND('',#8325,.T.);
#8327=FACETED_PRIMITIVE_FACE('',(#8326));
#8329=POLY_LOOP('',(#8328,#8220,#8269));
#8330=FACE_OUTER_BOUND('',#8329,.T.);
#8331=FACETED_PRIMITIVE_FACE('',(#8330));
#8332=POLY_LOOP('',(#8328,#8288,#8280));
#8333=FACE_OUTER_BOUND('',#8332,.T.);
#8334=FACETED_PRIMITIVE_FACE('',(#8333));
#8336=POLY_LOOP('',(#8328,#8335,#8288));
#8337=FACE_OUTER_BOUND('',#8336,.T.);
#8338=FACETED_PRIMITIVE_FACE('',(#8337));
#8340=POLY_LOOP('',(#8328,#8339,#8335));
#8341=FACE_OUTER_BOUND('',#8340,.T.);
#8342=FACETED_PRIMITIVE_FACE('',(#8341));
#8343=POLY_LOOP('',(#8328,#8280,#8220));
#8344=FACE_OUTER_BOUND('',#8343,.T.);
#8345=FACETED_PRIMITIVE_FACE('',(#8344));
#8347=POLY_LOOP('',(#8346,#8314,#8243));
#8348=FACE_OUTER_BOUND('',#8347,.T.);
#8349=FACETED_PRIMITIVE_FACE('',(#8348));
#8350=POLY_LOOP('',(#8346,#8243,#8273));
#8351=FACE_OUTER_BOUND('',#8350,.T.);
#8352=FACETED_PRIMITIVE_FACE('',(#8351));
#8354=POLY_LOOP('',(#8353,#8321,#8262));
#8355=FACE_OUTER_BOUND('',#8354,.T.);
#8356=FACETED_PRIMITIVE_FACE('',(#8355));
#8357=POLY_LOOP('',(#8353,#8298,#6140));
#8358=FACE_OUTER_BOUND('',#8357,.T.);
#8359=FACETED_PRIMITIVE_FACE('',(#8358));
#8360=POLY_LOOP('',(#8353,#8262,#8298));
#8361=FACE_OUTER_BOUND('',#8360,.T.);
#8362=FACETED_PRIMITIVE_FACE('',(#8361));
#8363=POLY_LOOP('',(#8353,#6140,#6154));
#8364=FACE_OUTER_BOUND('',#8363,.T.);
#8365=FACETED_PRIMITIVE_FACE('',(#8364));
#8366=POLY_LOOP('',(#8353,#6154,#6162));
#8367=FACE_OUTER_BOUND('',#8366,.T.);
#8368=FACETED_PRIMITIVE_FACE('',(#8367));
#8370=POLY_LOOP('',(#8369,#8269,#8314));
#8371=FACE_OUTER_BOUND('',#8370,.T.);
#8372=FACETED_PRIMITIVE_FACE('',(#8371));
#8373=POLY_LOOP('',(#8369,#8339,#8328));
#8374=FACE_OUTER_BOUND('',#8373,.T.);
#8375=FACETED_PRIMITIVE_FACE('',(#8374));
#8377=POLY_LOOP('',(#8369,#8376,#8339));
#8378=FACE_OUTER_BOUND('',#8377,.T.);
#8379=FACETED_PRIMITIVE_FACE('',(#8378));
#8381=POLY_LOOP('',(#8369,#8380,#8376));
#8382=FACE_OUTER_BOUND('',#8381,.T.);
#8383=FACETED_PRIMITIVE_FACE('',(#8382));
#8384=POLY_LOOP('',(#8369,#8328,#8269));
#8385=FACE_OUTER_BOUND('',#8384,.T.);
#8386=FACETED_PRIMITIVE_FACE('',(#8385));
#8388=POLY_LOOP('',(#8387,#8273,#8321));
#8389=FACE_OUTER_BOUND('',#8388,.T.);
#8390=FACETED_PRIMITIVE_FACE('',(#8389));
#8391=POLY_LOOP('',(#8387,#8346,#8273));
#8392=FACE_OUTER_BOUND('',#8391,.T.);
#8393=FACETED_PRIMITIVE_FACE('',(#8392));
#8394=POLY_LOOP('',(#8387,#8321,#8353));
#8395=FACE_OUTER_BOUND('',#8394,.T.);
#8396=FACETED_PRIMITIVE_FACE('',(#8395));
#8398=POLY_LOOP('',(#8397,#8369,#8314));
#8399=FACE_OUTER_BOUND('',#8398,.T.);
#8400=FACETED_PRIMITIVE_FACE('',(#8399));
#8401=POLY_LOOP('',(#8397,#8380,#8369));
#8402=FACE_OUTER_BOUND('',#8401,.T.);
#8403=FACETED_PRIMITIVE_FACE('',(#8402));
#8405=POLY_LOOP('',(#8397,#8404,#8380));
#8406=FACE_OUTER_BOUND('',#8405,.T.);
#8407=FACETED_PRIMITIVE_FACE('',(#8406));
#8408=POLY_LOOP('',(#8397,#8314,#8346));
#8409=FACE_OUTER_BOUND('',#8408,.T.);
#8410=FACETED_PRIMITIVE_FACE('',(#8409));
#8412=POLY_LOOP('',(#8411,#6162,#6169));
#8413=FACE_OUTER_BOUND('',#8412,.T.);
#8414=FACETED_PRIMITIVE_FACE('',(#8413));
#8415=POLY_LOOP('',(#8411,#6169,#6158));
#8416=FACE_OUTER_BOUND('',#8415,.T.);
#8417=FACETED_PRIMITIVE_FACE('',(#8416));
#8418=POLY_LOOP('',(#8411,#8353,#6162));
#8419=FACE_OUTER_BOUND('',#8418,.T.);
#8420=FACETED_PRIMITIVE_FACE('',(#8419));
#8421=POLY_LOOP('',(#8411,#8387,#8353));
#8422=FACE_OUTER_BOUND('',#8421,.T.);
#8423=FACETED_PRIMITIVE_FACE('',(#8422));
#8426=POLY_LOOP('',(#8424,#8425,#8404));
#8427=FACE_OUTER_BOUND('',#8426,.T.);
#8428=FACETED_PRIMITIVE_FACE('',(#8427));
#8430=POLY_LOOP('',(#8424,#8429,#8425));
#8431=FACE_OUTER_BOUND('',#8430,.T.);
#8432=FACETED_PRIMITIVE_FACE('',(#8431));
#8433=POLY_LOOP('',(#8424,#8346,#8387));
#8434=FACE_OUTER_BOUND('',#8433,.T.);
#8435=FACETED_PRIMITIVE_FACE('',(#8434));
#8436=POLY_LOOP('',(#8424,#8404,#8397));
#8437=FACE_OUTER_BOUND('',#8436,.T.);
#8438=FACETED_PRIMITIVE_FACE('',(#8437));
#8439=POLY_LOOP('',(#8424,#8397,#8346));
#8440=FACE_OUTER_BOUND('',#8439,.T.);
#8441=FACETED_PRIMITIVE_FACE('',(#8440));
#8443=POLY_LOOP('',(#8442,#7479,#8429));
#8444=FACE_OUTER_BOUND('',#8443,.T.);
#8445=FACETED_PRIMITIVE_FACE('',(#8444));
#8446=POLY_LOOP('',(#8442,#6158,#6147));
#8447=FACE_OUTER_BOUND('',#8446,.T.);
#8448=FACETED_PRIMITIVE_FACE('',(#8447));
#8449=POLY_LOOP('',(#8442,#6147,#6130));
#8450=FACE_OUTER_BOUND('',#8449,.T.);
#8451=FACETED_PRIMITIVE_FACE('',(#8450));
#8452=POLY_LOOP('',(#8442,#6130,#6119));
#8453=FACE_OUTER_BOUND('',#8452,.T.);
#8454=FACETED_PRIMITIVE_FACE('',(#8453));
#8455=POLY_LOOP('',(#8442,#8411,#6158));
#8456=FACE_OUTER_BOUND('',#8455,.T.);
#8457=FACETED_PRIMITIVE_FACE('',(#8456));
#8458=POLY_LOOP('',(#8442,#8429,#8424));
#8459=FACE_OUTER_BOUND('',#8458,.T.);
#8460=FACETED_PRIMITIVE_FACE('',(#8459));
#8461=POLY_LOOP('',(#8442,#8387,#8411));
#8462=FACE_OUTER_BOUND('',#8461,.T.);
#8463=FACETED_PRIMITIVE_FACE('',(#8462));
#8464=POLY_LOOP('',(#8442,#8424,#8387));
#8465=FACE_OUTER_BOUND('',#8464,.T.);
#8466=FACETED_PRIMITIVE_FACE('',(#8465));
#8467=POLY_LOOP('',(#8442,#6119,#7479));
#8468=FACE_OUTER_BOUND('',#8467,.T.);
#8469=FACETED_PRIMITIVE_FACE('',(#8468));
#8472=POLY_LOOP('',(#8058,#8470,#8471));
#8473=FACE_OUTER_BOUND('',#8472,.T.);
#8474=FACETED_PRIMITIVE_FACE('',(#8473));
#8476=POLY_LOOP('',(#8054,#8471,#8475));
#8477=FACE_OUTER_BOUND('',#8476,.T.);
#8478=FACETED_PRIMITIVE_FACE('',(#8477));
#8479=POLY_LOOP('',(#8054,#8058,#8471));
#8480=FACE_OUTER_BOUND('',#8479,.T.);
#8481=FACETED_PRIMITIVE_FACE('',(#8480));
#8483=POLY_LOOP('',(#8120,#8482,#8470));
#8484=FACE_OUTER_BOUND('',#8483,.T.);
#8485=FACETED_PRIMITIVE_FACE('',(#8484));
#8486=POLY_LOOP('',(#8120,#8470,#8058));
#8487=FACE_OUTER_BOUND('',#8486,.T.);
#8488=FACETED_PRIMITIVE_FACE('',(#8487));
#8489=POLY_LOOP('',(#7991,#8054,#8475));
#8490=FACE_OUTER_BOUND('',#8489,.T.);
#8491=FACETED_PRIMITIVE_FACE('',(#8490));
#8493=POLY_LOOP('',(#8124,#8492,#8482));
#8494=FACE_OUTER_BOUND('',#8493,.T.);
#8495=FACETED_PRIMITIVE_FACE('',(#8494));
#8496=POLY_LOOP('',(#8124,#8482,#8120));
#8497=FACE_OUTER_BOUND('',#8496,.T.);
#8498=FACETED_PRIMITIVE_FACE('',(#8497));
#8500=POLY_LOOP('',(#7987,#8475,#8499));
#8501=FACE_OUTER_BOUND('',#8500,.T.);
#8502=FACETED_PRIMITIVE_FACE('',(#8501));
#8503=POLY_LOOP('',(#7987,#7991,#8475));
#8504=FACE_OUTER_BOUND('',#8503,.T.);
#8505=FACETED_PRIMITIVE_FACE('',(#8504));
#8506=POLY_LOOP('',(#7471,#7987,#8499));
#8507=FACE_OUTER_BOUND('',#8506,.T.);
#8508=FACETED_PRIMITIVE_FACE('',(#8507));
#8510=POLY_LOOP('',(#8509,#7471,#8499));
#8511=FACE_OUTER_BOUND('',#8510,.T.);
#8512=FACETED_PRIMITIVE_FACE('',(#8511));
#8514=POLY_LOOP('',(#8202,#8513,#8492));
#8515=FACE_OUTER_BOUND('',#8514,.T.);
#8516=FACETED_PRIMITIVE_FACE('',(#8515));
#8517=POLY_LOOP('',(#8202,#8492,#8124));
#8518=FACE_OUTER_BOUND('',#8517,.T.);
#8519=FACETED_PRIMITIVE_FACE('',(#8518));
#8520=POLY_LOOP('',(#7467,#7471,#8509));
#8521=FACE_OUTER_BOUND('',#8520,.T.);
#8522=FACETED_PRIMITIVE_FACE('',(#8521));
#8524=POLY_LOOP('',(#8523,#8513,#8202));
#8525=FACE_OUTER_BOUND('',#8524,.T.);
#8526=FACETED_PRIMITIVE_FACE('',(#8525));
#8527=POLY_LOOP('',(#7463,#7467,#8509));
#8528=FACE_OUTER_BOUND('',#8527,.T.);
#8529=FACETED_PRIMITIVE_FACE('',(#8528));
#8531=POLY_LOOP('',(#7463,#8509,#8530));
#8532=FACE_OUTER_BOUND('',#8531,.T.);
#8533=FACETED_PRIMITIVE_FACE('',(#8532));
#8534=POLY_LOOP('',(#8206,#8523,#8202));
#8535=FACE_OUTER_BOUND('',#8534,.T.);
#8536=FACETED_PRIMITIVE_FACE('',(#8535));
#8538=POLY_LOOP('',(#7459,#8530,#8537));
#8539=FACE_OUTER_BOUND('',#8538,.T.);
#8540=FACETED_PRIMITIVE_FACE('',(#8539));
#8541=POLY_LOOP('',(#7459,#7463,#8530));
#8542=FACE_OUTER_BOUND('',#8541,.T.);
#8543=FACETED_PRIMITIVE_FACE('',(#8542));
#8545=POLY_LOOP('',(#8544,#8523,#8206));
#8546=FACE_OUTER_BOUND('',#8545,.T.);
#8547=FACETED_PRIMITIVE_FACE('',(#8546));
#8548=POLY_LOOP('',(#5277,#7459,#8537));
#8549=FACE_OUTER_BOUND('',#8548,.T.);
#8550=FACETED_PRIMITIVE_FACE('',(#8549));
#8552=POLY_LOOP('',(#5277,#8537,#8551));
#8553=FACE_OUTER_BOUND('',#8552,.T.);
#8554=FACETED_PRIMITIVE_FACE('',(#8553));
#8555=POLY_LOOP('',(#8251,#8544,#8206));
#8556=FACE_OUTER_BOUND('',#8555,.T.);
#8557=FACETED_PRIMITIVE_FACE('',(#8556));
#8559=POLY_LOOP('',(#8558,#8544,#8251));
#8560=FACE_OUTER_BOUND('',#8559,.T.);
#8561=FACETED_PRIMITIVE_FACE('',(#8560));
#8562=POLY_LOOP('',(#8255,#8558,#8251));
#8563=FACE_OUTER_BOUND('',#8562,.T.);
#8564=FACETED_PRIMITIVE_FACE('',(#8563));
#8566=POLY_LOOP('',(#8565,#8558,#8255));
#8567=FACE_OUTER_BOUND('',#8566,.T.);
#8568=FACETED_PRIMITIVE_FACE('',(#8567));
#8569=POLY_LOOP('',(#8284,#8565,#8255));
#8570=FACE_OUTER_BOUND('',#8569,.T.);
#8571=FACETED_PRIMITIVE_FACE('',(#8570));
#8573=POLY_LOOP('',(#8572,#8565,#8284));
#8574=FACE_OUTER_BOUND('',#8573,.T.);
#8575=FACETED_PRIMITIVE_FACE('',(#8574));
#8576=POLY_LOOP('',(#8288,#8572,#8284));
#8577=FACE_OUTER_BOUND('',#8576,.T.);
#8578=FACETED_PRIMITIVE_FACE('',(#8577));
#8580=POLY_LOOP('',(#8579,#8572,#8288));
#8581=FACE_OUTER_BOUND('',#8580,.T.);
#8582=FACETED_PRIMITIVE_FACE('',(#8581));
#8583=POLY_LOOP('',(#8335,#8579,#8288));
#8584=FACE_OUTER_BOUND('',#8583,.T.);
#8585=FACETED_PRIMITIVE_FACE('',(#8584));
#8586=POLY_LOOP('',(#102,#5277,#8551));
#8587=FACE_OUTER_BOUND('',#8586,.T.);
#8588=FACETED_PRIMITIVE_FACE('',(#8587));
#8589=POLY_LOOP('',(#5322,#5277,#102));
#8590=FACE_OUTER_BOUND('',#8589,.T.);
#8591=FACETED_PRIMITIVE_FACE('',(#8590));
#8593=POLY_LOOP('',(#8592,#8579,#8335));
#8594=FACE_OUTER_BOUND('',#8593,.T.);
#8595=FACETED_PRIMITIVE_FACE('',(#8594));
#8596=POLY_LOOP('',(#8339,#8592,#8335));
#8597=FACE_OUTER_BOUND('',#8596,.T.);
#8598=FACETED_PRIMITIVE_FACE('',(#8597));
#8599=POLY_LOOP('',(#8376,#8592,#8339));
#8600=FACE_OUTER_BOUND('',#8599,.T.);
#8601=FACETED_PRIMITIVE_FACE('',(#8600));
#8603=POLY_LOOP('',(#8602,#8592,#8376));
#8604=FACE_OUTER_BOUND('',#8603,.T.);
#8605=FACETED_PRIMITIVE_FACE('',(#8604));
#8606=POLY_LOOP('',(#8380,#8602,#8376));
#8607=FACE_OUTER_BOUND('',#8606,.T.);
#8608=FACETED_PRIMITIVE_FACE('',(#8607));
#8610=POLY_LOOP('',(#8609,#8602,#8380));
#8611=FACE_OUTER_BOUND('',#8610,.T.);
#8612=FACETED_PRIMITIVE_FACE('',(#8611));
#8613=POLY_LOOP('',(#8404,#8609,#8380));
#8614=FACE_OUTER_BOUND('',#8613,.T.);
#8615=FACETED_PRIMITIVE_FACE('',(#8614));
#8617=POLY_LOOP('',(#8616,#8609,#8404));
#8618=FACE_OUTER_BOUND('',#8617,.T.);
#8619=FACETED_PRIMITIVE_FACE('',(#8618));
#8620=POLY_LOOP('',(#8425,#8616,#8404));
#8621=FACE_OUTER_BOUND('',#8620,.T.);
#8622=FACETED_PRIMITIVE_FACE('',(#8621));
#8624=POLY_LOOP('',(#8623,#8616,#8425));
#8625=FACE_OUTER_BOUND('',#8624,.T.);
#8626=FACETED_PRIMITIVE_FACE('',(#8625));
#8628=POLY_LOOP('',(#8627,#8623,#8425));
#8629=FACE_OUTER_BOUND('',#8628,.T.);
#8630=FACETED_PRIMITIVE_FACE('',(#8629));
#8631=POLY_LOOP('',(#8429,#8627,#8425));
#8632=FACE_OUTER_BOUND('',#8631,.T.);
#8633=FACETED_PRIMITIVE_FACE('',(#8632));
#8635=POLY_LOOP('',(#8634,#8627,#8429));
#8636=FACE_OUTER_BOUND('',#8635,.T.);
#8637=FACETED_PRIMITIVE_FACE('',(#8636));
#8638=POLY_LOOP('',(#7479,#8634,#8429));
#8639=FACE_OUTER_BOUND('',#8638,.T.);
#8640=FACETED_PRIMITIVE_FACE('',(#8639));
#8642=POLY_LOOP('',(#8641,#8634,#7479));
#8643=FACE_OUTER_BOUND('',#8642,.T.);
#8644=FACETED_PRIMITIVE_FACE('',(#8643));
#8646=POLY_LOOP('',(#8645,#8641,#7479));
#8647=FACE_OUTER_BOUND('',#8646,.T.);
#8648=FACETED_PRIMITIVE_FACE('',(#8647));
#8649=POLY_LOOP('',(#7478,#8645,#7479));
#8650=FACE_OUTER_BOUND('',#8649,.T.);
#8651=FACETED_PRIMITIVE_FACE('',(#8650));
#8653=POLY_LOOP('',(#8652,#8645,#7478));
#8654=FACE_OUTER_BOUND('',#8653,.T.);
#8655=FACETED_PRIMITIVE_FACE('',(#8654));
#8656=POLY_LOOP('',(#7483,#8652,#7478));
#8657=FACE_OUTER_BOUND('',#8656,.T.);
#8658=FACETED_PRIMITIVE_FACE('',(#8657));
#8660=POLY_LOOP('',(#8659,#8652,#7483));
#8661=FACE_OUTER_BOUND('',#8660,.T.);
#8662=FACETED_PRIMITIVE_FACE('',(#8661));
#8663=POLY_LOOP('',(#7487,#8659,#7483));
#8664=FACE_OUTER_BOUND('',#8663,.T.);
#8665=FACETED_PRIMITIVE_FACE('',(#8664));
#8667=POLY_LOOP('',(#8666,#7487,#5396));
#8668=FACE_OUTER_BOUND('',#8667,.T.);
#8669=FACETED_PRIMITIVE_FACE('',(#8668));
#8670=POLY_LOOP('',(#8666,#8659,#7487));
#8671=FACE_OUTER_BOUND('',#8670,.T.);
#8672=FACETED_PRIMITIVE_FACE('',(#8671));
#8673=POLY_LOOP('',(#5403,#8666,#5396));
#8674=FACE_OUTER_BOUND('',#8673,.T.);
#8675=FACETED_PRIMITIVE_FACE('',(#8674));
#8676=POLY_LOOP('',(#75,#8666,#5403));
#8677=FACE_OUTER_BOUND('',#8676,.T.);
#8678=FACETED_PRIMITIVE_FACE('',(#8677));
#8679=POLY_LOOP('',(#152,#103,#5410));
#8680=FACE_OUTER_BOUND('',#8679,.T.);
#8681=FACETED_PRIMITIVE_FACE('',(#8680));
#8682=POLY_LOOP('',(#152,#5410,#5414));
#8683=FACE_OUTER_BOUND('',#8682,.T.);
#8684=FACETED_PRIMITIVE_FACE('',(#8683));
#8685=POLY_LOOP('',(#151,#5414,#5418));
#8686=FACE_OUTER_BOUND('',#8685,.T.);
#8687=FACETED_PRIMITIVE_FACE('',(#8686));
#8688=POLY_LOOP('',(#151,#152,#5414));
#8689=FACE_OUTER_BOUND('',#8688,.T.);
#8690=FACETED_PRIMITIVE_FACE('',(#8689));
#8691=POLY_LOOP('',(#161,#5425,#5432));
#8692=FACE_OUTER_BOUND('',#8691,.T.);
#8693=FACETED_PRIMITIVE_FACE('',(#8692));
#8694=POLY_LOOP('',(#161,#5418,#5425));
#8695=FACE_OUTER_BOUND('',#8694,.T.);
#8696=FACETED_PRIMITIVE_FACE('',(#8695));
#8697=POLY_LOOP('',(#161,#151,#5418));
#8698=FACE_OUTER_BOUND('',#8697,.T.);
#8699=FACETED_PRIMITIVE_FACE('',(#8698));
#8700=POLY_LOOP('',(#169,#161,#5432));
#8701=FACE_OUTER_BOUND('',#8700,.T.);
#8702=FACETED_PRIMITIVE_FACE('',(#8701));
#8703=POLY_LOOP('',(#186,#5442,#5446));
#8704=FACE_OUTER_BOUND('',#8703,.T.);
#8705=FACETED_PRIMITIVE_FACE('',(#8704));
#8706=POLY_LOOP('',(#186,#5432,#5442));
#8707=FACE_OUTER_BOUND('',#8706,.T.);
#8708=FACETED_PRIMITIVE_FACE('',(#8707));
#8709=POLY_LOOP('',(#186,#169,#5432));
#8710=FACE_OUTER_BOUND('',#8709,.T.);
#8711=FACETED_PRIMITIVE_FACE('',(#8710));
#8712=POLY_LOOP('',(#179,#186,#5446));
#8713=FACE_OUTER_BOUND('',#8712,.T.);
#8714=FACETED_PRIMITIVE_FACE('',(#8713));
#8715=POLY_LOOP('',(#165,#5446,#5453));
#8716=FACE_OUTER_BOUND('',#8715,.T.);
#8717=FACETED_PRIMITIVE_FACE('',(#8716));
#8718=POLY_LOOP('',(#165,#179,#5446));
#8719=FACE_OUTER_BOUND('',#8718,.T.);
#8720=FACETED_PRIMITIVE_FACE('',(#8719));
#8721=POLY_LOOP('',(#156,#5460,#5470));
#8722=FACE_OUTER_BOUND('',#8721,.T.);
#8723=FACETED_PRIMITIVE_FACE('',(#8722));
#8724=POLY_LOOP('',(#156,#5453,#5460));
#8725=FACE_OUTER_BOUND('',#8724,.T.);
#8726=FACETED_PRIMITIVE_FACE('',(#8725));
#8727=POLY_LOOP('',(#156,#165,#5453));
#8728=FACE_OUTER_BOUND('',#8727,.T.);
#8729=FACETED_PRIMITIVE_FACE('',(#8728));
#8730=POLY_LOOP('',(#157,#5470,#5477));
#8731=FACE_OUTER_BOUND('',#8730,.T.);
#8732=FACETED_PRIMITIVE_FACE('',(#8731));
#8733=POLY_LOOP('',(#157,#156,#5470));
#8734=FACE_OUTER_BOUND('',#8733,.T.);
#8735=FACETED_PRIMITIVE_FACE('',(#8734));
#8736=POLY_LOOP('',(#147,#157,#5477));
#8737=FACE_OUTER_BOUND('',#8736,.T.);
#8738=FACETED_PRIMITIVE_FACE('',(#8737));
#8739=POLY_LOOP('',(#140,#5477,#5481));
#8740=FACE_OUTER_BOUND('',#8739,.T.);
#8741=FACETED_PRIMITIVE_FACE('',(#8740));
#8742=POLY_LOOP('',(#140,#147,#5477));
#8743=FACE_OUTER_BOUND('',#8742,.T.);
#8744=FACETED_PRIMITIVE_FACE('',(#8743));
#8745=POLY_LOOP('',(#132,#5481,#5491));
#8746=FACE_OUTER_BOUND('',#8745,.T.);
#8747=FACETED_PRIMITIVE_FACE('',(#8746));
#8748=POLY_LOOP('',(#132,#140,#5481));
#8749=FACE_OUTER_BOUND('',#8748,.T.);
#8750=FACETED_PRIMITIVE_FACE('',(#8749));
#8751=POLY_LOOP('',(#133,#132,#5491));
#8752=FACE_OUTER_BOUND('',#8751,.T.);
#8753=FACETED_PRIMITIVE_FACE('',(#8752));
#8754=POLY_LOOP('',(#133,#5491,#5495));
#8755=FACE_OUTER_BOUND('',#8754,.T.);
#8756=FACETED_PRIMITIVE_FACE('',(#8755));
#8757=POLY_LOOP('',(#116,#133,#5495));
#8758=FACE_OUTER_BOUND('',#8757,.T.);
#8759=FACETED_PRIMITIVE_FACE('',(#8758));
#8760=POLY_LOOP('',(#116,#5495,#5505));
#8761=FACE_OUTER_BOUND('',#8760,.T.);
#8762=FACETED_PRIMITIVE_FACE('',(#8761));
#8763=POLY_LOOP('',(#118,#5505,#5509));
#8764=FACE_OUTER_BOUND('',#8763,.T.);
#8765=FACETED_PRIMITIVE_FACE('',(#8764));
#8766=POLY_LOOP('',(#118,#116,#5505));
#8767=FACE_OUTER_BOUND('',#8766,.T.);
#8768=FACETED_PRIMITIVE_FACE('',(#8767));
#8769=POLY_LOOP('',(#117,#118,#5509));
#8770=FACE_OUTER_BOUND('',#8769,.T.);
#8771=FACETED_PRIMITIVE_FACE('',(#8770));
#8772=POLY_LOOP('',(#117,#5519,#5523));
#8773=FACE_OUTER_BOUND('',#8772,.T.);
#8774=FACETED_PRIMITIVE_FACE('',(#8773));
#8775=POLY_LOOP('',(#117,#5509,#5519));
#8776=FACE_OUTER_BOUND('',#8775,.T.);
#8777=FACETED_PRIMITIVE_FACE('',(#8776));
#8778=POLY_LOOP('',(#122,#5523,#5530));
#8779=FACE_OUTER_BOUND('',#8778,.T.);
#8780=FACETED_PRIMITIVE_FACE('',(#8779));
#8781=POLY_LOOP('',(#122,#117,#5523));
#8782=FACE_OUTER_BOUND('',#8781,.T.);
#8783=FACETED_PRIMITIVE_FACE('',(#8782));
#8784=POLY_LOOP('',(#110,#122,#5530));
#8785=FACE_OUTER_BOUND('',#8784,.T.);
#8786=FACETED_PRIMITIVE_FACE('',(#8785));
#8787=POLY_LOOP('',(#112,#5537,#5544));
#8788=FACE_OUTER_BOUND('',#8787,.T.);
#8789=FACETED_PRIMITIVE_FACE('',(#8788));
#8790=POLY_LOOP('',(#112,#5530,#5537));
#8791=FACE_OUTER_BOUND('',#8790,.T.);
#8792=FACETED_PRIMITIVE_FACE('',(#8791));
#8793=POLY_LOOP('',(#112,#110,#5530));
#8794=FACE_OUTER_BOUND('',#8793,.T.);
#8795=FACETED_PRIMITIVE_FACE('',(#8794));
#8796=POLY_LOOP('',(#111,#112,#5544));
#8797=FACE_OUTER_BOUND('',#8796,.T.);
#8798=FACETED_PRIMITIVE_FACE('',(#8797));
#8799=POLY_LOOP('',(#102,#5544,#5322));
#8800=FACE_OUTER_BOUND('',#8799,.T.);
#8801=FACETED_PRIMITIVE_FACE('',(#8800));
#8802=POLY_LOOP('',(#102,#111,#5544));
#8803=FACE_OUTER_BOUND('',#8802,.T.);
#8804=FACETED_PRIMITIVE_FACE('',(#8803));
#8806=POLY_LOOP('',(#5557,#103,#8805));
#8807=FACE_OUTER_BOUND('',#8806,.T.);
#8808=FACETED_PRIMITIVE_FACE('',(#8807));
#8809=POLY_LOOP('',(#5557,#5410,#103));
#8810=FACE_OUTER_BOUND('',#8809,.T.);
#8811=FACETED_PRIMITIVE_FACE('',(#8810));
#8813=POLY_LOOP('',(#8812,#5557,#8805));
#8814=FACE_OUTER_BOUND('',#8813,.T.);
#8815=FACETED_PRIMITIVE_FACE('',(#8814));
#8816=POLY_LOOP('',(#7435,#5557,#8812));
#8817=FACE_OUTER_BOUND('',#8816,.T.);
#8818=FACETED_PRIMITIVE_FACE('',(#8817));
#8820=POLY_LOOP('',(#8819,#7435,#8812));
#8821=FACE_OUTER_BOUND('',#8820,.T.);
#8822=FACETED_PRIMITIVE_FACE('',(#8821));
#8823=POLY_LOOP('',(#7439,#7435,#8819));
#8824=FACE_OUTER_BOUND('',#8823,.T.);
#8825=FACETED_PRIMITIVE_FACE('',(#8824));
#8827=POLY_LOOP('',(#8826,#7439,#8819));
#8828=FACE_OUTER_BOUND('',#8827,.T.);
#8829=FACETED_PRIMITIVE_FACE('',(#8828));
#8830=POLY_LOOP('',(#7443,#7439,#8826));
#8831=FACE_OUTER_BOUND('',#8830,.T.);
#8832=FACETED_PRIMITIVE_FACE('',(#8831));
#8833=POLY_LOOP('',(#7504,#7443,#8826));
#8834=FACE_OUTER_BOUND('',#8833,.T.);
#8835=FACETED_PRIMITIVE_FACE('',(#8834));
#8837=POLY_LOOP('',(#8836,#7504,#8826));
#8838=FACE_OUTER_BOUND('',#8837,.T.);
#8839=FACETED_PRIMITIVE_FACE('',(#8838));
#8840=POLY_LOOP('',(#7508,#7504,#8836));
#8841=FACE_OUTER_BOUND('',#8840,.T.);
#8842=FACETED_PRIMITIVE_FACE('',(#8841));
#8844=POLY_LOOP('',(#8843,#7512,#7508));
#8845=FACE_OUTER_BOUND('',#8844,.T.);
#8846=FACETED_PRIMITIVE_FACE('',(#8845));
#8847=POLY_LOOP('',(#8843,#7508,#8836));
#8848=FACE_OUTER_BOUND('',#8847,.T.);
#8849=FACETED_PRIMITIVE_FACE('',(#8848));
#8850=POLY_LOOP('',(#7520,#7512,#8843));
#8851=FACE_OUTER_BOUND('',#8850,.T.);
#8852=FACETED_PRIMITIVE_FACE('',(#8851));
#8854=POLY_LOOP('',(#8853,#7520,#8843));
#8855=FACE_OUTER_BOUND('',#8854,.T.);
#8856=FACETED_PRIMITIVE_FACE('',(#8855));
#8857=POLY_LOOP('',(#7524,#7520,#8853));
#8858=FACE_OUTER_BOUND('',#8857,.T.);
#8859=FACETED_PRIMITIVE_FACE('',(#8858));
#8861=POLY_LOOP('',(#8860,#7524,#8853));
#8862=FACE_OUTER_BOUND('',#8861,.T.);
#8863=FACETED_PRIMITIVE_FACE('',(#8862));
#8864=POLY_LOOP('',(#7542,#7524,#8860));
#8865=FACE_OUTER_BOUND('',#8864,.T.);
#8866=FACETED_PRIMITIVE_FACE('',(#8865));
#8868=POLY_LOOP('',(#8867,#7542,#8860));
#8869=FACE_OUTER_BOUND('',#8868,.T.);
#8870=FACETED_PRIMITIVE_FACE('',(#8869));
#8871=POLY_LOOP('',(#7549,#7542,#8867));
#8872=FACE_OUTER_BOUND('',#8871,.T.);
#8873=FACETED_PRIMITIVE_FACE('',(#8872));
#8875=POLY_LOOP('',(#8874,#7549,#8867));
#8876=FACE_OUTER_BOUND('',#8875,.T.);
#8877=FACETED_PRIMITIVE_FACE('',(#8876));
#8878=POLY_LOOP('',(#7574,#7549,#8874));
#8879=FACE_OUTER_BOUND('',#8878,.T.);
#8880=FACETED_PRIMITIVE_FACE('',(#8879));
#8882=POLY_LOOP('',(#8881,#7574,#8874));
#8883=FACE_OUTER_BOUND('',#8882,.T.);
#8884=FACETED_PRIMITIVE_FACE('',(#8883));
#8886=POLY_LOOP('',(#8885,#7574,#8881));
#8887=FACE_OUTER_BOUND('',#8886,.T.);
#8888=FACETED_PRIMITIVE_FACE('',(#8887));
#8889=POLY_LOOP('',(#7578,#7574,#8885));
#8890=FACE_OUTER_BOUND('',#8889,.T.);
#8891=FACETED_PRIMITIVE_FACE('',(#8890));
#8893=POLY_LOOP('',(#8892,#7578,#8885));
#8894=FACE_OUTER_BOUND('',#8893,.T.);
#8895=FACETED_PRIMITIVE_FACE('',(#8894));
#8896=POLY_LOOP('',(#7607,#7578,#8892));
#8897=FACE_OUTER_BOUND('',#8896,.T.);
#8898=FACETED_PRIMITIVE_FACE('',(#8897));
#8900=POLY_LOOP('',(#8899,#7607,#8892));
#8901=FACE_OUTER_BOUND('',#8900,.T.);
#8902=FACETED_PRIMITIVE_FACE('',(#8901));
#8903=POLY_LOOP('',(#7611,#7607,#8899));
#8904=FACE_OUTER_BOUND('',#8903,.T.);
#8905=FACETED_PRIMITIVE_FACE('',(#8904));
#8907=POLY_LOOP('',(#8906,#7611,#8899));
#8908=FACE_OUTER_BOUND('',#8907,.T.);
#8909=FACETED_PRIMITIVE_FACE('',(#8908));
#8910=POLY_LOOP('',(#7636,#7611,#8906));
#8911=FACE_OUTER_BOUND('',#8910,.T.);
#8912=FACETED_PRIMITIVE_FACE('',(#8911));
#8913=POLY_LOOP('',(#5673,#21,#5662));
#8914=FACE_OUTER_BOUND('',#8913,.T.);
#8915=FACETED_PRIMITIVE_FACE('',(#8914));
#8917=POLY_LOOP('',(#8916,#7636,#8906));
#8918=FACE_OUTER_BOUND('',#8917,.T.);
#8919=FACETED_PRIMITIVE_FACE('',(#8918));
#8921=POLY_LOOP('',(#8920,#21,#5673));
#8922=FACE_OUTER_BOUND('',#8921,.T.);
#8923=FACETED_PRIMITIVE_FACE('',(#8922));
#8924=POLY_LOOP('',(#7640,#7636,#8916));
#8925=FACE_OUTER_BOUND('',#8924,.T.);
#8926=FACETED_PRIMITIVE_FACE('',(#8925));
#8927=POLY_LOOP('',(#7452,#8920,#5673));
#8928=FACE_OUTER_BOUND('',#8927,.T.);
#8929=FACETED_PRIMITIVE_FACE('',(#8928));
#8931=POLY_LOOP('',(#8930,#7452,#7448));
#8932=FACE_OUTER_BOUND('',#8931,.T.);
#8933=FACETED_PRIMITIVE_FACE('',(#8932));
#8934=POLY_LOOP('',(#8930,#8920,#7452));
#8935=FACE_OUTER_BOUND('',#8934,.T.);
#8936=FACETED_PRIMITIVE_FACE('',(#8935));
#8938=POLY_LOOP('',(#8937,#7669,#7640));
#8939=FACE_OUTER_BOUND('',#8938,.T.);
#8940=FACETED_PRIMITIVE_FACE('',(#8939));
#8941=POLY_LOOP('',(#8937,#7640,#8916));
#8942=FACE_OUTER_BOUND('',#8941,.T.);
#8943=FACETED_PRIMITIVE_FACE('',(#8942));
#8945=POLY_LOOP('',(#8944,#7448,#7447));
#8946=FACE_OUTER_BOUND('',#8945,.T.);
#8947=FACETED_PRIMITIVE_FACE('',(#8946));
#8948=POLY_LOOP('',(#8944,#8930,#7448));
#8949=FACE_OUTER_BOUND('',#8948,.T.);
#8950=FACETED_PRIMITIVE_FACE('',(#8949));
#8952=POLY_LOOP('',(#8951,#8944,#7447));
#8953=FACE_OUTER_BOUND('',#8952,.T.);
#8954=FACETED_PRIMITIVE_FACE('',(#8953));
#8955=POLY_LOOP('',(#7871,#8951,#7447));
#8956=FACE_OUTER_BOUND('',#8955,.T.);
#8957=FACETED_PRIMITIVE_FACE('',(#8956));
#8959=POLY_LOOP('',(#8958,#7673,#7669));
#8960=FACE_OUTER_BOUND('',#8959,.T.);
#8961=FACETED_PRIMITIVE_FACE('',(#8960));
#8962=POLY_LOOP('',(#8958,#7669,#8937));
#8963=FACE_OUTER_BOUND('',#8962,.T.);
#8964=FACETED_PRIMITIVE_FACE('',(#8963));
#8966=POLY_LOOP('',(#8965,#8951,#7871));
#8967=FACE_OUTER_BOUND('',#8966,.T.);
#8968=FACETED_PRIMITIVE_FACE('',(#8967));
#8969=POLY_LOOP('',(#7709,#7673,#8958));
#8970=FACE_OUTER_BOUND('',#8969,.T.);
#8971=FACETED_PRIMITIVE_FACE('',(#8970));
#8973=POLY_LOOP('',(#8972,#7871,#7821));
#8974=FACE_OUTER_BOUND('',#8973,.T.);
#8975=FACETED_PRIMITIVE_FACE('',(#8974));
#8976=POLY_LOOP('',(#8972,#8965,#7871));
#8977=FACE_OUTER_BOUND('',#8976,.T.);
#8978=FACETED_PRIMITIVE_FACE('',(#8977));
#8980=POLY_LOOP('',(#8979,#7713,#7709));
#8981=FACE_OUTER_BOUND('',#8980,.T.);
#8982=FACETED_PRIMITIVE_FACE('',(#8981));
#8983=POLY_LOOP('',(#8979,#7709,#8958));
#8984=FACE_OUTER_BOUND('',#8983,.T.);
#8985=FACETED_PRIMITIVE_FACE('',(#8984));
#8987=POLY_LOOP('',(#8986,#8972,#7821));
#8988=FACE_OUTER_BOUND('',#8987,.T.);
#8989=FACETED_PRIMITIVE_FACE('',(#8988));
#8990=POLY_LOOP('',(#8986,#7821,#7817));
#8991=FACE_OUTER_BOUND('',#8990,.T.);
#8992=FACETED_PRIMITIVE_FACE('',(#8991));
#8994=POLY_LOOP('',(#8993,#7765,#7713));
#8995=FACE_OUTER_BOUND('',#8994,.T.);
#8996=FACETED_PRIMITIVE_FACE('',(#8995));
#8997=POLY_LOOP('',(#8993,#7713,#8979));
#8998=FACE_OUTER_BOUND('',#8997,.T.);
#8999=FACETED_PRIMITIVE_FACE('',(#8998));
#9001=POLY_LOOP('',(#9000,#8986,#7817));
#9002=FACE_OUTER_BOUND('',#9001,.T.);
#9003=FACETED_PRIMITIVE_FACE('',(#9002));
#9005=POLY_LOOP('',(#9004,#7817,#7765));
#9006=FACE_OUTER_BOUND('',#9005,.T.);
#9007=FACETED_PRIMITIVE_FACE('',(#9006));
#9008=POLY_LOOP('',(#9004,#9000,#7817));
#9009=FACE_OUTER_BOUND('',#9008,.T.);
#9010=FACETED_PRIMITIVE_FACE('',(#9009));
#9011=POLY_LOOP('',(#9004,#7765,#8993));
#9012=FACE_OUTER_BOUND('',#9011,.T.);
#9013=FACETED_PRIMITIVE_FACE('',(#9012));
#9014=POLY_LOOP('',(#6023,#5396,#6119));
#9015=FACE_OUTER_BOUND('',#9014,.T.);
#9016=FACETED_PRIMITIVE_FACE('',(#9015));
#9017=POLY_LOOP('',(#6023,#5403,#5396));
#9018=FACE_OUTER_BOUND('',#9017,.T.);
#9019=FACETED_PRIMITIVE_FACE('',(#9018));
#9020=POLY_LOOP('',(#6016,#6119,#6130));
#9021=FACE_OUTER_BOUND('',#9020,.T.);
#9022=FACETED_PRIMITIVE_FACE('',(#9021));
#9023=POLY_LOOP('',(#6016,#6023,#6119));
#9024=FACE_OUTER_BOUND('',#9023,.T.);
#9025=FACETED_PRIMITIVE_FACE('',(#9024));
#9026=POLY_LOOP('',(#6009,#6130,#6147));
#9027=FACE_OUTER_BOUND('',#9026,.T.);
#9028=FACETED_PRIMITIVE_FACE('',(#9027));
#9029=POLY_LOOP('',(#6009,#6016,#6130));
#9030=FACE_OUTER_BOUND('',#9029,.T.);
#9031=FACETED_PRIMITIVE_FACE('',(#9030));
#9032=POLY_LOOP('',(#6002,#6147,#6158));
#9033=FACE_OUTER_BOUND('',#9032,.T.);
#9034=FACETED_PRIMITIVE_FACE('',(#9033));
#9035=POLY_LOOP('',(#6002,#6009,#6147));
#9036=FACE_OUTER_BOUND('',#9035,.T.);
#9037=FACETED_PRIMITIVE_FACE('',(#9036));
#9038=POLY_LOOP('',(#5992,#6158,#6169));
#9039=FACE_OUTER_BOUND('',#9038,.T.);
#9040=FACETED_PRIMITIVE_FACE('',(#9039));
#9041=POLY_LOOP('',(#5992,#6002,#6158));
#9042=FACE_OUTER_BOUND('',#9041,.T.);
#9043=FACETED_PRIMITIVE_FACE('',(#9042));
#9044=POLY_LOOP('',(#6162,#5985,#5992));
#9045=FACE_OUTER_BOUND('',#9044,.T.);
#9046=FACETED_PRIMITIVE_FACE('',(#9045));
#9047=POLY_LOOP('',(#6162,#5992,#6169));
#9048=FACE_OUTER_BOUND('',#9047,.T.);
#9049=FACETED_PRIMITIVE_FACE('',(#9048));
#9050=POLY_LOOP('',(#6154,#5984,#5985));
#9051=FACE_OUTER_BOUND('',#9050,.T.);
#9052=FACETED_PRIMITIVE_FACE('',(#9051));
#9053=POLY_LOOP('',(#6154,#5971,#5984));
#9054=FACE_OUTER_BOUND('',#9053,.T.);
#9055=FACETED_PRIMITIVE_FACE('',(#9054));
#9056=POLY_LOOP('',(#6154,#5985,#6162));
#9057=FACE_OUTER_BOUND('',#9056,.T.);
#9058=FACETED_PRIMITIVE_FACE('',(#9057));
#9059=POLY_LOOP('',(#6140,#5964,#5971));
#9060=FACE_OUTER_BOUND('',#9059,.T.);
#9061=FACETED_PRIMITIVE_FACE('',(#9060));
#9062=POLY_LOOP('',(#6140,#5971,#6154));
#9063=FACE_OUTER_BOUND('',#9062,.T.);
#9064=FACETED_PRIMITIVE_FACE('',(#9063));
#9065=POLY_LOOP('',(#6123,#5964,#6140));
#9066=FACE_OUTER_BOUND('',#9065,.T.);
#9067=FACETED_PRIMITIVE_FACE('',(#9066));
#9068=POLY_LOOP('',(#6109,#5964,#6123));
#9069=FACE_OUTER_BOUND('',#9068,.T.);
#9070=FACETED_PRIMITIVE_FACE('',(#9069));
#9071=POLY_LOOP('',(#6109,#5954,#5964));
#9072=FACE_OUTER_BOUND('',#9071,.T.);
#9073=FACETED_PRIMITIVE_FACE('',(#9072));
#9074=POLY_LOOP('',(#6109,#5953,#5954));
#9075=FACE_OUTER_BOUND('',#9074,.T.);
#9076=FACETED_PRIMITIVE_FACE('',(#9075));
#9077=POLY_LOOP('',(#6099,#5953,#6109));
#9078=FACE_OUTER_BOUND('',#9077,.T.);
#9079=FACETED_PRIMITIVE_FACE('',(#9078));
#9080=POLY_LOOP('',(#6036,#5673,#5662));
#9081=FACE_OUTER_BOUND('',#9080,.T.);
#9082=FACETED_PRIMITIVE_FACE('',(#9081));
#9083=POLY_LOOP('',(#6036,#5662,#5893));
#9084=FACE_OUTER_BOUND('',#9083,.T.);
#9085=FACETED_PRIMITIVE_FACE('',(#9084));
#9086=POLY_LOOP('',(#6092,#5946,#5953));
#9087=FACE_OUTER_BOUND('',#9086,.T.);
#9088=FACETED_PRIMITIVE_FACE('',(#9087));
#9089=POLY_LOOP('',(#6092,#5953,#6099));
#9090=FACE_OUTER_BOUND('',#9089,.T.);
#9091=FACETED_PRIMITIVE_FACE('',(#9090));
#9092=POLY_LOOP('',(#6040,#6036,#5893));
#9093=FACE_OUTER_BOUND('',#9092,.T.);
#9094=FACETED_PRIMITIVE_FACE('',(#9093));
#9095=POLY_LOOP('',(#6040,#5893,#5897));
#9096=FACE_OUTER_BOUND('',#9095,.T.);
#9097=FACETED_PRIMITIVE_FACE('',(#9096));
#9098=POLY_LOOP('',(#6085,#5946,#6092));
#9099=FACE_OUTER_BOUND('',#9098,.T.);
#9100=FACETED_PRIMITIVE_FACE('',(#9099));
#9101=POLY_LOOP('',(#6085,#5939,#5946));
#9102=FACE_OUTER_BOUND('',#9101,.T.);
#9103=FACETED_PRIMITIVE_FACE('',(#9102));
#9104=POLY_LOOP('',(#6085,#5926,#5939));
#9105=FACE_OUTER_BOUND('',#9104,.T.);
#9106=FACETED_PRIMITIVE_FACE('',(#9105));
#9107=POLY_LOOP('',(#6047,#6040,#5897));
#9108=FACE_OUTER_BOUND('',#9107,.T.);
#9109=FACETED_PRIMITIVE_FACE('',(#9108));
#9110=POLY_LOOP('',(#6047,#5897,#5898));
#9111=FACE_OUTER_BOUND('',#9110,.T.);
#9112=FACETED_PRIMITIVE_FACE('',(#9111));
#9113=POLY_LOOP('',(#6078,#5926,#6085));
#9114=FACE_OUTER_BOUND('',#9113,.T.);
#9115=FACETED_PRIMITIVE_FACE('',(#9114));
#9116=POLY_LOOP('',(#6054,#6047,#5898));
#9117=FACE_OUTER_BOUND('',#9116,.T.);
#9118=FACETED_PRIMITIVE_FACE('',(#9117));
#9119=POLY_LOOP('',(#6054,#5898,#5908));
#9120=FACE_OUTER_BOUND('',#9119,.T.);
#9121=FACETED_PRIMITIVE_FACE('',(#9120));
#9122=POLY_LOOP('',(#6071,#5926,#6078));
#9123=FACE_OUTER_BOUND('',#9122,.T.);
#9124=FACETED_PRIMITIVE_FACE('',(#9123));
#9125=POLY_LOOP('',(#6071,#5925,#5926));
#9126=FACE_OUTER_BOUND('',#9125,.T.);
#9127=FACETED_PRIMITIVE_FACE('',(#9126));
#9128=POLY_LOOP('',(#6071,#5918,#5925));
#9129=FACE_OUTER_BOUND('',#9128,.T.);
#9130=FACETED_PRIMITIVE_FACE('',(#9129));
#9131=POLY_LOOP('',(#6064,#6054,#5908));
#9132=FACE_OUTER_BOUND('',#9131,.T.);
#9133=FACETED_PRIMITIVE_FACE('',(#9132));
#9134=POLY_LOOP('',(#6064,#5918,#6071));
#9135=FACE_OUTER_BOUND('',#9134,.T.);
#9136=FACETED_PRIMITIVE_FACE('',(#9135));
#9137=POLY_LOOP('',(#6064,#5908,#5918));
#9138=FACE_OUTER_BOUND('',#9137,.T.);
#9139=FACETED_PRIMITIVE_FACE('',(#9138));
#9140=POLY_LOOP('',(#5893,#5662,#21));
#9141=FACE_OUTER_BOUND('',#9140,.T.);
#9142=FACETED_PRIMITIVE_FACE('',(#9141));
#9143=POLY_LOOP('',(#5893,#21,#22));
#9144=FACE_OUTER_BOUND('',#9143,.T.);
#9145=FACETED_PRIMITIVE_FACE('',(#9144));
#9146=POLY_LOOP('',(#5897,#22,#20));
#9147=FACE_OUTER_BOUND('',#9146,.T.);
#9148=FACETED_PRIMITIVE_FACE('',(#9147));
#9149=POLY_LOOP('',(#5897,#5893,#22));
#9150=FACE_OUTER_BOUND('',#9149,.T.);
#9151=FACETED_PRIMITIVE_FACE('',(#9150));
#9152=POLY_LOOP('',(#5898,#20,#26));
#9153=FACE_OUTER_BOUND('',#9152,.T.);
#9154=FACETED_PRIMITIVE_FACE('',(#9153));
#9155=POLY_LOOP('',(#5898,#5897,#20));
#9156=FACE_OUTER_BOUND('',#9155,.T.);
#9157=FACETED_PRIMITIVE_FACE('',(#9156));
#9158=POLY_LOOP('',(#5908,#26,#31));
#9159=FACE_OUTER_BOUND('',#9158,.T.);
#9160=FACETED_PRIMITIVE_FACE('',(#9159));
#9161=POLY_LOOP('',(#5908,#5898,#26));
#9162=FACE_OUTER_BOUND('',#9161,.T.);
#9163=FACETED_PRIMITIVE_FACE('',(#9162));
#9164=POLY_LOOP('',(#5918,#31,#30));
#9165=FACE_OUTER_BOUND('',#9164,.T.);
#9166=FACETED_PRIMITIVE_FACE('',(#9165));
#9167=POLY_LOOP('',(#5918,#5908,#31));
#9168=FACE_OUTER_BOUND('',#9167,.T.);
#9169=FACETED_PRIMITIVE_FACE('',(#9168));
#9170=POLY_LOOP('',(#5925,#30,#35));
#9171=FACE_OUTER_BOUND('',#9170,.T.);
#9172=FACETED_PRIMITIVE_FACE('',(#9171));
#9173=POLY_LOOP('',(#5925,#5918,#30));
#9174=FACE_OUTER_BOUND('',#9173,.T.);
#9175=FACETED_PRIMITIVE_FACE('',(#9174));
#9176=POLY_LOOP('',(#5926,#40,#41));
#9177=FACE_OUTER_BOUND('',#9176,.T.);
#9178=FACETED_PRIMITIVE_FACE('',(#9177));
#9179=POLY_LOOP('',(#5926,#35,#40));
#9180=FACE_OUTER_BOUND('',#9179,.T.);
#9181=FACETED_PRIMITIVE_FACE('',(#9180));
#9182=POLY_LOOP('',(#5926,#5925,#35));
#9183=FACE_OUTER_BOUND('',#9182,.T.);
#9184=FACETED_PRIMITIVE_FACE('',(#9183));
#9185=POLY_LOOP('',(#5939,#5926,#41));
#9186=FACE_OUTER_BOUND('',#9185,.T.);
#9187=FACETED_PRIMITIVE_FACE('',(#9186));
#9188=POLY_LOOP('',(#5946,#41,#39));
#9189=FACE_OUTER_BOUND('',#9188,.T.);
#9190=FACETED_PRIMITIVE_FACE('',(#9189));
#9191=POLY_LOOP('',(#5946,#5939,#41));
#9192=FACE_OUTER_BOUND('',#9191,.T.);
#9193=FACETED_PRIMITIVE_FACE('',(#9192));
#9194=POLY_LOOP('',(#5953,#39,#45));
#9195=FACE_OUTER_BOUND('',#9194,.T.);
#9196=FACETED_PRIMITIVE_FACE('',(#9195));
#9197=POLY_LOOP('',(#5953,#5946,#39));
#9198=FACE_OUTER_BOUND('',#9197,.T.);
#9199=FACETED_PRIMITIVE_FACE('',(#9198));
#9200=POLY_LOOP('',(#5954,#45,#56));
#9201=FACE_OUTER_BOUND('',#9200,.T.);
#9202=FACETED_PRIMITIVE_FACE('',(#9201));
#9203=POLY_LOOP('',(#5954,#5953,#45));
#9204=FACE_OUTER_BOUND('',#9203,.T.);
#9205=FACETED_PRIMITIVE_FACE('',(#9204));
#9206=POLY_LOOP('',(#5964,#56,#55));
#9207=FACE_OUTER_BOUND('',#9206,.T.);
#9208=FACETED_PRIMITIVE_FACE('',(#9207));
#9209=POLY_LOOP('',(#5964,#5954,#56));
#9210=FACE_OUTER_BOUND('',#9209,.T.);
#9211=FACETED_PRIMITIVE_FACE('',(#9210));
#9212=POLY_LOOP('',(#5971,#5964,#55));
#9213=FACE_OUTER_BOUND('',#9212,.T.);
#9214=FACETED_PRIMITIVE_FACE('',(#9213));
#9215=POLY_LOOP('',(#5971,#55,#67));
#9216=FACE_OUTER_BOUND('',#9215,.T.);
#9217=FACETED_PRIMITIVE_FACE('',(#9216));
#9218=POLY_LOOP('',(#5984,#5971,#67));
#9219=FACE_OUTER_BOUND('',#9218,.T.);
#9220=FACETED_PRIMITIVE_FACE('',(#9219));
#9221=POLY_LOOP('',(#5984,#67,#66));
#9222=FACE_OUTER_BOUND('',#9221,.T.);
#9223=FACETED_PRIMITIVE_FACE('',(#9222));
#9224=POLY_LOOP('',(#5985,#66,#95));
#9225=FACE_OUTER_BOUND('',#9224,.T.);
#9226=FACETED_PRIMITIVE_FACE('',(#9225));
#9227=POLY_LOOP('',(#5985,#5984,#66));
#9228=FACE_OUTER_BOUND('',#9227,.T.);
#9229=FACETED_PRIMITIVE_FACE('',(#9228));
#9230=POLY_LOOP('',(#5992,#5985,#95));
#9231=FACE_OUTER_BOUND('',#9230,.T.);
#9232=FACETED_PRIMITIVE_FACE('',(#9231));
#9233=POLY_LOOP('',(#5992,#95,#94));
#9234=FACE_OUTER_BOUND('',#9233,.T.);
#9235=FACETED_PRIMITIVE_FACE('',(#9234));
#9236=POLY_LOOP('',(#6002,#94,#74));
#9237=FACE_OUTER_BOUND('',#9236,.T.);
#9238=FACETED_PRIMITIVE_FACE('',(#9237));
#9239=POLY_LOOP('',(#6002,#5992,#94));
#9240=FACE_OUTER_BOUND('',#9239,.T.);
#9241=FACETED_PRIMITIVE_FACE('',(#9240));
#9242=POLY_LOOP('',(#6009,#74,#60));
#9243=FACE_OUTER_BOUND('',#9242,.T.);
#9244=FACETED_PRIMITIVE_FACE('',(#9243));
#9245=POLY_LOOP('',(#6009,#6002,#74));
#9246=FACE_OUTER_BOUND('',#9245,.T.);
#9247=FACETED_PRIMITIVE_FACE('',(#9246));
#9248=POLY_LOOP('',(#6016,#61,#62));
#9249=FACE_OUTER_BOUND('',#9248,.T.);
#9250=FACETED_PRIMITIVE_FACE('',(#9249));
#9251=POLY_LOOP('',(#6016,#60,#61));
#9252=FACE_OUTER_BOUND('',#9251,.T.);
#9253=FACETED_PRIMITIVE_FACE('',(#9252));
#9254=POLY_LOOP('',(#6016,#6009,#60));
#9255=FACE_OUTER_BOUND('',#9254,.T.);
#9256=FACETED_PRIMITIVE_FACE('',(#9255));
#9257=POLY_LOOP('',(#6023,#6016,#62));
#9258=FACE_OUTER_BOUND('',#9257,.T.);
#9259=FACETED_PRIMITIVE_FACE('',(#9258));
#9260=POLY_LOOP('',(#5403,#62,#75));
#9261=FACE_OUTER_BOUND('',#9260,.T.);
#9262=FACETED_PRIMITIVE_FACE('',(#9261));
#9263=POLY_LOOP('',(#5403,#6023,#62));
#9264=FACE_OUTER_BOUND('',#9263,.T.);
#9265=FACETED_PRIMITIVE_FACE('',(#9264));
#9267=POLY_LOOP('',(#21,#8920,#9266));
#9268=FACE_OUTER_BOUND('',#9267,.T.);
#9269=FACETED_PRIMITIVE_FACE('',(#9268));
#9271=POLY_LOOP('',(#22,#9266,#9270));
#9272=FACE_OUTER_BOUND('',#9271,.T.);
#9273=FACETED_PRIMITIVE_FACE('',(#9272));
#9274=POLY_LOOP('',(#22,#21,#9266));
#9275=FACE_OUTER_BOUND('',#9274,.T.);
#9276=FACETED_PRIMITIVE_FACE('',(#9275));
#9278=POLY_LOOP('',(#20,#9270,#9277));
#9279=FACE_OUTER_BOUND('',#9278,.T.);
#9280=FACETED_PRIMITIVE_FACE('',(#9279));
#9281=POLY_LOOP('',(#20,#22,#9270));
#9282=FACE_OUTER_BOUND('',#9281,.T.);
#9283=FACETED_PRIMITIVE_FACE('',(#9282));
#9285=POLY_LOOP('',(#26,#9277,#9284));
#9286=FACE_OUTER_BOUND('',#9285,.T.);
#9287=FACETED_PRIMITIVE_FACE('',(#9286));
#9288=POLY_LOOP('',(#26,#20,#9277));
#9289=FACE_OUTER_BOUND('',#9288,.T.);
#9290=FACETED_PRIMITIVE_FACE('',(#9289));
#9291=POLY_LOOP('',(#31,#26,#9284));
#9292=FACE_OUTER_BOUND('',#9291,.T.);
#9293=FACETED_PRIMITIVE_FACE('',(#9292));
#9295=POLY_LOOP('',(#9294,#31,#9284));
#9296=FACE_OUTER_BOUND('',#9295,.T.);
#9297=FACETED_PRIMITIVE_FACE('',(#9296));
#9298=POLY_LOOP('',(#30,#31,#9294));
#9299=FACE_OUTER_BOUND('',#9298,.T.);
#9300=FACETED_PRIMITIVE_FACE('',(#9299));
#9302=POLY_LOOP('',(#9301,#35,#30));
#9303=FACE_OUTER_BOUND('',#9302,.T.);
#9304=FACETED_PRIMITIVE_FACE('',(#9303));
#9305=POLY_LOOP('',(#9301,#30,#9294));
#9306=FACE_OUTER_BOUND('',#9305,.T.);
#9307=FACETED_PRIMITIVE_FACE('',(#9306));
#9309=POLY_LOOP('',(#9308,#40,#35));
#9310=FACE_OUTER_BOUND('',#9309,.T.);
#9311=FACETED_PRIMITIVE_FACE('',(#9310));
#9312=POLY_LOOP('',(#9308,#35,#9301));
#9313=FACE_OUTER_BOUND('',#9312,.T.);
#9314=FACETED_PRIMITIVE_FACE('',(#9313));
#9316=POLY_LOOP('',(#9315,#41,#40));
#9317=FACE_OUTER_BOUND('',#9316,.T.);
#9318=FACETED_PRIMITIVE_FACE('',(#9317));
#9319=POLY_LOOP('',(#9315,#40,#9308));
#9320=FACE_OUTER_BOUND('',#9319,.T.);
#9321=FACETED_PRIMITIVE_FACE('',(#9320));
#9323=POLY_LOOP('',(#9322,#41,#9315));
#9324=FACE_OUTER_BOUND('',#9323,.T.);
#9325=FACETED_PRIMITIVE_FACE('',(#9324));
#9326=POLY_LOOP('',(#9322,#39,#41));
#9327=FACE_OUTER_BOUND('',#9326,.T.);
#9328=FACETED_PRIMITIVE_FACE('',(#9327));
#9330=POLY_LOOP('',(#9329,#39,#9322));
#9331=FACE_OUTER_BOUND('',#9330,.T.);
#9332=FACETED_PRIMITIVE_FACE('',(#9331));
#9333=POLY_LOOP('',(#9329,#45,#39));
#9334=FACE_OUTER_BOUND('',#9333,.T.);
#9335=FACETED_PRIMITIVE_FACE('',(#9334));
#9336=POLY_LOOP('',(#8666,#75,#62));
#9337=FACE_OUTER_BOUND('',#9336,.T.);
#9338=FACETED_PRIMITIVE_FACE('',(#9337));
#9340=POLY_LOOP('',(#9339,#45,#9329));
#9341=FACE_OUTER_BOUND('',#9340,.T.);
#9342=FACETED_PRIMITIVE_FACE('',(#9341));
#9343=POLY_LOOP('',(#9339,#55,#56));
#9344=FACE_OUTER_BOUND('',#9343,.T.);
#9345=FACETED_PRIMITIVE_FACE('',(#9344));
#9346=POLY_LOOP('',(#9339,#56,#45));
#9347=FACE_OUTER_BOUND('',#9346,.T.);
#9348=FACETED_PRIMITIVE_FACE('',(#9347));
#9350=POLY_LOOP('',(#9349,#8666,#62));
#9351=FACE_OUTER_BOUND('',#9350,.T.);
#9352=FACETED_PRIMITIVE_FACE('',(#9351));
#9354=POLY_LOOP('',(#9353,#55,#9339));
#9355=FACE_OUTER_BOUND('',#9354,.T.);
#9356=FACETED_PRIMITIVE_FACE('',(#9355));
#9357=POLY_LOOP('',(#9353,#67,#55));
#9358=FACE_OUTER_BOUND('',#9357,.T.);
#9359=FACETED_PRIMITIVE_FACE('',(#9358));
#9361=POLY_LOOP('',(#9360,#62,#61));
#9362=FACE_OUTER_BOUND('',#9361,.T.);
#9363=FACETED_PRIMITIVE_FACE('',(#9362));
#9364=POLY_LOOP('',(#9360,#61,#60));
#9365=FACE_OUTER_BOUND('',#9364,.T.);
#9366=FACETED_PRIMITIVE_FACE('',(#9365));
#9367=POLY_LOOP('',(#9360,#9349,#62));
#9368=FACE_OUTER_BOUND('',#9367,.T.);
#9369=FACETED_PRIMITIVE_FACE('',(#9368));
#9371=POLY_LOOP('',(#9370,#67,#9353));
#9372=FACE_OUTER_BOUND('',#9371,.T.);
#9373=FACETED_PRIMITIVE_FACE('',(#9372));
#9374=POLY_LOOP('',(#9370,#66,#67));
#9375=FACE_OUTER_BOUND('',#9374,.T.);
#9376=FACETED_PRIMITIVE_FACE('',(#9375));
#9378=POLY_LOOP('',(#9377,#60,#74));
#9379=FACE_OUTER_BOUND('',#9378,.T.);
#9380=FACETED_PRIMITIVE_FACE('',(#9379));
#9381=POLY_LOOP('',(#9377,#9360,#60));
#9382=FACE_OUTER_BOUND('',#9381,.T.);
#9383=FACETED_PRIMITIVE_FACE('',(#9382));
#9385=POLY_LOOP('',(#9384,#66,#9370));
#9386=FACE_OUTER_BOUND('',#9385,.T.);
#9387=FACETED_PRIMITIVE_FACE('',(#9386));
#9389=POLY_LOOP('',(#9388,#9377,#74));
#9390=FACE_OUTER_BOUND('',#9389,.T.);
#9391=FACETED_PRIMITIVE_FACE('',(#9390));
#9393=POLY_LOOP('',(#9392,#66,#9384));
#9394=FACE_OUTER_BOUND('',#9393,.T.);
#9395=FACETED_PRIMITIVE_FACE('',(#9394));
#9396=POLY_LOOP('',(#9392,#95,#66));
#9397=FACE_OUTER_BOUND('',#9396,.T.);
#9398=FACETED_PRIMITIVE_FACE('',(#9397));
#9400=POLY_LOOP('',(#9399,#74,#94));
#9401=FACE_OUTER_BOUND('',#9400,.T.);
#9402=FACETED_PRIMITIVE_FACE('',(#9401));
#9403=POLY_LOOP('',(#9399,#94,#95));
#9404=FACE_OUTER_BOUND('',#9403,.T.);
#9405=FACETED_PRIMITIVE_FACE('',(#9404));
#9406=POLY_LOOP('',(#9399,#9388,#74));
#9407=FACE_OUTER_BOUND('',#9406,.T.);
#9408=FACETED_PRIMITIVE_FACE('',(#9407));
#9409=POLY_LOOP('',(#9399,#95,#9392));
#9410=FACE_OUTER_BOUND('',#9409,.T.);
#9411=FACETED_PRIMITIVE_FACE('',(#9410));
#9412=POLY_LOOP('',(#9266,#8920,#8930));
#9413=FACE_OUTER_BOUND('',#9412,.T.);
#9414=FACETED_PRIMITIVE_FACE('',(#9413));
#9415=POLY_LOOP('',(#9266,#8930,#8944));
#9416=FACE_OUTER_BOUND('',#9415,.T.);
#9417=FACETED_PRIMITIVE_FACE('',(#9416));
#9418=POLY_LOOP('',(#8951,#9266,#8944));
#9419=FACE_OUTER_BOUND('',#9418,.T.);
#9420=FACETED_PRIMITIVE_FACE('',(#9419));
#9422=POLY_LOOP('',(#9421,#8826,#8819));
#9423=FACE_OUTER_BOUND('',#9422,.T.);
#9424=FACETED_PRIMITIVE_FACE('',(#9423));
#9425=POLY_LOOP('',(#9421,#8819,#8812));
#9426=FACE_OUTER_BOUND('',#9425,.T.);
#9427=FACETED_PRIMITIVE_FACE('',(#9426));
#9428=POLY_LOOP('',(#9421,#8812,#8805));
#9429=FACE_OUTER_BOUND('',#9428,.T.);
#9430=FACETED_PRIMITIVE_FACE('',(#9429));
#9431=POLY_LOOP('',(#8659,#8666,#9349));
#9432=FACE_OUTER_BOUND('',#9431,.T.);
#9433=FACETED_PRIMITIVE_FACE('',(#9432));
#9434=POLY_LOOP('',(#8652,#8659,#9349));
#9435=FACE_OUTER_BOUND('',#9434,.T.);
#9436=FACETED_PRIMITIVE_FACE('',(#9435));
#9437=POLY_LOOP('',(#8645,#8652,#9349));
#9438=FACE_OUTER_BOUND('',#9437,.T.);
#9439=FACETED_PRIMITIVE_FACE('',(#9438));
#9440=POLY_LOOP('',(#8641,#8645,#9349));
#9441=FACE_OUTER_BOUND('',#9440,.T.);
#9442=FACETED_PRIMITIVE_FACE('',(#9441));
#9445=POLY_LOOP('',(#9443,#8499,#9444));
#9446=FACE_OUTER_BOUND('',#9445,.T.);
#9447=FACETED_PRIMITIVE_FACE('',(#9446));
#9448=POLY_LOOP('',(#8509,#8499,#9443));
#9449=FACE_OUTER_BOUND('',#9448,.T.);
#9450=FACETED_PRIMITIVE_FACE('',(#9449));
#9451=POLY_LOOP('',(#8530,#8509,#9443));
#9452=FACE_OUTER_BOUND('',#9451,.T.);
#9453=FACETED_PRIMITIVE_FACE('',(#9452));
#9454=POLY_LOOP('',(#8537,#8530,#9443));
#9455=FACE_OUTER_BOUND('',#9454,.T.);
#9456=FACETED_PRIMITIVE_FACE('',(#9455));
#9457=POLY_LOOP('',(#8551,#8537,#9443));
#9458=FACE_OUTER_BOUND('',#9457,.T.);
#9459=FACETED_PRIMITIVE_FACE('',(#9458));
#9461=POLY_LOOP('',(#9460,#9270,#9266));
#9462=FACE_OUTER_BOUND('',#9461,.T.);
#9463=FACETED_PRIMITIVE_FACE('',(#9462));
#9464=POLY_LOOP('',(#9460,#9277,#9270));
#9465=FACE_OUTER_BOUND('',#9464,.T.);
#9466=FACETED_PRIMITIVE_FACE('',(#9465));
#9467=POLY_LOOP('',(#9460,#9266,#8951));
#9468=FACE_OUTER_BOUND('',#9467,.T.);
#9469=FACETED_PRIMITIVE_FACE('',(#9468));
#9470=POLY_LOOP('',(#9460,#8951,#8965));
#9471=FACE_OUTER_BOUND('',#9470,.T.);
#9472=FACETED_PRIMITIVE_FACE('',(#9471));
#9473=POLY_LOOP('',(#9460,#8965,#8972));
#9474=FACE_OUTER_BOUND('',#9473,.T.);
#9475=FACETED_PRIMITIVE_FACE('',(#9474));
#9476=POLY_LOOP('',(#9460,#8972,#8986));
#9477=FACE_OUTER_BOUND('',#9476,.T.);
#9478=FACETED_PRIMITIVE_FACE('',(#9477));
#9480=POLY_LOOP('',(#9479,#9460,#8986));
#9481=FACE_OUTER_BOUND('',#9480,.T.);
#9482=FACETED_PRIMITIVE_FACE('',(#9481));
#9483=POLY_LOOP('',(#9479,#8986,#9000));
#9484=FACE_OUTER_BOUND('',#9483,.T.);
#9485=FACETED_PRIMITIVE_FACE('',(#9484));
#9486=POLY_LOOP('',(#9479,#9000,#9004));
#9487=FACE_OUTER_BOUND('',#9486,.T.);
#9488=FACETED_PRIMITIVE_FACE('',(#9487));
#9490=POLY_LOOP('',(#9489,#9284,#9277));
#9491=FACE_OUTER_BOUND('',#9490,.T.);
#9492=FACETED_PRIMITIVE_FACE('',(#9491));
#9493=POLY_LOOP('',(#9489,#9277,#9460));
#9494=FACE_OUTER_BOUND('',#9493,.T.);
#9495=FACETED_PRIMITIVE_FACE('',(#9494));
#9496=POLY_LOOP('',(#9489,#9294,#9284));
#9497=FACE_OUTER_BOUND('',#9496,.T.);
#9498=FACETED_PRIMITIVE_FACE('',(#9497));
#9500=POLY_LOOP('',(#9499,#9004,#8993));
#9501=FACE_OUTER_BOUND('',#9500,.T.);
#9502=FACETED_PRIMITIVE_FACE('',(#9501));
#9503=POLY_LOOP('',(#9499,#8993,#8979));
#9504=FACE_OUTER_BOUND('',#9503,.T.);
#9505=FACETED_PRIMITIVE_FACE('',(#9504));
#9506=POLY_LOOP('',(#9499,#9479,#9004));
#9507=FACE_OUTER_BOUND('',#9506,.T.);
#9508=FACETED_PRIMITIVE_FACE('',(#9507));
#9510=POLY_LOOP('',(#9509,#9460,#9479));
#9511=FACE_OUTER_BOUND('',#9510,.T.);
#9512=FACETED_PRIMITIVE_FACE('',(#9511));
#9513=POLY_LOOP('',(#9509,#9489,#9460));
#9514=FACE_OUTER_BOUND('',#9513,.T.);
#9515=FACETED_PRIMITIVE_FACE('',(#9514));
#9517=POLY_LOOP('',(#9516,#9489,#9509));
#9518=FACE_OUTER_BOUND('',#9517,.T.);
#9519=FACETED_PRIMITIVE_FACE('',(#9518));
#9520=POLY_LOOP('',(#9516,#9301,#9294));
#9521=FACE_OUTER_BOUND('',#9520,.T.);
#9522=FACETED_PRIMITIVE_FACE('',(#9521));
#9523=POLY_LOOP('',(#9516,#9308,#9301));
#9524=FACE_OUTER_BOUND('',#9523,.T.);
#9525=FACETED_PRIMITIVE_FACE('',(#9524));
#9526=POLY_LOOP('',(#9516,#9294,#9489));
#9527=FACE_OUTER_BOUND('',#9526,.T.);
#9528=FACETED_PRIMITIVE_FACE('',(#9527));
#9530=POLY_LOOP('',(#9529,#9499,#8979));
#9531=FACE_OUTER_BOUND('',#9530,.T.);
#9532=FACETED_PRIMITIVE_FACE('',(#9531));
#9533=POLY_LOOP('',(#9529,#8979,#8958));
#9534=FACE_OUTER_BOUND('',#9533,.T.);
#9535=FACETED_PRIMITIVE_FACE('',(#9534));
#9536=POLY_LOOP('',(#9529,#8958,#8937));
#9537=FACE_OUTER_BOUND('',#9536,.T.);
#9538=FACETED_PRIMITIVE_FACE('',(#9537));
#9540=POLY_LOOP('',(#9539,#9499,#9529));
#9541=FACE_OUTER_BOUND('',#9540,.T.);
#9542=FACETED_PRIMITIVE_FACE('',(#9541));
#9543=POLY_LOOP('',(#9539,#9509,#9479));
#9544=FACE_OUTER_BOUND('',#9543,.T.);
#9545=FACETED_PRIMITIVE_FACE('',(#9544));
#9546=POLY_LOOP('',(#9539,#9479,#9499));
#9547=FACE_OUTER_BOUND('',#9546,.T.);
#9548=FACETED_PRIMITIVE_FACE('',(#9547));
#9550=POLY_LOOP('',(#9549,#9516,#9509));
#9551=FACE_OUTER_BOUND('',#9550,.T.);
#9552=FACETED_PRIMITIVE_FACE('',(#9551));
#9553=POLY_LOOP('',(#9549,#9509,#9539));
#9554=FACE_OUTER_BOUND('',#9553,.T.);
#9555=FACETED_PRIMITIVE_FACE('',(#9554));
#9557=POLY_LOOP('',(#9556,#9315,#9308));
#9558=FACE_OUTER_BOUND('',#9557,.T.);
#9559=FACETED_PRIMITIVE_FACE('',(#9558));
#9560=POLY_LOOP('',(#9556,#9322,#9315));
#9561=FACE_OUTER_BOUND('',#9560,.T.);
#9562=FACETED_PRIMITIVE_FACE('',(#9561));
#9563=POLY_LOOP('',(#9556,#9308,#9516));
#9564=FACE_OUTER_BOUND('',#9563,.T.);
#9565=FACETED_PRIMITIVE_FACE('',(#9564));
#9567=POLY_LOOP('',(#9566,#9529,#8937));
#9568=FACE_OUTER_BOUND('',#9567,.T.);
#9569=FACETED_PRIMITIVE_FACE('',(#9568));
#9570=POLY_LOOP('',(#9566,#8937,#8916));
#9571=FACE_OUTER_BOUND('',#9570,.T.);
#9572=FACETED_PRIMITIVE_FACE('',(#9571));
#9573=POLY_LOOP('',(#9566,#8916,#8906));
#9574=FACE_OUTER_BOUND('',#9573,.T.);
#9575=FACETED_PRIMITIVE_FACE('',(#9574));
#9577=POLY_LOOP('',(#9576,#9539,#9529));
#9578=FACE_OUTER_BOUND('',#9577,.T.);
#9579=FACETED_PRIMITIVE_FACE('',(#9578));
#9581=POLY_LOOP('',(#9580,#9539,#9576));
#9582=FACE_OUTER_BOUND('',#9581,.T.);
#9583=FACETED_PRIMITIVE_FACE('',(#9582));
#9584=POLY_LOOP('',(#9580,#9549,#9539));
#9585=FACE_OUTER_BOUND('',#9584,.T.);
#9586=FACETED_PRIMITIVE_FACE('',(#9585));
#9588=POLY_LOOP('',(#9587,#9566,#8906));
#9589=FACE_OUTER_BOUND('',#9588,.T.);
#9590=FACETED_PRIMITIVE_FACE('',(#9589));
#9591=POLY_LOOP('',(#9587,#8906,#8899));
#9592=FACE_OUTER_BOUND('',#9591,.T.);
#9593=FACETED_PRIMITIVE_FACE('',(#9592));
#9594=POLY_LOOP('',(#9587,#8899,#8892));
#9595=FACE_OUTER_BOUND('',#9594,.T.);
#9596=FACETED_PRIMITIVE_FACE('',(#9595));
#9598=POLY_LOOP('',(#9597,#9516,#9549));
#9599=FACE_OUTER_BOUND('',#9598,.T.);
#9600=FACETED_PRIMITIVE_FACE('',(#9599));
#9601=POLY_LOOP('',(#9597,#9556,#9516));
#9602=FACE_OUTER_BOUND('',#9601,.T.);
#9603=FACETED_PRIMITIVE_FACE('',(#9602));
#9605=POLY_LOOP('',(#9604,#9329,#9322));
#9606=FACE_OUTER_BOUND('',#9605,.T.);
#9607=FACETED_PRIMITIVE_FACE('',(#9606));
#9608=POLY_LOOP('',(#9604,#9339,#9329));
#9609=FACE_OUTER_BOUND('',#9608,.T.);
#9610=FACETED_PRIMITIVE_FACE('',(#9609));
#9611=POLY_LOOP('',(#9604,#9322,#9556));
#9612=FACE_OUTER_BOUND('',#9611,.T.);
#9613=FACETED_PRIMITIVE_FACE('',(#9612));
#9614=POLY_LOOP('',(#9604,#9556,#9597));
#9615=FACE_OUTER_BOUND('',#9614,.T.);
#9616=FACETED_PRIMITIVE_FACE('',(#9615));
#9618=POLY_LOOP('',(#9617,#9576,#9529));
#9619=FACE_OUTER_BOUND('',#9618,.T.);
#9620=FACETED_PRIMITIVE_FACE('',(#9619));
#9621=POLY_LOOP('',(#9617,#9529,#9566));
#9622=FACE_OUTER_BOUND('',#9621,.T.);
#9623=FACETED_PRIMITIVE_FACE('',(#9622));
#9625=POLY_LOOP('',(#9624,#9576,#9617));
#9626=FACE_OUTER_BOUND('',#9625,.T.);
#9627=FACETED_PRIMITIVE_FACE('',(#9626));
#9628=POLY_LOOP('',(#9624,#9580,#9576));
#9629=FACE_OUTER_BOUND('',#9628,.T.);
#9630=FACETED_PRIMITIVE_FACE('',(#9629));
#9632=POLY_LOOP('',(#9631,#9587,#8892));
#9633=FACE_OUTER_BOUND('',#9632,.T.);
#9634=FACETED_PRIMITIVE_FACE('',(#9633));
#9635=POLY_LOOP('',(#9631,#8892,#8885));
#9636=FACE_OUTER_BOUND('',#9635,.T.);
#9637=FACETED_PRIMITIVE_FACE('',(#9636));
#9638=POLY_LOOP('',(#9631,#8885,#8881));
#9639=FACE_OUTER_BOUND('',#9638,.T.);
#9640=FACETED_PRIMITIVE_FACE('',(#9639));
#9642=POLY_LOOP('',(#9641,#9597,#9549));
#9643=FACE_OUTER_BOUND('',#9642,.T.);
#9644=FACETED_PRIMITIVE_FACE('',(#9643));
#9645=POLY_LOOP('',(#9641,#9549,#9580));
#9646=FACE_OUTER_BOUND('',#9645,.T.);
#9647=FACETED_PRIMITIVE_FACE('',(#9646));
#9649=POLY_LOOP('',(#9648,#9566,#9587));
#9650=FACE_OUTER_BOUND('',#9649,.T.);
#9651=FACETED_PRIMITIVE_FACE('',(#9650));
#9652=POLY_LOOP('',(#9648,#9617,#9566));
#9653=FACE_OUTER_BOUND('',#9652,.T.);
#9654=FACETED_PRIMITIVE_FACE('',(#9653));
#9656=POLY_LOOP('',(#9655,#9597,#9641));
#9657=FACE_OUTER_BOUND('',#9656,.T.);
#9658=FACETED_PRIMITIVE_FACE('',(#9657));
#9659=POLY_LOOP('',(#9655,#9604,#9597));
#9660=FACE_OUTER_BOUND('',#9659,.T.);
#9661=FACETED_PRIMITIVE_FACE('',(#9660));
#9663=POLY_LOOP('',(#9662,#8881,#8874));
#9664=FACE_OUTER_BOUND('',#9663,.T.);
#9665=FACETED_PRIMITIVE_FACE('',(#9664));
#9666=POLY_LOOP('',(#9662,#8874,#8867));
#9667=FACE_OUTER_BOUND('',#9666,.T.);
#9668=FACETED_PRIMITIVE_FACE('',(#9667));
#9669=POLY_LOOP('',(#9662,#9631,#8881));
#9670=FACE_OUTER_BOUND('',#9669,.T.);
#9671=FACETED_PRIMITIVE_FACE('',(#9670));
#9673=POLY_LOOP('',(#9672,#9353,#9339));
#9674=FACE_OUTER_BOUND('',#9673,.T.);
#9675=FACETED_PRIMITIVE_FACE('',(#9674));
#9676=POLY_LOOP('',(#9672,#9370,#9353));
#9677=FACE_OUTER_BOUND('',#9676,.T.);
#9678=FACETED_PRIMITIVE_FACE('',(#9677));
#9679=POLY_LOOP('',(#9672,#9339,#9604));
#9680=FACE_OUTER_BOUND('',#9679,.T.);
#9681=FACETED_PRIMITIVE_FACE('',(#9680));
#9683=POLY_LOOP('',(#9682,#9624,#9617));
#9684=FACE_OUTER_BOUND('',#9683,.T.);
#9685=FACETED_PRIMITIVE_FACE('',(#9684));
#9687=POLY_LOOP('',(#9686,#9641,#9580));
#9688=FACE_OUTER_BOUND('',#9687,.T.);
#9689=FACETED_PRIMITIVE_FACE('',(#9688));
#9690=POLY_LOOP('',(#9686,#9580,#9624));
#9691=FACE_OUTER_BOUND('',#9690,.T.);
#9692=FACETED_PRIMITIVE_FACE('',(#9691));
#9694=POLY_LOOP('',(#9693,#9631,#9662));
#9695=FACE_OUTER_BOUND('',#9694,.T.);
#9696=FACETED_PRIMITIVE_FACE('',(#9695));
#9697=POLY_LOOP('',(#9693,#9648,#9587));
#9698=FACE_OUTER_BOUND('',#9697,.T.);
#9699=FACETED_PRIMITIVE_FACE('',(#9698));
#9700=POLY_LOOP('',(#9693,#9587,#9631));
#9701=FACE_OUTER_BOUND('',#9700,.T.);
#9702=FACETED_PRIMITIVE_FACE('',(#9701));
#9704=POLY_LOOP('',(#9703,#9655,#9641));
#9705=FACE_OUTER_BOUND('',#9704,.T.);
#9706=FACETED_PRIMITIVE_FACE('',(#9705));
#9708=POLY_LOOP('',(#9707,#9662,#8867));
#9709=FACE_OUTER_BOUND('',#9708,.T.);
#9710=FACETED_PRIMITIVE_FACE('',(#9709));
#9711=POLY_LOOP('',(#9707,#8867,#8860));
#9712=FACE_OUTER_BOUND('',#9711,.T.);
#9713=FACETED_PRIMITIVE_FACE('',(#9712));
#9715=POLY_LOOP('',(#9714,#9617,#9648));
#9716=FACE_OUTER_BOUND('',#9715,.T.);
#9717=FACETED_PRIMITIVE_FACE('',(#9716));
#9718=POLY_LOOP('',(#9714,#9682,#9617));
#9719=FACE_OUTER_BOUND('',#9718,.T.);
#9720=FACETED_PRIMITIVE_FACE('',(#9719));
#9722=POLY_LOOP('',(#9721,#9672,#9604));
#9723=FACE_OUTER_BOUND('',#9722,.T.);
#9724=FACETED_PRIMITIVE_FACE('',(#9723));
#9725=POLY_LOOP('',(#9721,#9604,#9655));
#9726=FACE_OUTER_BOUND('',#9725,.T.);
#9727=FACETED_PRIMITIVE_FACE('',(#9726));
#9729=POLY_LOOP('',(#9728,#9693,#9662));
#9730=FACE_OUTER_BOUND('',#9729,.T.);
#9731=FACETED_PRIMITIVE_FACE('',(#9730));
#9733=POLY_LOOP('',(#9732,#9384,#9370));
#9734=FACE_OUTER_BOUND('',#9733,.T.);
#9735=FACETED_PRIMITIVE_FACE('',(#9734));
#9736=POLY_LOOP('',(#9732,#9392,#9384));
#9737=FACE_OUTER_BOUND('',#9736,.T.);
#9738=FACETED_PRIMITIVE_FACE('',(#9737));
#9739=POLY_LOOP('',(#9732,#9370,#9672));
#9740=FACE_OUTER_BOUND('',#9739,.T.);
#9741=FACETED_PRIMITIVE_FACE('',(#9740));
#9743=POLY_LOOP('',(#9742,#9707,#8860));
#9744=FACE_OUTER_BOUND('',#9743,.T.);
#9745=FACETED_PRIMITIVE_FACE('',(#9744));
#9746=POLY_LOOP('',(#9742,#8860,#8853));
#9747=FACE_OUTER_BOUND('',#9746,.T.);
#9748=FACETED_PRIMITIVE_FACE('',(#9747));
#9750=POLY_LOOP('',(#9749,#9686,#9624));
#9751=FACE_OUTER_BOUND('',#9750,.T.);
#9752=FACETED_PRIMITIVE_FACE('',(#9751));
#9753=POLY_LOOP('',(#9749,#9682,#9714));
#9754=FACE_OUTER_BOUND('',#9753,.T.);
#9755=FACETED_PRIMITIVE_FACE('',(#9754));
#9756=POLY_LOOP('',(#9749,#9624,#9682));
#9757=FACE_OUTER_BOUND('',#9756,.T.);
#9758=FACETED_PRIMITIVE_FACE('',(#9757));
#9760=POLY_LOOP('',(#9759,#9703,#9641));
#9761=FACE_OUTER_BOUND('',#9760,.T.);
#9762=FACETED_PRIMITIVE_FACE('',(#9761));
#9763=POLY_LOOP('',(#9759,#9641,#9686));
#9764=FACE_OUTER_BOUND('',#9763,.T.);
#9765=FACETED_PRIMITIVE_FACE('',(#9764));
#9767=POLY_LOOP('',(#9766,#9648,#9693));
#9768=FACE_OUTER_BOUND('',#9767,.T.);
#9769=FACETED_PRIMITIVE_FACE('',(#9768));
#9770=POLY_LOOP('',(#9766,#9714,#9648));
#9771=FACE_OUTER_BOUND('',#9770,.T.);
#9772=FACETED_PRIMITIVE_FACE('',(#9771));
#9774=POLY_LOOP('',(#9773,#9742,#8853));
#9775=FACE_OUTER_BOUND('',#9774,.T.);
#9776=FACETED_PRIMITIVE_FACE('',(#9775));
#9777=POLY_LOOP('',(#9773,#8853,#8843));
#9778=FACE_OUTER_BOUND('',#9777,.T.);
#9779=FACETED_PRIMITIVE_FACE('',(#9778));
#9780=POLY_LOOP('',(#9773,#8843,#8836));
#9781=FACE_OUTER_BOUND('',#9780,.T.);
#9782=FACETED_PRIMITIVE_FACE('',(#9781));
#9784=POLY_LOOP('',(#9783,#9721,#9655));
#9785=FACE_OUTER_BOUND('',#9784,.T.);
#9786=FACETED_PRIMITIVE_FACE('',(#9785));
#9787=POLY_LOOP('',(#9783,#9655,#9703));
#9788=FACE_OUTER_BOUND('',#9787,.T.);
#9789=FACETED_PRIMITIVE_FACE('',(#9788));
#9791=POLY_LOOP('',(#9790,#9707,#9742));
#9792=FACE_OUTER_BOUND('',#9791,.T.);
#9793=FACETED_PRIMITIVE_FACE('',(#9792));
#9794=POLY_LOOP('',(#9790,#9728,#9662));
#9795=FACE_OUTER_BOUND('',#9794,.T.);
#9796=FACETED_PRIMITIVE_FACE('',(#9795));
#9797=POLY_LOOP('',(#9790,#9662,#9707));
#9798=FACE_OUTER_BOUND('',#9797,.T.);
#9799=FACETED_PRIMITIVE_FACE('',(#9798));
#9801=POLY_LOOP('',(#9800,#9749,#9714));
#9802=FACE_OUTER_BOUND('',#9801,.T.);
#9803=FACETED_PRIMITIVE_FACE('',(#9802));
#9805=POLY_LOOP('',(#9804,#9732,#9672));
#9806=FACE_OUTER_BOUND('',#9805,.T.);
#9807=FACETED_PRIMITIVE_FACE('',(#9806));
#9808=POLY_LOOP('',(#9804,#9672,#9721));
#9809=FACE_OUTER_BOUND('',#9808,.T.);
#9810=FACETED_PRIMITIVE_FACE('',(#9809));
#9812=POLY_LOOP('',(#9811,#9693,#9728));
#9813=FACE_OUTER_BOUND('',#9812,.T.);
#9814=FACETED_PRIMITIVE_FACE('',(#9813));
#9815=POLY_LOOP('',(#9811,#9766,#9693));
#9816=FACE_OUTER_BOUND('',#9815,.T.);
#9817=FACETED_PRIMITIVE_FACE('',(#9816));
#9819=POLY_LOOP('',(#9818,#9399,#9392));
#9820=FACE_OUTER_BOUND('',#9819,.T.);
#9821=FACETED_PRIMITIVE_FACE('',(#9820));
#9822=POLY_LOOP('',(#9818,#9388,#9399));
#9823=FACE_OUTER_BOUND('',#9822,.T.);
#9824=FACETED_PRIMITIVE_FACE('',(#9823));
#9825=POLY_LOOP('',(#9818,#9392,#9732));
#9826=FACE_OUTER_BOUND('',#9825,.T.);
#9827=FACETED_PRIMITIVE_FACE('',(#9826));
#9828=POLY_LOOP('',(#9818,#9732,#9804));
#9829=FACE_OUTER_BOUND('',#9828,.T.);
#9830=FACETED_PRIMITIVE_FACE('',(#9829));
#9832=POLY_LOOP('',(#9831,#9790,#9742));
#9833=FACE_OUTER_BOUND('',#9832,.T.);
#9834=FACETED_PRIMITIVE_FACE('',(#9833));
#9836=POLY_LOOP('',(#9835,#9759,#9686));
#9837=FACE_OUTER_BOUND('',#9836,.T.);
#9838=FACETED_PRIMITIVE_FACE('',(#9837));
#9839=POLY_LOOP('',(#9835,#9686,#9749));
#9840=FACE_OUTER_BOUND('',#9839,.T.);
#9841=FACETED_PRIMITIVE_FACE('',(#9840));
#9843=POLY_LOOP('',(#9842,#9773,#8836));
#9844=FACE_OUTER_BOUND('',#9843,.T.);
#9845=FACETED_PRIMITIVE_FACE('',(#9844));
#9847=POLY_LOOP('',(#9842,#9421,#9846));
#9848=FACE_OUTER_BOUND('',#9847,.T.);
#9849=FACETED_PRIMITIVE_FACE('',(#9848));
#9851=POLY_LOOP('',(#9842,#9846,#9850));
#9852=FACE_OUTER_BOUND('',#9851,.T.);
#9853=FACETED_PRIMITIVE_FACE('',(#9852));
#9854=POLY_LOOP('',(#9842,#8826,#9421));
#9855=FACE_OUTER_BOUND('',#9854,.T.);
#9856=FACETED_PRIMITIVE_FACE('',(#9855));
#9857=POLY_LOOP('',(#9842,#8836,#8826));
#9858=FACE_OUTER_BOUND('',#9857,.T.);
#9859=FACETED_PRIMITIVE_FACE('',(#9858));
#9861=POLY_LOOP('',(#9860,#9703,#9759));
#9862=FACE_OUTER_BOUND('',#9861,.T.);
#9863=FACETED_PRIMITIVE_FACE('',(#9862));
#9864=POLY_LOOP('',(#9860,#9783,#9703));
#9865=FACE_OUTER_BOUND('',#9864,.T.);
#9866=FACETED_PRIMITIVE_FACE('',(#9865));
#9868=POLY_LOOP('',(#9867,#9800,#9714));
#9869=FACE_OUTER_BOUND('',#9868,.T.);
#9870=FACETED_PRIMITIVE_FACE('',(#9869));
#9871=POLY_LOOP('',(#9867,#9714,#9766));
#9872=FACE_OUTER_BOUND('',#9871,.T.);
#9873=FACETED_PRIMITIVE_FACE('',(#9872));
#9875=POLY_LOOP('',(#9874,#9831,#9742));
#9876=FACE_OUTER_BOUND('',#9875,.T.);
#9877=FACETED_PRIMITIVE_FACE('',(#9876));
#9878=POLY_LOOP('',(#9874,#9742,#9773));
#9879=FACE_OUTER_BOUND('',#9878,.T.);
#9880=FACETED_PRIMITIVE_FACE('',(#9879));
#9882=POLY_LOOP('',(#9881,#9804,#9721));
#9883=FACE_OUTER_BOUND('',#9882,.T.);
#9884=FACETED_PRIMITIVE_FACE('',(#9883));
#9885=POLY_LOOP('',(#9881,#9721,#9783));
#9886=FACE_OUTER_BOUND('',#9885,.T.);
#9887=FACETED_PRIMITIVE_FACE('',(#9886));
#9888=POLY_LOOP('',(#9881,#9783,#9860));
#9889=FACE_OUTER_BOUND('',#9888,.T.);
#9890=FACETED_PRIMITIVE_FACE('',(#9889));
#9892=POLY_LOOP('',(#9891,#9728,#9790));
#9893=FACE_OUTER_BOUND('',#9892,.T.);
#9894=FACETED_PRIMITIVE_FACE('',(#9893));
#9895=POLY_LOOP('',(#9891,#9790,#9831));
#9896=FACE_OUTER_BOUND('',#9895,.T.);
#9897=FACETED_PRIMITIVE_FACE('',(#9896));
#9898=POLY_LOOP('',(#9891,#9811,#9728));
#9899=FACE_OUTER_BOUND('',#9898,.T.);
#9900=FACETED_PRIMITIVE_FACE('',(#9899));
#9902=POLY_LOOP('',(#9901,#9749,#9800));
#9903=FACE_OUTER_BOUND('',#9902,.T.);
#9904=FACETED_PRIMITIVE_FACE('',(#9903));
#9905=POLY_LOOP('',(#9901,#9835,#9749));
#9906=FACE_OUTER_BOUND('',#9905,.T.);
#9907=FACETED_PRIMITIVE_FACE('',(#9906));
#9909=POLY_LOOP('',(#9908,#9818,#9804));
#9910=FACE_OUTER_BOUND('',#9909,.T.);
#9911=FACETED_PRIMITIVE_FACE('',(#9910));
#9913=POLY_LOOP('',(#9912,#9766,#9811));
#9914=FACE_OUTER_BOUND('',#9913,.T.);
#9915=FACETED_PRIMITIVE_FACE('',(#9914));
#9916=POLY_LOOP('',(#9912,#9811,#9891));
#9917=FACE_OUTER_BOUND('',#9916,.T.);
#9918=FACETED_PRIMITIVE_FACE('',(#9917));
#9919=POLY_LOOP('',(#9912,#9867,#9766));
#9920=FACE_OUTER_BOUND('',#9919,.T.);
#9921=FACETED_PRIMITIVE_FACE('',(#9920));
#9923=POLY_LOOP('',(#9922,#9377,#9388));
#9924=FACE_OUTER_BOUND('',#9923,.T.);
#9925=FACETED_PRIMITIVE_FACE('',(#9924));
#9926=POLY_LOOP('',(#9922,#9360,#9377));
#9927=FACE_OUTER_BOUND('',#9926,.T.);
#9928=FACETED_PRIMITIVE_FACE('',(#9927));
#9929=POLY_LOOP('',(#9922,#9349,#9360));
#9930=FACE_OUTER_BOUND('',#9929,.T.);
#9931=FACETED_PRIMITIVE_FACE('',(#9930));
#9932=POLY_LOOP('',(#9922,#8634,#8641));
#9933=FACE_OUTER_BOUND('',#9932,.T.);
#9934=FACETED_PRIMITIVE_FACE('',(#9933));
#9935=POLY_LOOP('',(#9922,#8627,#8634));
#9936=FACE_OUTER_BOUND('',#9935,.T.);
#9937=FACETED_PRIMITIVE_FACE('',(#9936));
#9938=POLY_LOOP('',(#9922,#8641,#9349));
#9939=FACE_OUTER_BOUND('',#9938,.T.);
#9940=FACETED_PRIMITIVE_FACE('',(#9939));
#9941=POLY_LOOP('',(#9922,#9388,#9818));
#9942=FACE_OUTER_BOUND('',#9941,.T.);
#9943=FACETED_PRIMITIVE_FACE('',(#9942));
#9945=POLY_LOOP('',(#9944,#9891,#9831));
#9946=FACE_OUTER_BOUND('',#9945,.T.);
#9947=FACETED_PRIMITIVE_FACE('',(#9946));
#9949=POLY_LOOP('',(#9948,#9860,#9759));
#9950=FACE_OUTER_BOUND('',#9949,.T.);
#9951=FACETED_PRIMITIVE_FACE('',(#9950));
#9952=POLY_LOOP('',(#9948,#9835,#9901));
#9953=FACE_OUTER_BOUND('',#9952,.T.);
#9954=FACETED_PRIMITIVE_FACE('',(#9953));
#9955=POLY_LOOP('',(#9948,#9759,#9835));
#9956=FACE_OUTER_BOUND('',#9955,.T.);
#9957=FACETED_PRIMITIVE_FACE('',(#9956));
#9959=POLY_LOOP('',(#9958,#9773,#9842));
#9960=FACE_OUTER_BOUND('',#9959,.T.);
#9961=FACETED_PRIMITIVE_FACE('',(#9960));
#9962=POLY_LOOP('',(#9958,#9874,#9773));
#9963=FACE_OUTER_BOUND('',#9962,.T.);
#9964=FACETED_PRIMITIVE_FACE('',(#9963));
#9965=POLY_LOOP('',(#9958,#9842,#9850));
#9966=FACE_OUTER_BOUND('',#9965,.T.);
#9967=FACETED_PRIMITIVE_FACE('',(#9966));
#9969=POLY_LOOP('',(#9958,#9850,#9968));
#9970=FACE_OUTER_BOUND('',#9969,.T.);
#9971=FACETED_PRIMITIVE_FACE('',(#9970));
#9973=POLY_LOOP('',(#9958,#9968,#9972));
#9974=FACE_OUTER_BOUND('',#9973,.T.);
#9975=FACETED_PRIMITIVE_FACE('',(#9974));
#9977=POLY_LOOP('',(#9976,#9860,#9948));
#9978=FACE_OUTER_BOUND('',#9977,.T.);
#9979=FACETED_PRIMITIVE_FACE('',(#9978));
#9980=POLY_LOOP('',(#9976,#9881,#9860));
#9981=FACE_OUTER_BOUND('',#9980,.T.);
#9982=FACETED_PRIMITIVE_FACE('',(#9981));
#9984=POLY_LOOP('',(#9983,#9901,#9800));
#9985=FACE_OUTER_BOUND('',#9984,.T.);
#9986=FACETED_PRIMITIVE_FACE('',(#9985));
#9987=POLY_LOOP('',(#9983,#9800,#9867));
#9988=FACE_OUTER_BOUND('',#9987,.T.);
#9989=FACETED_PRIMITIVE_FACE('',(#9988));
#9991=POLY_LOOP('',(#9990,#9831,#9874));
#9992=FACE_OUTER_BOUND('',#9991,.T.);
#9993=FACETED_PRIMITIVE_FACE('',(#9992));
#9994=POLY_LOOP('',(#9990,#9944,#9831));
#9995=FACE_OUTER_BOUND('',#9994,.T.);
#9996=FACETED_PRIMITIVE_FACE('',(#9995));
#9997=POLY_LOOP('',(#9990,#9874,#9958));
#9998=FACE_OUTER_BOUND('',#9997,.T.);
#9999=FACETED_PRIMITIVE_FACE('',(#9998));
#10001=POLY_LOOP('',(#10000,#9908,#9804));
#10002=FACE_OUTER_BOUND('',#10001,.T.);
#10003=FACETED_PRIMITIVE_FACE('',(#10002));
#10004=POLY_LOOP('',(#10000,#9804,#9881));
#10005=FACE_OUTER_BOUND('',#10004,.T.);
#10006=FACETED_PRIMITIVE_FACE('',(#10005));
#10008=POLY_LOOP('',(#10007,#9912,#9891));
#10009=FACE_OUTER_BOUND('',#10008,.T.);
#10010=FACETED_PRIMITIVE_FACE('',(#10009));
#10012=POLY_LOOP('',(#10011,#9901,#9983));
#10013=FACE_OUTER_BOUND('',#10012,.T.);
#10014=FACETED_PRIMITIVE_FACE('',(#10013));
#10015=POLY_LOOP('',(#10011,#9948,#9901));
#10016=FACE_OUTER_BOUND('',#10015,.T.);
#10017=FACETED_PRIMITIVE_FACE('',(#10016));
#10019=POLY_LOOP('',(#10018,#9818,#9908));
#10020=FACE_OUTER_BOUND('',#10019,.T.);
#10021=FACETED_PRIMITIVE_FACE('',(#10020));
#10022=POLY_LOOP('',(#10018,#8623,#8627));
#10023=FACE_OUTER_BOUND('',#10022,.T.);
#10024=FACETED_PRIMITIVE_FACE('',(#10023));
#10025=POLY_LOOP('',(#10018,#8616,#8623));
#10026=FACE_OUTER_BOUND('',#10025,.T.);
#10027=FACETED_PRIMITIVE_FACE('',(#10026));
#10028=POLY_LOOP('',(#10018,#9922,#9818));
#10029=FACE_OUTER_BOUND('',#10028,.T.);
#10030=FACETED_PRIMITIVE_FACE('',(#10029));
#10031=POLY_LOOP('',(#10018,#8627,#9922));
#10032=FACE_OUTER_BOUND('',#10031,.T.);
#10033=FACETED_PRIMITIVE_FACE('',(#10032));
#10035=POLY_LOOP('',(#10034,#9867,#9912));
#10036=FACE_OUTER_BOUND('',#10035,.T.);
#10037=FACETED_PRIMITIVE_FACE('',(#10036));
#10038=POLY_LOOP('',(#10034,#9983,#9867));
#10039=FACE_OUTER_BOUND('',#10038,.T.);
#10040=FACETED_PRIMITIVE_FACE('',(#10039));
#10042=POLY_LOOP('',(#10041,#9944,#9990));
#10043=FACE_OUTER_BOUND('',#10042,.T.);
#10044=FACETED_PRIMITIVE_FACE('',(#10043));
#10045=POLY_LOOP('',(#10041,#10007,#9891));
#10046=FACE_OUTER_BOUND('',#10045,.T.);
#10047=FACETED_PRIMITIVE_FACE('',(#10046));
#10048=POLY_LOOP('',(#10041,#9891,#9944));
#10049=FACE_OUTER_BOUND('',#10048,.T.);
#10050=FACETED_PRIMITIVE_FACE('',(#10049));
#10052=POLY_LOOP('',(#10051,#9976,#9948));
#10053=FACE_OUTER_BOUND('',#10052,.T.);
#10054=FACETED_PRIMITIVE_FACE('',(#10053));
#10057=POLY_LOOP('',(#10055,#9972,#10056));
#10058=FACE_OUTER_BOUND('',#10057,.T.);
#10059=FACETED_PRIMITIVE_FACE('',(#10058));
#10061=POLY_LOOP('',(#10055,#10056,#10060));
#10062=FACE_OUTER_BOUND('',#10061,.T.);
#10063=FACETED_PRIMITIVE_FACE('',(#10062));
#10064=POLY_LOOP('',(#10055,#9990,#9958));
#10065=FACE_OUTER_BOUND('',#10064,.T.);
#10066=FACETED_PRIMITIVE_FACE('',(#10065));
#10067=POLY_LOOP('',(#10055,#9958,#9972));
#10068=FACE_OUTER_BOUND('',#10067,.T.);
#10069=FACETED_PRIMITIVE_FACE('',(#10068));
#10071=POLY_LOOP('',(#10070,#10000,#9881));
#10072=FACE_OUTER_BOUND('',#10071,.T.);
#10073=FACETED_PRIMITIVE_FACE('',(#10072));
#10074=POLY_LOOP('',(#10070,#9881,#9976));
#10075=FACE_OUTER_BOUND('',#10074,.T.);
#10076=FACETED_PRIMITIVE_FACE('',(#10075));
#10078=POLY_LOOP('',(#10077,#10011,#9983));
#10079=FACE_OUTER_BOUND('',#10078,.T.);
#10080=FACETED_PRIMITIVE_FACE('',(#10079));
#10082=POLY_LOOP('',(#10081,#10041,#9990));
#10083=FACE_OUTER_BOUND('',#10082,.T.);
#10084=FACETED_PRIMITIVE_FACE('',(#10083));
#10086=POLY_LOOP('',(#10085,#9908,#10000));
#10087=FACE_OUTER_BOUND('',#10086,.T.);
#10088=FACETED_PRIMITIVE_FACE('',(#10087));
#10089=POLY_LOOP('',(#10085,#8616,#10018));
#10090=FACE_OUTER_BOUND('',#10089,.T.);
#10091=FACETED_PRIMITIVE_FACE('',(#10090));
#10092=POLY_LOOP('',(#10085,#8609,#8616));
#10093=FACE_OUTER_BOUND('',#10092,.T.);
#10094=FACETED_PRIMITIVE_FACE('',(#10093));
#10095=POLY_LOOP('',(#10085,#8602,#8609));
#10096=FACE_OUTER_BOUND('',#10095,.T.);
#10097=FACETED_PRIMITIVE_FACE('',(#10096));
#10098=POLY_LOOP('',(#10085,#10018,#9908));
#10099=FACE_OUTER_BOUND('',#10098,.T.);
#10100=FACETED_PRIMITIVE_FACE('',(#10099));
#10101=POLY_LOOP('',(#10085,#10000,#10070));
#10102=FACE_OUTER_BOUND('',#10101,.T.);
#10103=FACETED_PRIMITIVE_FACE('',(#10102));
#10105=POLY_LOOP('',(#10104,#10007,#10041));
#10106=FACE_OUTER_BOUND('',#10105,.T.);
#10107=FACETED_PRIMITIVE_FACE('',(#10106));
#10108=POLY_LOOP('',(#10104,#10034,#9912));
#10109=FACE_OUTER_BOUND('',#10108,.T.);
#10110=FACETED_PRIMITIVE_FACE('',(#10109));
#10111=POLY_LOOP('',(#10104,#9912,#10007));
#10112=FACE_OUTER_BOUND('',#10111,.T.);
#10113=FACETED_PRIMITIVE_FACE('',(#10112));
#10115=POLY_LOOP('',(#10114,#9948,#10011));
#10116=FACE_OUTER_BOUND('',#10115,.T.);
#10117=FACETED_PRIMITIVE_FACE('',(#10116));
#10118=POLY_LOOP('',(#10114,#10051,#9948));
#10119=FACE_OUTER_BOUND('',#10118,.T.);
#10120=FACETED_PRIMITIVE_FACE('',(#10119));
#10122=POLY_LOOP('',(#10121,#10077,#9983));
#10123=FACE_OUTER_BOUND('',#10122,.T.);
#10124=FACETED_PRIMITIVE_FACE('',(#10123));
#10125=POLY_LOOP('',(#10121,#10034,#10104));
#10126=FACE_OUTER_BOUND('',#10125,.T.);
#10127=FACETED_PRIMITIVE_FACE('',(#10126));
#10128=POLY_LOOP('',(#10121,#9983,#10034));
#10129=FACE_OUTER_BOUND('',#10128,.T.);
#10130=FACETED_PRIMITIVE_FACE('',(#10129));
#10132=POLY_LOOP('',(#10131,#10104,#10041));
#10133=FACE_OUTER_BOUND('',#10132,.T.);
#10134=FACETED_PRIMITIVE_FACE('',(#10133));
#10136=POLY_LOOP('',(#10135,#10051,#10114));
#10137=FACE_OUTER_BOUND('',#10136,.T.);
#10138=FACETED_PRIMITIVE_FACE('',(#10137));
#10139=POLY_LOOP('',(#10135,#9976,#10051));
#10140=FACE_OUTER_BOUND('',#10139,.T.);
#10141=FACETED_PRIMITIVE_FACE('',(#10140));
#10142=POLY_LOOP('',(#10135,#10070,#9976));
#10143=FACE_OUTER_BOUND('',#10142,.T.);
#10144=FACETED_PRIMITIVE_FACE('',(#10143));
#10146=POLY_LOOP('',(#10145,#10081,#9990));
#10147=FACE_OUTER_BOUND('',#10146,.T.);
#10148=FACETED_PRIMITIVE_FACE('',(#10147));
#10150=POLY_LOOP('',(#10145,#10060,#10149));
#10151=FACE_OUTER_BOUND('',#10150,.T.);
#10152=FACETED_PRIMITIVE_FACE('',(#10151));
#10154=POLY_LOOP('',(#10145,#10149,#10153));
#10155=FACE_OUTER_BOUND('',#10154,.T.);
#10156=FACETED_PRIMITIVE_FACE('',(#10155));
#10157=POLY_LOOP('',(#10145,#10055,#10060));
#10158=FACE_OUTER_BOUND('',#10157,.T.);
#10159=FACETED_PRIMITIVE_FACE('',(#10158));
#10160=POLY_LOOP('',(#10145,#9990,#10055));
#10161=FACE_OUTER_BOUND('',#10160,.T.);
#10162=FACETED_PRIMITIVE_FACE('',(#10161));
#10164=POLY_LOOP('',(#10163,#8602,#10085));
#10165=FACE_OUTER_BOUND('',#10164,.T.);
#10166=FACETED_PRIMITIVE_FACE('',(#10165));
#10167=POLY_LOOP('',(#10163,#8592,#8602));
#10168=FACE_OUTER_BOUND('',#10167,.T.);
#10169=FACETED_PRIMITIVE_FACE('',(#10168));
#10170=POLY_LOOP('',(#10163,#8579,#8592));
#10171=FACE_OUTER_BOUND('',#10170,.T.);
#10172=FACETED_PRIMITIVE_FACE('',(#10171));
#10173=POLY_LOOP('',(#10163,#10085,#10070));
#10174=FACE_OUTER_BOUND('',#10173,.T.);
#10175=FACETED_PRIMITIVE_FACE('',(#10174));
#10177=POLY_LOOP('',(#10176,#10114,#10011));
#10178=FACE_OUTER_BOUND('',#10177,.T.);
#10179=FACETED_PRIMITIVE_FACE('',(#10178));
#10180=POLY_LOOP('',(#10176,#10011,#10077));
#10181=FACE_OUTER_BOUND('',#10180,.T.);
#10182=FACETED_PRIMITIVE_FACE('',(#10181));
#10184=POLY_LOOP('',(#10183,#10041,#10081));
#10185=FACE_OUTER_BOUND('',#10184,.T.);
#10186=FACETED_PRIMITIVE_FACE('',(#10185));
#10187=POLY_LOOP('',(#10183,#10131,#10041));
#10188=FACE_OUTER_BOUND('',#10187,.T.);
#10189=FACETED_PRIMITIVE_FACE('',(#10188));
#10190=POLY_LOOP('',(#10183,#10081,#10145));
#10191=FACE_OUTER_BOUND('',#10190,.T.);
#10192=FACETED_PRIMITIVE_FACE('',(#10191));
#10194=POLY_LOOP('',(#10193,#10121,#10104));
#10195=FACE_OUTER_BOUND('',#10194,.T.);
#10196=FACETED_PRIMITIVE_FACE('',(#10195));
#10197=POLY_LOOP('',(#10193,#10104,#10131));
#10198=FACE_OUTER_BOUND('',#10197,.T.);
#10199=FACETED_PRIMITIVE_FACE('',(#10198));
#10201=POLY_LOOP('',(#10200,#10135,#10114));
#10202=FACE_OUTER_BOUND('',#10201,.T.);
#10203=FACETED_PRIMITIVE_FACE('',(#10202));
#10204=POLY_LOOP('',(#10200,#10114,#10176));
#10205=FACE_OUTER_BOUND('',#10204,.T.);
#10206=FACETED_PRIMITIVE_FACE('',(#10205));
#10208=POLY_LOOP('',(#10207,#10176,#10077));
#10209=FACE_OUTER_BOUND('',#10208,.T.);
#10210=FACETED_PRIMITIVE_FACE('',(#10209));
#10211=POLY_LOOP('',(#10207,#10121,#10193));
#10212=FACE_OUTER_BOUND('',#10211,.T.);
#10213=FACETED_PRIMITIVE_FACE('',(#10212));
#10214=POLY_LOOP('',(#10207,#10077,#10121));
#10215=FACE_OUTER_BOUND('',#10214,.T.);
#10216=FACETED_PRIMITIVE_FACE('',(#10215));
#10218=POLY_LOOP('',(#10217,#10193,#10131));
#10219=FACE_OUTER_BOUND('',#10218,.T.);
#10220=FACETED_PRIMITIVE_FACE('',(#10219));
#10221=POLY_LOOP('',(#10217,#10131,#10183));
#10222=FACE_OUTER_BOUND('',#10221,.T.);
#10223=FACETED_PRIMITIVE_FACE('',(#10222));
#10225=POLY_LOOP('',(#10224,#10070,#10135));
#10226=FACE_OUTER_BOUND('',#10225,.T.);
#10227=FACETED_PRIMITIVE_FACE('',(#10226));
#10228=POLY_LOOP('',(#10224,#8579,#10163));
#10229=FACE_OUTER_BOUND('',#10228,.T.);
#10230=FACETED_PRIMITIVE_FACE('',(#10229));
#10231=POLY_LOOP('',(#10224,#8572,#8579));
#10232=FACE_OUTER_BOUND('',#10231,.T.);
#10233=FACETED_PRIMITIVE_FACE('',(#10232));
#10234=POLY_LOOP('',(#10224,#8565,#8572));
#10235=FACE_OUTER_BOUND('',#10234,.T.);
#10236=FACETED_PRIMITIVE_FACE('',(#10235));
#10237=POLY_LOOP('',(#10224,#10163,#10070));
#10238=FACE_OUTER_BOUND('',#10237,.T.);
#10239=FACETED_PRIMITIVE_FACE('',(#10238));
#10241=POLY_LOOP('',(#10240,#10183,#10145));
#10242=FACE_OUTER_BOUND('',#10241,.T.);
#10243=FACETED_PRIMITIVE_FACE('',(#10242));
#10244=POLY_LOOP('',(#10240,#10145,#10153));
#10245=FACE_OUTER_BOUND('',#10244,.T.);
#10246=FACETED_PRIMITIVE_FACE('',(#10245));
#10248=POLY_LOOP('',(#10240,#10153,#10247));
#10249=FACE_OUTER_BOUND('',#10248,.T.);
#10250=FACETED_PRIMITIVE_FACE('',(#10249));
#10252=POLY_LOOP('',(#10240,#10247,#10251));
#10253=FACE_OUTER_BOUND('',#10252,.T.);
#10254=FACETED_PRIMITIVE_FACE('',(#10253));
#10256=POLY_LOOP('',(#10255,#10200,#10176));
#10257=FACE_OUTER_BOUND('',#10256,.T.);
#10258=FACETED_PRIMITIVE_FACE('',(#10257));
#10260=POLY_LOOP('',(#10259,#10217,#10183));
#10261=FACE_OUTER_BOUND('',#10260,.T.);
#10262=FACETED_PRIMITIVE_FACE('',(#10261));
#10264=POLY_LOOP('',(#10263,#10207,#10193));
#10265=FACE_OUTER_BOUND('',#10264,.T.);
#10266=FACETED_PRIMITIVE_FACE('',(#10265));
#10268=POLY_LOOP('',(#10267,#10224,#10135));
#10269=FACE_OUTER_BOUND('',#10268,.T.);
#10270=FACETED_PRIMITIVE_FACE('',(#10269));
#10271=POLY_LOOP('',(#10267,#8565,#10224));
#10272=FACE_OUTER_BOUND('',#10271,.T.);
#10273=FACETED_PRIMITIVE_FACE('',(#10272));
#10274=POLY_LOOP('',(#10267,#8558,#8565));
#10275=FACE_OUTER_BOUND('',#10274,.T.);
#10276=FACETED_PRIMITIVE_FACE('',(#10275));
#10277=POLY_LOOP('',(#10267,#8544,#8558));
#10278=FACE_OUTER_BOUND('',#10277,.T.);
#10279=FACETED_PRIMITIVE_FACE('',(#10278));
#10280=POLY_LOOP('',(#10267,#10135,#10200));
#10281=FACE_OUTER_BOUND('',#10280,.T.);
#10282=FACETED_PRIMITIVE_FACE('',(#10281));
#10284=POLY_LOOP('',(#10283,#10176,#10207));
#10285=FACE_OUTER_BOUND('',#10284,.T.);
#10286=FACETED_PRIMITIVE_FACE('',(#10285));
#10287=POLY_LOOP('',(#10283,#10255,#10176));
#10288=FACE_OUTER_BOUND('',#10287,.T.);
#10289=FACETED_PRIMITIVE_FACE('',(#10288));
#10291=POLY_LOOP('',(#10290,#10193,#10217));
#10292=FACE_OUTER_BOUND('',#10291,.T.);
#10293=FACETED_PRIMITIVE_FACE('',(#10292));
#10294=POLY_LOOP('',(#10290,#10263,#10193));
#10295=FACE_OUTER_BOUND('',#10294,.T.);
#10296=FACETED_PRIMITIVE_FACE('',(#10295));
#10298=POLY_LOOP('',(#10297,#10259,#10183));
#10299=FACE_OUTER_BOUND('',#10298,.T.);
#10300=FACETED_PRIMITIVE_FACE('',(#10299));
#10301=POLY_LOOP('',(#10297,#10240,#10251));
#10302=FACE_OUTER_BOUND('',#10301,.T.);
#10303=FACETED_PRIMITIVE_FACE('',(#10302));
#10305=POLY_LOOP('',(#10297,#10251,#10304));
#10306=FACE_OUTER_BOUND('',#10305,.T.);
#10307=FACETED_PRIMITIVE_FACE('',(#10306));
#10309=POLY_LOOP('',(#10297,#10304,#10308));
#10310=FACE_OUTER_BOUND('',#10309,.T.);
#10311=FACETED_PRIMITIVE_FACE('',(#10310));
#10312=POLY_LOOP('',(#10297,#10183,#10240));
#10313=FACE_OUTER_BOUND('',#10312,.T.);
#10314=FACETED_PRIMITIVE_FACE('',(#10313));
#10316=POLY_LOOP('',(#10315,#8523,#8544));
#10317=FACE_OUTER_BOUND('',#10316,.T.);
#10318=FACETED_PRIMITIVE_FACE('',(#10317));
#10319=POLY_LOOP('',(#10315,#8513,#8523));
#10320=FACE_OUTER_BOUND('',#10319,.T.);
#10321=FACETED_PRIMITIVE_FACE('',(#10320));
#10322=POLY_LOOP('',(#10315,#10200,#10255));
#10323=FACE_OUTER_BOUND('',#10322,.T.);
#10324=FACETED_PRIMITIVE_FACE('',(#10323));
#10325=POLY_LOOP('',(#10315,#8544,#10267));
#10326=FACE_OUTER_BOUND('',#10325,.T.);
#10327=FACETED_PRIMITIVE_FACE('',(#10326));
#10328=POLY_LOOP('',(#10315,#10267,#10200));
#10329=FACE_OUTER_BOUND('',#10328,.T.);
#10330=FACETED_PRIMITIVE_FACE('',(#10329));
#10332=POLY_LOOP('',(#10331,#10217,#10259));
#10333=FACE_OUTER_BOUND('',#10332,.T.);
#10334=FACETED_PRIMITIVE_FACE('',(#10333));
#10335=POLY_LOOP('',(#10331,#10259,#10297));
#10336=FACE_OUTER_BOUND('',#10335,.T.);
#10337=FACETED_PRIMITIVE_FACE('',(#10336));
#10338=POLY_LOOP('',(#10331,#10290,#10217));
#10339=FACE_OUTER_BOUND('',#10338,.T.);
#10340=FACETED_PRIMITIVE_FACE('',(#10339));
#10342=POLY_LOOP('',(#10341,#10207,#10263));
#10343=FACE_OUTER_BOUND('',#10342,.T.);
#10344=FACETED_PRIMITIVE_FACE('',(#10343));
#10345=POLY_LOOP('',(#10341,#10283,#10207));
#10346=FACE_OUTER_BOUND('',#10345,.T.);
#10347=FACETED_PRIMITIVE_FACE('',(#10346));
#10349=POLY_LOOP('',(#10348,#8492,#8513));
#10350=FACE_OUTER_BOUND('',#10349,.T.);
#10351=FACETED_PRIMITIVE_FACE('',(#10350));
#10352=POLY_LOOP('',(#10348,#8482,#8492));
#10353=FACE_OUTER_BOUND('',#10352,.T.);
#10354=FACETED_PRIMITIVE_FACE('',(#10353));
#10355=POLY_LOOP('',(#10348,#10255,#10283));
#10356=FACE_OUTER_BOUND('',#10355,.T.);
#10357=FACETED_PRIMITIVE_FACE('',(#10356));
#10358=POLY_LOOP('',(#10348,#8513,#10315));
#10359=FACE_OUTER_BOUND('',#10358,.T.);
#10360=FACETED_PRIMITIVE_FACE('',(#10359));
#10361=POLY_LOOP('',(#10348,#10315,#10255));
#10362=FACE_OUTER_BOUND('',#10361,.T.);
#10363=FACETED_PRIMITIVE_FACE('',(#10362));
#10365=POLY_LOOP('',(#10364,#10263,#10290));
#10366=FACE_OUTER_BOUND('',#10365,.T.);
#10367=FACETED_PRIMITIVE_FACE('',(#10366));
#10368=POLY_LOOP('',(#10364,#10341,#10263));
#10369=FACE_OUTER_BOUND('',#10368,.T.);
#10370=FACETED_PRIMITIVE_FACE('',(#10369));
#10373=POLY_LOOP('',(#10371,#10308,#10372));
#10374=FACE_OUTER_BOUND('',#10373,.T.);
#10375=FACETED_PRIMITIVE_FACE('',(#10374));
#10377=POLY_LOOP('',(#10371,#10372,#10376));
#10378=FACE_OUTER_BOUND('',#10377,.T.);
#10379=FACETED_PRIMITIVE_FACE('',(#10378));
#10380=POLY_LOOP('',(#10371,#10331,#10297));
#10381=FACE_OUTER_BOUND('',#10380,.T.);
#10382=FACETED_PRIMITIVE_FACE('',(#10381));
#10383=POLY_LOOP('',(#10371,#10297,#10308));
#10384=FACE_OUTER_BOUND('',#10383,.T.);
#10385=FACETED_PRIMITIVE_FACE('',(#10384));
#10387=POLY_LOOP('',(#10386,#10290,#10331));
#10388=FACE_OUTER_BOUND('',#10387,.T.);
#10389=FACETED_PRIMITIVE_FACE('',(#10388));
#10390=POLY_LOOP('',(#10386,#10364,#10290));
#10391=FACE_OUTER_BOUND('',#10390,.T.);
#10392=FACETED_PRIMITIVE_FACE('',(#10391));
#10394=POLY_LOOP('',(#10393,#10341,#10364));
#10395=FACE_OUTER_BOUND('',#10394,.T.);
#10396=FACETED_PRIMITIVE_FACE('',(#10395));
#10397=POLY_LOOP('',(#10393,#8470,#8482));
#10398=FACE_OUTER_BOUND('',#10397,.T.);
#10399=FACETED_PRIMITIVE_FACE('',(#10398));
#10400=POLY_LOOP('',(#10393,#8471,#8470));
#10401=FACE_OUTER_BOUND('',#10400,.T.);
#10402=FACETED_PRIMITIVE_FACE('',(#10401));
#10403=POLY_LOOP('',(#10393,#10283,#10341));
#10404=FACE_OUTER_BOUND('',#10403,.T.);
#10405=FACETED_PRIMITIVE_FACE('',(#10404));
#10406=POLY_LOOP('',(#10393,#10348,#10283));
#10407=FACE_OUTER_BOUND('',#10406,.T.);
#10408=FACETED_PRIMITIVE_FACE('',(#10407));
#10409=POLY_LOOP('',(#10393,#8482,#10348));
#10410=FACE_OUTER_BOUND('',#10409,.T.);
#10411=FACETED_PRIMITIVE_FACE('',(#10410));
#10413=POLY_LOOP('',(#10412,#8471,#10393));
#10414=FACE_OUTER_BOUND('',#10413,.T.);
#10415=FACETED_PRIMITIVE_FACE('',(#10414));
#10416=POLY_LOOP('',(#10412,#10393,#10364));
#10417=FACE_OUTER_BOUND('',#10416,.T.);
#10418=FACETED_PRIMITIVE_FACE('',(#10417));
#10421=POLY_LOOP('',(#10419,#10376,#10420));
#10422=FACE_OUTER_BOUND('',#10421,.T.);
#10423=FACETED_PRIMITIVE_FACE('',(#10422));
#10425=POLY_LOOP('',(#10419,#10420,#10424));
#10426=FACE_OUTER_BOUND('',#10425,.T.);
#10427=FACETED_PRIMITIVE_FACE('',(#10426));
#10428=POLY_LOOP('',(#10419,#10371,#10376));
#10429=FACE_OUTER_BOUND('',#10428,.T.);
#10430=FACETED_PRIMITIVE_FACE('',(#10429));
#10431=POLY_LOOP('',(#10419,#10386,#10331));
#10432=FACE_OUTER_BOUND('',#10431,.T.);
#10433=FACETED_PRIMITIVE_FACE('',(#10432));
#10434=POLY_LOOP('',(#10419,#10331,#10371));
#10435=FACE_OUTER_BOUND('',#10434,.T.);
#10436=FACETED_PRIMITIVE_FACE('',(#10435));
#10438=POLY_LOOP('',(#10437,#8471,#10412));
#10439=FACE_OUTER_BOUND('',#10438,.T.);
#10440=FACETED_PRIMITIVE_FACE('',(#10439));
#10441=POLY_LOOP('',(#10437,#10412,#10364));
#10442=FACE_OUTER_BOUND('',#10441,.T.);
#10443=FACETED_PRIMITIVE_FACE('',(#10442));
#10444=POLY_LOOP('',(#10437,#8475,#8471));
#10445=FACE_OUTER_BOUND('',#10444,.T.);
#10446=FACETED_PRIMITIVE_FACE('',(#10445));
#10447=POLY_LOOP('',(#10437,#8499,#8475));
#10448=FACE_OUTER_BOUND('',#10447,.T.);
#10449=FACETED_PRIMITIVE_FACE('',(#10448));
#10450=POLY_LOOP('',(#10437,#10386,#10419));
#10451=FACE_OUTER_BOUND('',#10450,.T.);
#10452=FACETED_PRIMITIVE_FACE('',(#10451));
#10453=POLY_LOOP('',(#10437,#10364,#10386));
#10454=FACE_OUTER_BOUND('',#10453,.T.);
#10455=FACETED_PRIMITIVE_FACE('',(#10454));
#10457=POLY_LOOP('',(#10456,#10437,#10419));
#10458=FACE_OUTER_BOUND('',#10457,.T.);
#10459=FACETED_PRIMITIVE_FACE('',(#10458));
#10460=POLY_LOOP('',(#10456,#8499,#10437));
#10461=FACE_OUTER_BOUND('',#10460,.T.);
#10462=FACETED_PRIMITIVE_FACE('',(#10461));
#10464=POLY_LOOP('',(#10456,#10424,#10463));
#10465=FACE_OUTER_BOUND('',#10464,.T.);
#10466=FACETED_PRIMITIVE_FACE('',(#10465));
#10467=POLY_LOOP('',(#10456,#10463,#9444));
#10468=FACE_OUTER_BOUND('',#10467,.T.);
#10469=FACETED_PRIMITIVE_FACE('',(#10468));
#10470=POLY_LOOP('',(#10456,#9444,#8499));
#10471=FACE_OUTER_BOUND('',#10470,.T.);
#10472=FACETED_PRIMITIVE_FACE('',(#10471));
#10473=POLY_LOOP('',(#10456,#10419,#10424));
#10474=FACE_OUTER_BOUND('',#10473,.T.);
#10475=FACETED_PRIMITIVE_FACE('',(#10474));
#10476=POLY_LOOP('',(#111,#8551,#9443));
#10477=FACE_OUTER_BOUND('',#10476,.T.);
#10478=FACETED_PRIMITIVE_FACE('',(#10477));
#10479=POLY_LOOP('',(#111,#102,#8551));
#10480=FACE_OUTER_BOUND('',#10479,.T.);
#10481=FACETED_PRIMITIVE_FACE('',(#10480));
#10482=POLY_LOOP('',(#112,#9443,#9444));
#10483=FACE_OUTER_BOUND('',#10482,.T.);
#10484=FACETED_PRIMITIVE_FACE('',(#10483));
#10485=POLY_LOOP('',(#112,#111,#9443));
#10486=FACE_OUTER_BOUND('',#10485,.T.);
#10487=FACETED_PRIMITIVE_FACE('',(#10486));
#10488=POLY_LOOP('',(#110,#9444,#10463));
#10489=FACE_OUTER_BOUND('',#10488,.T.);
#10490=FACETED_PRIMITIVE_FACE('',(#10489));
#10491=POLY_LOOP('',(#110,#112,#9444));
#10492=FACE_OUTER_BOUND('',#10491,.T.);
#10493=FACETED_PRIMITIVE_FACE('',(#10492));
#10494=POLY_LOOP('',(#122,#10463,#10424));
#10495=FACE_OUTER_BOUND('',#10494,.T.);
#10496=FACETED_PRIMITIVE_FACE('',(#10495));
#10497=POLY_LOOP('',(#122,#110,#10463));
#10498=FACE_OUTER_BOUND('',#10497,.T.);
#10499=FACETED_PRIMITIVE_FACE('',(#10498));
#10500=POLY_LOOP('',(#117,#10424,#10420));
#10501=FACE_OUTER_BOUND('',#10500,.T.);
#10502=FACETED_PRIMITIVE_FACE('',(#10501));
#10503=POLY_LOOP('',(#117,#122,#10424));
#10504=FACE_OUTER_BOUND('',#10503,.T.);
#10505=FACETED_PRIMITIVE_FACE('',(#10504));
#10506=POLY_LOOP('',(#10376,#118,#117));
#10507=FACE_OUTER_BOUND('',#10506,.T.);
#10508=FACETED_PRIMITIVE_FACE('',(#10507));
#10509=POLY_LOOP('',(#10376,#117,#10420));
#10510=FACE_OUTER_BOUND('',#10509,.T.);
#10511=FACETED_PRIMITIVE_FACE('',(#10510));
#10512=POLY_LOOP('',(#10372,#116,#118));
#10513=FACE_OUTER_BOUND('',#10512,.T.);
#10514=FACETED_PRIMITIVE_FACE('',(#10513));
#10515=POLY_LOOP('',(#10372,#133,#116));
#10516=FACE_OUTER_BOUND('',#10515,.T.);
#10517=FACETED_PRIMITIVE_FACE('',(#10516));
#10518=POLY_LOOP('',(#10372,#118,#10376));
#10519=FACE_OUTER_BOUND('',#10518,.T.);
#10520=FACETED_PRIMITIVE_FACE('',(#10519));
#10521=POLY_LOOP('',(#10308,#132,#133));
#10522=FACE_OUTER_BOUND('',#10521,.T.);
#10523=FACETED_PRIMITIVE_FACE('',(#10522));
#10524=POLY_LOOP('',(#10308,#133,#10372));
#10525=FACE_OUTER_BOUND('',#10524,.T.);
#10526=FACETED_PRIMITIVE_FACE('',(#10525));
#10527=POLY_LOOP('',(#10304,#132,#10308));
#10528=FACE_OUTER_BOUND('',#10527,.T.);
#10529=FACETED_PRIMITIVE_FACE('',(#10528));
#10530=POLY_LOOP('',(#10251,#132,#10304));
#10531=FACE_OUTER_BOUND('',#10530,.T.);
#10532=FACETED_PRIMITIVE_FACE('',(#10531));
#10533=POLY_LOOP('',(#10251,#140,#132));
#10534=FACE_OUTER_BOUND('',#10533,.T.);
#10535=FACETED_PRIMITIVE_FACE('',(#10534));
#10536=POLY_LOOP('',(#10251,#147,#140));
#10537=FACE_OUTER_BOUND('',#10536,.T.);
#10538=FACETED_PRIMITIVE_FACE('',(#10537));
#10539=POLY_LOOP('',(#10247,#147,#10251));
#10540=FACE_OUTER_BOUND('',#10539,.T.);
#10541=FACETED_PRIMITIVE_FACE('',(#10540));
#10542=POLY_LOOP('',(#9421,#8805,#103));
#10543=FACE_OUTER_BOUND('',#10542,.T.);
#10544=FACETED_PRIMITIVE_FACE('',(#10543));
#10545=POLY_LOOP('',(#9421,#103,#152));
#10546=FACE_OUTER_BOUND('',#10545,.T.);
#10547=FACETED_PRIMITIVE_FACE('',(#10546));
#10548=POLY_LOOP('',(#10153,#157,#147));
#10549=FACE_OUTER_BOUND('',#10548,.T.);
#10550=FACETED_PRIMITIVE_FACE('',(#10549));
#10551=POLY_LOOP('',(#10153,#147,#10247));
#10552=FACE_OUTER_BOUND('',#10551,.T.);
#10553=FACETED_PRIMITIVE_FACE('',(#10552));
#10554=POLY_LOOP('',(#9846,#9421,#152));
#10555=FACE_OUTER_BOUND('',#10554,.T.);
#10556=FACETED_PRIMITIVE_FACE('',(#10555));
#10557=POLY_LOOP('',(#9846,#152,#151));
#10558=FACE_OUTER_BOUND('',#10557,.T.);
#10559=FACETED_PRIMITIVE_FACE('',(#10558));
#10560=POLY_LOOP('',(#10149,#157,#10153));
#10561=FACE_OUTER_BOUND('',#10560,.T.);
#10562=FACETED_PRIMITIVE_FACE('',(#10561));
#10563=POLY_LOOP('',(#10149,#156,#157));
#10564=FACE_OUTER_BOUND('',#10563,.T.);
#10565=FACETED_PRIMITIVE_FACE('',(#10564));
#10566=POLY_LOOP('',(#10149,#165,#156));
#10567=FACE_OUTER_BOUND('',#10566,.T.);
#10568=FACETED_PRIMITIVE_FACE('',(#10567));
#10569=POLY_LOOP('',(#9850,#9846,#151));
#10570=FACE_OUTER_BOUND('',#10569,.T.);
#10571=FACETED_PRIMITIVE_FACE('',(#10570));
#10572=POLY_LOOP('',(#9850,#151,#161));
#10573=FACE_OUTER_BOUND('',#10572,.T.);
#10574=FACETED_PRIMITIVE_FACE('',(#10573));
#10575=POLY_LOOP('',(#10060,#165,#10149));
#10576=FACE_OUTER_BOUND('',#10575,.T.);
#10577=FACETED_PRIMITIVE_FACE('',(#10576));
#10578=POLY_LOOP('',(#9968,#9850,#161));
#10579=FACE_OUTER_BOUND('',#10578,.T.);
#10580=FACETED_PRIMITIVE_FACE('',(#10579));
#10581=POLY_LOOP('',(#9968,#161,#169));
#10582=FACE_OUTER_BOUND('',#10581,.T.);
#10583=FACETED_PRIMITIVE_FACE('',(#10582));
#10584=POLY_LOOP('',(#10056,#165,#10060));
#10585=FACE_OUTER_BOUND('',#10584,.T.);
#10586=FACETED_PRIMITIVE_FACE('',(#10585));
#10587=POLY_LOOP('',(#10056,#179,#165));
#10588=FACE_OUTER_BOUND('',#10587,.T.);
#10589=FACETED_PRIMITIVE_FACE('',(#10588));
#10590=POLY_LOOP('',(#10056,#186,#179));
#10591=FACE_OUTER_BOUND('',#10590,.T.);
#10592=FACETED_PRIMITIVE_FACE('',(#10591));
#10593=POLY_LOOP('',(#9972,#9968,#169));
#10594=FACE_OUTER_BOUND('',#10593,.T.);
#10595=FACETED_PRIMITIVE_FACE('',(#10594));
#10596=POLY_LOOP('',(#9972,#186,#10056));
#10597=FACE_OUTER_BOUND('',#10596,.T.);
#10598=FACETED_PRIMITIVE_FACE('',(#10597));
#10599=POLY_LOOP('',(#9972,#169,#186));
#10600=FACE_OUTER_BOUND('',#10599,.T.);
#10601=FACETED_PRIMITIVE_FACE('',(#10600));
#10605=POLY_LOOP('',(#10602,#10603,#10604));
#10606=FACE_OUTER_BOUND('',#10605,.T.);
#10607=FACETED_PRIMITIVE_FACE('',(#10606));
#10609=POLY_LOOP('',(#10602,#10608,#10603));
#10610=FACE_OUTER_BOUND('',#10609,.T.);
#10611=FACETED_PRIMITIVE_FACE('',(#10610));
#10614=POLY_LOOP('',(#10612,#10602,#10613));
#10615=FACE_OUTER_BOUND('',#10614,.T.);
#10616=FACETED_PRIMITIVE_FACE('',(#10615));
#10617=POLY_LOOP('',(#10612,#10608,#10602));
#10618=FACE_OUTER_BOUND('',#10617,.T.);
#10619=FACETED_PRIMITIVE_FACE('',(#10618));
#10621=POLY_LOOP('',(#10612,#10613,#10620));
#10622=FACE_OUTER_BOUND('',#10621,.T.);
#10623=FACETED_PRIMITIVE_FACE('',(#10622));
#10625=POLY_LOOP('',(#10612,#10620,#10624));
#10626=FACE_OUTER_BOUND('',#10625,.T.);
#10627=FACETED_PRIMITIVE_FACE('',(#10626));
#10629=POLY_LOOP('',(#10612,#10624,#10628));
#10630=FACE_OUTER_BOUND('',#10629,.T.);
#10631=FACETED_PRIMITIVE_FACE('',(#10630));
#10633=POLY_LOOP('',(#10612,#10632,#10608));
#10634=FACE_OUTER_BOUND('',#10633,.T.);
#10635=FACETED_PRIMITIVE_FACE('',(#10634));
#10639=POLY_LOOP('',(#10636,#10637,#10638));
#10640=FACE_OUTER_BOUND('',#10639,.T.);
#10641=FACETED_PRIMITIVE_FACE('',(#10640));
#10644=POLY_LOOP('',(#10636,#10642,#10643));
#10645=FACE_OUTER_BOUND('',#10644,.T.);
#10646=FACETED_PRIMITIVE_FACE('',(#10645));
#10650=POLY_LOOP('',(#10647,#10648,#10649));
#10651=FACE_OUTER_BOUND('',#10650,.T.);
#10652=FACETED_PRIMITIVE_FACE('',(#10651));
#10654=POLY_LOOP('',(#10653,#10648,#10647));
#10655=FACE_OUTER_BOUND('',#10654,.T.);
#10656=FACETED_PRIMITIVE_FACE('',(#10655));
#10657=POLY_LOOP('',(#10636,#10638,#10642));
#10658=FACE_OUTER_BOUND('',#10657,.T.);
#10659=FACETED_PRIMITIVE_FACE('',(#10658));
#10661=POLY_LOOP('',(#10660,#10632,#10612));
#10662=FACE_OUTER_BOUND('',#10661,.T.);
#10663=FACETED_PRIMITIVE_FACE('',(#10662));
#10665=POLY_LOOP('',(#10660,#10664,#10632));
#10666=FACE_OUTER_BOUND('',#10665,.T.);
#10667=FACETED_PRIMITIVE_FACE('',(#10666));
#10669=POLY_LOOP('',(#10660,#10628,#10668));
#10670=FACE_OUTER_BOUND('',#10669,.T.);
#10671=FACETED_PRIMITIVE_FACE('',(#10670));
#10673=POLY_LOOP('',(#10660,#10668,#10672));
#10674=FACE_OUTER_BOUND('',#10673,.T.);
#10675=FACETED_PRIMITIVE_FACE('',(#10674));
#10677=POLY_LOOP('',(#10660,#10672,#10676));
#10678=FACE_OUTER_BOUND('',#10677,.T.);
#10679=FACETED_PRIMITIVE_FACE('',(#10678));
#10680=POLY_LOOP('',(#10660,#10612,#10628));
#10681=FACE_OUTER_BOUND('',#10680,.T.);
#10682=FACETED_PRIMITIVE_FACE('',(#10681));
#10685=POLY_LOOP('',(#10683,#10643,#10684));
#10686=FACE_OUTER_BOUND('',#10685,.T.);
#10687=FACETED_PRIMITIVE_FACE('',(#10686));
#10688=POLY_LOOP('',(#10683,#10636,#10643));
#10689=FACE_OUTER_BOUND('',#10688,.T.);
#10690=FACETED_PRIMITIVE_FACE('',(#10689));
#10692=POLY_LOOP('',(#10683,#10684,#10691));
#10693=FACE_OUTER_BOUND('',#10692,.T.);
#10694=FACETED_PRIMITIVE_FACE('',(#10693));
#10696=POLY_LOOP('',(#10695,#10664,#10660));
#10697=FACE_OUTER_BOUND('',#10696,.T.);
#10698=FACETED_PRIMITIVE_FACE('',(#10697));
#10699=POLY_LOOP('',(#10695,#10660,#10676));
#10700=FACE_OUTER_BOUND('',#10699,.T.);
#10701=FACETED_PRIMITIVE_FACE('',(#10700));
#10703=POLY_LOOP('',(#10695,#10676,#10702));
#10704=FACE_OUTER_BOUND('',#10703,.T.);
#10705=FACETED_PRIMITIVE_FACE('',(#10704));
#10707=POLY_LOOP('',(#10695,#10702,#10706));
#10708=FACE_OUTER_BOUND('',#10707,.T.);
#10709=FACETED_PRIMITIVE_FACE('',(#10708));
#10711=POLY_LOOP('',(#10695,#10706,#10710));
#10712=FACE_OUTER_BOUND('',#10711,.T.);
#10713=FACETED_PRIMITIVE_FACE('',(#10712));
#10715=POLY_LOOP('',(#10695,#10710,#10714));
#10716=FACE_OUTER_BOUND('',#10715,.T.);
#10717=FACETED_PRIMITIVE_FACE('',(#10716));
#10719=POLY_LOOP('',(#10695,#10714,#10718));
#10720=FACE_OUTER_BOUND('',#10719,.T.);
#10721=FACETED_PRIMITIVE_FACE('',(#10720));
#10723=POLY_LOOP('',(#10695,#10722,#10664));
#10724=FACE_OUTER_BOUND('',#10723,.T.);
#10725=FACETED_PRIMITIVE_FACE('',(#10724));
#10727=POLY_LOOP('',(#10726,#10637,#10636));
#10728=FACE_OUTER_BOUND('',#10727,.T.);
#10729=FACETED_PRIMITIVE_FACE('',(#10728));
#10731=POLY_LOOP('',(#10726,#10730,#10637));
#10732=FACE_OUTER_BOUND('',#10731,.T.);
#10733=FACETED_PRIMITIVE_FACE('',(#10732));
#10735=POLY_LOOP('',(#10726,#10734,#10730));
#10736=FACE_OUTER_BOUND('',#10735,.T.);
#10737=FACETED_PRIMITIVE_FACE('',(#10736));
#10739=POLY_LOOP('',(#10726,#10738,#10734));
#10740=FACE_OUTER_BOUND('',#10739,.T.);
#10741=FACETED_PRIMITIVE_FACE('',(#10740));
#10743=POLY_LOOP('',(#10742,#10691,#10722));
#10744=FACE_OUTER_BOUND('',#10743,.T.);
#10745=FACETED_PRIMITIVE_FACE('',(#10744));
#10746=POLY_LOOP('',(#10742,#10695,#10718));
#10747=FACE_OUTER_BOUND('',#10746,.T.);
#10748=FACETED_PRIMITIVE_FACE('',(#10747));
#10749=POLY_LOOP('',(#10742,#10722,#10695));
#10750=FACE_OUTER_BOUND('',#10749,.T.);
#10751=FACETED_PRIMITIVE_FACE('',(#10750));
#10753=POLY_LOOP('',(#10742,#10718,#10752));
#10754=FACE_OUTER_BOUND('',#10753,.T.);
#10755=FACETED_PRIMITIVE_FACE('',(#10754));
#10757=POLY_LOOP('',(#10742,#10752,#10756));
#10758=FACE_OUTER_BOUND('',#10757,.T.);
#10759=FACETED_PRIMITIVE_FACE('',(#10758));
#10761=POLY_LOOP('',(#10742,#10756,#10760));
#10762=FACE_OUTER_BOUND('',#10761,.T.);
#10763=FACETED_PRIMITIVE_FACE('',(#10762));
#10765=POLY_LOOP('',(#10764,#10636,#10683));
#10766=FACE_OUTER_BOUND('',#10765,.T.);
#10767=FACETED_PRIMITIVE_FACE('',(#10766));
#10769=POLY_LOOP('',(#10768,#10683,#10691));
#10770=FACE_OUTER_BOUND('',#10769,.T.);
#10771=FACETED_PRIMITIVE_FACE('',(#10770));
#10772=POLY_LOOP('',(#10768,#10742,#10760));
#10773=FACE_OUTER_BOUND('',#10772,.T.);
#10774=FACETED_PRIMITIVE_FACE('',(#10773));
#10775=POLY_LOOP('',(#10768,#10691,#10742));
#10776=FACE_OUTER_BOUND('',#10775,.T.);
#10777=FACETED_PRIMITIVE_FACE('',(#10776));
#10779=POLY_LOOP('',(#10768,#10760,#10778));
#10780=FACE_OUTER_BOUND('',#10779,.T.);
#10781=FACETED_PRIMITIVE_FACE('',(#10780));
#10783=POLY_LOOP('',(#10768,#10778,#10782));
#10784=FACE_OUTER_BOUND('',#10783,.T.);
#10785=FACETED_PRIMITIVE_FACE('',(#10784));
#10787=POLY_LOOP('',(#10786,#10636,#10764));
#10788=FACE_OUTER_BOUND('',#10787,.T.);
#10789=FACETED_PRIMITIVE_FACE('',(#10788));
#10790=POLY_LOOP('',(#10786,#10726,#10636));
#10791=FACE_OUTER_BOUND('',#10790,.T.);
#10792=FACETED_PRIMITIVE_FACE('',(#10791));
#10793=POLY_LOOP('',(#10786,#10738,#10726));
#10794=FACE_OUTER_BOUND('',#10793,.T.);
#10795=FACETED_PRIMITIVE_FACE('',(#10794));
#10797=POLY_LOOP('',(#10786,#10796,#10738));
#10798=FACE_OUTER_BOUND('',#10797,.T.);
#10799=FACETED_PRIMITIVE_FACE('',(#10798));
#10801=POLY_LOOP('',(#10786,#10800,#10796));
#10802=FACE_OUTER_BOUND('',#10801,.T.);
#10803=FACETED_PRIMITIVE_FACE('',(#10802));
#10805=POLY_LOOP('',(#10804,#10683,#10768));
#10806=FACE_OUTER_BOUND('',#10805,.T.);
#10807=FACETED_PRIMITIVE_FACE('',(#10806));
#10808=POLY_LOOP('',(#10804,#10764,#10683));
#10809=FACE_OUTER_BOUND('',#10808,.T.);
#10810=FACETED_PRIMITIVE_FACE('',(#10809));
#10812=POLY_LOOP('',(#10804,#10782,#10811));
#10813=FACE_OUTER_BOUND('',#10812,.T.);
#10814=FACETED_PRIMITIVE_FACE('',(#10813));
#10815=POLY_LOOP('',(#10804,#10768,#10782));
#10816=FACE_OUTER_BOUND('',#10815,.T.);
#10817=FACETED_PRIMITIVE_FACE('',(#10816));
#10819=POLY_LOOP('',(#10804,#10811,#10818));
#10820=FACE_OUTER_BOUND('',#10819,.T.);
#10821=FACETED_PRIMITIVE_FACE('',(#10820));
#10823=POLY_LOOP('',(#10804,#10818,#10822));
#10824=FACE_OUTER_BOUND('',#10823,.T.);
#10825=FACETED_PRIMITIVE_FACE('',(#10824));
#10827=POLY_LOOP('',(#10826,#10804,#10822));
#10828=FACE_OUTER_BOUND('',#10827,.T.);
#10829=FACETED_PRIMITIVE_FACE('',(#10828));
#10832=POLY_LOOP('',(#10826,#10830,#10831));
#10833=FACE_OUTER_BOUND('',#10832,.T.);
#10834=FACETED_PRIMITIVE_FACE('',(#10833));
#10835=POLY_LOOP('',(#10826,#10764,#10804));
#10836=FACE_OUTER_BOUND('',#10835,.T.);
#10837=FACETED_PRIMITIVE_FACE('',(#10836));
#10838=POLY_LOOP('',(#10826,#10786,#10764));
#10839=FACE_OUTER_BOUND('',#10838,.T.);
#10840=FACETED_PRIMITIVE_FACE('',(#10839));
#10841=POLY_LOOP('',(#10826,#10822,#10830));
#10842=FACE_OUTER_BOUND('',#10841,.T.);
#10843=FACETED_PRIMITIVE_FACE('',(#10842));
#10844=POLY_LOOP('',(#10826,#10800,#10786));
#10845=FACE_OUTER_BOUND('',#10844,.T.);
#10846=FACETED_PRIMITIVE_FACE('',(#10845));
#10848=POLY_LOOP('',(#10826,#10847,#10800));
#10849=FACE_OUTER_BOUND('',#10848,.T.);
#10850=FACETED_PRIMITIVE_FACE('',(#10849));
#10851=POLY_LOOP('',(#10826,#10831,#10847));
#10852=FACE_OUTER_BOUND('',#10851,.T.);
#10853=FACETED_PRIMITIVE_FACE('',(#10852));
#10857=POLY_LOOP('',(#10854,#10855,#10856));
#10858=FACE_OUTER_BOUND('',#10857,.T.);
#10859=FACETED_PRIMITIVE_FACE('',(#10858));
#10862=POLY_LOOP('',(#10860,#10861,#10855));
#10863=FACE_OUTER_BOUND('',#10862,.T.);
#10864=FACETED_PRIMITIVE_FACE('',(#10863));
#10867=POLY_LOOP('',(#10865,#10866,#10861));
#10868=FACE_OUTER_BOUND('',#10867,.T.);
#10869=FACETED_PRIMITIVE_FACE('',(#10868));
#10872=POLY_LOOP('',(#10870,#10871,#10866));
#10873=FACE_OUTER_BOUND('',#10872,.T.);
#10874=FACETED_PRIMITIVE_FACE('',(#10873));
#10877=POLY_LOOP('',(#10875,#10876,#10871));
#10878=FACE_OUTER_BOUND('',#10877,.T.);
#10879=FACETED_PRIMITIVE_FACE('',(#10878));
#10882=POLY_LOOP('',(#10880,#10881,#10876));
#10883=FACE_OUTER_BOUND('',#10882,.T.);
#10884=FACETED_PRIMITIVE_FACE('',(#10883));
#10887=POLY_LOOP('',(#10885,#10886,#10881));
#10888=FACE_OUTER_BOUND('',#10887,.T.);
#10889=FACETED_PRIMITIVE_FACE('',(#10888));
#10892=POLY_LOOP('',(#10890,#10891,#10886));
#10893=FACE_OUTER_BOUND('',#10892,.T.);
#10894=FACETED_PRIMITIVE_FACE('',(#10893));
#10897=POLY_LOOP('',(#10895,#10856,#10896));
#10898=FACE_OUTER_BOUND('',#10897,.T.);
#10899=FACETED_PRIMITIVE_FACE('',(#10898));
#10900=POLY_LOOP('',(#10895,#10854,#10856));
#10901=FACE_OUTER_BOUND('',#10900,.T.);
#10902=FACETED_PRIMITIVE_FACE('',(#10901));
#10904=POLY_LOOP('',(#10903,#10855,#10854));
#10905=FACE_OUTER_BOUND('',#10904,.T.);
#10906=FACETED_PRIMITIVE_FACE('',(#10905));
#10908=POLY_LOOP('',(#10903,#10907,#10855));
#10909=FACE_OUTER_BOUND('',#10908,.T.);
#10910=FACETED_PRIMITIVE_FACE('',(#10909));
#10912=POLY_LOOP('',(#10911,#10860,#10855));
#10913=FACE_OUTER_BOUND('',#10912,.T.);
#10914=FACETED_PRIMITIVE_FACE('',(#10913));
#10915=POLY_LOOP('',(#10911,#10855,#10907));
#10916=FACE_OUTER_BOUND('',#10915,.T.);
#10917=FACETED_PRIMITIVE_FACE('',(#10916));
#10920=POLY_LOOP('',(#10918,#10919,#10861));
#10921=FACE_OUTER_BOUND('',#10920,.T.);
#10922=FACETED_PRIMITIVE_FACE('',(#10921));
#10923=POLY_LOOP('',(#10918,#10861,#10860));
#10924=FACE_OUTER_BOUND('',#10923,.T.);
#10925=FACETED_PRIMITIVE_FACE('',(#10924));
#10927=POLY_LOOP('',(#10926,#10861,#10919));
#10928=FACE_OUTER_BOUND('',#10927,.T.);
#10929=FACETED_PRIMITIVE_FACE('',(#10928));
#10930=POLY_LOOP('',(#10926,#10865,#10861));
#10931=FACE_OUTER_BOUND('',#10930,.T.);
#10932=FACETED_PRIMITIVE_FACE('',(#10931));
#10935=POLY_LOOP('',(#10933,#10934,#10866));
#10936=FACE_OUTER_BOUND('',#10935,.T.);
#10937=FACETED_PRIMITIVE_FACE('',(#10936));
#10938=POLY_LOOP('',(#10933,#10866,#10865));
#10939=FACE_OUTER_BOUND('',#10938,.T.);
#10940=FACETED_PRIMITIVE_FACE('',(#10939));
#10942=POLY_LOOP('',(#10941,#10866,#10934));
#10943=FACE_OUTER_BOUND('',#10942,.T.);
#10944=FACETED_PRIMITIVE_FACE('',(#10943));
#10945=POLY_LOOP('',(#10941,#10870,#10866));
#10946=FACE_OUTER_BOUND('',#10945,.T.);
#10947=FACETED_PRIMITIVE_FACE('',(#10946));
#10949=POLY_LOOP('',(#10948,#10871,#10870));
#10950=FACE_OUTER_BOUND('',#10949,.T.);
#10951=FACETED_PRIMITIVE_FACE('',(#10950));
#10953=POLY_LOOP('',(#10948,#10952,#10871));
#10954=FACE_OUTER_BOUND('',#10953,.T.);
#10955=FACETED_PRIMITIVE_FACE('',(#10954));
#10957=POLY_LOOP('',(#10956,#10875,#10871));
#10958=FACE_OUTER_BOUND('',#10957,.T.);
#10959=FACETED_PRIMITIVE_FACE('',(#10958));
#10960=POLY_LOOP('',(#10956,#10871,#10952));
#10961=FACE_OUTER_BOUND('',#10960,.T.);
#10962=FACETED_PRIMITIVE_FACE('',(#10961));
#10964=POLY_LOOP('',(#10963,#10876,#10875));
#10965=FACE_OUTER_BOUND('',#10964,.T.);
#10966=FACETED_PRIMITIVE_FACE('',(#10965));
#10968=POLY_LOOP('',(#10963,#10967,#10876));
#10969=FACE_OUTER_BOUND('',#10968,.T.);
#10970=FACETED_PRIMITIVE_FACE('',(#10969));
#10972=POLY_LOOP('',(#10971,#10880,#10876));
#10973=FACE_OUTER_BOUND('',#10972,.T.);
#10974=FACETED_PRIMITIVE_FACE('',(#10973));
#10975=POLY_LOOP('',(#10971,#10876,#10967));
#10976=FACE_OUTER_BOUND('',#10975,.T.);
#10977=FACETED_PRIMITIVE_FACE('',(#10976));
#10980=POLY_LOOP('',(#10978,#10979,#10881));
#10981=FACE_OUTER_BOUND('',#10980,.T.);
#10982=FACETED_PRIMITIVE_FACE('',(#10981));
#10983=POLY_LOOP('',(#10978,#10881,#10880));
#10984=FACE_OUTER_BOUND('',#10983,.T.);
#10985=FACETED_PRIMITIVE_FACE('',(#10984));
#10987=POLY_LOOP('',(#10986,#10885,#10881));
#10988=FACE_OUTER_BOUND('',#10987,.T.);
#10989=FACETED_PRIMITIVE_FACE('',(#10988));
#10990=POLY_LOOP('',(#10986,#10881,#10979));
#10991=FACE_OUTER_BOUND('',#10990,.T.);
#10992=FACETED_PRIMITIVE_FACE('',(#10991));
#10994=POLY_LOOP('',(#10993,#10886,#10885));
#10995=FACE_OUTER_BOUND('',#10994,.T.);
#10996=FACETED_PRIMITIVE_FACE('',(#10995));
#10998=POLY_LOOP('',(#10993,#10997,#10886));
#10999=FACE_OUTER_BOUND('',#10998,.T.);
#11000=FACETED_PRIMITIVE_FACE('',(#10999));
#11002=POLY_LOOP('',(#11001,#10890,#10886));
#11003=FACE_OUTER_BOUND('',#11002,.T.);
#11004=FACETED_PRIMITIVE_FACE('',(#11003));
#11005=POLY_LOOP('',(#11001,#10886,#10997));
#11006=FACE_OUTER_BOUND('',#11005,.T.);
#11007=FACETED_PRIMITIVE_FACE('',(#11006));
#11009=POLY_LOOP('',(#11008,#10891,#10890));
#11010=FACE_OUTER_BOUND('',#11009,.T.);
#11011=FACETED_PRIMITIVE_FACE('',(#11010));
#11013=POLY_LOOP('',(#11008,#11012,#10891));
#11014=FACE_OUTER_BOUND('',#11013,.T.);
#11015=FACETED_PRIMITIVE_FACE('',(#11014));
#11019=POLY_LOOP('',(#11016,#11017,#11018));
#11020=FACE_OUTER_BOUND('',#11019,.T.);
#11021=FACETED_PRIMITIVE_FACE('',(#11020));
#11023=POLY_LOOP('',(#11022,#10896,#11017));
#11024=FACE_OUTER_BOUND('',#11023,.T.);
#11025=FACETED_PRIMITIVE_FACE('',(#11024));
#11026=POLY_LOOP('',(#11022,#11017,#11016));
#11027=FACE_OUTER_BOUND('',#11026,.T.);
#11028=FACETED_PRIMITIVE_FACE('',(#11027));
#11029=POLY_LOOP('',(#11022,#10895,#10896));
#11030=FACE_OUTER_BOUND('',#11029,.T.);
#11031=FACETED_PRIMITIVE_FACE('',(#11030));
#11035=POLY_LOOP('',(#11032,#11033,#11034));
#11036=FACE_OUTER_BOUND('',#11035,.T.);
#11037=FACETED_PRIMITIVE_FACE('',(#11036));
#11039=POLY_LOOP('',(#11038,#10907,#10903));
#11040=FACE_OUTER_BOUND('',#11039,.T.);
#11041=FACETED_PRIMITIVE_FACE('',(#11040));
#11042=POLY_LOOP('',(#11038,#11032,#11034));
#11043=FACE_OUTER_BOUND('',#11042,.T.);
#11044=FACETED_PRIMITIVE_FACE('',(#11043));
#11045=POLY_LOOP('',(#11038,#11034,#10907));
#11046=FACE_OUTER_BOUND('',#11045,.T.);
#11047=FACETED_PRIMITIVE_FACE('',(#11046));
#11049=POLY_LOOP('',(#11048,#11034,#11033));
#11050=FACE_OUTER_BOUND('',#11049,.T.);
#11051=FACETED_PRIMITIVE_FACE('',(#11050));
#11053=POLY_LOOP('',(#11052,#11034,#11048));
#11054=FACE_OUTER_BOUND('',#11053,.T.);
#11055=FACETED_PRIMITIVE_FACE('',(#11054));
#11056=POLY_LOOP('',(#11052,#10907,#11034));
#11057=FACE_OUTER_BOUND('',#11056,.T.);
#11058=FACETED_PRIMITIVE_FACE('',(#11057));
#11059=POLY_LOOP('',(#11052,#10911,#10907));
#11060=FACE_OUTER_BOUND('',#11059,.T.);
#11061=FACETED_PRIMITIVE_FACE('',(#11060));
#11065=POLY_LOOP('',(#11062,#11063,#11064));
#11066=FACE_OUTER_BOUND('',#11065,.T.);
#11067=FACETED_PRIMITIVE_FACE('',(#11066));
#11071=POLY_LOOP('',(#11068,#11069,#11070));
#11072=FACE_OUTER_BOUND('',#11071,.T.);
#11073=FACETED_PRIMITIVE_FACE('',(#11072));
#11075=POLY_LOOP('',(#11074,#10919,#10918));
#11076=FACE_OUTER_BOUND('',#11075,.T.);
#11077=FACETED_PRIMITIVE_FACE('',(#11076));
#11078=POLY_LOOP('',(#11074,#11070,#10919));
#11079=FACE_OUTER_BOUND('',#11078,.T.);
#11080=FACETED_PRIMITIVE_FACE('',(#11079));
#11081=POLY_LOOP('',(#11074,#11068,#11070));
#11082=FACE_OUTER_BOUND('',#11081,.T.);
#11083=FACETED_PRIMITIVE_FACE('',(#11082));
#11085=POLY_LOOP('',(#11084,#11070,#11069));
#11086=FACE_OUTER_BOUND('',#11085,.T.);
#11087=FACETED_PRIMITIVE_FACE('',(#11086));
#11089=POLY_LOOP('',(#11088,#10919,#11070));
#11090=FACE_OUTER_BOUND('',#11089,.T.);
#11091=FACETED_PRIMITIVE_FACE('',(#11090));
#11092=POLY_LOOP('',(#11088,#11070,#11084));
#11093=FACE_OUTER_BOUND('',#11092,.T.);
#11094=FACETED_PRIMITIVE_FACE('',(#11093));
#11095=POLY_LOOP('',(#11088,#10926,#10919));
#11096=FACE_OUTER_BOUND('',#11095,.T.);
#11097=FACETED_PRIMITIVE_FACE('',(#11096));
#11099=POLY_LOOP('',(#11098,#11063,#11062));
#11100=FACE_OUTER_BOUND('',#11099,.T.);
#11101=FACETED_PRIMITIVE_FACE('',(#11100));
#11105=POLY_LOOP('',(#11102,#11103,#11104));
#11106=FACE_OUTER_BOUND('',#11105,.T.);
#11107=FACETED_PRIMITIVE_FACE('',(#11106));
#11109=POLY_LOOP('',(#11108,#11104,#10934));
#11110=FACE_OUTER_BOUND('',#11109,.T.);
#11111=FACETED_PRIMITIVE_FACE('',(#11110));
#11112=POLY_LOOP('',(#11108,#11102,#11104));
#11113=FACE_OUTER_BOUND('',#11112,.T.);
#11114=FACETED_PRIMITIVE_FACE('',(#11113));
#11115=POLY_LOOP('',(#11108,#10934,#10933));
#11116=FACE_OUTER_BOUND('',#11115,.T.);
#11117=FACETED_PRIMITIVE_FACE('',(#11116));
#11119=POLY_LOOP('',(#11118,#11104,#11103));
#11120=FACE_OUTER_BOUND('',#11119,.T.);
#11121=FACETED_PRIMITIVE_FACE('',(#11120));
#11123=POLY_LOOP('',(#11122,#10934,#11104));
#11124=FACE_OUTER_BOUND('',#11123,.T.);
#11125=FACETED_PRIMITIVE_FACE('',(#11124));
#11126=POLY_LOOP('',(#11122,#11104,#11118));
#11127=FACE_OUTER_BOUND('',#11126,.T.);
#11128=FACETED_PRIMITIVE_FACE('',(#11127));
#11129=POLY_LOOP('',(#11122,#10941,#10934));
#11130=FACE_OUTER_BOUND('',#11129,.T.);
#11131=FACETED_PRIMITIVE_FACE('',(#11130));
#11134=POLY_LOOP('',(#10647,#11132,#11133));
#11135=FACE_OUTER_BOUND('',#11134,.T.);
#11136=FACETED_PRIMITIVE_FACE('',(#11135));
#11138=POLY_LOOP('',(#10647,#11137,#11132));
#11139=FACE_OUTER_BOUND('',#11138,.T.);
#11140=FACETED_PRIMITIVE_FACE('',(#11139));
#11141=POLY_LOOP('',(#10647,#10649,#11137));
#11142=FACE_OUTER_BOUND('',#11141,.T.);
#11143=FACETED_PRIMITIVE_FACE('',(#11142));
#11145=POLY_LOOP('',(#11144,#10831,#11063));
#11146=FACE_OUTER_BOUND('',#11145,.T.);
#11147=FACETED_PRIMITIVE_FACE('',(#11146));
#11148=POLY_LOOP('',(#11144,#11063,#11098));
#11149=FACE_OUTER_BOUND('',#11148,.T.);
#11150=FACETED_PRIMITIVE_FACE('',(#11149));
#11154=POLY_LOOP('',(#11151,#11152,#11153));
#11155=FACE_OUTER_BOUND('',#11154,.T.);
#11156=FACETED_PRIMITIVE_FACE('',(#11155));
#11158=POLY_LOOP('',(#11157,#11151,#11153));
#11159=FACE_OUTER_BOUND('',#11158,.T.);
#11160=FACETED_PRIMITIVE_FACE('',(#11159));
#11161=POLY_LOOP('',(#11157,#10952,#10948));
#11162=FACE_OUTER_BOUND('',#11161,.T.);
#11163=FACETED_PRIMITIVE_FACE('',(#11162));
#11164=POLY_LOOP('',(#11157,#11153,#10952));
#11165=FACE_OUTER_BOUND('',#11164,.T.);
#11166=FACETED_PRIMITIVE_FACE('',(#11165));
#11168=POLY_LOOP('',(#11167,#11153,#11152));
#11169=FACE_OUTER_BOUND('',#11168,.T.);
#11170=FACETED_PRIMITIVE_FACE('',(#11169));
#11172=POLY_LOOP('',(#11171,#10956,#10952));
#11173=FACE_OUTER_BOUND('',#11172,.T.);
#11174=FACETED_PRIMITIVE_FACE('',(#11173));
#11175=POLY_LOOP('',(#11171,#10952,#11153));
#11176=FACE_OUTER_BOUND('',#11175,.T.);
#11177=FACETED_PRIMITIVE_FACE('',(#11176));
#11178=POLY_LOOP('',(#11171,#11153,#11167));
#11179=FACE_OUTER_BOUND('',#11178,.T.);
#11180=FACETED_PRIMITIVE_FACE('',(#11179));
#11184=POLY_LOOP('',(#11181,#11182,#11183));
#11185=FACE_OUTER_BOUND('',#11184,.T.);
#11186=FACETED_PRIMITIVE_FACE('',(#11185));
#11188=POLY_LOOP('',(#11187,#11181,#11183));
#11189=FACE_OUTER_BOUND('',#11188,.T.);
#11190=FACETED_PRIMITIVE_FACE('',(#11189));
#11191=POLY_LOOP('',(#11187,#10967,#10963));
#11192=FACE_OUTER_BOUND('',#11191,.T.);
#11193=FACETED_PRIMITIVE_FACE('',(#11192));
#11194=POLY_LOOP('',(#11187,#11183,#10967));
#11195=FACE_OUTER_BOUND('',#11194,.T.);
#11196=FACETED_PRIMITIVE_FACE('',(#11195));
#11198=POLY_LOOP('',(#11197,#11183,#11182));
#11199=FACE_OUTER_BOUND('',#11198,.T.);
#11200=FACETED_PRIMITIVE_FACE('',(#11199));
#11202=POLY_LOOP('',(#11201,#11183,#11197));
#11203=FACE_OUTER_BOUND('',#11202,.T.);
#11204=FACETED_PRIMITIVE_FACE('',(#11203));
#11205=POLY_LOOP('',(#11201,#10971,#10967));
#11206=FACE_OUTER_BOUND('',#11205,.T.);
#11207=FACETED_PRIMITIVE_FACE('',(#11206));
#11208=POLY_LOOP('',(#11201,#10967,#11183));
#11209=FACE_OUTER_BOUND('',#11208,.T.);
#11210=FACETED_PRIMITIVE_FACE('',(#11209));
#11214=POLY_LOOP('',(#11211,#11212,#11213));
#11215=FACE_OUTER_BOUND('',#11214,.T.);
#11216=FACETED_PRIMITIVE_FACE('',(#11215));
#11218=POLY_LOOP('',(#11217,#11213,#10979));
#11219=FACE_OUTER_BOUND('',#11218,.T.);
#11220=FACETED_PRIMITIVE_FACE('',(#11219));
#11221=POLY_LOOP('',(#11217,#11211,#11213));
#11222=FACE_OUTER_BOUND('',#11221,.T.);
#11223=FACETED_PRIMITIVE_FACE('',(#11222));
#11224=POLY_LOOP('',(#11217,#10979,#10978));
#11225=FACE_OUTER_BOUND('',#11224,.T.);
#11226=FACETED_PRIMITIVE_FACE('',(#11225));
#11228=POLY_LOOP('',(#11227,#11213,#11212));
#11229=FACE_OUTER_BOUND('',#11228,.T.);
#11230=FACETED_PRIMITIVE_FACE('',(#11229));
#11232=POLY_LOOP('',(#11231,#10979,#11213));
#11233=FACE_OUTER_BOUND('',#11232,.T.);
#11234=FACETED_PRIMITIVE_FACE('',(#11233));
#11235=POLY_LOOP('',(#11231,#11213,#11227));
#11236=FACE_OUTER_BOUND('',#11235,.T.);
#11237=FACETED_PRIMITIVE_FACE('',(#11236));
#11238=POLY_LOOP('',(#11231,#10986,#10979));
#11239=FACE_OUTER_BOUND('',#11238,.T.);
#11240=FACETED_PRIMITIVE_FACE('',(#11239));
#11244=POLY_LOOP('',(#11241,#11242,#11243));
#11245=FACE_OUTER_BOUND('',#11244,.T.);
#11246=FACETED_PRIMITIVE_FACE('',(#11245));
#11248=POLY_LOOP('',(#11247,#10997,#10993));
#11249=FACE_OUTER_BOUND('',#11248,.T.);
#11250=FACETED_PRIMITIVE_FACE('',(#11249));
#11251=POLY_LOOP('',(#11247,#11241,#11243));
#11252=FACE_OUTER_BOUND('',#11251,.T.);
#11253=FACETED_PRIMITIVE_FACE('',(#11252));
#11254=POLY_LOOP('',(#11247,#11243,#10997));
#11255=FACE_OUTER_BOUND('',#11254,.T.);
#11256=FACETED_PRIMITIVE_FACE('',(#11255));
#11258=POLY_LOOP('',(#11257,#11243,#11242));
#11259=FACE_OUTER_BOUND('',#11258,.T.);
#11260=FACETED_PRIMITIVE_FACE('',(#11259));
#11262=POLY_LOOP('',(#11261,#11001,#10997));
#11263=FACE_OUTER_BOUND('',#11262,.T.);
#11264=FACETED_PRIMITIVE_FACE('',(#11263));
#11265=POLY_LOOP('',(#11261,#11243,#11257));
#11266=FACE_OUTER_BOUND('',#11265,.T.);
#11267=FACETED_PRIMITIVE_FACE('',(#11266));
#11268=POLY_LOOP('',(#11261,#10997,#11243));
#11269=FACE_OUTER_BOUND('',#11268,.T.);
#11270=FACETED_PRIMITIVE_FACE('',(#11269));
#11274=POLY_LOOP('',(#11271,#11272,#11273));
#11275=FACE_OUTER_BOUND('',#11274,.T.);
#11276=FACETED_PRIMITIVE_FACE('',(#11275));
#11278=POLY_LOOP('',(#11277,#11273,#11012));
#11279=FACE_OUTER_BOUND('',#11278,.T.);
#11280=FACETED_PRIMITIVE_FACE('',(#11279));
#11281=POLY_LOOP('',(#11277,#11271,#11273));
#11282=FACE_OUTER_BOUND('',#11281,.T.);
#11283=FACETED_PRIMITIVE_FACE('',(#11282));
#11284=POLY_LOOP('',(#11277,#11012,#11008));
#11285=FACE_OUTER_BOUND('',#11284,.T.);
#11286=FACETED_PRIMITIVE_FACE('',(#11285));
#11290=POLY_LOOP('',(#11287,#11288,#11289));
#11291=FACE_OUTER_BOUND('',#11290,.T.);
#11292=FACETED_PRIMITIVE_FACE('',(#11291));
#11293=POLY_LOOP('',(#11287,#11016,#11018));
#11294=FACE_OUTER_BOUND('',#11293,.T.);
#11295=FACETED_PRIMITIVE_FACE('',(#11294));
#11297=POLY_LOOP('',(#11287,#11296,#11288));
#11298=FACE_OUTER_BOUND('',#11297,.T.);
#11299=FACETED_PRIMITIVE_FACE('',(#11298));
#11301=POLY_LOOP('',(#11287,#11018,#11300));
#11302=FACE_OUTER_BOUND('',#11301,.T.);
#11303=FACETED_PRIMITIVE_FACE('',(#11302));
#11304=POLY_LOOP('',(#11287,#11300,#11296));
#11305=FACE_OUTER_BOUND('',#11304,.T.);
#11306=FACETED_PRIMITIVE_FACE('',(#11305));
#11308=POLY_LOOP('',(#11307,#11022,#11016));
#11309=FACE_OUTER_BOUND('',#11308,.T.);
#11310=FACETED_PRIMITIVE_FACE('',(#11309));
#11311=POLY_LOOP('',(#11307,#10895,#11022));
#11312=FACE_OUTER_BOUND('',#11311,.T.);
#11313=FACETED_PRIMITIVE_FACE('',(#11312));
#11315=POLY_LOOP('',(#11314,#11289,#11033));
#11316=FACE_OUTER_BOUND('',#11315,.T.);
#11317=FACETED_PRIMITIVE_FACE('',(#11316));
#11319=POLY_LOOP('',(#11314,#11318,#11287));
#11320=FACE_OUTER_BOUND('',#11319,.T.);
#11321=FACETED_PRIMITIVE_FACE('',(#11320));
#11322=POLY_LOOP('',(#11314,#11287,#11289));
#11323=FACE_OUTER_BOUND('',#11322,.T.);
#11324=FACETED_PRIMITIVE_FACE('',(#11323));
#11325=POLY_LOOP('',(#11314,#11032,#11318));
#11326=FACE_OUTER_BOUND('',#11325,.T.);
#11327=FACETED_PRIMITIVE_FACE('',(#11326));
#11328=POLY_LOOP('',(#11314,#11033,#11032));
#11329=FACE_OUTER_BOUND('',#11328,.T.);
#11330=FACETED_PRIMITIVE_FACE('',(#11329));
#11332=POLY_LOOP('',(#11331,#10854,#10895));
#11333=FACE_OUTER_BOUND('',#11332,.T.);
#11334=FACETED_PRIMITIVE_FACE('',(#11333));
#11335=POLY_LOOP('',(#11331,#10903,#10854));
#11336=FACE_OUTER_BOUND('',#11335,.T.);
#11337=FACETED_PRIMITIVE_FACE('',(#11336));
#11338=POLY_LOOP('',(#11331,#10895,#11307));
#11339=FACE_OUTER_BOUND('',#11338,.T.);
#11340=FACETED_PRIMITIVE_FACE('',(#11339));
#11342=POLY_LOOP('',(#11341,#11038,#10903));
#11343=FACE_OUTER_BOUND('',#11342,.T.);
#11344=FACETED_PRIMITIVE_FACE('',(#11343));
#11345=POLY_LOOP('',(#11341,#11318,#11032));
#11346=FACE_OUTER_BOUND('',#11345,.T.);
#11347=FACETED_PRIMITIVE_FACE('',(#11346));
#11348=POLY_LOOP('',(#11341,#11032,#11038));
#11349=FACE_OUTER_BOUND('',#11348,.T.);
#11350=FACETED_PRIMITIVE_FACE('',(#11349));
#11351=POLY_LOOP('',(#11341,#10903,#11331));
#11352=FACE_OUTER_BOUND('',#11351,.T.);
#11353=FACETED_PRIMITIVE_FACE('',(#11352));
#11354=POLY_LOOP('',(#11341,#11331,#11318));
#11355=FACE_OUTER_BOUND('',#11354,.T.);
#11356=FACETED_PRIMITIVE_FACE('',(#11355));
#11358=POLY_LOOP('',(#11357,#11033,#11289));
#11359=FACE_OUTER_BOUND('',#11358,.T.);
#11360=FACETED_PRIMITIVE_FACE('',(#11359));
#11361=POLY_LOOP('',(#11357,#11048,#11033));
#11362=FACE_OUTER_BOUND('',#11361,.T.);
#11363=FACETED_PRIMITIVE_FACE('',(#11362));
#11365=POLY_LOOP('',(#11357,#11364,#11048));
#11366=FACE_OUTER_BOUND('',#11365,.T.);
#11367=FACETED_PRIMITIVE_FACE('',(#11366));
#11369=POLY_LOOP('',(#11368,#11357,#11289));
#11370=FACE_OUTER_BOUND('',#11369,.T.);
#11371=FACETED_PRIMITIVE_FACE('',(#11370));
#11374=POLY_LOOP('',(#11368,#11372,#11373));
#11375=FACE_OUTER_BOUND('',#11374,.T.);
#11376=FACETED_PRIMITIVE_FACE('',(#11375));
#11377=POLY_LOOP('',(#11368,#11289,#11288));
#11378=FACE_OUTER_BOUND('',#11377,.T.);
#11379=FACETED_PRIMITIVE_FACE('',(#11378));
#11380=POLY_LOOP('',(#11368,#11373,#11069));
#11381=FACE_OUTER_BOUND('',#11380,.T.);
#11382=FACETED_PRIMITIVE_FACE('',(#11381));
#11383=POLY_LOOP('',(#11368,#11069,#11068));
#11384=FACE_OUTER_BOUND('',#11383,.T.);
#11385=FACETED_PRIMITIVE_FACE('',(#11384));
#11386=POLY_LOOP('',(#11368,#11364,#11357));
#11387=FACE_OUTER_BOUND('',#11386,.T.);
#11388=FACETED_PRIMITIVE_FACE('',(#11387));
#11389=POLY_LOOP('',(#11368,#11288,#11372));
#11390=FACE_OUTER_BOUND('',#11389,.T.);
#11391=FACETED_PRIMITIVE_FACE('',(#11390));
#11393=POLY_LOOP('',(#11392,#11052,#11048));
#11394=FACE_OUTER_BOUND('',#11393,.T.);
#11395=FACETED_PRIMITIVE_FACE('',(#11394));
#11396=POLY_LOOP('',(#11392,#10911,#11052));
#11397=FACE_OUTER_BOUND('',#11396,.T.);
#11398=FACETED_PRIMITIVE_FACE('',(#11397));
#11399=POLY_LOOP('',(#11392,#11048,#11364));
#11400=FACE_OUTER_BOUND('',#11399,.T.);
#11401=FACETED_PRIMITIVE_FACE('',(#11400));
#11403=POLY_LOOP('',(#11402,#10918,#10860));
#11404=FACE_OUTER_BOUND('',#11403,.T.);
#11405=FACETED_PRIMITIVE_FACE('',(#11404));
#11406=POLY_LOOP('',(#11402,#11392,#11364));
#11407=FACE_OUTER_BOUND('',#11406,.T.);
#11408=FACETED_PRIMITIVE_FACE('',(#11407));
#11409=POLY_LOOP('',(#11402,#10860,#10911));
#11410=FACE_OUTER_BOUND('',#11409,.T.);
#11411=FACETED_PRIMITIVE_FACE('',(#11410));
#11412=POLY_LOOP('',(#11402,#10911,#11392));
#11413=FACE_OUTER_BOUND('',#11412,.T.);
#11414=FACETED_PRIMITIVE_FACE('',(#11413));
#11416=POLY_LOOP('',(#11415,#11069,#11373));
#11417=FACE_OUTER_BOUND('',#11416,.T.);
#11418=FACETED_PRIMITIVE_FACE('',(#11417));
#11419=POLY_LOOP('',(#11415,#11084,#11069));
#11420=FACE_OUTER_BOUND('',#11419,.T.);
#11421=FACETED_PRIMITIVE_FACE('',(#11420));
#11423=POLY_LOOP('',(#11415,#11422,#11084));
#11424=FACE_OUTER_BOUND('',#11423,.T.);
#11425=FACETED_PRIMITIVE_FACE('',(#11424));
#11427=POLY_LOOP('',(#11426,#10918,#11402));
#11428=FACE_OUTER_BOUND('',#11427,.T.);
#11429=FACETED_PRIMITIVE_FACE('',(#11428));
#11430=POLY_LOOP('',(#11426,#11074,#10918));
#11431=FACE_OUTER_BOUND('',#11430,.T.);
#11432=FACETED_PRIMITIVE_FACE('',(#11431));
#11433=POLY_LOOP('',(#11426,#11068,#11074));
#11434=FACE_OUTER_BOUND('',#11433,.T.);
#11435=FACETED_PRIMITIVE_FACE('',(#11434));
#11437=POLY_LOOP('',(#11436,#11373,#11372));
#11438=FACE_OUTER_BOUND('',#11437,.T.);
#11439=FACETED_PRIMITIVE_FACE('',(#11438));
#11440=POLY_LOOP('',(#11436,#11415,#11373));
#11441=FACE_OUTER_BOUND('',#11440,.T.);
#11442=FACETED_PRIMITIVE_FACE('',(#11441));
#11445=POLY_LOOP('',(#11436,#11443,#11444));
#11446=FACE_OUTER_BOUND('',#11445,.T.);
#11447=FACETED_PRIMITIVE_FACE('',(#11446));
#11448=POLY_LOOP('',(#11436,#11103,#11102));
#11449=FACE_OUTER_BOUND('',#11448,.T.);
#11450=FACETED_PRIMITIVE_FACE('',(#11449));
#11451=POLY_LOOP('',(#11436,#11372,#11443));
#11452=FACE_OUTER_BOUND('',#11451,.T.);
#11453=FACETED_PRIMITIVE_FACE('',(#11452));
#11454=POLY_LOOP('',(#11436,#11444,#11103));
#11455=FACE_OUTER_BOUND('',#11454,.T.);
#11456=FACETED_PRIMITIVE_FACE('',(#11455));
#11457=POLY_LOOP('',(#11436,#11422,#11415));
#11458=FACE_OUTER_BOUND('',#11457,.T.);
#11459=FACETED_PRIMITIVE_FACE('',(#11458));
#11461=POLY_LOOP('',(#11460,#11088,#11084));
#11462=FACE_OUTER_BOUND('',#11461,.T.);
#11463=FACETED_PRIMITIVE_FACE('',(#11462));
#11464=POLY_LOOP('',(#11460,#10926,#11088));
#11465=FACE_OUTER_BOUND('',#11464,.T.);
#11466=FACETED_PRIMITIVE_FACE('',(#11465));
#11467=POLY_LOOP('',(#11460,#11084,#11422));
#11468=FACE_OUTER_BOUND('',#11467,.T.);
#11469=FACETED_PRIMITIVE_FACE('',(#11468));
#11471=POLY_LOOP('',(#11470,#10926,#11460));
#11472=FACE_OUTER_BOUND('',#11471,.T.);
#11473=FACETED_PRIMITIVE_FACE('',(#11472));
#11474=POLY_LOOP('',(#11470,#11460,#11422));
#11475=FACE_OUTER_BOUND('',#11474,.T.);
#11476=FACETED_PRIMITIVE_FACE('',(#11475));
#11477=POLY_LOOP('',(#11470,#10933,#10865));
#11478=FACE_OUTER_BOUND('',#11477,.T.);
#11479=FACETED_PRIMITIVE_FACE('',(#11478));
#11480=POLY_LOOP('',(#11470,#10865,#10926));
#11481=FACE_OUTER_BOUND('',#11480,.T.);
#11482=FACETED_PRIMITIVE_FACE('',(#11481));
#11485=POLY_LOOP('',(#11483,#11484,#11118));
#11486=FACE_OUTER_BOUND('',#11485,.T.);
#11487=FACETED_PRIMITIVE_FACE('',(#11486));
#11488=POLY_LOOP('',(#11483,#11103,#11444));
#11489=FACE_OUTER_BOUND('',#11488,.T.);
#11490=FACETED_PRIMITIVE_FACE('',(#11489));
#11491=POLY_LOOP('',(#11483,#11118,#11103));
#11492=FACE_OUTER_BOUND('',#11491,.T.);
#11493=FACETED_PRIMITIVE_FACE('',(#11492));
#11495=POLY_LOOP('',(#11494,#10933,#11470));
#11496=FACE_OUTER_BOUND('',#11495,.T.);
#11497=FACETED_PRIMITIVE_FACE('',(#11496));
#11498=POLY_LOOP('',(#11494,#11102,#11108));
#11499=FACE_OUTER_BOUND('',#11498,.T.);
#11500=FACETED_PRIMITIVE_FACE('',(#11499));
#11501=POLY_LOOP('',(#11494,#11108,#10933));
#11502=FACE_OUTER_BOUND('',#11501,.T.);
#11503=FACETED_PRIMITIVE_FACE('',(#11502));
#11505=POLY_LOOP('',(#11504,#11152,#11151));
#11506=FACE_OUTER_BOUND('',#11505,.T.);
#11507=FACETED_PRIMITIVE_FACE('',(#11506));
#11508=POLY_LOOP('',(#11504,#11483,#11444));
#11509=FACE_OUTER_BOUND('',#11508,.T.);
#11510=FACETED_PRIMITIVE_FACE('',(#11509));
#11512=POLY_LOOP('',(#11504,#11511,#11152));
#11513=FACE_OUTER_BOUND('',#11512,.T.);
#11514=FACETED_PRIMITIVE_FACE('',(#11513));
#11516=POLY_LOOP('',(#11504,#11443,#11515));
#11517=FACE_OUTER_BOUND('',#11516,.T.);
#11518=FACETED_PRIMITIVE_FACE('',(#11517));
#11519=POLY_LOOP('',(#11504,#11444,#11443));
#11520=FACE_OUTER_BOUND('',#11519,.T.);
#11521=FACETED_PRIMITIVE_FACE('',(#11520));
#11522=POLY_LOOP('',(#11504,#11515,#11511));
#11523=FACE_OUTER_BOUND('',#11522,.T.);
#11524=FACETED_PRIMITIVE_FACE('',(#11523));
#11525=POLY_LOOP('',(#11504,#11484,#11483));
#11526=FACE_OUTER_BOUND('',#11525,.T.);
#11527=FACETED_PRIMITIVE_FACE('',(#11526));
#11529=POLY_LOOP('',(#11528,#11122,#11118));
#11530=FACE_OUTER_BOUND('',#11529,.T.);
#11531=FACETED_PRIMITIVE_FACE('',(#11530));
#11532=POLY_LOOP('',(#11528,#10941,#11122));
#11533=FACE_OUTER_BOUND('',#11532,.T.);
#11534=FACETED_PRIMITIVE_FACE('',(#11533));
#11535=POLY_LOOP('',(#11528,#11118,#11484));
#11536=FACE_OUTER_BOUND('',#11535,.T.);
#11537=FACETED_PRIMITIVE_FACE('',(#11536));
#11539=POLY_LOOP('',(#11538,#11528,#11484));
#11540=FACE_OUTER_BOUND('',#11539,.T.);
#11541=FACETED_PRIMITIVE_FACE('',(#11540));
#11542=POLY_LOOP('',(#11538,#10870,#10941));
#11543=FACE_OUTER_BOUND('',#11542,.T.);
#11544=FACETED_PRIMITIVE_FACE('',(#11543));
#11545=POLY_LOOP('',(#11538,#10941,#11528));
#11546=FACE_OUTER_BOUND('',#11545,.T.);
#11547=FACETED_PRIMITIVE_FACE('',(#11546));
#11548=POLY_LOOP('',(#11538,#10948,#10870));
#11549=FACE_OUTER_BOUND('',#11548,.T.);
#11550=FACETED_PRIMITIVE_FACE('',(#11549));
#11552=POLY_LOOP('',(#11551,#11167,#11152));
#11553=FACE_OUTER_BOUND('',#11552,.T.);
#11554=FACETED_PRIMITIVE_FACE('',(#11553));
#11556=POLY_LOOP('',(#11551,#11555,#11167));
#11557=FACE_OUTER_BOUND('',#11556,.T.);
#11558=FACETED_PRIMITIVE_FACE('',(#11557));
#11559=POLY_LOOP('',(#11551,#11152,#11511));
#11560=FACE_OUTER_BOUND('',#11559,.T.);
#11561=FACETED_PRIMITIVE_FACE('',(#11560));
#11563=POLY_LOOP('',(#11562,#11151,#11157));
#11564=FACE_OUTER_BOUND('',#11563,.T.);
#11565=FACETED_PRIMITIVE_FACE('',(#11564));
#11566=POLY_LOOP('',(#11562,#10948,#11538));
#11567=FACE_OUTER_BOUND('',#11566,.T.);
#11568=FACETED_PRIMITIVE_FACE('',(#11567));
#11569=POLY_LOOP('',(#11562,#11157,#10948));
#11570=FACE_OUTER_BOUND('',#11569,.T.);
#11571=FACETED_PRIMITIVE_FACE('',(#11570));
#11575=POLY_LOOP('',(#11572,#11573,#11574));
#11576=FACE_OUTER_BOUND('',#11575,.T.);
#11577=FACETED_PRIMITIVE_FACE('',(#11576));
#11578=POLY_LOOP('',(#11572,#11551,#11511));
#11579=FACE_OUTER_BOUND('',#11578,.T.);
#11580=FACETED_PRIMITIVE_FACE('',(#11579));
#11581=POLY_LOOP('',(#11572,#11182,#11181));
#11582=FACE_OUTER_BOUND('',#11581,.T.);
#11583=FACETED_PRIMITIVE_FACE('',(#11582));
#11584=POLY_LOOP('',(#11572,#11555,#11551));
#11585=FACE_OUTER_BOUND('',#11584,.T.);
#11586=FACETED_PRIMITIVE_FACE('',(#11585));
#11587=POLY_LOOP('',(#11572,#11574,#11182));
#11588=FACE_OUTER_BOUND('',#11587,.T.);
#11589=FACETED_PRIMITIVE_FACE('',(#11588));
#11590=POLY_LOOP('',(#11572,#11511,#11515));
#11591=FACE_OUTER_BOUND('',#11590,.T.);
#11592=FACETED_PRIMITIVE_FACE('',(#11591));
#11593=POLY_LOOP('',(#11572,#11515,#11573));
#11594=FACE_OUTER_BOUND('',#11593,.T.);
#11595=FACETED_PRIMITIVE_FACE('',(#11594));
#11597=POLY_LOOP('',(#11596,#11167,#11555));
#11598=FACE_OUTER_BOUND('',#11597,.T.);
#11599=FACETED_PRIMITIVE_FACE('',(#11598));
#11600=POLY_LOOP('',(#11596,#11171,#11167));
#11601=FACE_OUTER_BOUND('',#11600,.T.);
#11602=FACETED_PRIMITIVE_FACE('',(#11601));
#11603=POLY_LOOP('',(#11596,#10956,#11171));
#11604=FACE_OUTER_BOUND('',#11603,.T.);
#11605=FACETED_PRIMITIVE_FACE('',(#11604));
#11607=POLY_LOOP('',(#11606,#11596,#11555));
#11608=FACE_OUTER_BOUND('',#11607,.T.);
#11609=FACETED_PRIMITIVE_FACE('',(#11608));
#11610=POLY_LOOP('',(#11606,#10875,#10956));
#11611=FACE_OUTER_BOUND('',#11610,.T.);
#11612=FACETED_PRIMITIVE_FACE('',(#11611));
#11613=POLY_LOOP('',(#11606,#10956,#11596));
#11614=FACE_OUTER_BOUND('',#11613,.T.);
#11615=FACETED_PRIMITIVE_FACE('',(#11614));
#11616=POLY_LOOP('',(#11606,#10963,#10875));
#11617=FACE_OUTER_BOUND('',#11616,.T.);
#11618=FACETED_PRIMITIVE_FACE('',(#11617));
#11620=POLY_LOOP('',(#11619,#11197,#11182));
#11621=FACE_OUTER_BOUND('',#11620,.T.);
#11622=FACETED_PRIMITIVE_FACE('',(#11621));
#11623=POLY_LOOP('',(#11619,#11182,#11574));
#11624=FACE_OUTER_BOUND('',#11623,.T.);
#11625=FACETED_PRIMITIVE_FACE('',(#11624));
#11627=POLY_LOOP('',(#11619,#11626,#11197));
#11628=FACE_OUTER_BOUND('',#11627,.T.);
#11629=FACETED_PRIMITIVE_FACE('',(#11628));
#11631=POLY_LOOP('',(#11630,#11187,#10963));
#11632=FACE_OUTER_BOUND('',#11631,.T.);
#11633=FACETED_PRIMITIVE_FACE('',(#11632));
#11634=POLY_LOOP('',(#11630,#11181,#11187));
#11635=FACE_OUTER_BOUND('',#11634,.T.);
#11636=FACETED_PRIMITIVE_FACE('',(#11635));
#11637=POLY_LOOP('',(#11630,#10963,#11606));
#11638=FACE_OUTER_BOUND('',#11637,.T.);
#11639=FACETED_PRIMITIVE_FACE('',(#11638));
#11641=POLY_LOOP('',(#11640,#11574,#11573));
#11642=FACE_OUTER_BOUND('',#11641,.T.);
#11643=FACETED_PRIMITIVE_FACE('',(#11642));
#11645=POLY_LOOP('',(#11640,#11644,#11212));
#11646=FACE_OUTER_BOUND('',#11645,.T.);
#11647=FACETED_PRIMITIVE_FACE('',(#11646));
#11648=POLY_LOOP('',(#11640,#11212,#11211));
#11649=FACE_OUTER_BOUND('',#11648,.T.);
#11650=FACETED_PRIMITIVE_FACE('',(#11649));
#11651=POLY_LOOP('',(#11640,#11619,#11574));
#11652=FACE_OUTER_BOUND('',#11651,.T.);
#11653=FACETED_PRIMITIVE_FACE('',(#11652));
#11654=POLY_LOOP('',(#11640,#11626,#11619));
#11655=FACE_OUTER_BOUND('',#11654,.T.);
#11656=FACETED_PRIMITIVE_FACE('',(#11655));
#11658=POLY_LOOP('',(#11640,#11573,#11657));
#11659=FACE_OUTER_BOUND('',#11658,.T.);
#11660=FACETED_PRIMITIVE_FACE('',(#11659));
#11661=POLY_LOOP('',(#11640,#11657,#11644));
#11662=FACE_OUTER_BOUND('',#11661,.T.);
#11663=FACETED_PRIMITIVE_FACE('',(#11662));
#11665=POLY_LOOP('',(#11664,#11201,#11197));
#11666=FACE_OUTER_BOUND('',#11665,.T.);
#11667=FACETED_PRIMITIVE_FACE('',(#11666));
#11668=POLY_LOOP('',(#11664,#10971,#11201));
#11669=FACE_OUTER_BOUND('',#11668,.T.);
#11670=FACETED_PRIMITIVE_FACE('',(#11669));
#11671=POLY_LOOP('',(#11664,#11197,#11626));
#11672=FACE_OUTER_BOUND('',#11671,.T.);
#11673=FACETED_PRIMITIVE_FACE('',(#11672));
#11675=POLY_LOOP('',(#11674,#10880,#10971));
#11676=FACE_OUTER_BOUND('',#11675,.T.);
#11677=FACETED_PRIMITIVE_FACE('',(#11676));
#11678=POLY_LOOP('',(#11674,#10978,#10880));
#11679=FACE_OUTER_BOUND('',#11678,.T.);
#11680=FACETED_PRIMITIVE_FACE('',(#11679));
#11681=POLY_LOOP('',(#11674,#11664,#11626));
#11682=FACE_OUTER_BOUND('',#11681,.T.);
#11683=FACETED_PRIMITIVE_FACE('',(#11682));
#11684=POLY_LOOP('',(#11674,#10971,#11664));
#11685=FACE_OUTER_BOUND('',#11684,.T.);
#11686=FACETED_PRIMITIVE_FACE('',(#11685));
#11688=POLY_LOOP('',(#11687,#11212,#11644));
#11689=FACE_OUTER_BOUND('',#11688,.T.);
#11690=FACETED_PRIMITIVE_FACE('',(#11689));
#11691=POLY_LOOP('',(#11687,#11227,#11212));
#11692=FACE_OUTER_BOUND('',#11691,.T.);
#11693=FACETED_PRIMITIVE_FACE('',(#11692));
#11695=POLY_LOOP('',(#11687,#11694,#11227));
#11696=FACE_OUTER_BOUND('',#11695,.T.);
#11697=FACETED_PRIMITIVE_FACE('',(#11696));
#11699=POLY_LOOP('',(#11698,#10978,#11674));
#11700=FACE_OUTER_BOUND('',#11699,.T.);
#11701=FACETED_PRIMITIVE_FACE('',(#11700));
#11702=POLY_LOOP('',(#11698,#11211,#11217));
#11703=FACE_OUTER_BOUND('',#11702,.T.);
#11704=FACETED_PRIMITIVE_FACE('',(#11703));
#11705=POLY_LOOP('',(#11698,#11217,#10978));
#11706=FACE_OUTER_BOUND('',#11705,.T.);
#11707=FACETED_PRIMITIVE_FACE('',(#11706));
#11710=POLY_LOOP('',(#11708,#11657,#11709));
#11711=FACE_OUTER_BOUND('',#11710,.T.);
#11712=FACETED_PRIMITIVE_FACE('',(#11711));
#11714=POLY_LOOP('',(#11708,#11709,#11713));
#11715=FACE_OUTER_BOUND('',#11714,.T.);
#11716=FACETED_PRIMITIVE_FACE('',(#11715));
#11717=POLY_LOOP('',(#11708,#11713,#11242));
#11718=FACE_OUTER_BOUND('',#11717,.T.);
#11719=FACETED_PRIMITIVE_FACE('',(#11718));
#11720=POLY_LOOP('',(#11708,#11687,#11644));
#11721=FACE_OUTER_BOUND('',#11720,.T.);
#11722=FACETED_PRIMITIVE_FACE('',(#11721));
#11723=POLY_LOOP('',(#11708,#11242,#11241));
#11724=FACE_OUTER_BOUND('',#11723,.T.);
#11725=FACETED_PRIMITIVE_FACE('',(#11724));
#11726=POLY_LOOP('',(#11708,#11694,#11687));
#11727=FACE_OUTER_BOUND('',#11726,.T.);
#11728=FACETED_PRIMITIVE_FACE('',(#11727));
#11729=POLY_LOOP('',(#11708,#11644,#11657));
#11730=FACE_OUTER_BOUND('',#11729,.T.);
#11731=FACETED_PRIMITIVE_FACE('',(#11730));
#11733=POLY_LOOP('',(#11732,#11231,#11227));
#11734=FACE_OUTER_BOUND('',#11733,.T.);
#11735=FACETED_PRIMITIVE_FACE('',(#11734));
#11736=POLY_LOOP('',(#11732,#10986,#11231));
#11737=FACE_OUTER_BOUND('',#11736,.T.);
#11738=FACETED_PRIMITIVE_FACE('',(#11737));
#11739=POLY_LOOP('',(#11732,#11227,#11694));
#11740=FACE_OUTER_BOUND('',#11739,.T.);
#11741=FACETED_PRIMITIVE_FACE('',(#11740));
#11743=POLY_LOOP('',(#11742,#10993,#10885));
#11744=FACE_OUTER_BOUND('',#11743,.T.);
#11745=FACETED_PRIMITIVE_FACE('',(#11744));
#11746=POLY_LOOP('',(#11742,#10885,#10986));
#11747=FACE_OUTER_BOUND('',#11746,.T.);
#11748=FACETED_PRIMITIVE_FACE('',(#11747));
#11749=POLY_LOOP('',(#11742,#10986,#11732));
#11750=FACE_OUTER_BOUND('',#11749,.T.);
#11751=FACETED_PRIMITIVE_FACE('',(#11750));
#11752=POLY_LOOP('',(#11742,#11732,#11694));
#11753=FACE_OUTER_BOUND('',#11752,.T.);
#11754=FACETED_PRIMITIVE_FACE('',(#11753));
#11756=POLY_LOOP('',(#11755,#11242,#11713));
#11757=FACE_OUTER_BOUND('',#11756,.T.);
#11758=FACETED_PRIMITIVE_FACE('',(#11757));
#11759=POLY_LOOP('',(#11755,#11257,#11242));
#11760=FACE_OUTER_BOUND('',#11759,.T.);
#11761=FACETED_PRIMITIVE_FACE('',(#11760));
#11763=POLY_LOOP('',(#11755,#11762,#11257));
#11764=FACE_OUTER_BOUND('',#11763,.T.);
#11765=FACETED_PRIMITIVE_FACE('',(#11764));
#11767=POLY_LOOP('',(#11766,#10993,#11742));
#11768=FACE_OUTER_BOUND('',#11767,.T.);
#11769=FACETED_PRIMITIVE_FACE('',(#11768));
#11770=POLY_LOOP('',(#11766,#11247,#10993));
#11771=FACE_OUTER_BOUND('',#11770,.T.);
#11772=FACETED_PRIMITIVE_FACE('',(#11771));
#11773=POLY_LOOP('',(#11766,#11241,#11247));
#11774=FACE_OUTER_BOUND('',#11773,.T.);
#11775=FACETED_PRIMITIVE_FACE('',(#11774));
#11778=POLY_LOOP('',(#11776,#11777,#11272));
#11779=FACE_OUTER_BOUND('',#11778,.T.);
#11780=FACETED_PRIMITIVE_FACE('',(#11779));
#11781=POLY_LOOP('',(#11776,#11713,#11709));
#11782=FACE_OUTER_BOUND('',#11781,.T.);
#11783=FACETED_PRIMITIVE_FACE('',(#11782));
#11785=POLY_LOOP('',(#11776,#11709,#11784));
#11786=FACE_OUTER_BOUND('',#11785,.T.);
#11787=FACETED_PRIMITIVE_FACE('',(#11786));
#11788=POLY_LOOP('',(#11776,#11784,#11777));
#11789=FACE_OUTER_BOUND('',#11788,.T.);
#11790=FACETED_PRIMITIVE_FACE('',(#11789));
#11791=POLY_LOOP('',(#11776,#11272,#11271));
#11792=FACE_OUTER_BOUND('',#11791,.T.);
#11793=FACETED_PRIMITIVE_FACE('',(#11792));
#11794=POLY_LOOP('',(#11776,#11755,#11713));
#11795=FACE_OUTER_BOUND('',#11794,.T.);
#11796=FACETED_PRIMITIVE_FACE('',(#11795));
#11797=POLY_LOOP('',(#11776,#11762,#11755));
#11798=FACE_OUTER_BOUND('',#11797,.T.);
#11799=FACETED_PRIMITIVE_FACE('',(#11798));
#11801=POLY_LOOP('',(#11800,#11001,#11261));
#11802=FACE_OUTER_BOUND('',#11801,.T.);
#11803=FACETED_PRIMITIVE_FACE('',(#11802));
#11804=POLY_LOOP('',(#11800,#11261,#11257));
#11805=FACE_OUTER_BOUND('',#11804,.T.);
#11806=FACETED_PRIMITIVE_FACE('',(#11805));
#11807=POLY_LOOP('',(#11800,#11257,#11762));
#11808=FACE_OUTER_BOUND('',#11807,.T.);
#11809=FACETED_PRIMITIVE_FACE('',(#11808));
#11811=POLY_LOOP('',(#11810,#10890,#11001));
#11812=FACE_OUTER_BOUND('',#11811,.T.);
#11813=FACETED_PRIMITIVE_FACE('',(#11812));
#11814=POLY_LOOP('',(#11810,#11008,#10890));
#11815=FACE_OUTER_BOUND('',#11814,.T.);
#11816=FACETED_PRIMITIVE_FACE('',(#11815));
#11817=POLY_LOOP('',(#11810,#11001,#11800));
#11818=FACE_OUTER_BOUND('',#11817,.T.);
#11819=FACETED_PRIMITIVE_FACE('',(#11818));
#11820=POLY_LOOP('',(#11810,#11800,#11762));
#11821=FACE_OUTER_BOUND('',#11820,.T.);
#11822=FACETED_PRIMITIVE_FACE('',(#11821));
#11824=POLY_LOOP('',(#11823,#11008,#11810));
#11825=FACE_OUTER_BOUND('',#11824,.T.);
#11826=FACETED_PRIMITIVE_FACE('',(#11825));
#11827=POLY_LOOP('',(#11823,#11271,#11277));
#11828=FACE_OUTER_BOUND('',#11827,.T.);
#11829=FACETED_PRIMITIVE_FACE('',(#11828));
#11830=POLY_LOOP('',(#11823,#11277,#11008));
#11831=FACE_OUTER_BOUND('',#11830,.T.);
#11832=FACETED_PRIMITIVE_FACE('',(#11831));
#11834=POLY_LOOP('',(#11833,#11287,#11318));
#11835=FACE_OUTER_BOUND('',#11834,.T.);
#11836=FACETED_PRIMITIVE_FACE('',(#11835));
#11837=POLY_LOOP('',(#11833,#11016,#11287));
#11838=FACE_OUTER_BOUND('',#11837,.T.);
#11839=FACETED_PRIMITIVE_FACE('',(#11838));
#11840=POLY_LOOP('',(#11833,#11307,#11016));
#11841=FACE_OUTER_BOUND('',#11840,.T.);
#11842=FACETED_PRIMITIVE_FACE('',(#11841));
#11843=POLY_LOOP('',(#11833,#11318,#11331));
#11844=FACE_OUTER_BOUND('',#11843,.T.);
#11845=FACETED_PRIMITIVE_FACE('',(#11844));
#11846=POLY_LOOP('',(#11833,#11331,#11307));
#11847=FACE_OUTER_BOUND('',#11846,.T.);
#11848=FACETED_PRIMITIVE_FACE('',(#11847));
#11850=POLY_LOOP('',(#11849,#11426,#11402));
#11851=FACE_OUTER_BOUND('',#11850,.T.);
#11852=FACETED_PRIMITIVE_FACE('',(#11851));
#11853=POLY_LOOP('',(#11849,#11068,#11426));
#11854=FACE_OUTER_BOUND('',#11853,.T.);
#11855=FACETED_PRIMITIVE_FACE('',(#11854));
#11856=POLY_LOOP('',(#11849,#11402,#11364));
#11857=FACE_OUTER_BOUND('',#11856,.T.);
#11858=FACETED_PRIMITIVE_FACE('',(#11857));
#11859=POLY_LOOP('',(#11849,#11368,#11068));
#11860=FACE_OUTER_BOUND('',#11859,.T.);
#11861=FACETED_PRIMITIVE_FACE('',(#11860));
#11862=POLY_LOOP('',(#11849,#11364,#11368));
#11863=FACE_OUTER_BOUND('',#11862,.T.);
#11864=FACETED_PRIMITIVE_FACE('',(#11863));
#11866=POLY_LOOP('',(#11865,#11436,#11102));
#11867=FACE_OUTER_BOUND('',#11866,.T.);
#11868=FACETED_PRIMITIVE_FACE('',(#11867));
#11869=POLY_LOOP('',(#11865,#11422,#11436));
#11870=FACE_OUTER_BOUND('',#11869,.T.);
#11871=FACETED_PRIMITIVE_FACE('',(#11870));
#11872=POLY_LOOP('',(#11865,#11494,#11470));
#11873=FACE_OUTER_BOUND('',#11872,.T.);
#11874=FACETED_PRIMITIVE_FACE('',(#11873));
#11875=POLY_LOOP('',(#11865,#11102,#11494));
#11876=FACE_OUTER_BOUND('',#11875,.T.);
#11877=FACETED_PRIMITIVE_FACE('',(#11876));
#11878=POLY_LOOP('',(#11865,#11470,#11422));
#11879=FACE_OUTER_BOUND('',#11878,.T.);
#11880=FACETED_PRIMITIVE_FACE('',(#11879));
#11882=POLY_LOOP('',(#11881,#11504,#11151));
#11883=FACE_OUTER_BOUND('',#11882,.T.);
#11884=FACETED_PRIMITIVE_FACE('',(#11883));
#11885=POLY_LOOP('',(#11881,#11151,#11562));
#11886=FACE_OUTER_BOUND('',#11885,.T.);
#11887=FACETED_PRIMITIVE_FACE('',(#11886));
#11888=POLY_LOOP('',(#11881,#11538,#11484));
#11889=FACE_OUTER_BOUND('',#11888,.T.);
#11890=FACETED_PRIMITIVE_FACE('',(#11889));
#11891=POLY_LOOP('',(#11881,#11562,#11538));
#11892=FACE_OUTER_BOUND('',#11891,.T.);
#11893=FACETED_PRIMITIVE_FACE('',(#11892));
#11894=POLY_LOOP('',(#11881,#11484,#11504));
#11895=FACE_OUTER_BOUND('',#11894,.T.);
#11896=FACETED_PRIMITIVE_FACE('',(#11895));
#11898=POLY_LOOP('',(#11897,#11572,#11181));
#11899=FACE_OUTER_BOUND('',#11898,.T.);
#11900=FACETED_PRIMITIVE_FACE('',(#11899));
#11901=POLY_LOOP('',(#11897,#11555,#11572));
#11902=FACE_OUTER_BOUND('',#11901,.T.);
#11903=FACETED_PRIMITIVE_FACE('',(#11902));
#11904=POLY_LOOP('',(#11897,#11606,#11555));
#11905=FACE_OUTER_BOUND('',#11904,.T.);
#11906=FACETED_PRIMITIVE_FACE('',(#11905));
#11907=POLY_LOOP('',(#11897,#11630,#11606));
#11908=FACE_OUTER_BOUND('',#11907,.T.);
#11909=FACETED_PRIMITIVE_FACE('',(#11908));
#11910=POLY_LOOP('',(#11897,#11181,#11630));
#11911=FACE_OUTER_BOUND('',#11910,.T.);
#11912=FACETED_PRIMITIVE_FACE('',(#11911));
#11914=POLY_LOOP('',(#11913,#11626,#11640));
#11915=FACE_OUTER_BOUND('',#11914,.T.);
#11916=FACETED_PRIMITIVE_FACE('',(#11915));
#11917=POLY_LOOP('',(#11913,#11674,#11626));
#11918=FACE_OUTER_BOUND('',#11917,.T.);
#11919=FACETED_PRIMITIVE_FACE('',(#11918));
#11920=POLY_LOOP('',(#11913,#11640,#11211));
#11921=FACE_OUTER_BOUND('',#11920,.T.);
#11922=FACETED_PRIMITIVE_FACE('',(#11921));
#11923=POLY_LOOP('',(#11913,#11698,#11674));
#11924=FACE_OUTER_BOUND('',#11923,.T.);
#11925=FACETED_PRIMITIVE_FACE('',(#11924));
#11926=POLY_LOOP('',(#11913,#11211,#11698));
#11927=FACE_OUTER_BOUND('',#11926,.T.);
#11928=FACETED_PRIMITIVE_FACE('',(#11927));
#11930=POLY_LOOP('',(#11929,#11766,#11742));
#11931=FACE_OUTER_BOUND('',#11930,.T.);
#11932=FACETED_PRIMITIVE_FACE('',(#11931));
#11933=POLY_LOOP('',(#11929,#11708,#11241));
#11934=FACE_OUTER_BOUND('',#11933,.T.);
#11935=FACETED_PRIMITIVE_FACE('',(#11934));
#11936=POLY_LOOP('',(#11929,#11694,#11708));
#11937=FACE_OUTER_BOUND('',#11936,.T.);
#11938=FACETED_PRIMITIVE_FACE('',(#11937));
#11939=POLY_LOOP('',(#11929,#11742,#11694));
#11940=FACE_OUTER_BOUND('',#11939,.T.);
#11941=FACETED_PRIMITIVE_FACE('',(#11940));
#11942=POLY_LOOP('',(#11929,#11241,#11766));
#11943=FACE_OUTER_BOUND('',#11942,.T.);
#11944=FACETED_PRIMITIVE_FACE('',(#11943));
#11946=POLY_LOOP('',(#11945,#11776,#11271));
#11947=FACE_OUTER_BOUND('',#11946,.T.);
#11948=FACETED_PRIMITIVE_FACE('',(#11947));
#11949=POLY_LOOP('',(#11945,#11762,#11776));
#11950=FACE_OUTER_BOUND('',#11949,.T.);
#11951=FACETED_PRIMITIVE_FACE('',(#11950));
#11952=POLY_LOOP('',(#11945,#11810,#11762));
#11953=FACE_OUTER_BOUND('',#11952,.T.);
#11954=FACETED_PRIMITIVE_FACE('',(#11953));
#11955=POLY_LOOP('',(#11945,#11823,#11810));
#11956=FACE_OUTER_BOUND('',#11955,.T.);
#11957=FACETED_PRIMITIVE_FACE('',(#11956));
#11958=POLY_LOOP('',(#11945,#11271,#11823));
#11959=FACE_OUTER_BOUND('',#11958,.T.);
#11960=FACETED_PRIMITIVE_FACE('',(#11959));
#11961=POLY_LOOP('',(#11063,#10831,#10830));
#11962=FACE_OUTER_BOUND('',#11961,.T.);
#11963=FACETED_PRIMITIVE_FACE('',(#11962));
#11965=POLY_LOOP('',(#11964,#11063,#10830));
#11966=FACE_OUTER_BOUND('',#11965,.T.);
#11967=FACETED_PRIMITIVE_FACE('',(#11966));
#11969=POLY_LOOP('',(#11968,#11063,#11964));
#11970=FACE_OUTER_BOUND('',#11969,.T.);
#11971=FACETED_PRIMITIVE_FACE('',(#11970));
#11972=POLY_LOOP('',(#11064,#11063,#11968));
#11973=FACE_OUTER_BOUND('',#11972,.T.);
#11974=FACETED_PRIMITIVE_FACE('',(#11973));
#11978=POLY_LOOP('',(#11975,#11976,#11977));
#11979=FACE_OUTER_BOUND('',#11978,.T.);
#11980=FACETED_PRIMITIVE_FACE('',(#11979));
#11982=POLY_LOOP('',(#11975,#11981,#11976));
#11983=FACE_OUTER_BOUND('',#11982,.T.);
#11984=FACETED_PRIMITIVE_FACE('',(#11983));
#11986=POLY_LOOP('',(#11975,#10647,#11985));
#11987=FACE_OUTER_BOUND('',#11986,.T.);
#11988=FACETED_PRIMITIVE_FACE('',(#11987));
#11990=POLY_LOOP('',(#11975,#11989,#11981));
#11991=FACE_OUTER_BOUND('',#11990,.T.);
#11992=FACETED_PRIMITIVE_FACE('',(#11991));
#11994=POLY_LOOP('',(#11975,#11985,#11993));
#11995=FACE_OUTER_BOUND('',#11994,.T.);
#11996=FACETED_PRIMITIVE_FACE('',(#11995));
#11997=POLY_LOOP('',(#11975,#10653,#10647));
#11998=FACE_OUTER_BOUND('',#11997,.T.);
#11999=FACETED_PRIMITIVE_FACE('',(#11998));
#12000=POLY_LOOP('',(#11975,#11977,#10653));
#12001=FACE_OUTER_BOUND('',#12000,.T.);
#12002=FACETED_PRIMITIVE_FACE('',(#12001));
#12005=POLY_LOOP('',(#12003,#11993,#12004));
#12006=FACE_OUTER_BOUND('',#12005,.T.);
#12007=FACETED_PRIMITIVE_FACE('',(#12006));
#12009=POLY_LOOP('',(#12003,#12004,#12008));
#12010=FACE_OUTER_BOUND('',#12009,.T.);
#12011=FACETED_PRIMITIVE_FACE('',(#12010));
#12012=POLY_LOOP('',(#12003,#11975,#11993));
#12013=FACE_OUTER_BOUND('',#12012,.T.);
#12014=FACETED_PRIMITIVE_FACE('',(#12013));
#12016=POLY_LOOP('',(#11296,#12015,#11989));
#12017=FACE_OUTER_BOUND('',#12016,.T.);
#12018=FACETED_PRIMITIVE_FACE('',(#12017));
#12020=POLY_LOOP('',(#11296,#12019,#12015));
#12021=FACE_OUTER_BOUND('',#12020,.T.);
#12022=FACETED_PRIMITIVE_FACE('',(#12021));
#12024=POLY_LOOP('',(#11296,#12023,#12019));
#12025=FACE_OUTER_BOUND('',#12024,.T.);
#12026=FACETED_PRIMITIVE_FACE('',(#12025));
#12027=POLY_LOOP('',(#11296,#11989,#11975));
#12028=FACE_OUTER_BOUND('',#12027,.T.);
#12029=FACETED_PRIMITIVE_FACE('',(#12028));
#12031=POLY_LOOP('',(#11300,#12030,#12023));
#12032=FACE_OUTER_BOUND('',#12031,.T.);
#12033=FACETED_PRIMITIVE_FACE('',(#12032));
#12035=POLY_LOOP('',(#11300,#12034,#12030));
#12036=FACE_OUTER_BOUND('',#12035,.T.);
#12037=FACETED_PRIMITIVE_FACE('',(#12036));
#12038=POLY_LOOP('',(#11300,#12023,#11296));
#12039=FACE_OUTER_BOUND('',#12038,.T.);
#12040=FACETED_PRIMITIVE_FACE('',(#12039));
#12042=POLY_LOOP('',(#11018,#12041,#12034));
#12043=FACE_OUTER_BOUND('',#12042,.T.);
#12044=FACETED_PRIMITIVE_FACE('',(#12043));
#12046=POLY_LOOP('',(#11018,#12045,#12041));
#12047=FACE_OUTER_BOUND('',#12046,.T.);
#12048=FACETED_PRIMITIVE_FACE('',(#12047));
#12050=POLY_LOOP('',(#11018,#12049,#12045));
#12051=FACE_OUTER_BOUND('',#12050,.T.);
#12052=FACETED_PRIMITIVE_FACE('',(#12051));
#12053=POLY_LOOP('',(#11018,#12034,#11300));
#12054=FACE_OUTER_BOUND('',#12053,.T.);
#12055=FACETED_PRIMITIVE_FACE('',(#12054));
#12058=POLY_LOOP('',(#12056,#12008,#12057));
#12059=FACE_OUTER_BOUND('',#12058,.T.);
#12060=FACETED_PRIMITIVE_FACE('',(#12059));
#12062=POLY_LOOP('',(#12056,#12057,#12061));
#12063=FACE_OUTER_BOUND('',#12062,.T.);
#12064=FACETED_PRIMITIVE_FACE('',(#12063));
#12065=POLY_LOOP('',(#12056,#12003,#12008));
#12066=FACE_OUTER_BOUND('',#12065,.T.);
#12067=FACETED_PRIMITIVE_FACE('',(#12066));
#12068=POLY_LOOP('',(#11288,#11296,#11975));
#12069=FACE_OUTER_BOUND('',#12068,.T.);
#12070=FACETED_PRIMITIVE_FACE('',(#12069));
#12071=POLY_LOOP('',(#11288,#11975,#12003));
#12072=FACE_OUTER_BOUND('',#12071,.T.);
#12073=FACETED_PRIMITIVE_FACE('',(#12072));
#12074=POLY_LOOP('',(#11017,#12049,#11018));
#12075=FACE_OUTER_BOUND('',#12074,.T.);
#12076=FACETED_PRIMITIVE_FACE('',(#12075));
#12078=POLY_LOOP('',(#11017,#12077,#12049));
#12079=FACE_OUTER_BOUND('',#12078,.T.);
#12080=FACETED_PRIMITIVE_FACE('',(#12079));
#12082=POLY_LOOP('',(#11017,#12081,#12077));
#12083=FACE_OUTER_BOUND('',#12082,.T.);
#12084=FACETED_PRIMITIVE_FACE('',(#12083));
#12086=POLY_LOOP('',(#11017,#12085,#12081));
#12087=FACE_OUTER_BOUND('',#12086,.T.);
#12088=FACETED_PRIMITIVE_FACE('',(#12087));
#12090=POLY_LOOP('',(#11017,#12089,#12085));
#12091=FACE_OUTER_BOUND('',#12090,.T.);
#12092=FACETED_PRIMITIVE_FACE('',(#12091));
#12093=POLY_LOOP('',(#10896,#12089,#11017));
#12094=FACE_OUTER_BOUND('',#12093,.T.);
#12095=FACETED_PRIMITIVE_FACE('',(#12094));
#12097=POLY_LOOP('',(#10896,#12096,#12089));
#12098=FACE_OUTER_BOUND('',#12097,.T.);
#12099=FACETED_PRIMITIVE_FACE('',(#12098));
#12101=POLY_LOOP('',(#10896,#12100,#12096));
#12102=FACE_OUTER_BOUND('',#12101,.T.);
#12103=FACETED_PRIMITIVE_FACE('',(#12102));
#12105=POLY_LOOP('',(#10896,#12104,#12100));
#12106=FACE_OUTER_BOUND('',#12105,.T.);
#12107=FACETED_PRIMITIVE_FACE('',(#12106));
#12109=POLY_LOOP('',(#10896,#12108,#12104));
#12110=FACE_OUTER_BOUND('',#12109,.T.);
#12111=FACETED_PRIMITIVE_FACE('',(#12110));
#12113=POLY_LOOP('',(#10896,#12112,#12108));
#12114=FACE_OUTER_BOUND('',#12113,.T.);
#12115=FACETED_PRIMITIVE_FACE('',(#12114));
#12117=POLY_LOOP('',(#10896,#12116,#12112));
#12118=FACE_OUTER_BOUND('',#12117,.T.);
#12119=FACETED_PRIMITIVE_FACE('',(#12118));
#12120=POLY_LOOP('',(#10856,#12116,#10896));
#12121=FACE_OUTER_BOUND('',#12120,.T.);
#12122=FACETED_PRIMITIVE_FACE('',(#12121));
#12124=POLY_LOOP('',(#10856,#12123,#12116));
#12125=FACE_OUTER_BOUND('',#12124,.T.);
#12126=FACETED_PRIMITIVE_FACE('',(#12125));
#12128=POLY_LOOP('',(#10856,#12127,#12123));
#12129=FACE_OUTER_BOUND('',#12128,.T.);
#12130=FACETED_PRIMITIVE_FACE('',(#12129));
#12133=POLY_LOOP('',(#12131,#12061,#12132));
#12134=FACE_OUTER_BOUND('',#12133,.T.);
#12135=FACETED_PRIMITIVE_FACE('',(#12134));
#12137=POLY_LOOP('',(#12131,#12132,#12136));
#12138=FACE_OUTER_BOUND('',#12137,.T.);
#12139=FACETED_PRIMITIVE_FACE('',(#12138));
#12140=POLY_LOOP('',(#12131,#12056,#12061));
#12141=FACE_OUTER_BOUND('',#12140,.T.);
#12142=FACETED_PRIMITIVE_FACE('',(#12141));
#12143=POLY_LOOP('',(#11372,#12056,#12131));
#12144=FACE_OUTER_BOUND('',#12143,.T.);
#12145=FACETED_PRIMITIVE_FACE('',(#12144));
#12146=POLY_LOOP('',(#11372,#11288,#12003));
#12147=FACE_OUTER_BOUND('',#12146,.T.);
#12148=FACETED_PRIMITIVE_FACE('',(#12147));
#12149=POLY_LOOP('',(#11372,#12003,#12056));
#12150=FACE_OUTER_BOUND('',#12149,.T.);
#12151=FACETED_PRIMITIVE_FACE('',(#12150));
#12154=POLY_LOOP('',(#12152,#12153,#12127));
#12155=FACE_OUTER_BOUND('',#12154,.T.);
#12156=FACETED_PRIMITIVE_FACE('',(#12155));
#12158=POLY_LOOP('',(#12152,#12157,#12153));
#12159=FACE_OUTER_BOUND('',#12158,.T.);
#12160=FACETED_PRIMITIVE_FACE('',(#12159));
#12161=POLY_LOOP('',(#12152,#12127,#10856));
#12162=FACE_OUTER_BOUND('',#12161,.T.);
#12163=FACETED_PRIMITIVE_FACE('',(#12162));
#12166=POLY_LOOP('',(#12164,#12136,#12165));
#12167=FACE_OUTER_BOUND('',#12166,.T.);
#12168=FACETED_PRIMITIVE_FACE('',(#12167));
#12170=POLY_LOOP('',(#12164,#12165,#12169));
#12171=FACE_OUTER_BOUND('',#12170,.T.);
#12172=FACETED_PRIMITIVE_FACE('',(#12171));
#12173=POLY_LOOP('',(#12164,#12131,#12136));
#12174=FACE_OUTER_BOUND('',#12173,.T.);
#12175=FACETED_PRIMITIVE_FACE('',(#12174));
#12176=POLY_LOOP('',(#11443,#11372,#12131));
#12177=FACE_OUTER_BOUND('',#12176,.T.);
#12178=FACETED_PRIMITIVE_FACE('',(#12177));
#12180=POLY_LOOP('',(#12179,#12157,#12152));
#12181=FACE_OUTER_BOUND('',#12180,.T.);
#12182=FACETED_PRIMITIVE_FACE('',(#12181));
#12184=POLY_LOOP('',(#12183,#10856,#10855));
#12185=FACE_OUTER_BOUND('',#12184,.T.);
#12186=FACETED_PRIMITIVE_FACE('',(#12185));
#12187=POLY_LOOP('',(#12183,#12152,#10856));
#12188=FACE_OUTER_BOUND('',#12187,.T.);
#12189=FACETED_PRIMITIVE_FACE('',(#12188));
#12192=POLY_LOOP('',(#12190,#12169,#12191));
#12193=FACE_OUTER_BOUND('',#12192,.T.);
#12194=FACETED_PRIMITIVE_FACE('',(#12193));
#12195=POLY_LOOP('',(#12190,#12191,#10730));
#12196=FACE_OUTER_BOUND('',#12195,.T.);
#12197=FACETED_PRIMITIVE_FACE('',(#12196));
#12198=POLY_LOOP('',(#12190,#12164,#12169));
#12199=FACE_OUTER_BOUND('',#12198,.T.);
#12200=FACETED_PRIMITIVE_FACE('',(#12199));
#12201=POLY_LOOP('',(#11515,#12164,#12190));
#12202=FACE_OUTER_BOUND('',#12201,.T.);
#12203=FACETED_PRIMITIVE_FACE('',(#12202));
#12204=POLY_LOOP('',(#11515,#12131,#12164));
#12205=FACE_OUTER_BOUND('',#12204,.T.);
#12206=FACETED_PRIMITIVE_FACE('',(#12205));
#12207=POLY_LOOP('',(#11515,#11443,#12131));
#12208=FACE_OUTER_BOUND('',#12207,.T.);
#12209=FACETED_PRIMITIVE_FACE('',(#12208));
#12211=POLY_LOOP('',(#12210,#12179,#12152));
#12212=FACE_OUTER_BOUND('',#12211,.T.);
#12213=FACETED_PRIMITIVE_FACE('',(#12212));
#12214=POLY_LOOP('',(#12210,#12152,#12183));
#12215=FACE_OUTER_BOUND('',#12214,.T.);
#12216=FACETED_PRIMITIVE_FACE('',(#12215));
#12218=POLY_LOOP('',(#12217,#12183,#10855));
#12219=FACE_OUTER_BOUND('',#12218,.T.);
#12220=FACETED_PRIMITIVE_FACE('',(#12219));
#12221=POLY_LOOP('',(#12217,#12210,#12183));
#12222=FACE_OUTER_BOUND('',#12221,.T.);
#12223=FACETED_PRIMITIVE_FACE('',(#12222));
#12224=POLY_LOOP('',(#12217,#10855,#10861));
#12225=FACE_OUTER_BOUND('',#12224,.T.);
#12226=FACETED_PRIMITIVE_FACE('',(#12225));
#12229=POLY_LOOP('',(#12227,#12228,#12157));
#12230=FACE_OUTER_BOUND('',#12229,.T.);
#12231=FACETED_PRIMITIVE_FACE('',(#12230));
#12233=POLY_LOOP('',(#12227,#12232,#12228));
#12234=FACE_OUTER_BOUND('',#12233,.T.);
#12235=FACETED_PRIMITIVE_FACE('',(#12234));
#12236=POLY_LOOP('',(#12227,#12179,#12210));
#12237=FACE_OUTER_BOUND('',#12236,.T.);
#12238=FACETED_PRIMITIVE_FACE('',(#12237));
#12239=POLY_LOOP('',(#12227,#12157,#12179));
#12240=FACE_OUTER_BOUND('',#12239,.T.);
#12241=FACETED_PRIMITIVE_FACE('',(#12240));
#12243=POLY_LOOP('',(#12242,#10730,#10734));
#12244=FACE_OUTER_BOUND('',#12243,.T.);
#12245=FACETED_PRIMITIVE_FACE('',(#12244));
#12246=POLY_LOOP('',(#12242,#10734,#10738));
#12247=FACE_OUTER_BOUND('',#12246,.T.);
#12248=FACETED_PRIMITIVE_FACE('',(#12247));
#12249=POLY_LOOP('',(#12242,#12190,#10730));
#12250=FACE_OUTER_BOUND('',#12249,.T.);
#12251=FACETED_PRIMITIVE_FACE('',(#12250));
#12252=POLY_LOOP('',(#11573,#12190,#12242));
#12253=FACE_OUTER_BOUND('',#12252,.T.);
#12254=FACETED_PRIMITIVE_FACE('',(#12253));
#12255=POLY_LOOP('',(#11573,#11515,#12190));
#12256=FACE_OUTER_BOUND('',#12255,.T.);
#12257=FACETED_PRIMITIVE_FACE('',(#12256));
#12259=POLY_LOOP('',(#12258,#12232,#12227));
#12260=FACE_OUTER_BOUND('',#12259,.T.);
#12261=FACETED_PRIMITIVE_FACE('',(#12260));
#12263=POLY_LOOP('',(#12258,#12262,#12232));
#12264=FACE_OUTER_BOUND('',#12263,.T.);
#12265=FACETED_PRIMITIVE_FACE('',(#12264));
#12267=POLY_LOOP('',(#12258,#12266,#12262));
#12268=FACE_OUTER_BOUND('',#12267,.T.);
#12269=FACETED_PRIMITIVE_FACE('',(#12268));
#12271=POLY_LOOP('',(#12270,#12210,#12217));
#12272=FACE_OUTER_BOUND('',#12271,.T.);
#12273=FACETED_PRIMITIVE_FACE('',(#12272));
#12276=POLY_LOOP('',(#12274,#12275,#12266));
#12277=FACE_OUTER_BOUND('',#12276,.T.);
#12278=FACETED_PRIMITIVE_FACE('',(#12277));
#12280=POLY_LOOP('',(#12274,#12279,#12275));
#12281=FACE_OUTER_BOUND('',#12280,.T.);
#12282=FACETED_PRIMITIVE_FACE('',(#12281));
#12284=POLY_LOOP('',(#12274,#12283,#12279));
#12285=FACE_OUTER_BOUND('',#12284,.T.);
#12286=FACETED_PRIMITIVE_FACE('',(#12285));
#12287=POLY_LOOP('',(#12274,#12266,#12258));
#12288=FACE_OUTER_BOUND('',#12287,.T.);
#12289=FACETED_PRIMITIVE_FACE('',(#12288));
#12291=POLY_LOOP('',(#12290,#12217,#10861));
#12292=FACE_OUTER_BOUND('',#12291,.T.);
#12293=FACETED_PRIMITIVE_FACE('',(#12292));
#12294=POLY_LOOP('',(#12290,#10861,#10866));
#12295=FACE_OUTER_BOUND('',#12294,.T.);
#12296=FACETED_PRIMITIVE_FACE('',(#12295));
#12299=POLY_LOOP('',(#12297,#12298,#12283));
#12300=FACE_OUTER_BOUND('',#12299,.T.);
#12301=FACETED_PRIMITIVE_FACE('',(#12300));
#12302=POLY_LOOP('',(#12297,#12283,#12274));
#12303=FACE_OUTER_BOUND('',#12302,.T.);
#12304=FACETED_PRIMITIVE_FACE('',(#12303));
#12306=POLY_LOOP('',(#12297,#12305,#12298));
#12307=FACE_OUTER_BOUND('',#12306,.T.);
#12308=FACETED_PRIMITIVE_FACE('',(#12307));
#12310=POLY_LOOP('',(#12297,#12309,#12305));
#12311=FACE_OUTER_BOUND('',#12310,.T.);
#12312=FACETED_PRIMITIVE_FACE('',(#12311));
#12314=POLY_LOOP('',(#12313,#12227,#12210));
#12315=FACE_OUTER_BOUND('',#12314,.T.);
#12316=FACETED_PRIMITIVE_FACE('',(#12315));
#12319=POLY_LOOP('',(#12317,#12318,#12309));
#12320=FACE_OUTER_BOUND('',#12319,.T.);
#12321=FACETED_PRIMITIVE_FACE('',(#12320));
#12322=POLY_LOOP('',(#12317,#12309,#12297));
#12323=FACE_OUTER_BOUND('',#12322,.T.);
#12324=FACETED_PRIMITIVE_FACE('',(#12323));
#12326=POLY_LOOP('',(#12317,#12325,#12318));
#12327=FACE_OUTER_BOUND('',#12326,.T.);
#12328=FACETED_PRIMITIVE_FACE('',(#12327));
#12330=POLY_LOOP('',(#12317,#12329,#12325));
#12331=FACE_OUTER_BOUND('',#12330,.T.);
#12332=FACETED_PRIMITIVE_FACE('',(#12331));
#12334=POLY_LOOP('',(#12317,#12333,#12329));
#12335=FACE_OUTER_BOUND('',#12334,.T.);
#12336=FACETED_PRIMITIVE_FACE('',(#12335));
#12338=POLY_LOOP('',(#12317,#12337,#12333));
#12339=FACE_OUTER_BOUND('',#12338,.T.);
#12340=FACETED_PRIMITIVE_FACE('',(#12339));
#12341=POLY_LOOP('',(#10871,#12290,#10866));
#12342=FACE_OUTER_BOUND('',#12341,.T.);
#12343=FACETED_PRIMITIVE_FACE('',(#12342));
#12345=POLY_LOOP('',(#12344,#10738,#10796));
#12346=FACE_OUTER_BOUND('',#12345,.T.);
#12347=FACETED_PRIMITIVE_FACE('',(#12346));
#12348=POLY_LOOP('',(#12344,#10796,#10800));
#12349=FACE_OUTER_BOUND('',#12348,.T.);
#12350=FACETED_PRIMITIVE_FACE('',(#12349));
#12351=POLY_LOOP('',(#12344,#12242,#10738));
#12352=FACE_OUTER_BOUND('',#12351,.T.);
#12353=FACETED_PRIMITIVE_FACE('',(#12352));
#12354=POLY_LOOP('',(#11657,#11573,#12242));
#12355=FACE_OUTER_BOUND('',#12354,.T.);
#12356=FACETED_PRIMITIVE_FACE('',(#12355));
#12359=POLY_LOOP('',(#12357,#12358,#12337));
#12360=FACE_OUTER_BOUND('',#12359,.T.);
#12361=FACETED_PRIMITIVE_FACE('',(#12360));
#12363=POLY_LOOP('',(#12357,#12362,#12358));
#12364=FACE_OUTER_BOUND('',#12363,.T.);
#12365=FACETED_PRIMITIVE_FACE('',(#12364));
#12367=POLY_LOOP('',(#12357,#12366,#12362));
#12368=FACE_OUTER_BOUND('',#12367,.T.);
#12369=FACETED_PRIMITIVE_FACE('',(#12368));
#12370=POLY_LOOP('',(#12357,#12337,#12317));
#12371=FACE_OUTER_BOUND('',#12370,.T.);
#12372=FACETED_PRIMITIVE_FACE('',(#12371));
#12374=POLY_LOOP('',(#12373,#12227,#12313));
#12375=FACE_OUTER_BOUND('',#12374,.T.);
#12376=FACETED_PRIMITIVE_FACE('',(#12375));
#12377=POLY_LOOP('',(#12373,#12258,#12227));
#12378=FACE_OUTER_BOUND('',#12377,.T.);
#12379=FACETED_PRIMITIVE_FACE('',(#12378));
#12381=POLY_LOOP('',(#12380,#12270,#12217));
#12382=FACE_OUTER_BOUND('',#12381,.T.);
#12383=FACETED_PRIMITIVE_FACE('',(#12382));
#12384=POLY_LOOP('',(#12380,#12217,#12290));
#12385=FACE_OUTER_BOUND('',#12384,.T.);
#12386=FACETED_PRIMITIVE_FACE('',(#12385));
#12388=POLY_LOOP('',(#12387,#12258,#12373));
#12389=FACE_OUTER_BOUND('',#12388,.T.);
#12390=FACETED_PRIMITIVE_FACE('',(#12389));
#12391=POLY_LOOP('',(#12387,#12274,#12258));
#12392=FACE_OUTER_BOUND('',#12391,.T.);
#12393=FACETED_PRIMITIVE_FACE('',(#12392));
#12395=POLY_LOOP('',(#12394,#12290,#10871));
#12396=FACE_OUTER_BOUND('',#12395,.T.);
#12397=FACETED_PRIMITIVE_FACE('',(#12396));
#12398=POLY_LOOP('',(#12394,#12380,#12290));
#12399=FACE_OUTER_BOUND('',#12398,.T.);
#12400=FACETED_PRIMITIVE_FACE('',(#12399));
#12402=POLY_LOOP('',(#12401,#12297,#12274));
#12403=FACE_OUTER_BOUND('',#12402,.T.);
#12404=FACETED_PRIMITIVE_FACE('',(#12403));
#12405=POLY_LOOP('',(#12401,#12274,#12387));
#12406=FACE_OUTER_BOUND('',#12405,.T.);
#12407=FACETED_PRIMITIVE_FACE('',(#12406));
#12410=POLY_LOOP('',(#12408,#12409,#12366));
#12411=FACE_OUTER_BOUND('',#12410,.T.);
#12412=FACETED_PRIMITIVE_FACE('',(#12411));
#12414=POLY_LOOP('',(#12408,#12413,#12409));
#12415=FACE_OUTER_BOUND('',#12414,.T.);
#12416=FACETED_PRIMITIVE_FACE('',(#12415));
#12417=POLY_LOOP('',(#12408,#12366,#12357));
#12418=FACE_OUTER_BOUND('',#12417,.T.);
#12419=FACETED_PRIMITIVE_FACE('',(#12418));
#12421=POLY_LOOP('',(#12420,#12210,#12270));
#12422=FACE_OUTER_BOUND('',#12421,.T.);
#12423=FACETED_PRIMITIVE_FACE('',(#12422));
#12424=POLY_LOOP('',(#12420,#12313,#12210));
#12425=FACE_OUTER_BOUND('',#12424,.T.);
#12426=FACETED_PRIMITIVE_FACE('',(#12425));
#12427=POLY_LOOP('',(#12420,#12270,#12380));
#12428=FACE_OUTER_BOUND('',#12427,.T.);
#12429=FACETED_PRIMITIVE_FACE('',(#12428));
#12431=POLY_LOOP('',(#12430,#12317,#12297));
#12432=FACE_OUTER_BOUND('',#12431,.T.);
#12433=FACETED_PRIMITIVE_FACE('',(#12432));
#12434=POLY_LOOP('',(#12430,#12297,#12401));
#12435=FACE_OUTER_BOUND('',#12434,.T.);
#12436=FACETED_PRIMITIVE_FACE('',(#12435));
#12438=POLY_LOOP('',(#12437,#10800,#10847));
#12439=FACE_OUTER_BOUND('',#12438,.T.);
#12440=FACETED_PRIMITIVE_FACE('',(#12439));
#12441=POLY_LOOP('',(#12437,#10847,#10831));
#12442=FACE_OUTER_BOUND('',#12441,.T.);
#12443=FACETED_PRIMITIVE_FACE('',(#12442));
#12445=POLY_LOOP('',(#12437,#11144,#12444));
#12446=FACE_OUTER_BOUND('',#12445,.T.);
#12447=FACETED_PRIMITIVE_FACE('',(#12446));
#12449=POLY_LOOP('',(#12437,#12444,#12448));
#12450=FACE_OUTER_BOUND('',#12449,.T.);
#12451=FACETED_PRIMITIVE_FACE('',(#12450));
#12453=POLY_LOOP('',(#12437,#12448,#12452));
#12454=FACE_OUTER_BOUND('',#12453,.T.);
#12455=FACETED_PRIMITIVE_FACE('',(#12454));
#12456=POLY_LOOP('',(#12437,#12344,#10800));
#12457=FACE_OUTER_BOUND('',#12456,.T.);
#12458=FACETED_PRIMITIVE_FACE('',(#12457));
#12459=POLY_LOOP('',(#12437,#10831,#11144));
#12460=FACE_OUTER_BOUND('',#12459,.T.);
#12461=FACETED_PRIMITIVE_FACE('',(#12460));
#12462=POLY_LOOP('',(#11709,#11657,#12242));
#12463=FACE_OUTER_BOUND('',#12462,.T.);
#12464=FACETED_PRIMITIVE_FACE('',(#12463));
#12465=POLY_LOOP('',(#11709,#12242,#12344));
#12466=FACE_OUTER_BOUND('',#12465,.T.);
#12467=FACETED_PRIMITIVE_FACE('',(#12466));
#12469=POLY_LOOP('',(#12468,#12357,#12317));
#12470=FACE_OUTER_BOUND('',#12469,.T.);
#12471=FACETED_PRIMITIVE_FACE('',(#12470));
#12472=POLY_LOOP('',(#12468,#12317,#12430));
#12473=FACE_OUTER_BOUND('',#12472,.T.);
#12474=FACETED_PRIMITIVE_FACE('',(#12473));
#12476=POLY_LOOP('',(#12475,#12313,#12420));
#12477=FACE_OUTER_BOUND('',#12476,.T.);
#12478=FACETED_PRIMITIVE_FACE('',(#12477));
#12479=POLY_LOOP('',(#12475,#12373,#12313));
#12480=FACE_OUTER_BOUND('',#12479,.T.);
#12481=FACETED_PRIMITIVE_FACE('',(#12480));
#12483=POLY_LOOP('',(#12482,#12380,#12394));
#12484=FACE_OUTER_BOUND('',#12483,.T.);
#12485=FACETED_PRIMITIVE_FACE('',(#12484));
#12487=POLY_LOOP('',(#12486,#12387,#12373));
#12488=FACE_OUTER_BOUND('',#12487,.T.);
#12489=FACETED_PRIMITIVE_FACE('',(#12488));
#12490=POLY_LOOP('',(#12486,#12373,#12475));
#12491=FACE_OUTER_BOUND('',#12490,.T.);
#12492=FACETED_PRIMITIVE_FACE('',(#12491));
#12494=POLY_LOOP('',(#12493,#12413,#12408));
#12495=FACE_OUTER_BOUND('',#12494,.T.);
#12496=FACETED_PRIMITIVE_FACE('',(#12495));
#12498=POLY_LOOP('',(#12493,#12497,#12413));
#12499=FACE_OUTER_BOUND('',#12498,.T.);
#12500=FACETED_PRIMITIVE_FACE('',(#12499));
#12502=POLY_LOOP('',(#12493,#12501,#12497));
#12503=FACE_OUTER_BOUND('',#12502,.T.);
#12504=FACETED_PRIMITIVE_FACE('',(#12503));
#12506=POLY_LOOP('',(#12493,#12505,#12501));
#12507=FACE_OUTER_BOUND('',#12506,.T.);
#12508=FACETED_PRIMITIVE_FACE('',(#12507));
#12510=POLY_LOOP('',(#12509,#10871,#10876));
#12511=FACE_OUTER_BOUND('',#12510,.T.);
#12512=FACETED_PRIMITIVE_FACE('',(#12511));
#12513=POLY_LOOP('',(#12509,#12394,#10871));
#12514=FACE_OUTER_BOUND('',#12513,.T.);
#12515=FACETED_PRIMITIVE_FACE('',(#12514));
#12517=POLY_LOOP('',(#12516,#12401,#12387));
#12518=FACE_OUTER_BOUND('',#12517,.T.);
#12519=FACETED_PRIMITIVE_FACE('',(#12518));
#12520=POLY_LOOP('',(#12516,#12387,#12486));
#12521=FACE_OUTER_BOUND('',#12520,.T.);
#12522=FACETED_PRIMITIVE_FACE('',(#12521));
#12524=POLY_LOOP('',(#12523,#12408,#12357));
#12525=FACE_OUTER_BOUND('',#12524,.T.);
#12526=FACETED_PRIMITIVE_FACE('',(#12525));
#12527=POLY_LOOP('',(#12523,#12357,#12468));
#12528=FACE_OUTER_BOUND('',#12527,.T.);
#12529=FACETED_PRIMITIVE_FACE('',(#12528));
#12531=POLY_LOOP('',(#12530,#12420,#12380));
#12532=FACE_OUTER_BOUND('',#12531,.T.);
#12533=FACETED_PRIMITIVE_FACE('',(#12532));
#12535=POLY_LOOP('',(#12534,#12401,#12516));
#12536=FACE_OUTER_BOUND('',#12535,.T.);
#12537=FACETED_PRIMITIVE_FACE('',(#12536));
#12538=POLY_LOOP('',(#12534,#12430,#12401));
#12539=FACE_OUTER_BOUND('',#12538,.T.);
#12540=FACETED_PRIMITIVE_FACE('',(#12539));
#12542=POLY_LOOP('',(#12541,#11133,#12505));
#12543=FACE_OUTER_BOUND('',#12542,.T.);
#12544=FACETED_PRIMITIVE_FACE('',(#12543));
#12545=POLY_LOOP('',(#12541,#12505,#12493));
#12546=FACE_OUTER_BOUND('',#12545,.T.);
#12547=FACETED_PRIMITIVE_FACE('',(#12546));
#12548=POLY_LOOP('',(#12541,#11985,#10647));
#12549=FACE_OUTER_BOUND('',#12548,.T.);
#12550=FACETED_PRIMITIVE_FACE('',(#12549));
#12551=POLY_LOOP('',(#12541,#11993,#11985));
#12552=FACE_OUTER_BOUND('',#12551,.T.);
#12553=FACETED_PRIMITIVE_FACE('',(#12552));
#12554=POLY_LOOP('',(#12541,#10647,#11133));
#12555=FACE_OUTER_BOUND('',#12554,.T.);
#12556=FACETED_PRIMITIVE_FACE('',(#12555));
#12557=POLY_LOOP('',(#11784,#11709,#12344));
#12558=FACE_OUTER_BOUND('',#12557,.T.);
#12559=FACETED_PRIMITIVE_FACE('',(#12558));
#12560=POLY_LOOP('',(#11784,#12344,#12437));
#12561=FACE_OUTER_BOUND('',#12560,.T.);
#12562=FACETED_PRIMITIVE_FACE('',(#12561));
#12564=POLY_LOOP('',(#11784,#12452,#12563));
#12565=FACE_OUTER_BOUND('',#12564,.T.);
#12566=FACETED_PRIMITIVE_FACE('',(#12565));
#12568=POLY_LOOP('',(#11784,#12563,#12567));
#12569=FACE_OUTER_BOUND('',#12568,.T.);
#12570=FACETED_PRIMITIVE_FACE('',(#12569));
#12572=POLY_LOOP('',(#11784,#12567,#12571));
#12573=FACE_OUTER_BOUND('',#12572,.T.);
#12574=FACETED_PRIMITIVE_FACE('',(#12573));
#12575=POLY_LOOP('',(#11784,#12437,#12452));
#12576=FACE_OUTER_BOUND('',#12575,.T.);
#12577=FACETED_PRIMITIVE_FACE('',(#12576));
#12579=POLY_LOOP('',(#12578,#12468,#12430));
#12580=FACE_OUTER_BOUND('',#12579,.T.);
#12581=FACETED_PRIMITIVE_FACE('',(#12580));
#12582=POLY_LOOP('',(#12578,#12430,#12534));
#12583=FACE_OUTER_BOUND('',#12582,.T.);
#12584=FACETED_PRIMITIVE_FACE('',(#12583));
#12586=POLY_LOOP('',(#12585,#12420,#12530));
#12587=FACE_OUTER_BOUND('',#12586,.T.);
#12588=FACETED_PRIMITIVE_FACE('',(#12587));
#12589=POLY_LOOP('',(#12585,#12475,#12420));
#12590=FACE_OUTER_BOUND('',#12589,.T.);
#12591=FACETED_PRIMITIVE_FACE('',(#12590));
#12593=POLY_LOOP('',(#12592,#12394,#12509));
#12594=FACE_OUTER_BOUND('',#12593,.T.);
#12595=FACETED_PRIMITIVE_FACE('',(#12594));
#12596=POLY_LOOP('',(#12592,#12482,#12394));
#12597=FACE_OUTER_BOUND('',#12596,.T.);
#12598=FACETED_PRIMITIVE_FACE('',(#12597));
#12600=POLY_LOOP('',(#12599,#12475,#12585));
#12601=FACE_OUTER_BOUND('',#12600,.T.);
#12602=FACETED_PRIMITIVE_FACE('',(#12601));
#12603=POLY_LOOP('',(#12599,#12486,#12475));
#12604=FACE_OUTER_BOUND('',#12603,.T.);
#12605=FACETED_PRIMITIVE_FACE('',(#12604));
#12607=POLY_LOOP('',(#12606,#12408,#12523));
#12608=FACE_OUTER_BOUND('',#12607,.T.);
#12609=FACETED_PRIMITIVE_FACE('',(#12608));
#12610=POLY_LOOP('',(#12606,#12493,#12408));
#12611=FACE_OUTER_BOUND('',#12610,.T.);
#12612=FACETED_PRIMITIVE_FACE('',(#12611));
#12614=POLY_LOOP('',(#12613,#12509,#10876));
#12615=FACE_OUTER_BOUND('',#12614,.T.);
#12616=FACETED_PRIMITIVE_FACE('',(#12615));
#12617=POLY_LOOP('',(#12613,#10876,#10881));
#12618=FACE_OUTER_BOUND('',#12617,.T.);
#12619=FACETED_PRIMITIVE_FACE('',(#12618));
#12621=POLY_LOOP('',(#12620,#12486,#12599));
#12622=FACE_OUTER_BOUND('',#12621,.T.);
#12623=FACETED_PRIMITIVE_FACE('',(#12622));
#12624=POLY_LOOP('',(#12620,#12534,#12516));
#12625=FACE_OUTER_BOUND('',#12624,.T.);
#12626=FACETED_PRIMITIVE_FACE('',(#12625));
#12627=POLY_LOOP('',(#12620,#12516,#12486));
#12628=FACE_OUTER_BOUND('',#12627,.T.);
#12629=FACETED_PRIMITIVE_FACE('',(#12628));
#12631=POLY_LOOP('',(#12630,#12523,#12468));
#12632=FACE_OUTER_BOUND('',#12631,.T.);
#12633=FACETED_PRIMITIVE_FACE('',(#12632));
#12634=POLY_LOOP('',(#12630,#12606,#12523));
#12635=FACE_OUTER_BOUND('',#12634,.T.);
#12636=FACETED_PRIMITIVE_FACE('',(#12635));
#12637=POLY_LOOP('',(#12630,#12468,#12578));
#12638=FACE_OUTER_BOUND('',#12637,.T.);
#12639=FACETED_PRIMITIVE_FACE('',(#12638));
#12640=POLY_LOOP('',(#11777,#11784,#12571));
#12641=FACE_OUTER_BOUND('',#12640,.T.);
#12642=FACETED_PRIMITIVE_FACE('',(#12641));
#12644=POLY_LOOP('',(#11777,#12571,#12643));
#12645=FACE_OUTER_BOUND('',#12644,.T.);
#12646=FACETED_PRIMITIVE_FACE('',(#12645));
#12648=POLY_LOOP('',(#11777,#12643,#12647));
#12649=FACE_OUTER_BOUND('',#12648,.T.);
#12650=FACETED_PRIMITIVE_FACE('',(#12649));
#12652=POLY_LOOP('',(#12651,#12380,#12482));
#12653=FACE_OUTER_BOUND('',#12652,.T.);
#12654=FACETED_PRIMITIVE_FACE('',(#12653));
#12655=POLY_LOOP('',(#12651,#12530,#12380));
#12656=FACE_OUTER_BOUND('',#12655,.T.);
#12657=FACETED_PRIMITIVE_FACE('',(#12656));
#12659=POLY_LOOP('',(#12658,#12534,#12620));
#12660=FACE_OUTER_BOUND('',#12659,.T.);
#12661=FACETED_PRIMITIVE_FACE('',(#12660));
#12663=POLY_LOOP('',(#11272,#12647,#12662));
#12664=FACE_OUTER_BOUND('',#12663,.T.);
#12665=FACETED_PRIMITIVE_FACE('',(#12664));
#12667=POLY_LOOP('',(#11272,#12662,#12666));
#12668=FACE_OUTER_BOUND('',#12667,.T.);
#12669=FACETED_PRIMITIVE_FACE('',(#12668));
#12671=POLY_LOOP('',(#11272,#12666,#12670));
#12672=FACE_OUTER_BOUND('',#12671,.T.);
#12673=FACETED_PRIMITIVE_FACE('',(#12672));
#12674=POLY_LOOP('',(#11272,#11777,#12647));
#12675=FACE_OUTER_BOUND('',#12674,.T.);
#12676=FACETED_PRIMITIVE_FACE('',(#12675));
#12677=POLY_LOOP('',(#10886,#12613,#10881));
#12678=FACE_OUTER_BOUND('',#12677,.T.);
#12679=FACETED_PRIMITIVE_FACE('',(#12678));
#12681=POLY_LOOP('',(#12680,#12541,#12493));
#12682=FACE_OUTER_BOUND('',#12681,.T.);
#12683=FACETED_PRIMITIVE_FACE('',(#12682));
#12684=POLY_LOOP('',(#12680,#12493,#12606));
#12685=FACE_OUTER_BOUND('',#12684,.T.);
#12686=FACETED_PRIMITIVE_FACE('',(#12685));
#12687=POLY_LOOP('',(#12680,#11993,#12541));
#12688=FACE_OUTER_BOUND('',#12687,.T.);
#12689=FACETED_PRIMITIVE_FACE('',(#12688));
#12690=POLY_LOOP('',(#12680,#12004,#11993));
#12691=FACE_OUTER_BOUND('',#12690,.T.);
#12692=FACETED_PRIMITIVE_FACE('',(#12691));
#12693=POLY_LOOP('',(#12680,#12008,#12004));
#12694=FACE_OUTER_BOUND('',#12693,.T.);
#12695=FACETED_PRIMITIVE_FACE('',(#12694));
#12696=POLY_LOOP('',(#11273,#11272,#12670));
#12697=FACE_OUTER_BOUND('',#12696,.T.);
#12698=FACETED_PRIMITIVE_FACE('',(#12697));
#12700=POLY_LOOP('',(#11273,#12670,#12699));
#12701=FACE_OUTER_BOUND('',#12700,.T.);
#12702=FACETED_PRIMITIVE_FACE('',(#12701));
#12704=POLY_LOOP('',(#11273,#12699,#12703));
#12705=FACE_OUTER_BOUND('',#12704,.T.);
#12706=FACETED_PRIMITIVE_FACE('',(#12705));
#12708=POLY_LOOP('',(#11273,#12703,#12707));
#12709=FACE_OUTER_BOUND('',#12708,.T.);
#12710=FACETED_PRIMITIVE_FACE('',(#12709));
#12712=POLY_LOOP('',(#11273,#12707,#12711));
#12713=FACE_OUTER_BOUND('',#12712,.T.);
#12714=FACETED_PRIMITIVE_FACE('',(#12713));
#12716=POLY_LOOP('',(#12715,#12578,#12534));
#12717=FACE_OUTER_BOUND('',#12716,.T.);
#12718=FACETED_PRIMITIVE_FACE('',(#12717));
#12719=POLY_LOOP('',(#12715,#12534,#12658));
#12720=FACE_OUTER_BOUND('',#12719,.T.);
#12721=FACETED_PRIMITIVE_FACE('',(#12720));
#12723=POLY_LOOP('',(#12722,#12530,#12651));
#12724=FACE_OUTER_BOUND('',#12723,.T.);
#12725=FACETED_PRIMITIVE_FACE('',(#12724));
#12726=POLY_LOOP('',(#12722,#12585,#12530));
#12727=FACE_OUTER_BOUND('',#12726,.T.);
#12728=FACETED_PRIMITIVE_FACE('',(#12727));
#12730=POLY_LOOP('',(#12729,#12592,#12509));
#12731=FACE_OUTER_BOUND('',#12730,.T.);
#12732=FACETED_PRIMITIVE_FACE('',(#12731));
#12733=POLY_LOOP('',(#12729,#12509,#12613));
#12734=FACE_OUTER_BOUND('',#12733,.T.);
#12735=FACETED_PRIMITIVE_FACE('',(#12734));
#12737=POLY_LOOP('',(#11012,#12711,#12736));
#12738=FACE_OUTER_BOUND('',#12737,.T.);
#12739=FACETED_PRIMITIVE_FACE('',(#12738));
#12741=POLY_LOOP('',(#11012,#12736,#12740));
#12742=FACE_OUTER_BOUND('',#12741,.T.);
#12743=FACETED_PRIMITIVE_FACE('',(#12742));
#12745=POLY_LOOP('',(#11012,#12740,#12744));
#12746=FACE_OUTER_BOUND('',#12745,.T.);
#12747=FACETED_PRIMITIVE_FACE('',(#12746));
#12749=POLY_LOOP('',(#11012,#12744,#12748));
#12750=FACE_OUTER_BOUND('',#12749,.T.);
#12751=FACETED_PRIMITIVE_FACE('',(#12750));
#12753=POLY_LOOP('',(#11012,#12748,#12752));
#12754=FACE_OUTER_BOUND('',#12753,.T.);
#12755=FACETED_PRIMITIVE_FACE('',(#12754));
#12757=POLY_LOOP('',(#11012,#12752,#12756));
#12758=FACE_OUTER_BOUND('',#12757,.T.);
#12759=FACETED_PRIMITIVE_FACE('',(#12758));
#12760=POLY_LOOP('',(#11012,#11273,#12711));
#12761=FACE_OUTER_BOUND('',#12760,.T.);
#12762=FACETED_PRIMITIVE_FACE('',(#12761));
#12764=POLY_LOOP('',(#12763,#12585,#12722));
#12765=FACE_OUTER_BOUND('',#12764,.T.);
#12766=FACETED_PRIMITIVE_FACE('',(#12765));
#12767=POLY_LOOP('',(#12763,#12599,#12585));
#12768=FACE_OUTER_BOUND('',#12767,.T.);
#12769=FACETED_PRIMITIVE_FACE('',(#12768));
#12771=POLY_LOOP('',(#12770,#12680,#12606));
#12772=FACE_OUTER_BOUND('',#12771,.T.);
#12773=FACETED_PRIMITIVE_FACE('',(#12772));
#12774=POLY_LOOP('',(#12770,#12606,#12630));
#12775=FACE_OUTER_BOUND('',#12774,.T.);
#12776=FACETED_PRIMITIVE_FACE('',(#12775));
#12778=POLY_LOOP('',(#12777,#12613,#10886));
#12779=FACE_OUTER_BOUND('',#12778,.T.);
#12780=FACETED_PRIMITIVE_FACE('',(#12779));
#12782=POLY_LOOP('',(#12781,#12599,#12763));
#12783=FACE_OUTER_BOUND('',#12782,.T.);
#12784=FACETED_PRIMITIVE_FACE('',(#12783));
#12785=POLY_LOOP('',(#12781,#12620,#12599));
#12786=FACE_OUTER_BOUND('',#12785,.T.);
#12787=FACETED_PRIMITIVE_FACE('',(#12786));
#12789=POLY_LOOP('',(#12788,#12630,#12578));
#12790=FACE_OUTER_BOUND('',#12789,.T.);
#12791=FACETED_PRIMITIVE_FACE('',(#12790));
#12792=POLY_LOOP('',(#12788,#12578,#12715));
#12793=FACE_OUTER_BOUND('',#12792,.T.);
#12794=FACETED_PRIMITIVE_FACE('',(#12793));
#12796=POLY_LOOP('',(#12795,#12651,#12482));
#12797=FACE_OUTER_BOUND('',#12796,.T.);
#12798=FACETED_PRIMITIVE_FACE('',(#12797));
#12799=POLY_LOOP('',(#12795,#12722,#12651));
#12800=FACE_OUTER_BOUND('',#12799,.T.);
#12801=FACETED_PRIMITIVE_FACE('',(#12800));
#12802=POLY_LOOP('',(#12795,#12482,#12592));
#12803=FACE_OUTER_BOUND('',#12802,.T.);
#12804=FACETED_PRIMITIVE_FACE('',(#12803));
#12806=POLY_LOOP('',(#12805,#12620,#12781));
#12807=FACE_OUTER_BOUND('',#12806,.T.);
#12808=FACETED_PRIMITIVE_FACE('',(#12807));
#12809=POLY_LOOP('',(#12805,#12658,#12620));
#12810=FACE_OUTER_BOUND('',#12809,.T.);
#12811=FACETED_PRIMITIVE_FACE('',(#12810));
#12813=POLY_LOOP('',(#10891,#12756,#12812));
#12814=FACE_OUTER_BOUND('',#12813,.T.);
#12815=FACETED_PRIMITIVE_FACE('',(#12814));
#12817=POLY_LOOP('',(#10891,#12812,#12816));
#12818=FACE_OUTER_BOUND('',#12817,.T.);
#12819=FACETED_PRIMITIVE_FACE('',(#12818));
#12820=POLY_LOOP('',(#10891,#11012,#12756));
#12821=FACE_OUTER_BOUND('',#12820,.T.);
#12822=FACETED_PRIMITIVE_FACE('',(#12821));
#12824=POLY_LOOP('',(#12823,#12008,#12680));
#12825=FACE_OUTER_BOUND('',#12824,.T.);
#12826=FACETED_PRIMITIVE_FACE('',(#12825));
#12827=POLY_LOOP('',(#12823,#12057,#12008));
#12828=FACE_OUTER_BOUND('',#12827,.T.);
#12829=FACETED_PRIMITIVE_FACE('',(#12828));
#12830=POLY_LOOP('',(#12823,#12061,#12057));
#12831=FACE_OUTER_BOUND('',#12830,.T.);
#12832=FACETED_PRIMITIVE_FACE('',(#12831));
#12833=POLY_LOOP('',(#12823,#12680,#12770));
#12834=FACE_OUTER_BOUND('',#12833,.T.);
#12835=FACETED_PRIMITIVE_FACE('',(#12834));
#12837=POLY_LOOP('',(#12836,#12658,#12805));
#12838=FACE_OUTER_BOUND('',#12837,.T.);
#12839=FACETED_PRIMITIVE_FACE('',(#12838));
#12840=POLY_LOOP('',(#12836,#12715,#12658));
#12841=FACE_OUTER_BOUND('',#12840,.T.);
#12842=FACETED_PRIMITIVE_FACE('',(#12841));
#12844=POLY_LOOP('',(#12843,#12722,#12795));
#12845=FACE_OUTER_BOUND('',#12844,.T.);
#12846=FACETED_PRIMITIVE_FACE('',(#12845));
#12848=POLY_LOOP('',(#12847,#12613,#12777));
#12849=FACE_OUTER_BOUND('',#12848,.T.);
#12850=FACETED_PRIMITIVE_FACE('',(#12849));
#12851=POLY_LOOP('',(#12847,#12729,#12613));
#12852=FACE_OUTER_BOUND('',#12851,.T.);
#12853=FACETED_PRIMITIVE_FACE('',(#12852));
#12855=POLY_LOOP('',(#12854,#12763,#12722));
#12856=FACE_OUTER_BOUND('',#12855,.T.);
#12857=FACETED_PRIMITIVE_FACE('',(#12856));
#12858=POLY_LOOP('',(#12854,#12722,#12843));
#12859=FACE_OUTER_BOUND('',#12858,.T.);
#12860=FACETED_PRIMITIVE_FACE('',(#12859));
#12862=POLY_LOOP('',(#12861,#12630,#12788));
#12863=FACE_OUTER_BOUND('',#12862,.T.);
#12864=FACETED_PRIMITIVE_FACE('',(#12863));
#12865=POLY_LOOP('',(#12861,#12770,#12630));
#12866=FACE_OUTER_BOUND('',#12865,.T.);
#12867=FACETED_PRIMITIVE_FACE('',(#12866));
#12869=POLY_LOOP('',(#12868,#10891,#12816));
#12870=FACE_OUTER_BOUND('',#12869,.T.);
#12871=FACETED_PRIMITIVE_FACE('',(#12870));
#12872=POLY_LOOP('',(#12868,#10886,#10891));
#12873=FACE_OUTER_BOUND('',#12872,.T.);
#12874=FACETED_PRIMITIVE_FACE('',(#12873));
#12876=POLY_LOOP('',(#12868,#12816,#12875));
#12877=FACE_OUTER_BOUND('',#12876,.T.);
#12878=FACETED_PRIMITIVE_FACE('',(#12877));
#12879=POLY_LOOP('',(#12868,#12847,#12777));
#12880=FACE_OUTER_BOUND('',#12879,.T.);
#12881=FACETED_PRIMITIVE_FACE('',(#12880));
#12882=POLY_LOOP('',(#12868,#12777,#10886));
#12883=FACE_OUTER_BOUND('',#12882,.T.);
#12884=FACETED_PRIMITIVE_FACE('',(#12883));
#12886=POLY_LOOP('',(#12885,#12781,#12763));
#12887=FACE_OUTER_BOUND('',#12886,.T.);
#12888=FACETED_PRIMITIVE_FACE('',(#12887));
#12889=POLY_LOOP('',(#12885,#12763,#12854));
#12890=FACE_OUTER_BOUND('',#12889,.T.);
#12891=FACETED_PRIMITIVE_FACE('',(#12890));
#12893=POLY_LOOP('',(#12892,#12788,#12715));
#12894=FACE_OUTER_BOUND('',#12893,.T.);
#12895=FACETED_PRIMITIVE_FACE('',(#12894));
#12896=POLY_LOOP('',(#12892,#12715,#12836));
#12897=FACE_OUTER_BOUND('',#12896,.T.);
#12898=FACETED_PRIMITIVE_FACE('',(#12897));
#12900=POLY_LOOP('',(#12899,#12729,#12847));
#12901=FACE_OUTER_BOUND('',#12900,.T.);
#12902=FACETED_PRIMITIVE_FACE('',(#12901));
#12903=POLY_LOOP('',(#12899,#12795,#12592));
#12904=FACE_OUTER_BOUND('',#12903,.T.);
#12905=FACETED_PRIMITIVE_FACE('',(#12904));
#12906=POLY_LOOP('',(#12899,#12592,#12729));
#12907=FACE_OUTER_BOUND('',#12906,.T.);
#12908=FACETED_PRIMITIVE_FACE('',(#12907));
#12909=POLY_LOOP('',(#12899,#12843,#12795));
#12910=FACE_OUTER_BOUND('',#12909,.T.);
#12911=FACETED_PRIMITIVE_FACE('',(#12910));
#12913=POLY_LOOP('',(#12912,#12805,#12781));
#12914=FACE_OUTER_BOUND('',#12913,.T.);
#12915=FACETED_PRIMITIVE_FACE('',(#12914));
#12916=POLY_LOOP('',(#12912,#12836,#12805));
#12917=FACE_OUTER_BOUND('',#12916,.T.);
#12918=FACETED_PRIMITIVE_FACE('',(#12917));
#12919=POLY_LOOP('',(#12912,#12781,#12885));
#12920=FACE_OUTER_BOUND('',#12919,.T.);
#12921=FACETED_PRIMITIVE_FACE('',(#12920));
#12923=POLY_LOOP('',(#12922,#12061,#12823));
#12924=FACE_OUTER_BOUND('',#12923,.T.);
#12925=FACETED_PRIMITIVE_FACE('',(#12924));
#12926=POLY_LOOP('',(#12922,#12770,#12861));
#12927=FACE_OUTER_BOUND('',#12926,.T.);
#12928=FACETED_PRIMITIVE_FACE('',(#12927));
#12929=POLY_LOOP('',(#12922,#12132,#12061));
#12930=FACE_OUTER_BOUND('',#12929,.T.);
#12931=FACETED_PRIMITIVE_FACE('',(#12930));
#12932=POLY_LOOP('',(#12922,#12136,#12132));
#12933=FACE_OUTER_BOUND('',#12932,.T.);
#12934=FACETED_PRIMITIVE_FACE('',(#12933));
#12935=POLY_LOOP('',(#12922,#12823,#12770));
#12936=FACE_OUTER_BOUND('',#12935,.T.);
#12937=FACETED_PRIMITIVE_FACE('',(#12936));
#12939=POLY_LOOP('',(#12938,#12836,#12912));
#12940=FACE_OUTER_BOUND('',#12939,.T.);
#12941=FACETED_PRIMITIVE_FACE('',(#12940));
#12943=POLY_LOOP('',(#12942,#12843,#12899));
#12944=FACE_OUTER_BOUND('',#12943,.T.);
#12945=FACETED_PRIMITIVE_FACE('',(#12944));
#12947=POLY_LOOP('',(#12946,#12847,#12868));
#12948=FACE_OUTER_BOUND('',#12947,.T.);
#12949=FACETED_PRIMITIVE_FACE('',(#12948));
#12951=POLY_LOOP('',(#12946,#12875,#12950));
#12952=FACE_OUTER_BOUND('',#12951,.T.);
#12953=FACETED_PRIMITIVE_FACE('',(#12952));
#12955=POLY_LOOP('',(#12946,#12950,#12954));
#12956=FACE_OUTER_BOUND('',#12955,.T.);
#12957=FACETED_PRIMITIVE_FACE('',(#12956));
#12958=POLY_LOOP('',(#12946,#12868,#12875));
#12959=FACE_OUTER_BOUND('',#12958,.T.);
#12960=FACETED_PRIMITIVE_FACE('',(#12959));
#12962=POLY_LOOP('',(#12961,#12854,#12843));
#12963=FACE_OUTER_BOUND('',#12962,.T.);
#12964=FACETED_PRIMITIVE_FACE('',(#12963));
#12965=POLY_LOOP('',(#12961,#12843,#12942));
#12966=FACE_OUTER_BOUND('',#12965,.T.);
#12967=FACETED_PRIMITIVE_FACE('',(#12966));
#12969=POLY_LOOP('',(#12968,#12788,#12892));
#12970=FACE_OUTER_BOUND('',#12969,.T.);
#12971=FACETED_PRIMITIVE_FACE('',(#12970));
#12972=POLY_LOOP('',(#12968,#12861,#12788));
#12973=FACE_OUTER_BOUND('',#12972,.T.);
#12974=FACETED_PRIMITIVE_FACE('',(#12973));
#12975=POLY_LOOP('',(#12968,#12922,#12861));
#12976=FACE_OUTER_BOUND('',#12975,.T.);
#12977=FACETED_PRIMITIVE_FACE('',(#12976));
#12979=POLY_LOOP('',(#12978,#12885,#12854));
#12980=FACE_OUTER_BOUND('',#12979,.T.);
#12981=FACETED_PRIMITIVE_FACE('',(#12980));
#12982=POLY_LOOP('',(#12978,#12854,#12961));
#12983=FACE_OUTER_BOUND('',#12982,.T.);
#12984=FACETED_PRIMITIVE_FACE('',(#12983));
#12985=POLY_LOOP('',(#10642,#12892,#12836));
#12986=FACE_OUTER_BOUND('',#12985,.T.);
#12987=FACETED_PRIMITIVE_FACE('',(#12986));
#12988=POLY_LOOP('',(#10642,#12968,#12892));
#12989=FACE_OUTER_BOUND('',#12988,.T.);
#12990=FACETED_PRIMITIVE_FACE('',(#12989));
#12991=POLY_LOOP('',(#10642,#12836,#12938));
#12992=FACE_OUTER_BOUND('',#12991,.T.);
#12993=FACETED_PRIMITIVE_FACE('',(#12992));
#12995=POLY_LOOP('',(#12994,#12899,#12847));
#12996=FACE_OUTER_BOUND('',#12995,.T.);
#12997=FACETED_PRIMITIVE_FACE('',(#12996));
#12999=POLY_LOOP('',(#12998,#12938,#12912));
#13000=FACE_OUTER_BOUND('',#12999,.T.);
#13001=FACETED_PRIMITIVE_FACE('',(#13000));
#13002=POLY_LOOP('',(#12998,#12885,#12978));
#13003=FACE_OUTER_BOUND('',#13002,.T.);
#13004=FACETED_PRIMITIVE_FACE('',(#13003));
#13005=POLY_LOOP('',(#12998,#12912,#12885));
#13006=FACE_OUTER_BOUND('',#13005,.T.);
#13007=FACETED_PRIMITIVE_FACE('',(#13006));
#13009=POLY_LOOP('',(#13008,#12922,#12968));
#13010=FACE_OUTER_BOUND('',#13009,.T.);
#13011=FACETED_PRIMITIVE_FACE('',(#13010));
#13012=POLY_LOOP('',(#13008,#12136,#12922));
#13013=FACE_OUTER_BOUND('',#13012,.T.);
#13014=FACETED_PRIMITIVE_FACE('',(#13013));
#13015=POLY_LOOP('',(#13008,#12165,#12136));
#13016=FACE_OUTER_BOUND('',#13015,.T.);
#13017=FACETED_PRIMITIVE_FACE('',(#13016));
#13018=POLY_LOOP('',(#13008,#12169,#12165));
#13019=FACE_OUTER_BOUND('',#13018,.T.);
#13020=FACETED_PRIMITIVE_FACE('',(#13019));
#13021=POLY_LOOP('',(#10684,#12938,#12998));
#13022=FACE_OUTER_BOUND('',#13021,.T.);
#13023=FACETED_PRIMITIVE_FACE('',(#13022));
#13024=POLY_LOOP('',(#10684,#10642,#12938));
#13025=FACE_OUTER_BOUND('',#13024,.T.);
#13026=FACETED_PRIMITIVE_FACE('',(#13025));
#13027=POLY_LOOP('',(#10608,#12899,#12994));
#13028=FACE_OUTER_BOUND('',#13027,.T.);
#13029=FACETED_PRIMITIVE_FACE('',(#13028));
#13030=POLY_LOOP('',(#10608,#12942,#12899));
#13031=FACE_OUTER_BOUND('',#13030,.T.);
#13032=FACETED_PRIMITIVE_FACE('',(#13031));
#13033=POLY_LOOP('',(#10608,#12961,#12942));
#13034=FACE_OUTER_BOUND('',#13033,.T.);
#13035=FACETED_PRIMITIVE_FACE('',(#13034));
#13036=POLY_LOOP('',(#10632,#12961,#10608));
#13037=FACE_OUTER_BOUND('',#13036,.T.);
#13038=FACETED_PRIMITIVE_FACE('',(#13037));
#13039=POLY_LOOP('',(#10638,#12968,#10642));
#13040=FACE_OUTER_BOUND('',#13039,.T.);
#13041=FACETED_PRIMITIVE_FACE('',(#13040));
#13042=POLY_LOOP('',(#10664,#12961,#10632));
#13043=FACE_OUTER_BOUND('',#13042,.T.);
#13044=FACETED_PRIMITIVE_FACE('',(#13043));
#13045=POLY_LOOP('',(#10664,#12978,#12961));
#13046=FACE_OUTER_BOUND('',#13045,.T.);
#13047=FACETED_PRIMITIVE_FACE('',(#13046));
#13048=POLY_LOOP('',(#10643,#10642,#10684));
#13049=FACE_OUTER_BOUND('',#13048,.T.);
#13050=FACETED_PRIMITIVE_FACE('',(#13049));
#13051=POLY_LOOP('',(#10603,#10608,#12994));
#13052=FACE_OUTER_BOUND('',#13051,.T.);
#13053=FACETED_PRIMITIVE_FACE('',(#13052));
#13054=POLY_LOOP('',(#10603,#12946,#12954));
#13055=FACE_OUTER_BOUND('',#13054,.T.);
#13056=FACETED_PRIMITIVE_FACE('',(#13055));
#13057=POLY_LOOP('',(#10603,#12954,#10604));
#13058=FACE_OUTER_BOUND('',#13057,.T.);
#13059=FACETED_PRIMITIVE_FACE('',(#13058));
#13060=POLY_LOOP('',(#10603,#12994,#12847));
#13061=FACE_OUTER_BOUND('',#13060,.T.);
#13062=FACETED_PRIMITIVE_FACE('',(#13061));
#13063=POLY_LOOP('',(#10603,#12847,#12946));
#13064=FACE_OUTER_BOUND('',#13063,.T.);
#13065=FACETED_PRIMITIVE_FACE('',(#13064));
#13066=POLY_LOOP('',(#10722,#12978,#10664));
#13067=FACE_OUTER_BOUND('',#13066,.T.);
#13068=FACETED_PRIMITIVE_FACE('',(#13067));
#13069=POLY_LOOP('',(#10722,#12998,#12978));
#13070=FACE_OUTER_BOUND('',#13069,.T.);
#13071=FACETED_PRIMITIVE_FACE('',(#13070));
#13072=POLY_LOOP('',(#10637,#12169,#13008));
#13073=FACE_OUTER_BOUND('',#13072,.T.);
#13074=FACETED_PRIMITIVE_FACE('',(#13073));
#13075=POLY_LOOP('',(#10637,#12968,#10638));
#13076=FACE_OUTER_BOUND('',#13075,.T.);
#13077=FACETED_PRIMITIVE_FACE('',(#13076));
#13078=POLY_LOOP('',(#10637,#12191,#12169));
#13079=FACE_OUTER_BOUND('',#13078,.T.);
#13080=FACETED_PRIMITIVE_FACE('',(#13079));
#13081=POLY_LOOP('',(#10637,#10730,#12191));
#13082=FACE_OUTER_BOUND('',#13081,.T.);
#13083=FACETED_PRIMITIVE_FACE('',(#13082));
#13084=POLY_LOOP('',(#10637,#13008,#12968));
#13085=FACE_OUTER_BOUND('',#13084,.T.);
#13086=FACETED_PRIMITIVE_FACE('',(#13085));
#13087=POLY_LOOP('',(#10691,#12998,#10722));
#13088=FACE_OUTER_BOUND('',#13087,.T.);
#13089=FACETED_PRIMITIVE_FACE('',(#13088));
#13090=POLY_LOOP('',(#10691,#10684,#12998));
#13091=FACE_OUTER_BOUND('',#13090,.T.);
#13092=FACETED_PRIMITIVE_FACE('',(#13091));
#13094=POLY_LOOP('',(#10602,#10604,#13093));
#13095=FACE_OUTER_BOUND('',#13094,.T.);
#13096=FACETED_PRIMITIVE_FACE('',(#13095));
#13097=POLY_LOOP('',(#10602,#13093,#10613));
#13098=FACE_OUTER_BOUND('',#13097,.T.);
#13099=FACETED_PRIMITIVE_FACE('',(#13098));
#13100=POLY_LOOP('',(#12081,#12085,#12089));
#13101=FACE_OUTER_BOUND('',#13100,.T.);
#13102=FACETED_PRIMITIVE_FACE('',(#13101));
#13103=POLY_LOOP('',(#12077,#12089,#12096));
#13104=FACE_OUTER_BOUND('',#13103,.T.);
#13105=FACETED_PRIMITIVE_FACE('',(#13104));
#13106=POLY_LOOP('',(#12077,#12096,#12100));
#13107=FACE_OUTER_BOUND('',#13106,.T.);
#13108=FACETED_PRIMITIVE_FACE('',(#13107));
#13109=POLY_LOOP('',(#12077,#12081,#12089));
#13110=FACE_OUTER_BOUND('',#13109,.T.);
#13111=FACETED_PRIMITIVE_FACE('',(#13110));
#13112=POLY_LOOP('',(#12049,#12100,#12104));
#13113=FACE_OUTER_BOUND('',#13112,.T.);
#13114=FACETED_PRIMITIVE_FACE('',(#13113));
#13115=POLY_LOOP('',(#12049,#12077,#12100));
#13116=FACE_OUTER_BOUND('',#13115,.T.);
#13117=FACETED_PRIMITIVE_FACE('',(#13116));
#13118=POLY_LOOP('',(#12045,#12104,#12108));
#13119=FACE_OUTER_BOUND('',#13118,.T.);
#13120=FACETED_PRIMITIVE_FACE('',(#13119));
#13121=POLY_LOOP('',(#12045,#12049,#12104));
#13122=FACE_OUTER_BOUND('',#13121,.T.);
#13123=FACETED_PRIMITIVE_FACE('',(#13122));
#13124=POLY_LOOP('',(#12041,#12108,#12112));
#13125=FACE_OUTER_BOUND('',#13124,.T.);
#13126=FACETED_PRIMITIVE_FACE('',(#13125));
#13127=POLY_LOOP('',(#12041,#12112,#12116));
#13128=FACE_OUTER_BOUND('',#13127,.T.);
#13129=FACETED_PRIMITIVE_FACE('',(#13128));
#13130=POLY_LOOP('',(#12041,#12045,#12108));
#13131=FACE_OUTER_BOUND('',#13130,.T.);
#13132=FACETED_PRIMITIVE_FACE('',(#13131));
#13133=POLY_LOOP('',(#12034,#12116,#12123));
#13134=FACE_OUTER_BOUND('',#13133,.T.);
#13135=FACETED_PRIMITIVE_FACE('',(#13134));
#13136=POLY_LOOP('',(#12034,#12041,#12116));
#13137=FACE_OUTER_BOUND('',#13136,.T.);
#13138=FACETED_PRIMITIVE_FACE('',(#13137));
#13139=POLY_LOOP('',(#12030,#12123,#12127));
#13140=FACE_OUTER_BOUND('',#13139,.T.);
#13141=FACETED_PRIMITIVE_FACE('',(#13140));
#13142=POLY_LOOP('',(#12030,#12034,#12123));
#13143=FACE_OUTER_BOUND('',#13142,.T.);
#13144=FACETED_PRIMITIVE_FACE('',(#13143));
#13145=POLY_LOOP('',(#12023,#12030,#12127));
#13146=FACE_OUTER_BOUND('',#13145,.T.);
#13147=FACETED_PRIMITIVE_FACE('',(#13146));
#13148=POLY_LOOP('',(#12019,#12127,#12153));
#13149=FACE_OUTER_BOUND('',#13148,.T.);
#13150=FACETED_PRIMITIVE_FACE('',(#13149));
#13151=POLY_LOOP('',(#12019,#12023,#12127));
#13152=FACE_OUTER_BOUND('',#13151,.T.);
#13153=FACETED_PRIMITIVE_FACE('',(#13152));
#13154=POLY_LOOP('',(#12015,#12019,#12153));
#13155=FACE_OUTER_BOUND('',#13154,.T.);
#13156=FACETED_PRIMITIVE_FACE('',(#13155));
#13157=POLY_LOOP('',(#11989,#12015,#12153));
#13158=FACE_OUTER_BOUND('',#13157,.T.);
#13159=FACETED_PRIMITIVE_FACE('',(#13158));
#13160=POLY_LOOP('',(#11981,#11989,#12153));
#13161=FACE_OUTER_BOUND('',#13160,.T.);
#13162=FACETED_PRIMITIVE_FACE('',(#13161));
#13163=POLY_LOOP('',(#11981,#12153,#12157));
#13164=FACE_OUTER_BOUND('',#13163,.T.);
#13165=FACETED_PRIMITIVE_FACE('',(#13164));
#13166=POLY_LOOP('',(#11976,#11981,#12157));
#13167=FACE_OUTER_BOUND('',#13166,.T.);
#13168=FACETED_PRIMITIVE_FACE('',(#13167));
#13169=POLY_LOOP('',(#11977,#11976,#12157));
#13170=FACE_OUTER_BOUND('',#13169,.T.);
#13171=FACETED_PRIMITIVE_FACE('',(#13170));
#13172=POLY_LOOP('',(#10653,#11977,#12157));
#13173=FACE_OUTER_BOUND('',#13172,.T.);
#13174=FACETED_PRIMITIVE_FACE('',(#13173));
#13175=POLY_LOOP('',(#10648,#10653,#12157));
#13176=FACE_OUTER_BOUND('',#13175,.T.);
#13177=FACETED_PRIMITIVE_FACE('',(#13176));
#13178=POLY_LOOP('',(#10649,#10648,#12157));
#13179=FACE_OUTER_BOUND('',#13178,.T.);
#13180=FACETED_PRIMITIVE_FACE('',(#13179));
#13181=POLY_LOOP('',(#11137,#10649,#12157));
#13182=FACE_OUTER_BOUND('',#13181,.T.);
#13183=FACETED_PRIMITIVE_FACE('',(#13182));
#13184=POLY_LOOP('',(#12309,#12283,#12298));
#13185=FACE_OUTER_BOUND('',#13184,.T.);
#13186=FACETED_PRIMITIVE_FACE('',(#13185));
#13187=POLY_LOOP('',(#12309,#12298,#12305));
#13188=FACE_OUTER_BOUND('',#13187,.T.);
#13189=FACETED_PRIMITIVE_FACE('',(#13188));
#13190=POLY_LOOP('',(#12318,#12283,#12309));
#13191=FACE_OUTER_BOUND('',#13190,.T.);
#13192=FACETED_PRIMITIVE_FACE('',(#13191));
#13193=POLY_LOOP('',(#12318,#12279,#12283));
#13194=FACE_OUTER_BOUND('',#13193,.T.);
#13195=FACETED_PRIMITIVE_FACE('',(#13194));
#13196=POLY_LOOP('',(#11132,#11137,#12157));
#13197=FACE_OUTER_BOUND('',#13196,.T.);
#13198=FACETED_PRIMITIVE_FACE('',(#13197));
#13199=POLY_LOOP('',(#12325,#12279,#12318));
#13200=FACE_OUTER_BOUND('',#13199,.T.);
#13201=FACETED_PRIMITIVE_FACE('',(#13200));
#13202=POLY_LOOP('',(#12325,#12275,#12279));
#13203=FACE_OUTER_BOUND('',#13202,.T.);
#13204=FACETED_PRIMITIVE_FACE('',(#13203));
#13205=POLY_LOOP('',(#12329,#12275,#12325));
#13206=FACE_OUTER_BOUND('',#13205,.T.);
#13207=FACETED_PRIMITIVE_FACE('',(#13206));
#13208=POLY_LOOP('',(#12329,#12266,#12275));
#13209=FACE_OUTER_BOUND('',#13208,.T.);
#13210=FACETED_PRIMITIVE_FACE('',(#13209));
#13211=POLY_LOOP('',(#12333,#12266,#12329));
#13212=FACE_OUTER_BOUND('',#13211,.T.);
#13213=FACETED_PRIMITIVE_FACE('',(#13212));
#13214=POLY_LOOP('',(#11133,#11132,#12157));
#13215=FACE_OUTER_BOUND('',#13214,.T.);
#13216=FACETED_PRIMITIVE_FACE('',(#13215));
#13217=POLY_LOOP('',(#12337,#12262,#12266));
#13218=FACE_OUTER_BOUND('',#13217,.T.);
#13219=FACETED_PRIMITIVE_FACE('',(#13218));
#13220=POLY_LOOP('',(#12337,#12266,#12333));
#13221=FACE_OUTER_BOUND('',#13220,.T.);
#13222=FACETED_PRIMITIVE_FACE('',(#13221));
#13223=POLY_LOOP('',(#12358,#12262,#12337));
#13224=FACE_OUTER_BOUND('',#13223,.T.);
#13225=FACETED_PRIMITIVE_FACE('',(#13224));
#13226=POLY_LOOP('',(#12358,#12232,#12262));
#13227=FACE_OUTER_BOUND('',#13226,.T.);
#13228=FACETED_PRIMITIVE_FACE('',(#13227));
#13229=POLY_LOOP('',(#12505,#11133,#12157));
#13230=FACE_OUTER_BOUND('',#13229,.T.);
#13231=FACETED_PRIMITIVE_FACE('',(#13230));
#13232=POLY_LOOP('',(#12362,#12232,#12358));
#13233=FACE_OUTER_BOUND('',#13232,.T.);
#13234=FACETED_PRIMITIVE_FACE('',(#13233));
#13235=POLY_LOOP('',(#12366,#12228,#12232));
#13236=FACE_OUTER_BOUND('',#13235,.T.);
#13237=FACETED_PRIMITIVE_FACE('',(#13236));
#13238=POLY_LOOP('',(#12366,#12232,#12362));
#13239=FACE_OUTER_BOUND('',#13238,.T.);
#13240=FACETED_PRIMITIVE_FACE('',(#13239));
#13241=POLY_LOOP('',(#12501,#12157,#12228));
#13242=FACE_OUTER_BOUND('',#13241,.T.);
#13243=FACETED_PRIMITIVE_FACE('',(#13242));
#13244=POLY_LOOP('',(#12501,#12505,#12157));
#13245=FACE_OUTER_BOUND('',#13244,.T.);
#13246=FACETED_PRIMITIVE_FACE('',(#13245));
#13247=POLY_LOOP('',(#12409,#12228,#12366));
#13248=FACE_OUTER_BOUND('',#13247,.T.);
#13249=FACETED_PRIMITIVE_FACE('',(#13248));
#13250=POLY_LOOP('',(#12497,#12501,#12228));
#13251=FACE_OUTER_BOUND('',#13250,.T.);
#13252=FACETED_PRIMITIVE_FACE('',(#13251));
#13253=POLY_LOOP('',(#12413,#12228,#12409));
#13254=FACE_OUTER_BOUND('',#13253,.T.);
#13255=FACETED_PRIMITIVE_FACE('',(#13254));
#13256=POLY_LOOP('',(#12413,#12497,#12228));
#13257=FACE_OUTER_BOUND('',#13256,.T.);
#13258=FACETED_PRIMITIVE_FACE('',(#13257));
#13259=POLY_LOOP('',(#12703,#12711,#12707));
#13260=FACE_OUTER_BOUND('',#13259,.T.);
#13261=FACETED_PRIMITIVE_FACE('',(#13260));
#13262=POLY_LOOP('',(#12699,#12736,#12711));
#13263=FACE_OUTER_BOUND('',#13262,.T.);
#13264=FACETED_PRIMITIVE_FACE('',(#13263));
#13265=POLY_LOOP('',(#12699,#12740,#12736));
#13266=FACE_OUTER_BOUND('',#13265,.T.);
#13267=FACETED_PRIMITIVE_FACE('',(#13266));
#13268=POLY_LOOP('',(#12699,#12711,#12703));
#13269=FACE_OUTER_BOUND('',#13268,.T.);
#13270=FACETED_PRIMITIVE_FACE('',(#13269));
#13271=POLY_LOOP('',(#12670,#12744,#12740));
#13272=FACE_OUTER_BOUND('',#13271,.T.);
#13273=FACETED_PRIMITIVE_FACE('',(#13272));
#13274=POLY_LOOP('',(#12670,#12740,#12699));
#13275=FACE_OUTER_BOUND('',#13274,.T.);
#13276=FACETED_PRIMITIVE_FACE('',(#13275));
#13277=POLY_LOOP('',(#12666,#12748,#12744));
#13278=FACE_OUTER_BOUND('',#13277,.T.);
#13279=FACETED_PRIMITIVE_FACE('',(#13278));
#13280=POLY_LOOP('',(#12666,#12744,#12670));
#13281=FACE_OUTER_BOUND('',#13280,.T.);
#13282=FACETED_PRIMITIVE_FACE('',(#13281));
#13283=POLY_LOOP('',(#12662,#12752,#12748));
#13284=FACE_OUTER_BOUND('',#13283,.T.);
#13285=FACETED_PRIMITIVE_FACE('',(#13284));
#13286=POLY_LOOP('',(#12662,#12756,#12752));
#13287=FACE_OUTER_BOUND('',#13286,.T.);
#13288=FACETED_PRIMITIVE_FACE('',(#13287));
#13289=POLY_LOOP('',(#12662,#12748,#12666));
#13290=FACE_OUTER_BOUND('',#13289,.T.);
#13291=FACETED_PRIMITIVE_FACE('',(#13290));
#13292=POLY_LOOP('',(#12647,#12812,#12756));
#13293=FACE_OUTER_BOUND('',#13292,.T.);
#13294=FACETED_PRIMITIVE_FACE('',(#13293));
#13295=POLY_LOOP('',(#12647,#12756,#12662));
#13296=FACE_OUTER_BOUND('',#13295,.T.);
#13297=FACETED_PRIMITIVE_FACE('',(#13296));
#13298=POLY_LOOP('',(#12643,#12816,#12812));
#13299=FACE_OUTER_BOUND('',#13298,.T.);
#13300=FACETED_PRIMITIVE_FACE('',(#13299));
#13301=POLY_LOOP('',(#12643,#12812,#12647));
#13302=FACE_OUTER_BOUND('',#13301,.T.);
#13303=FACETED_PRIMITIVE_FACE('',(#13302));
#13304=POLY_LOOP('',(#12571,#12816,#12643));
#13305=FACE_OUTER_BOUND('',#13304,.T.);
#13306=FACETED_PRIMITIVE_FACE('',(#13305));
#13307=POLY_LOOP('',(#12567,#12875,#12816));
#13308=FACE_OUTER_BOUND('',#13307,.T.);
#13309=FACETED_PRIMITIVE_FACE('',(#13308));
#13310=POLY_LOOP('',(#12567,#12816,#12571));
#13311=FACE_OUTER_BOUND('',#13310,.T.);
#13312=FACETED_PRIMITIVE_FACE('',(#13311));
#13313=POLY_LOOP('',(#12563,#12875,#12567));
#13314=FACE_OUTER_BOUND('',#13313,.T.);
#13315=FACETED_PRIMITIVE_FACE('',(#13314));
#13316=POLY_LOOP('',(#12452,#12875,#12563));
#13317=FACE_OUTER_BOUND('',#13316,.T.);
#13318=FACETED_PRIMITIVE_FACE('',(#13317));
#13319=POLY_LOOP('',(#12448,#12875,#12452));
#13320=FACE_OUTER_BOUND('',#13319,.T.);
#13321=FACETED_PRIMITIVE_FACE('',(#13320));
#13322=POLY_LOOP('',(#12448,#12950,#12875));
#13323=FACE_OUTER_BOUND('',#13322,.T.);
#13324=FACETED_PRIMITIVE_FACE('',(#13323));
#13325=POLY_LOOP('',(#12444,#12950,#12448));
#13326=FACE_OUTER_BOUND('',#13325,.T.);
#13327=FACETED_PRIMITIVE_FACE('',(#13326));
#13328=POLY_LOOP('',(#11144,#12950,#12444));
#13329=FACE_OUTER_BOUND('',#13328,.T.);
#13330=FACETED_PRIMITIVE_FACE('',(#13329));
#13331=POLY_LOOP('',(#11098,#12950,#11144));
#13332=FACE_OUTER_BOUND('',#13331,.T.);
#13333=FACETED_PRIMITIVE_FACE('',(#13332));
#13334=POLY_LOOP('',(#11062,#12950,#11098));
#13335=FACE_OUTER_BOUND('',#13334,.T.);
#13336=FACETED_PRIMITIVE_FACE('',(#13335));
#13337=POLY_LOOP('',(#11064,#12950,#11062));
#13338=FACE_OUTER_BOUND('',#13337,.T.);
#13339=FACETED_PRIMITIVE_FACE('',(#13338));
#13340=POLY_LOOP('',(#11968,#12950,#11064));
#13341=FACE_OUTER_BOUND('',#13340,.T.);
#13342=FACETED_PRIMITIVE_FACE('',(#13341));
#13343=POLY_LOOP('',(#10676,#10668,#10628));
#13344=FACE_OUTER_BOUND('',#13343,.T.);
#13345=FACETED_PRIMITIVE_FACE('',(#13344));
#13346=POLY_LOOP('',(#10676,#10672,#10668));
#13347=FACE_OUTER_BOUND('',#13346,.T.);
#13348=FACETED_PRIMITIVE_FACE('',(#13347));
#13349=POLY_LOOP('',(#10702,#10676,#10628));
#13350=FACE_OUTER_BOUND('',#13349,.T.);
#13351=FACETED_PRIMITIVE_FACE('',(#13350));
#13352=POLY_LOOP('',(#10702,#10628,#10624));
#13353=FACE_OUTER_BOUND('',#13352,.T.);
#13354=FACETED_PRIMITIVE_FACE('',(#13353));
#13355=POLY_LOOP('',(#11964,#12950,#11968));
#13356=FACE_OUTER_BOUND('',#13355,.T.);
#13357=FACETED_PRIMITIVE_FACE('',(#13356));
#13358=POLY_LOOP('',(#10706,#10702,#10624));
#13359=FACE_OUTER_BOUND('',#13358,.T.);
#13360=FACETED_PRIMITIVE_FACE('',(#13359));
#13361=POLY_LOOP('',(#10706,#10624,#10620));
#13362=FACE_OUTER_BOUND('',#13361,.T.);
#13363=FACETED_PRIMITIVE_FACE('',(#13362));
#13364=POLY_LOOP('',(#10710,#10706,#10620));
#13365=FACE_OUTER_BOUND('',#13364,.T.);
#13366=FACETED_PRIMITIVE_FACE('',(#13365));
#13367=POLY_LOOP('',(#10710,#10620,#10613));
#13368=FACE_OUTER_BOUND('',#13367,.T.);
#13369=FACETED_PRIMITIVE_FACE('',(#13368));
#13370=POLY_LOOP('',(#10714,#10710,#10613));
#13371=FACE_OUTER_BOUND('',#13370,.T.);
#13372=FACETED_PRIMITIVE_FACE('',(#13371));
#13373=POLY_LOOP('',(#10830,#12950,#11964));
#13374=FACE_OUTER_BOUND('',#13373,.T.);
#13375=FACETED_PRIMITIVE_FACE('',(#13374));
#13376=POLY_LOOP('',(#10718,#10613,#13093));
#13377=FACE_OUTER_BOUND('',#13376,.T.);
#13378=FACETED_PRIMITIVE_FACE('',(#13377));
#13379=POLY_LOOP('',(#10718,#10714,#10613));
#13380=FACE_OUTER_BOUND('',#13379,.T.);
#13381=FACETED_PRIMITIVE_FACE('',(#13380));
#13382=POLY_LOOP('',(#10752,#10718,#13093));
#13383=FACE_OUTER_BOUND('',#13382,.T.);
#13384=FACETED_PRIMITIVE_FACE('',(#13383));
#13385=POLY_LOOP('',(#10752,#13093,#10604));
#13386=FACE_OUTER_BOUND('',#13385,.T.);
#13387=FACETED_PRIMITIVE_FACE('',(#13386));
#13388=POLY_LOOP('',(#10822,#12950,#10830));
#13389=FACE_OUTER_BOUND('',#13388,.T.);
#13390=FACETED_PRIMITIVE_FACE('',(#13389));
#13391=POLY_LOOP('',(#10756,#10752,#10604));
#13392=FACE_OUTER_BOUND('',#13391,.T.);
#13393=FACETED_PRIMITIVE_FACE('',(#13392));
#13394=POLY_LOOP('',(#10760,#10604,#12954));
#13395=FACE_OUTER_BOUND('',#13394,.T.);
#13396=FACETED_PRIMITIVE_FACE('',(#13395));
#13397=POLY_LOOP('',(#10760,#10756,#10604));
#13398=FACE_OUTER_BOUND('',#13397,.T.);
#13399=FACETED_PRIMITIVE_FACE('',(#13398));
#13400=POLY_LOOP('',(#10818,#12954,#12950));
#13401=FACE_OUTER_BOUND('',#13400,.T.);
#13402=FACETED_PRIMITIVE_FACE('',(#13401));
#13403=POLY_LOOP('',(#10818,#12950,#10822));
#13404=FACE_OUTER_BOUND('',#13403,.T.);
#13405=FACETED_PRIMITIVE_FACE('',(#13404));
#13406=POLY_LOOP('',(#10778,#10760,#12954));
#13407=FACE_OUTER_BOUND('',#13406,.T.);
#13408=FACETED_PRIMITIVE_FACE('',(#13407));
#13409=POLY_LOOP('',(#10811,#12954,#10818));
#13410=FACE_OUTER_BOUND('',#13409,.T.);
#13411=FACETED_PRIMITIVE_FACE('',(#13410));
#13412=POLY_LOOP('',(#10782,#10778,#12954));
#13413=FACE_OUTER_BOUND('',#13412,.T.);
#13414=FACETED_PRIMITIVE_FACE('',(#13413));
#13415=POLY_LOOP('',(#10782,#12954,#10811));
#13416=FACE_OUTER_BOUND('',#13415,.T.);
#13417=FACETED_PRIMITIVE_FACE('',(#13416));
#Microsoft.PowerShell=CLOSED_SHELL('',(#25,#29,#34,#38,#44,#48,#51,#54,#59,#65,#70,#73,#78,#81,#84,#87,#90,#93,#98,#101,#106,#109,#115,#121,#125,#128,#131,#136,#139,#143,#146,#150,#155,#160,#164,#168,#172,#175,#178,#182,#185,#189,#192,#195,#198,#201,#204,#207,#210,#213,#216,#219,#222,#225,#228,#231,#234,#237,#240,#243,#246,#249,#252,#255,#258,#261,#264,#267,#270,#273,#276,#279,#282,#285,#288,#291,#294,#297,#300,#303,#306,#309,#312,#315,#321,#326,#329,#334,#337,#342,#345,#349,#353,#357,#362,#365,#370,#373,#378,#381,#385,#389,#393,#397,#403,#407,#412,#415,#419,#423,#427,#432,#436,#439,#443,#447,#452,#455,#459,#463,#467,#471,#476,#479,#482,#485,#489,#493,#497,#501,#507,#511,#515,#519,#523,#527,#531,#535,#538,#544,#548,#552,#556,#560,#563,#566,#570,#574,#578,#582,#586,#589,#592,#596,#600,#604,#607,#611,#615,#619,#623,#627,#631,#634,#637,#641,#644,#648,#651,#655,#658,#662,#666,#670,#674,#677,#681,#684,#687,#691,#694,#698,#702,#706,#710,#713,#716,#720,#723,#727,#730,#735,#739,#742,#746,#749,#752,#756,#759,#762,#765,#769,#773,#776,#779,#784,#788,#791,#795,#799,#802,#806,#810,#813,#817,#821,#825,#828,#831,#835,#838,#841,#845,#848,#852,#855,#859,#863,#867,#871,#875,#878,#881,#885,#888,#891,#895,#899,#903,#907,#910,#914,#917,#921,#925,#928,#931,#935,#939,#942,#946,#949,#952,#956,#960,#964,#967,#970,#974,#977,#981,#984,#988,#991,#995,#998,#1002,#1005,#1009,#1012,#1016,#1019,#1022,#1026,#1029,#1032,#1036,#1039,#1042,#1046,#1049,#1053,#1056,#1059,#1063,#1067,#1071,#1075,#1078,#1082,#1085,#1089,#1092,#1095,#1099,#1102,#1106,#1110,#1113,#1117,#1121,#1124,#1127,#1131,#1134,#1138,#1141,#1144,#1147,#1150,#1154,#1158,#1161,#1164,#1168,#1171,#1176,#1180,#1183,#1186,#1189,#1193,#1196,#1199,#1204,#1208,#1211,#1214,#1218,#1221,#1225,#1228,#1231,#1235,#1239,#1242,#1246,#1250,#1253,#1257,#1261,#1264,#1267,#1271,#1275,#1278,#1282,#1285,#1289,#1293,#1296,#1300,#1303,#1307,#1311,#1314,#1317,#1320,#1324,#1327,#1331,#1334,#1338,#1341,#1344,#1348,#1352,#1356,#1360,#1363,#1367,#1370,#1373,#1377,#1380,#1383,#1387,#1390,#1393,#1397,#1401,#1405,#1409,#1412,#1416,#1420,#1423,#1427,#1430,#1434,#1438,#1441,#1446,#1450,#1453,#1456,#1459,#1463,#1466,#1469,#1474,#1478,#1481,#1484,#1488,#1491,#1495,#1500,#1504,#1507,#1510,#1513,#1517,#1520,#1524,#1527,#1532,#1536,#1539,#1542,#1545,#1549,#1553,#1557,#1560,#1563,#1566,#1570,#1573,#1576,#1580,#1584,#1587,#1591,#1594,#1598,#1601,#1605,#1609,#1613,#1616,#1620,#1623,#1627,#1630,#1634,#1637,#1640,#1644,#1648,#1651,#1655,#1658,#1661,#1664,#1667,#1672,#1676,#1679,#1682,#1687,#1690,#1693,#1697,#1700,#1703,#1707,#1710,#1714,#1717,#1721,#1724,#1728,#1731,#1734,#1738,#1742,#1746,#1749,#1752,#1756,#1759,#1763,#1766,#1770,#1773,#1776,#1780,#1783,#1787,#1790,#1794,#1797,#1801,#1804,#1807,#1811,#1814,#1818,#1821,#1825,#1829,#1832,#1836,#1839,#1843,#1847,#1850,#1854,#1857,#1861,#1864,#1869,#1872,#1877,#1880,#1883,#1887,#1891,#1894,#1897,#1901,#1905,#1908,#1911,#1915,#1919,#1922,#1926,#1929,#1933,#1936,#1940,#1943,#1946,#1950,#1954,#1957,#1960,#1964,#1968,#1971,#1975,#1978,#1982,#1985,#1988,#1992,#1996,#1999,#2003,#2006,#2010,#2013,#2016,#2019,#2023,#2026,#2030,#2033,#2037,#2040,#2044,#2047,#2050,#2054,#2057,#2061,#2064,#2067,#2071,#2074,#2078,#2081,#2085,#2089,#2092,#2096,#2099,#2103,#2107,#2110,#2114,#2117,#2121,#2124,#2128,#2131,#2136,#2140,#2143,#2146,#2150,#2153,#2157,#2161,#2164,#2167,#2171,#2175,#2178,#2182,#2185,#2189,#2192,#2196,#2199,#2202,#2206,#2210,#2213,#2217,#2220,#2223,#2227,#2230,#2234,#2237,#2241,#2244,#2248,#2251,#2255,#2258,#2262,#2265,#2269,#2273,#2276,#2280,#2283,#2286,#2289,#2293,#2297,#2300,#2303,#2307,#2311,#2314,#2317,#2321,#2324,#2328,#2332,#2335,#2339,#2342,#2345,#2349,#2352,#2356,#2360,#2363,#2366,#2369,#2372,#2376,#2380,#2383,#2387,#2390,#2394,#2397,#2401,#2404,#2409,#2412,#2415,#2419,#2422,#2425,#2430,#2433,#2436,#2440,#2443,#2446,#2451,#2454,#2457,#2460,#2463,#2467,#2471,#2474,#2478,#2481,#2485,#2488,#2492,#2495,#2499,#2502,#2506,#2509,#2512,#2515,#2519,#2523,#2526,#2530,#2533,#2537,#2540,#2543,#2547,#2550,#2554,#2557,#2561,#2564,#2568,#2571,#2575,#2578,#2582,#2585,#2588,#2592,#2595,#2598,#2602,#2606,#2609,#2613,#2616,#2619,#2623,#2626,#2630,#2633,#2637,#2641,#2645,#2648,#2652,#2655,#2658,#2661,#2664,#2667,#2670,#2673,#2677,#2680,#2683,#2686,#2689,#2692,#2695,#2698,#2701,#2704,#2708,#2711,#2714,#2717,#2721,#2724,#2727,#2730,#2734,#2737,#2740,#2744,#2747,#2750,#2753,#2757,#2760,#2764,#2768,#2771,#2775,#2778,#2781,#2785,#2788,#2791,#2795,#2798,#2802,#2805,#2809,#2812,#2816,#2819,#2822,#2826,#2829,#2832,#2835,#2839,#2842,#2845,#2849,#2852,#2856,#2859,#2862,#2866,#2870,#2873,#2877,#2881,#2884,#2887,#2891,#2894,#2897,#2901,#2904,#2908,#2911,#2915,#2918,#2921,#2925,#2928,#2931,#2935,#2938,#2941,#2945,#2948,#2951,#2955,#2958,#2962,#2966,#2969,#2972,#2976,#2980,#2983,#2986,#2990,#2994,#2997,#3000,#3004,#3007,#3011,#3014,#3018,#3022,#3025,#3029,#3032,#3036,#3039,#3042,#3046,#3049,#3053,#3056,#3059,#3063,#3066,#3070,#3073,#3077,#3080,#3083,#3087,#3090,#3093,#3097,#3101,#3104,#3108,#3111,#3116,#3120,#3123,#3126,#3130,#3134,#3137,#3140,#3144,#3147,#3151,#3155,#3158,#3161,#3165,#3168,#3172,#3175,#3178,#3182,#3185,#3189,#3192,#3196,#3199,#3203,#3206,#3209,#3213,#3217,#3220,#3223,#3227,#3231,#3235,#3238,#3242,#3245,#3249,#3252,#3256,#3260,#3263,#3266,#3269,#3273,#3276,#3279,#3283,#3286,#3290,#3294,#3297,#3301,#3304,#3308,#3311,#3314,#3317,#3320,#3324,#3327,#3332,#3336,#3339,#3342,#3345,#3349,#3352,#3356,#3360,#3363,#3366,#3370,#3373,#3377,#3380,#3384,#3387,#3391,#3394,#3397,#3400,#3403,#3407,#3410,#3413,#3417,#3420,#3424,#3427,#3430,#3434,#3438,#3442,#3445,#3449,#3452,#3455,#3458,#3461,#3465,#3468,#3472,#3476,#3480,#3483,#3486,#3489,#3493,#3496,#3499,#3503,#3506,#3510,#3513,#3516,#3520,#3524,#3527,#3530,#3534,#3538,#3542,#3545,#3548,#3551,#3554,#3558,#3561,#3565,#3568,#3571,#3575,#3579,#3582,#3585,#3588,#3592,#3596,#3599,#3603,#3607,#3611,#3614,#3617,#3621,#3624,#3628,#3631,#3634,#3637,#3640,#3644,#3647,#3651,#3654,#3657,#3660,#3663,#3666,#3670,#3673,#3677,#3681,#3685,#3688,#3691,#3695,#3698,#3702,#3705,#3708,#3712,#3715,#3718,#3721,#3724,#3728,#3731,#3735,#3739,#3742,#3746,#3749,#3752,#3756,#3759,#3763,#3767,#3770,#3774,#3777,#3780,#3783,#3786,#3789,#3792,#3795,#3798,#3801,#3804,#3807,#3810,#3813,#3816,#3819,#3822,#3825,#3828,#3831,#3834,#3837,#3840,#3843,#3846,#3849,#3852,#3855,#3858,#3861,#3864,#3867,#3870,#3873,#3876,#3879,#3882,#3885,#3888,#3891,#3894,#3897,#3900,#3903,#3906,#3909,#3912,#3915,#3918,#3921,#3924,#3927,#3930,#3933,#3936,#3939,#3942,#3945,#3948,#3951,#3954,#3957,#3960,#3963,#3966,#3969,#3972,#3975,#3978,#3981,#3984,#3987,#3990,#3993,#3996,#3999,#4002,#4005,#4008,#4011,#4014,#4017,#4020,#4023,#4026,#4029,#4032,#4035,#4038,#4041,#4045,#4049,#4053,#4057,#4062,#4066,#4070,#4073,#4077,#4081,#4085,#4089,#4093,#4096,#4101,#4105,#4109,#4112,#4116,#4119,#4122,#4126,#4130,#4134,#4138,#4142,#4145,#4148,#4151,#4155,#4159,#4163,#4166,#4170,#4174,#4178,#4181,#4184,#4188,#4192,#4196,#4200,#4204,#4207,#4210,#4214,#4217,#4222,#4226,#4229,#4233,#4236,#4239,#4243,#4246,#4249,#4253,#4256,#4260,#4264,#4268,#4272,#4275,#4279,#4283,#4287,#4291,#4295,#4299,#4302,#4305,#4309,#4312,#4315,#4319,#4322,#4326,#4329,#4333,#4337,#4341,#4345,#4348,#4351,#4355,#4358,#4362,#4366,#4369,#4373,#4376,#4379,#4383,#4386,#4390,#4394,#4398,#4401,#4405,#4408,#4412,#4415,#4419,#4422,#4427,#4431,#4434,#4438,#4442,#4445,#4449,#4452,#4456,#4459,#4462,#4466,#4469,#4472,#4476,#4479,#4483,#4486,#4490,#4493,#4497,#4500,#4504,#4508,#4511,#4515,#4518,#4522,#4525,#4528,#4531,#4535,#4538,#4542,#4545,#4549,#4552,#4556,#4559,#4563,#4566,#4569,#4572,#4576,#4579,#4583,#4586,#4590,#4593,#4597,#4600,#4604,#4607,#4611,#4614,#4618,#4621,#4624,#4628,#4631,#4634,#4637,#4640,#4644,#4647,#4651,#4654,#4658,#4661,#4665,#4668,#4672,#4675,#4678,#4681,#4685,#4688,#4691,#4695,#4698,#4702,#4706,#4709,#4713,#4716,#4721,#4725,#4728,#4731,#4734,#4738,#4741,#4745,#4748,#4751,#4754,#4758,#4761,#4765,#4769,#4772,#4776,#4779,#4783,#4786,#4790,#4793,#4797,#4801,#4805,#4808,#4811,#4815,#4818,#4822,#4825,#4828,#4832,#4835,#4838,#4842,#4845,#4848,#4851,#4854,#4858,#4861,#4864,#4867,#4871,#4874,#4877,#4881,#4885,#4888,#4892,#4896,#4900,#4903,#4906,#4910,#4914,#4918,#4921,#4925,#4928,#4931,#4935,#4938,#4941,#4944,#4947,#4952,#4956,#4959,#4962,#4966,#4970,#4973,#4977,#4980,#4985,#4989,#4992,#4995,#4998,#5002,#5005,#5008,#5012,#5015,#5019,#5022,#5025,#5028,#5031,#5035,#5038,#5042,#5046,#5050,#5053,#5056,#5060,#5064,#5068,#5072,#5075,#5078,#5082,#5085,#5089,#5092,#5095,#5098,#5101,#5105,#5108,#5112,#5115,#5119,#5122,#5125,#5129,#5133,#5136,#5139,#5143,#5146,#5149,#5152,#5155,#5159,#5162,#5166,#5170,#5173,#5176,#5179,#5182,#5186,#5189,#5192,#5195,#5198,#5201,#5206,#5209,#5213,#5216,#5221,#5224,#5227,#5231,#5234,#5237,#5241,#5244,#5248,#5251,#5254,#5258,#5263,#5266,#5269,#5273,#5276,#5280,#5283,#5287,#5290,#5293,#5297,#5300,#5304,#5307,#5311,#5314,#5318,#5321,#5325,#5328,#5331,#5335,#5338,#5342,#5345,#5349,#5352,#5356,#5359,#5363,#5367,#5370,#5374,#5377,#5381,#5385,#5388,#5392,#5395,#5399,#5402,#5406,#5409,#5413,#5417,#5421,#5424,#5428,#5431,#5435,#5438,#5441,#5445,#5449,#5452,#5456,#5459,#5463,#5466,#5469,#5473,#5476,#5480,#5484,#5487,#5490,#5494,#5498,#5501,#5504,#5508,#5512,#5515,#5518,#5522,#5526,#5529,#5533,#5536,#5540,#5543,#5547,#5550,#5553,#5556,#5561,#5564,#5567,#5571,#5574,#5578,#5581,#5584,#5588,#5591,#5594,#5598,#5601,#5605,#5608,#5611,#5615,#5618,#5622,#5626,#5629,#5633,#5636,#5640,#5644,#5647,#5651,#5654,#5658,#5661,#5665,#5669,#5672,#5676,#5679,#5683,#5686,#5690,#5693,#5697,#5700,#5704,#5708,#5711,#5714,#5718,#5721,#5725,#5728,#5732,#5735,#5739,#5743,#5746,#5750,#5753,#5757,#5760,#5763,#5766,#5769,#5772,#5775,#5778,#5781,#5784,#5787,#5790,#5793,#5796,#5799,#5802,#5805,#5808,#5811,#5814,#5817,#5820,#5823,#5826,#5829,#5832,#5835,#5838,#5841,#5844,#5847,#5850,#5853,#5856,#5859,#5862,#5865,#5868,#5871,#5874,#5877,#5880,#5883,#5886,#5889,#5892,#5896,#5901,#5904,#5907,#5911,#5914,#5917,#5921,#5924,#5929,#5932,#5935,#5938,#5942,#5945,#5949,#5952,#5957,#5960,#5963,#5967,#5970,#5974,#5977,#5980,#5983,#5988,#5991,#5995,#5998,#6001,#6005,#6008,#6012,#6015,#6019,#6022,#6026,#6029,#6032,#6035,#6039,#6043,#6046,#6050,#6053,#6057,#6060,#6063,#6067,#6070,#6074,#6077,#6081,#6084,#6088,#6091,#6095,#6098,#6102,#6105,#6108,#6112,#6115,#6118,#6122,#6126,#6129,#6133,#6136,#6139,#6143,#6146,#6150,#6153,#6157,#6161,#6165,#6168,#6172,#6175,#6178,#6181,#6184,#6187,#6190,#6194,#6197,#6200,#6203,#6206,#6209,#6212,#6215,#6219,#6222,#6225,#6228,#6232,#6235,#6238,#6241,#6244,#6247,#6251,#6254,#6257,#6261,#6264,#6267,#6270,#6274,#6277,#6280,#6284,#6288,#6291,#6294,#6298,#6301,#6304,#6308,#6311,#6314,#6318,#6321,#6325,#6328,#6331,#6335,#6338,#6341,#6345,#6349,#6352,#6356,#6359,#6362,#6366,#6369,#6372,#6376,#6379,#6382,#6386,#6389,#6393,#6396,#6399,#6403,#6406,#6410,#6413,#6417,#6420,#6424,#6427,#6431,#6434,#6437,#6441,#6444,#6447,#6450,#6454,#6457,#6461,#6464,#6468,#6472,#6475,#6478,#6482,#6485,#6489,#6492,#6496,#6500,#6503,#6507,#6510,#6513,#6516,#6520,#6523,#6527,#6530,#6533,#6537,#6540,#6543,#6547,#6551,#6554,#6558,#6561,#6565,#6568,#6572,#6577,#6581,#6584,#6587,#6590,#6593,#6597,#6601,#6604,#6607,#6611,#6614,#6617,#6621,#6624,#6628,#6631,#6634,#6638,#6641,#6644,#6648,#6651,#6655,#6658,#6661,#6665,#6668,#6672,#6675,#6678,#6682,#6685,#6689,#6693,#6696,#6700,#6704,#6707,#6710,#6713,#6716,#6719,#6723,#6727,#6730,#6734,#6738,#6741,#6745,#6748,#6752,#6755,#6759,#6762,#6765,#6769,#6772,#6775,#6778,#6781,#6785,#6788,#6792,#6796,#6800,#6803,#6806,#6810,#6813,#6816,#6820,#6823,#6826,#6830,#6834,#6838,#6841,#6844,#6847,#6850,#6853,#6857,#6860,#6864,#6869,#6873,#6876,#6879,#6883,#6886,#6889,#6893,#6896,#6899,#6903,#6907,#6910,#6913,#6917,#6920,#6923,#6926,#6930,#6934,#6938,#6941,#6945,#6949,#6952,#6956,#6960,#6963,#6966,#6969,#6972,#6976,#6979,#6983,#6986,#6990,#6993,#6997,#7000,#7003,#7006,#7009,#7013,#7016,#7019,#7023,#7027,#7031,#7034,#7038,#7041,#7045,#7048,#7051,#7054,#7057,#7061,#7064,#7068,#7071,#7074,#7078,#7082,#7086,#7089,#7092,#7095,#7098,#7102,#7105,#7108,#7112,#7115,#7118,#7121,#7126,#7130,#7133,#7136,#7140,#7143,#7146,#7149,#7152,#7156,#7160,#7164,#7167,#7170,#7173,#7176,#7179,#7182,#7185,#7188,#7191,#7194,#7197,#7200,#7203,#7206,#7209,#7212,#7215,#7218,#7221,#7224,#7227,#7230,#7233,#7236,#7239,#7242,#7245,#7248,#7251,#7254,#7257,#7260,#7263,#7266,#7269,#7272,#7275,#7278,#7281,#7284,#7287,#7290,#7293,#7296,#7299,#7302,#7305,#7308,#7311,#7314,#7317,#7320,#7323,#7326,#7329,#7332,#7335,#7338,#7341,#7344,#7347,#7350,#7353,#7356,#7359,#7362,#7365,#7368,#7371,#7374,#7377,#7380,#7383,#7386,#7389,#7392,#7395,#7398,#7401,#7404,#7407,#7410,#7413,#7416,#7419,#7422,#7425,#7428,#7431,#7434,#7438,#7442,#7446,#7451,#7455,#7458,#7462,#7466,#7470,#7474,#7477,#7482,#7486,#7490,#7493,#7497,#7500,#7503,#7507,#7511,#7515,#7519,#7523,#7527,#7531,#7534,#7537,#7540,#7545,#7548,#7552,#7556,#7559,#7563,#7566,#7569,#7573,#7577,#7581,#7585,#7589,#7592,#7596,#7599,#7602,#7606,#7610,#7614,#7618,#7621,#7624,#7628,#7631,#7635,#7639,#7643,#7647,#7650,#7654,#7657,#7660,#7664,#7668,#7672,#7676,#7680,#7683,#7687,#7690,#7693,#7697,#7700,#7704,#7707,#7712,#7716,#7719,#7723,#7726,#7729,#7732,#7736,#7739,#7743,#7746,#7750,#7754,#7757,#7760,#7764,#7768,#7772,#7775,#7779,#7782,#7786,#7789,#7793,#7796,#7799,#7802,#7806,#7809,#7812,#7816,#7820,#7824,#7828,#7831,#7834,#7838,#7841,#7845,#7849,#7852,#7856,#7860,#7864,#7867,#7870,#7874,#7877,#7880,#7884,#7888,#7891,#7894,#7898,#7902,#7905,#7909,#7912,#7915,#7919,#7922,#7926,#7929,#7933,#7936,#7940,#7943,#7946,#7950,#7953,#7956,#7960,#7963,#7966,#7969,#7972,#7976,#7980,#7983,#7986,#7990,#7994,#7997,#8001,#8004,#8008,#8011,#8014,#8018,#8022,#8025,#8029,#8032,#8036,#8039,#8043,#8046,#8049,#8053,#8057,#8061,#8064,#8067,#8071,#8074,#8077,#8080,#8084,#8087,#8091,#8094,#8098,#8101,#8105,#8108,#8112,#8116,#8119,#8123,#8127,#8130,#8133,#8137,#8140,#8143,#8147,#8150,#8154,#8157,#8160,#8163,#8166,#8170,#8174,#8177,#8181,#8184,#8188,#8191,#8194,#8198,#8201,#8205,#8209,#8212,#8216,#8219,#8223,#8226,#8229,#8233,#8236,#8239,#8242,#8246,#8250,#8254,#8258,#8261,#8265,#8268,#8272,#8276,#8279,#8283,#8287,#8291,#8294,#8297,#8301,#8304,#8307,#8310,#8313,#8317,#8320,#8324,#8327,#8331,#8334,#8338,#8342,#8345,#8349,#8352,#8356,#8359,#8362,#8365,#8368,#8372,#8375,#8379,#8383,#8386,#8390,#8393,#8396,#8400,#8403,#8407,#8410,#8414,#8417,#8420,#8423,#8428,#8432,#8435,#8438,#8441,#8445,#8448,#8451,#8454,#8457,#8460,#8463,#8466,#8469,#8474,#8478,#8481,#8485,#8488,#8491,#8495,#8498,#8502,#8505,#8508,#8512,#8516,#8519,#8522,#8526,#8529,#8533,#8536,#8540,#8543,#8547,#8550,#8554,#8557,#8561,#8564,#8568,#8571,#8575,#8578,#8582,#8585,#8588,#8591,#8595,#8598,#8601,#8605,#8608,#8612,#8615,#8619,#8622,#8626,#8630,#8633,#8637,#8640,#8644,#8648,#8651,#8655,#8658,#8662,#8665,#8669,#8672,#8675,#8678,#8681,#8684,#8687,#8690,#8693,#8696,#8699,#8702,#8705,#8708,#8711,#8714,#8717,#8720,#8723,#8726,#8729,#8732,#8735,#8738,#8741,#8744,#8747,#8750,#8753,#8756,#8759,#8762,#8765,#8768,#8771,#8774,#8777,#8780,#8783,#8786,#8789,#8792,#8795,#8798,#8801,#8804,#8808,#8811,#8815,#8818,#8822,#8825,#8829,#8832,#8835,#8839,#8842,#8846,#8849,#8852,#8856,#8859,#8863,#8866,#8870,#8873,#8877,#8880,#8884,#8888,#8891,#8895,#8898,#8902,#8905,#8909,#8912,#8915,#8919,#8923,#8926,#8929,#8933,#8936,#8940,#8943,#8947,#8950,#8954,#8957,#8961,#8964,#8968,#8971,#8975,#8978,#8982,#8985,#8989,#8992,#8996,#8999,#9003,#9007,#9010,#9013,#9016,#9019,#9022,#9025,#9028,#9031,#9034,#9037,#9040,#9043,#9046,#9049,#9052,#9055,#9058,#9061,#9064,#9067,#9070,#9073,#9076,#9079,#9082,#9085,#9088,#9091,#9094,#9097,#9100,#9103,#9106,#9109,#9112,#9115,#9118,#9121,#9124,#9127,#9130,#9133,#9136,#9139,#9142,#9145,#9148,#9151,#9154,#9157,#9160,#9163,#9166,#9169,#9172,#9175,#9178,#9181,#9184,#9187,#9190,#9193,#9196,#9199,#9202,#9205,#9208,#9211,#9214,#9217,#9220,#9223,#9226,#9229,#9232,#9235,#9238,#9241,#9244,#9247,#9250,#9253,#9256,#9259,#9262,#9265,#9269,#9273,#9276,#9280,#9283,#9287,#9290,#9293,#9297,#9300,#9304,#9307,#9311,#9314,#9318,#9321,#9325,#9328,#9332,#9335,#9338,#9342,#9345,#9348,#9352,#9356,#9359,#9363,#9366,#9369,#9373,#9376,#9380,#9383,#9387,#9391,#9395,#9398,#9402,#9405,#9408,#9411,#9414,#9417,#9420,#9424,#9427,#9430,#9433,#9436,#9439,#9442,#9447,#9450,#9453,#9456,#9459,#9463,#9466,#9469,#9472,#9475,#9478,#9482,#9485,#9488,#9492,#9495,#9498,#9502,#9505,#9508,#9512,#9515,#9519,#9522,#9525,#9528,#9532,#9535,#9538,#9542,#9545,#9548,#9552,#9555,#9559,#9562,#9565,#9569,#9572,#9575,#9579,#9583,#9586,#9590,#9593,#9596,#9600,#9603,#9607,#9610,#9613,#9616,#9620,#9623,#9627,#9630,#9634,#9637,#9640,#9644,#9647,#9651,#9654,#9658,#9661,#9665,#9668,#9671,#9675,#9678,#9681,#9685,#9689,#9692,#9696,#9699,#9702,#9706,#9710,#9713,#9717,#9720,#9724,#9727,#9731,#9735,#9738,#9741,#9745,#9748,#9752,#9755,#9758,#9762,#9765,#9769,#9772,#9776,#9779,#9782,#9786,#9789,#9793,#9796,#9799,#9803,#9807,#9810,#9814,#9817,#9821,#9824,#9827,#9830,#9834,#9838,#9841,#9845,#9849,#9853,#9856,#9859,#9863,#9866,#9870,#9873,#9877,#9880,#9884,#9887,#9890,#9894,#9897,#9900,#9904,#9907,#9911,#9915,#9918,#9921,#9925,#9928,#9931,#9934,#9937,#9940,#9943,#9947,#9951,#9954,#9957,#9961,#9964,#9967,#9971,#9975,#9979,#9982,#9986,#9989,#9993,#9996,#9999,#10003,#10006,#10010,#10014,#10017,#10021,#10024,#10027,#10030,#10033,#10037,#10040,#10044,#10047,#10050,#10054,#10059,#10063,#10066,#10069,#10073,#10076,#10080,#10084,#10088,#10091,#10094,#10097,#10100,#10103,#10107,#10110,#10113,#10117,#10120,#10124,#10127,#10130,#10134,#10138,#10141,#10144,#10148,#10152,#10156,#10159,#10162,#10166,#10169,#10172,#10175,#10179,#10182,#10186,#10189,#10192,#10196,#10199,#10203,#10206,#10210,#10213,#10216,#10220,#10223,#10227,#10230,#10233,#10236,#10239,#10243,#10246,#10250,#10254,#10258,#10262,#10266,#10270,#10273,#10276,#10279,#10282,#10286,#10289,#10293,#10296,#10300,#10303,#10307,#10311,#10314,#10318,#10321,#10324,#10327,#10330,#10334,#10337,#10340,#10344,#10347,#10351,#10354,#10357,#10360,#10363,#10367,#10370,#10375,#10379,#10382,#10385,#10389,#10392,#10396,#10399,#10402,#10405,#10408,#10411,#10415,#10418,#10423,#10427,#10430,#10433,#10436,#10440,#10443,#10446,#10449,#10452,#10455,#10459,#10462,#10466,#10469,#10472,#10475,#10478,#10481,#10484,#10487,#10490,#10493,#10496,#10499,#10502,#10505,#10508,#10511,#10514,#10517,#10520,#10523,#10526,#10529,#10532,#10535,#10538,#10541,#10544,#10547,#10550,#10553,#10556,#10559,#10562,#10565,#10568,#10571,#10574,#10577,#10580,#10583,#10586,#10589,#10592,#10595,#10598,#10601,#10607,#10611,#10616,#10619,#10623,#10627,#10631,#10635,#10641,#10646,#10652,#10656,#10659,#10663,#10667,#10671,#10675,#10679,#10682,#10687,#10690,#10694,#10698,#10701,#10705,#10709,#10713,#10717,#10721,#10725,#10729,#10733,#10737,#10741,#10745,#10748,#10751,#10755,#10759,#10763,#10767,#10771,#10774,#10777,#10781,#10785,#10789,#10792,#10795,#10799,#10803,#10807,#10810,#10814,#10817,#10821,#10825,#10829,#10834,#10837,#10840,#10843,#10846,#10850,#10853,#10859,#10864,#10869,#10874,#10879,#10884,#10889,#10894,#10899,#10902,#10906,#10910,#10914,#10917,#10922,#10925,#10929,#10932,#10937,#10940,#10944,#10947,#10951,#10955,#10959,#10962,#10966,#10970,#10974,#10977,#10982,#10985,#10989,#10992,#10996,#11000,#11004,#11007,#11011,#11015,#11021,#11025,#11028,#11031,#11037,#11041,#11044,#11047,#11051,#11055,#11058,#11061,#11067,#11073,#11077,#11080,#11083,#11087,#11091,#11094,#11097,#11101,#11107,#11111,#11114,#11117,#11121,#11125,#11128,#11131,#11136,#11140,#11143,#11147,#11150,#11156,#11160,#11163,#11166,#11170,#11174,#11177,#11180,#11186,#11190,#11193,#11196,#11200,#11204,#11207,#11210,#11216,#11220,#11223,#11226,#11230,#11234,#11237,#11240,#11246,#11250,#11253,#11256,#11260,#11264,#11267,#11270,#11276,#11280,#11283,#11286,#11292,#11295,#11299,#11303,#11306,#11310,#11313,#11317,#11321,#11324,#11327,#11330,#11334,#11337,#11340,#11344,#11347,#11350,#11353,#11356,#11360,#11363,#11367,#11371,#11376,#11379,#11382,#11385,#11388,#11391,#11395,#11398,#11401,#11405,#11408,#11411,#11414,#11418,#11421,#11425,#11429,#11432,#11435,#11439,#11442,#11447,#11450,#11453,#11456,#11459,#11463,#11466,#11469,#11473,#11476,#11479,#11482,#11487,#11490,#11493,#11497,#11500,#11503,#11507,#11510,#11514,#11518,#11521,#11524,#11527,#11531,#11534,#11537,#11541,#11544,#11547,#11550,#11554,#11558,#11561,#11565,#11568,#11571,#11577,#11580,#11583,#11586,#11589,#11592,#11595,#11599,#11602,#11605,#11609,#11612,#11615,#11618,#11622,#11625,#11629,#11633,#11636,#11639,#11643,#11647,#11650,#11653,#11656,#11660,#11663,#11667,#11670,#11673,#11677,#11680,#11683,#11686,#11690,#11693,#11697,#11701,#11704,#11707,#11712,#11716,#11719,#11722,#11725,#11728,#11731,#11735,#11738,#11741,#11745,#11748,#11751,#11754,#11758,#11761,#11765,#11769,#11772,#11775,#11780,#11783,#11787,#11790,#11793,#11796,#11799,#11803,#11806,#11809,#11813,#11816,#11819,#11822,#11826,#11829,#11832,#11836,#11839,#11842,#11845,#11848,#11852,#11855,#11858,#11861,#11864,#11868,#11871,#11874,#11877,#11880,#11884,#11887,#11890,#11893,#11896,#11900,#11903,#11906,#11909,#11912,#11916,#11919,#11922,#11925,#11928,#11932,#11935,#11938,#11941,#11944,#11948,#11951,#11954,#11957,#11960,#11963,#11967,#11971,#11974,#11980,#11984,#11988,#11992,#11996,#11999,#12002,#12007,#12011,#12014,#12018,#12022,#12026,#12029,#12033,#12037,#12040,#12044,#12048,#12052,#12055,#12060,#12064,#12067,#12070,#12073,#12076,#12080,#12084,#12088,#12092,#12095,#12099,#12103,#12107,#12111,#12115,#12119,#12122,#12126,#12130,#12135,#12139,#12142,#12145,#12148,#12151,#12156,#12160,#12163,#12168,#12172,#12175,#12178,#12182,#12186,#12189,#12194,#12197,#12200,#12203,#12206,#12209,#12213,#12216,#12220,#12223,#12226,#12231,#12235,#12238,#12241,#12245,#12248,#12251,#12254,#12257,#12261,#12265,#12269,#12273,#12278,#12282,#12286,#12289,#12293,#12296,#12301,#12304,#12308,#12312,#12316,#12321,#12324,#12328,#12332,#12336,#12340,#12343,#12347,#12350,#12353,#12356,#12361,#12365,#12369,#12372,#12376,#12379,#12383,#12386,#12390,#12393,#12397,#12400,#12404,#12407,#12412,#12416,#12419,#12423,#12426,#12429,#12433,#12436,#12440,#12443,#12447,#12451,#12455,#12458,#12461,#12464,#12467,#12471,#12474,#12478,#12481,#12485,#12489,#12492,#12496,#12500,#12504,#12508,#12512,#12515,#12519,#12522,#12526,#12529,#12533,#12537,#12540,#12544,#12547,#12550,#12553,#12556,#12559,#12562,#12566,#12570,#12574,#12577,#12581,#12584,#12588,#12591,#12595,#12598,#12602,#12605,#12609,#12612,#12616,#12619,#12623,#12626,#12629,#12633,#12636,#12639,#12642,#12646,#12650,#12654,#12657,#12661,#12665,#12669,#12673,#12676,#12679,#12683,#12686,#12689,#12692,#12695,#12698,#12702,#12706,#12710,#12714,#12718,#12721,#12725,#12728,#12732,#12735,#12739,#12743,#12747,#12751,#12755,#12759,#12762,#12766,#12769,#12773,#12776,#12780,#12784,#12787,#12791,#12794,#12798,#12801,#12804,#12808,#12811,#12815,#12819,#12822,#12826,#12829,#12832,#12835,#12839,#12842,#12846,#12850,#12853,#12857,#12860,#12864,#12867,#12871,#12874,#12878,#12881,#12884,#12888,#12891,#12895,#12898,#12902,#12905,#12908,#12911,#12915,#12918,#12921,#12925,#12928,#12931,#12934,#12937,#12941,#12945,#12949,#12953,#12957,#12960,#12964,#12967,#12971,#12974,#12977,#12981,#12984,#12987,#12990,#12993,#12997,#13001,#13004,#13007,#13011,#13014,#13017,#13020,#13023,#13026,#13029,#13032,#13035,#13038,#13041,#13044,#13047,#13050,#13053,#13056,#13059,#13062,#13065,#13068,#13071,#13074,#13077,#13080,#13083,#13086,#13089,#13092,#13096,#13099,#13102,#13105,#13108,#13111,#13114,#13117,#13120,#13123,#13126,#13129,#13132,#13135,#13138,#13141,#13144,#13147,#13150,#13153,#13156,#13159,#13162,#13165,#13168,#13171,#13174,#13177,#13180,#13183,#13186,#13189,#13192,#13195,#13198,#13201,#13204,#13207,#13210,#13213,#13216,#13219,#13222,#13225,#13228,#13231,#13234,#13237,#13240,#13243,#13246,#13249,#13252,#13255,#13258,#13261,#13264,#13267,#13270,#13273,#13276,#13279,#13282,#13285,#13288,#13291,#13294,#13297,#13300,#13303,#13306,#13309,#13312,#13315,#13318,#13321,#13324,#13327,#13330,#13333,#13336,#13339,#13342,#13345,#13348,#13351,#13354,#13357,#13360,#13363,#13366,#13369,#13372,#13375,#13378,#13381,#13384,#13387,#13390,#13393,#13396,#13399,#13402,#13405,#13408,#13411,#13414,#13417));
#13419=FACETED_BREP('diiid_like',#Microsoft.PowerShell);
#13420=SHAPE_REPRESENTATION('diiid_like',(#13419,#11),#12);
#13421=SHAPE_DEFINITION_REPRESENTATION(#7,#13420);
ENDSEC;
END-ISO-10303-21;