ISO-10303-21;
HEADER;
FILE_DESCRIPTION(('iter_like CAD Model','STEP AP203'),'2;1');
FILE_NAME('iter_like.step','2026-09-16T12:00:00',('Antigravity'),('Tokamak Federation'),'Tokamak STEP Generator','CAD','');
FILE_SCHEMA(('CONFIG_CONTROL_DESIGN'));
ENDSEC;
DATA;
#1=APPLICATION_CONTEXT('configuration controlled 3D design of mechanical parts and assemblies');
#2=APPLICATION_PROTOCOL_DEFINITION('international standard','config_control_design',1994,#1);
#3=PRODUCT_CONTEXT('',#1,'mechanical');
#4=PRODUCT('iter_like','iter_like','',(#3));
#5=PRODUCT_DEFINITION_FORMATION('','',#4);
#6=PRODUCT_DEFINITION('design','',#5,#3);
#7=PRODUCT_DEFINITION_SHAPE('','',#6);
#8=DIRECTION('',(0.,0.,1.));
#9=DIRECTION('',(1.,0.,0.));
#10=CARTESIAN_POINT('',(0.,0.,0.));
#11=AXIS2_PLACEMENT_3D('',#10,#8,#9);
#12=(GEOMETRIC_REPRESENTATION_CONTEXT(3) GLOBAL_UNCERTAINTY_ASSIGNED_CONTEXT((#16)) GLOBAL_UNIT_ASSIGNED_CONTEXT((#13,#14,#15)) REPRESENTATION_CONTEXT('tokamak','3D'));
#13=(LENGTH_UNIT() NAMED_UNIT(*) SI_UNIT(.MILLI.,.METRE.));
#14=(NAMED_UNIT(*) PLANE_ANGLE_UNIT() SI_UNIT($,.RADIAN.));
#15=(NAMED_UNIT(*) SI_UNIT($,.STERADIAN.) SOLID_ANGLE_UNIT());
#16=UNCERTAINTY_MEASURE_WITH_UNIT(LENGTH_MEASURE(1.E-05),#13,'closure',#12);
#20=CARTESIAN_POINT('',(1178.396,1477.661,4540));
#21=CARTESIAN_POINT('',(1702.831,820.04,4540));
#22=CARTESIAN_POINT('',(1561.591,1064.675,4540));
#26=CARTESIAN_POINT('',(1385.468,1285.526,4540));
#30=CARTESIAN_POINT('',(141.24,1884.715,4540));
#31=CARTESIAN_POINT('',(945,1636.788,4540));
#32=CARTESIAN_POINT('',(690.495,1759.351,4540));
#36=CARTESIAN_POINT('',(420.565,1842.614,4540));
#40=CARTESIAN_POINT('',(-1890,0,4540));
#41=CARTESIAN_POINT('',(1890,0,4540));
#42=CARTESIAN_POINT('',(1868.89,281.69,4540));
#46=CARTESIAN_POINT('',(-141.24,1884.715,4540));
#47=CARTESIAN_POINT('',(1806.033,557.087,4540));
#60=CARTESIAN_POINT('',(-690.495,1759.351,4540));
#61=CARTESIAN_POINT('',(-420.565,1842.614,4540));
#65=CARTESIAN_POINT('',(-1702.831,820.04,4540));
#66=CARTESIAN_POINT('',(-1806.033,557.087,4540));
#67=CARTESIAN_POINT('',(-1868.89,281.69,4540));
#71=CARTESIAN_POINT('',(-945,1636.788,4540));
#75=CARTESIAN_POINT('',(-1561.591,1064.675,4540));
#91=CARTESIAN_POINT('',(-1385.468,1285.526,4540));
#92=CARTESIAN_POINT('',(-1178.396,1477.661,4540));
#102=CARTESIAN_POINT('',(-1890,0,-4540));
#103=CARTESIAN_POINT('',(1890,0,-4540));
#110=CARTESIAN_POINT('',(-1702.831,820.04,-4540));
#111=CARTESIAN_POINT('',(-1868.89,281.69,-4540));
#112=CARTESIAN_POINT('',(-1806.033,557.087,-4540));
#116=CARTESIAN_POINT('',(-1561.591,1064.675,-4540));
#120=CARTESIAN_POINT('',(-1178.396,1477.661,-4540));
#121=CARTESIAN_POINT('',(-1385.468,1285.526,-4540));
#125=CARTESIAN_POINT('',(-945,1636.788,-4540));
#132=CARTESIAN_POINT('',(-141.24,1884.715,-4540));
#133=CARTESIAN_POINT('',(-690.495,1759.351,-4540));
#134=CARTESIAN_POINT('',(-420.565,1842.614,-4540));
#144=CARTESIAN_POINT('',(141.24,1884.715,-4540));
#148=CARTESIAN_POINT('',(1806.033,557.087,-4540));
#149=CARTESIAN_POINT('',(1868.89,281.69,-4540));
#162=CARTESIAN_POINT('',(945,1636.788,-4540));
#163=CARTESIAN_POINT('',(420.565,1842.614,-4540));
#164=CARTESIAN_POINT('',(690.495,1759.351,-4540));
#171=CARTESIAN_POINT('',(1178.396,1477.661,-4540));
#178=CARTESIAN_POINT('',(1385.468,1285.526,-4540));
#179=CARTESIAN_POINT('',(1702.831,820.04,-4540));
#183=CARTESIAN_POINT('',(1561.591,1064.675,-4540));
#316=CARTESIAN_POINT('',(1890,0,-3840));
#317=CARTESIAN_POINT('',(5551.914,0,-3840));
#318=CARTESIAN_POINT('',(5489.904,827.47,-3840));
#322=CARTESIAN_POINT('',(1868.89,281.69,-3840));
#323=CARTESIAN_POINT('',(5305.258,1636.455,-3840));
#330=CARTESIAN_POINT('',(1806.033,557.087,-3840));
#331=CARTESIAN_POINT('',(5002.102,2408.885,-3840));
#338=CARTESIAN_POINT('',(1702.831,820.04,-3840));
#339=CARTESIAN_POINT('',(4587.206,3127.505,-3840));
#346=CARTESIAN_POINT('',(1561.591,1064.675,-3840));
#350=CARTESIAN_POINT('',(4069.841,3776.26,-3840));
#354=CARTESIAN_POINT('',(1385.468,1285.526,-3840));
#358=CARTESIAN_POINT('',(3461.562,4340.661,-3840));
#359=CARTESIAN_POINT('',(1178.396,1477.661,-3840));
#366=CARTESIAN_POINT('',(2775.957,4808.098,-3840));
#367=CARTESIAN_POINT('',(945,1636.788,-3840));
#374=CARTESIAN_POINT('',(2028.342,5168.131,-3840));
#375=CARTESIAN_POINT('',(690.495,1759.351,-3840));
#382=CARTESIAN_POINT('',(1235.417,5412.716,-3840));
#383=CARTESIAN_POINT('',(141.24,1884.715,-3840));
#384=CARTESIAN_POINT('',(420.565,1842.614,-3840));
#394=CARTESIAN_POINT('',(414.895,5536.39,-3840));
#398=CARTESIAN_POINT('',(-414.895,5536.39,-3840));
#402=CARTESIAN_POINT('',(-420.565,1842.614,-3840));
#403=CARTESIAN_POINT('',(-141.24,1884.715,-3840));
#410=CARTESIAN_POINT('',(-5489.904,827.47,-3840));
#411=CARTESIAN_POINT('',(-1890,0,-3840));
#412=CARTESIAN_POINT('',(-1868.89,281.69,-3840));
#416=CARTESIAN_POINT('',(-5551.914,0,-3840));
#420=CARTESIAN_POINT('',(-1235.417,5412.716,-3840));
#424=CARTESIAN_POINT('',(-5305.258,1636.455,-3840));
#428=CARTESIAN_POINT('',(-1806.033,557.087,-3840));
#432=CARTESIAN_POINT('',(-2028.342,5168.131,-3840));
#436=CARTESIAN_POINT('',(-690.495,1759.351,-3840));
#440=CARTESIAN_POINT('',(-5002.102,2408.885,-3840));
#441=CARTESIAN_POINT('',(-1702.831,820.04,-3840));
#445=CARTESIAN_POINT('',(-1561.591,1064.675,-3840));
#452=CARTESIAN_POINT('',(-2775.957,4808.098,-3840));
#456=CARTESIAN_POINT('',(-945,1636.788,-3840));
#460=CARTESIAN_POINT('',(-4587.206,3127.505,-3840));
#464=CARTESIAN_POINT('',(-3461.562,4340.661,-3840));
#465=CARTESIAN_POINT('',(-1178.396,1477.661,-3840));
#472=CARTESIAN_POINT('',(-4069.841,3776.26,-3840));
#473=CARTESIAN_POINT('',(-1385.468,1285.526,-3840));
#486=CARTESIAN_POINT('',(5772.938,0,-3823.683));
#490=CARTESIAN_POINT('',(5989.859,0,-3778.019));
#494=CARTESIAN_POINT('',(6200.219,0,-3707.978));
#498=CARTESIAN_POINT('',(6402.871,0,-3617.971));
#502=CARTESIAN_POINT('',(5489.904,827.47,3840));
#503=CARTESIAN_POINT('',(6430.928,0,3603.822));
#504=CARTESIAN_POINT('',(6130.663,0,3733.835));
#508=CARTESIAN_POINT('',(5868.04,0,3807.116));
#512=CARTESIAN_POINT('',(5710.795,0,3831.481));
#516=CARTESIAN_POINT('',(5551.914,0,3840));
#520=CARTESIAN_POINT('',(-5772.938,0,-3823.683));
#524=CARTESIAN_POINT('',(-5551.914,0,3840));
#525=CARTESIAN_POINT('',(-5710.795,0,3831.481));
#526=CARTESIAN_POINT('',(-5489.904,827.47,3840));
#530=CARTESIAN_POINT('',(6118.409,1887.279,-3617.971));
#540=CARTESIAN_POINT('',(6660.47,0,-3472.925));
#544=CARTESIAN_POINT('',(6933.072,0,-3282.38));
#548=CARTESIAN_POINT('',(6868.423,2118.628,-3068.43));
#552=CARTESIAN_POINT('',(7187.755,0,-3068.43));
#556=CARTESIAN_POINT('',(7499.552,0,-2753.126));
#560=CARTESIAN_POINT('',(7464.182,2302.395,-2363.64));
#564=CARTESIAN_POINT('',(7811.212,0,-2363.64));
#568=CARTESIAN_POINT('',(8078.362,0,-1942.386));
#572=CARTESIAN_POINT('',(5290.3,3606.866,-3617.971));
#582=CARTESIAN_POINT('',(7927.67,2445.362,-1493.692));
#583=CARTESIAN_POINT('',(8296.249,0,-1493.692));
#587=CARTESIAN_POINT('',(8459.233,0,-1022.306));
#594=CARTESIAN_POINT('',(5938.801,4049.006,-3068.43));
#601=CARTESIAN_POINT('',(6453.926,4400.212,-2363.64));
#608=CARTESIAN_POINT('',(8181.428,2523.636,-534.232));
#612=CARTESIAN_POINT('',(8561.805,0,-534.232));
#616=CARTESIAN_POINT('',(8599.818,0,-36.968));
#620=CARTESIAN_POINT('',(3992.125,5005.966,-3617.971));
#633=CARTESIAN_POINT('',(6854.683,4673.444,-1493.692));
#640=CARTESIAN_POINT('',(4481.491,5619.612,-3068.43));
#644=CARTESIAN_POINT('',(8190.771,2526.518,460.945));
#648=CARTESIAN_POINT('',(8571.583,0,460.945));
#652=CARTESIAN_POINT('',(8478.362,0,950.887));
#656=CARTESIAN_POINT('',(4870.211,6107.051,-2363.64));
#666=CARTESIAN_POINT('',(7074.095,4823.036,-534.232));
#673=CARTESIAN_POINT('',(2339.231,5960.264,-3617.971));
#683=CARTESIAN_POINT('',(7954.188,2453.542,1425.161));
#687=CARTESIAN_POINT('',(8324,0,1425.161));
#691=CARTESIAN_POINT('',(8113.881,0,1877.539));
#695=CARTESIAN_POINT('',(5172.627,6486.269,-1493.692));
#699=CARTESIAN_POINT('',(2625.981,6690.892,-3068.43));
#706=CARTESIAN_POINT('',(7082.174,4828.545,460.945));
#716=CARTESIAN_POINT('',(7504.78,2314.918,2303.13));
#720=CARTESIAN_POINT('',(7853.698,0,2303.13));
#724=CARTESIAN_POINT('',(7548.388,0,2697.613));
#728=CARTESIAN_POINT('',(2853.756,7271.252,-2363.64));
#738=CARTESIAN_POINT('',(5338.198,6693.889,-534.232));
#748=CARTESIAN_POINT('',(478.487,6384.967,-3617.971));
#761=CARTESIAN_POINT('',(6877.611,4689.076,1425.161));
#765=CARTESIAN_POINT('',(6881.444,2122.645,3055.941));
#769=CARTESIAN_POINT('',(7201.381,0,3055.941));
#773=CARTESIAN_POINT('',(6814.145,0,3370.246));
#777=CARTESIAN_POINT('',(3030.96,7722.761,-1493.692));
#781=CARTESIAN_POINT('',(537.142,7167.656,-3068.43));
#785=CARTESIAN_POINT('',(5344.294,6701.533,460.945));
#789=CARTESIAN_POINT('',(6145.22,1895.549,3603.822));
#793=CARTESIAN_POINT('',(5305.258,1636.455,3840));
#797=CARTESIAN_POINT('',(5002.102,2408.885,3840));
#807=CARTESIAN_POINT('',(6489.03,4424.146,2303.13));
#814=CARTESIAN_POINT('',(583.733,7789.37,-2363.64));
#821=CARTESIAN_POINT('',(3127.979,7969.96,-534.232));
#828=CARTESIAN_POINT('',(-1424.773,6242.338,-3617.971));
#841=CARTESIAN_POINT('',(5189.929,6507.965,1425.161));
#851=CARTESIAN_POINT('',(5950.06,4056.683,3055.941));
#858=CARTESIAN_POINT('',(619.979,8273.051,-1493.692));
#865=CARTESIAN_POINT('',(-1599.426,7007.542,-3068.43));
#869=CARTESIAN_POINT('',(3131.551,7979.061,460.945));
#876=CARTESIAN_POINT('',(5313.482,3622.671,3603.822));
#883=CARTESIAN_POINT('',(4587.206,3127.505,3840));
#887=CARTESIAN_POINT('',(4069.841,3776.26,3840));
#894=CARTESIAN_POINT('',(4896.701,6140.269,2303.13));
#898=CARTESIAN_POINT('',(-1738.158,7615.369,-2363.64));
#905=CARTESIAN_POINT('',(639.824,8537.864,-534.232));
#915=CARTESIAN_POINT('',(-3201.436,5545.049,-3617.971));
#925=CARTESIAN_POINT('',(3041.099,7748.593,1425.161));
#935=CARTESIAN_POINT('',(4489.988,5630.267,3055.941));
#942=CARTESIAN_POINT('',(-1846.089,8088.245,-1493.692));
#952=CARTESIAN_POINT('',(-3593.877,6224.778,-3068.43));
#959=CARTESIAN_POINT('',(640.555,8547.615,460.945));
#963=CARTESIAN_POINT('',(4009.618,5027.902,3603.822));
#970=CARTESIAN_POINT('',(3461.562,4340.661,3840));
#974=CARTESIAN_POINT('',(2775.957,4808.098,3840));
#981=CARTESIAN_POINT('',(2869.278,7310.801,2303.13));
#985=CARTESIAN_POINT('',(-3905.606,6764.708,-2363.64));
#995=CARTESIAN_POINT('',(-1905.181,8347.143,-534.232));
#999=CARTESIAN_POINT('',(-4693.636,4355.058,-3617.971));
#1009=CARTESIAN_POINT('',(622.053,8300.724,1425.161));
#1016=CARTESIAN_POINT('',(2630.96,6703.577,3055.941));
#1023=CARTESIAN_POINT('',(-4148.125,7184.763,-1493.692));
#1030=CARTESIAN_POINT('',(-5268.997,4888.914,-3068.43));
#1037=CARTESIAN_POINT('',(-1907.357,8356.675,460.945));
#1047=CARTESIAN_POINT('',(2349.482,5986.382,3603.822));
#1057=CARTESIAN_POINT('',(2028.342,5168.131,3840));
#1061=CARTESIAN_POINT('',(1235.417,5412.716,3840));
#1065=CARTESIAN_POINT('',(586.908,7831.738,2303.13));
#1072=CARTESIAN_POINT('',(-5726.024,5312.974,-2363.64));
#1079=CARTESIAN_POINT('',(-4280.903,7414.741,-534.232));
#1083=CARTESIAN_POINT('',(-5768.787,2778.102,-3617.971));
#1090=CARTESIAN_POINT('',(-1852.264,8115.3,1425.161));
#1097=CARTESIAN_POINT('',(538.16,7181.245,3055.941));
#1104=CARTESIAN_POINT('',(-6081.581,5642.883,-1493.692));
#1111=CARTESIAN_POINT('',(-6475.943,3118.65,-3068.43));
#1118=CARTESIAN_POINT('',(-4285.791,7423.209,460.945));
#1125=CARTESIAN_POINT('',(480.584,6412.946,3603.822));
#1132=CARTESIAN_POINT('',(414.895,5536.39,3840));
#1136=CARTESIAN_POINT('',(-414.895,5536.39,3840));
#1143=CARTESIAN_POINT('',(-1747.612,7656.79,2303.13));
#1147=CARTESIAN_POINT('',(-7037.659,3389.158,-2363.64));
#1148=CARTESIAN_POINT('',(-7811.212,0,-2363.64));
#1149=CARTESIAN_POINT('',(-7499.552,0,-2753.126));
#1153=CARTESIAN_POINT('',(-8078.362,0,-1942.386));
#1166=CARTESIAN_POINT('',(-6276.248,5823.506,-534.232));
#1173=CARTESIAN_POINT('',(-4162,7208.795,1425.161));
#1180=CARTESIAN_POINT('',(-1602.458,7020.828,3055.941));
#1190=CARTESIAN_POINT('',(-7474.662,3599.608,-1493.692));
#1194=CARTESIAN_POINT('',(-8296.249,0,-1493.692));
#1198=CARTESIAN_POINT('',(-8459.233,0,-1022.306));
#1208=CARTESIAN_POINT('',(-6283.415,5830.157,460.945));
#1218=CARTESIAN_POINT('',(-1431.016,6269.692,3603.822));
#1222=CARTESIAN_POINT('',(-1235.417,5412.716,3840));
#1226=CARTESIAN_POINT('',(-2028.342,5168.131,3840));
#1233=CARTESIAN_POINT('',(-3926.849,6801.502,2303.13));
#1243=CARTESIAN_POINT('',(-7713.92,3714.828,-534.232));
#1247=CARTESIAN_POINT('',(-8561.805,0,-534.232));
#1251=CARTESIAN_POINT('',(-8599.818,0,-36.968));
#1261=CARTESIAN_POINT('',(-6101.924,5661.758,1425.161));
#1268=CARTESIAN_POINT('',(-3600.691,6236.579,3055.941));
#1272=CARTESIAN_POINT('',(-7722.729,3719.07,460.945));
#1276=CARTESIAN_POINT('',(-8571.583,0,460.945));
#1280=CARTESIAN_POINT('',(-8478.362,0,950.887));
#1290=CARTESIAN_POINT('',(-3215.464,5569.348,3603.822));
#1297=CARTESIAN_POINT('',(-2775.957,4808.098,3840));
#1301=CARTESIAN_POINT('',(-3461.562,4340.661,3840));
#1308=CARTESIAN_POINT('',(-5757.168,5341.871,2303.13));
#1315=CARTESIAN_POINT('',(-7499.664,3611.648,1425.161));
#1322=CARTESIAN_POINT('',(-8324,0,1425.161));
#1326=CARTESIAN_POINT('',(-8113.881,0,1877.539));
#1336=CARTESIAN_POINT('',(-5278.986,4898.183,3055.941));
#1340=CARTESIAN_POINT('',(-4714.204,4374.142,3603.822));
#1350=CARTESIAN_POINT('',(-4069.841,3776.26,3840));
#1354=CARTESIAN_POINT('',(-4587.206,3127.505,3840));
#1358=CARTESIAN_POINT('',(-7075.938,3407.592,2303.13));
#1365=CARTESIAN_POINT('',(-7853.698,0,2303.13));
#1369=CARTESIAN_POINT('',(-7548.388,0,2697.613));
#1376=CARTESIAN_POINT('',(-6488.22,3124.562,3055.941));
#1380=CARTESIAN_POINT('',(-7201.381,0,3055.941));
#1387=CARTESIAN_POINT('',(-5794.066,2790.275,3603.822));
#1397=CARTESIAN_POINT('',(-5002.102,2408.885,3840));
#1401=CARTESIAN_POINT('',(-5990.976,2351.285,-3601.292));
#1411=CARTESIAN_POINT('',(-6215.423,936.824,-3672.677));
#1415=CARTESIAN_POINT('',(-7187.755,0,-3068.43));
#1416=CARTESIAN_POINT('',(-6933.072,0,-3282.38));
#1432=CARTESIAN_POINT('',(-6268.052,469.726,-3672.677));
#1442=CARTESIAN_POINT('',(-5989.859,0,-3778.019));
#1446=CARTESIAN_POINT('',(-6200.219,0,-3707.978));
#1450=CARTESIAN_POINT('',(-6402.871,0,-3617.971));
#1454=CARTESIAN_POINT('',(-6660.47,0,-3472.925));
#1461=CARTESIAN_POINT('',(-5998.621,2354.285,3597.052));
#1468=CARTESIAN_POINT('',(-5305.258,1636.455,3840));
#1472=CARTESIAN_POINT('',(-6147.966,926.657,3701.185));
#1473=CARTESIAN_POINT('',(-6814.145,0,3370.246));
#1489=CARTESIAN_POINT('',(-6200.024,464.628,3701.185));
#1490=CARTESIAN_POINT('',(-6430.928,0,3603.822));
#1494=CARTESIAN_POINT('',(-6130.663,0,3733.835));
#1498=CARTESIAN_POINT('',(-5868.04,0,3807.116));
#1514=CARTESIAN_POINT('',(-7613.56,0,-2775.079));
#1515=CARTESIAN_POINT('',(-7254.867,0,-3142.565));
#1522=CARTESIAN_POINT('',(-6854.55,0,-3464.084));
#1529=CARTESIAN_POINT('',(-7929.097,0,-2369.906));
#1536=CARTESIAN_POINT('',(-6458.475,0,-3701.974));
#1546=CARTESIAN_POINT('',(-8197.938,0,-1932.364));
#1553=CARTESIAN_POINT('',(-6148.381,0,-3833.562));
#1560=CARTESIAN_POINT('',(-8414.996,0,-1466.984));
#1567=CARTESIAN_POINT('',(-5877.507,0,-3907.203));
#1577=CARTESIAN_POINT('',(-5715.504,0,-3931.531));
#1581=CARTESIAN_POINT('',(-8574.413,0,-978.882));
#1591=CARTESIAN_POINT('',(-5551.914,0,-3940));
#1595=CARTESIAN_POINT('',(-8670.663,0,-474.539));
#1602=CARTESIAN_POINT('',(-8699.811,0,38.059));
#1612=CARTESIAN_POINT('',(-8660.569,0,549.985));
#1619=CARTESIAN_POINT('',(-8554.661,0,1052.393));
#1626=CARTESIAN_POINT('',(-8386.333,0,1537.499));
#1633=CARTESIAN_POINT('',(-8161.241,0,1999.052));
#1640=CARTESIAN_POINT('',(-1890,0,-3940));
#1647=CARTESIAN_POINT('',(-7885.192,0,2432.086));
#1654=CARTESIAN_POINT('',(-7563.083,0,2832.053));
#1661=CARTESIAN_POINT('',(-7240.779,0,3155.359));
#1665=CARTESIAN_POINT('',(-6977.494,0,3374.317));
#1672=CARTESIAN_POINT('',(-6695.696,0,3568.821));
#1679=CARTESIAN_POINT('',(-6429.486,0,3716.334));
#1683=CARTESIAN_POINT('',(-6220.182,0,3807.467));
#1690=CARTESIAN_POINT('',(-6003.105,0,3878.03));
#1697=CARTESIAN_POINT('',(-5779.512,0,3923.757));
#1704=CARTESIAN_POINT('',(-5551.914,0,3940));
#1711=CARTESIAN_POINT('',(-1890,0,3940));
#1712=CARTESIAN_POINT('',(-1890,0,3840));
#1719=CARTESIAN_POINT('',(1868.89,281.69,-3940));
#1720=CARTESIAN_POINT('',(1890,0,-3940));
#1727=CARTESIAN_POINT('',(1806.033,557.087,-3940));
#1737=CARTESIAN_POINT('',(1702.831,820.04,-3940));
#1741=CARTESIAN_POINT('',(1561.591,1064.675,-3940));
#1748=CARTESIAN_POINT('',(1385.468,1285.526,-3940));
#1758=CARTESIAN_POINT('',(1178.396,1477.661,-3940));
#1762=CARTESIAN_POINT('',(945,1636.788,-3940));
#1769=CARTESIAN_POINT('',(690.495,1759.351,-3940));
#1779=CARTESIAN_POINT('',(420.565,1842.614,-3940));
#1783=CARTESIAN_POINT('',(141.24,1884.715,-3940));
#1793=CARTESIAN_POINT('',(-141.24,1884.715,-3940));
#1797=CARTESIAN_POINT('',(-420.565,1842.614,-3940));
#1804=CARTESIAN_POINT('',(-690.495,1759.351,-3940));
#1811=CARTESIAN_POINT('',(-945,1636.788,-3940));
#1821=CARTESIAN_POINT('',(-1178.396,1477.661,-3940));
#1825=CARTESIAN_POINT('',(-1385.468,1285.526,-3940));
#1835=CARTESIAN_POINT('',(-1561.591,1064.675,-3940));
#1839=CARTESIAN_POINT('',(-1702.831,820.04,-3940));
#1846=CARTESIAN_POINT('',(-1806.033,557.087,-3940));
#1856=CARTESIAN_POINT('',(-1868.89,281.69,-3940));
#1866=CARTESIAN_POINT('',(5551.914,0,-3940));
#1873=CARTESIAN_POINT('',(5715.504,0,-3931.531));
#1880=CARTESIAN_POINT('',(5877.507,0,-3907.203));
#1887=CARTESIAN_POINT('',(6148.381,0,-3833.562));
#1894=CARTESIAN_POINT('',(6458.475,0,-3701.974));
#1904=CARTESIAN_POINT('',(6854.55,0,-3464.084));
#1911=CARTESIAN_POINT('',(7254.867,0,-3142.565));
#1921=CARTESIAN_POINT('',(7613.56,0,-2775.079));
#1928=CARTESIAN_POINT('',(7929.097,0,-2369.906));
#1935=CARTESIAN_POINT('',(8197.938,0,-1932.364));
#1942=CARTESIAN_POINT('',(8414.996,0,-1466.984));
#1949=CARTESIAN_POINT('',(8574.413,0,-978.882));
#1956=CARTESIAN_POINT('',(8670.663,0,-474.539));
#1963=CARTESIAN_POINT('',(8699.811,0,38.059));
#1970=CARTESIAN_POINT('',(8660.569,0,549.985));
#1977=CARTESIAN_POINT('',(5551.914,0,3940));
#1978=CARTESIAN_POINT('',(1890,0,3840));
#1982=CARTESIAN_POINT('',(1890,0,3940));
#1989=CARTESIAN_POINT('',(8554.661,0,1052.393));
#1993=CARTESIAN_POINT('',(5779.512,0,3923.757));
#2003=CARTESIAN_POINT('',(6003.105,0,3878.03));
#2010=CARTESIAN_POINT('',(8386.333,0,1537.499));
#2017=CARTESIAN_POINT('',(6220.182,0,3807.467));
#2024=CARTESIAN_POINT('',(6429.486,0,3716.334));
#2028=CARTESIAN_POINT('',(8161.241,0,1999.052));
#2035=CARTESIAN_POINT('',(6695.696,0,3568.821));
#2042=CARTESIAN_POINT('',(7885.192,0,2432.086));
#2049=CARTESIAN_POINT('',(6977.494,0,3374.317));
#2056=CARTESIAN_POINT('',(7563.083,0,2832.053));
#2063=CARTESIAN_POINT('',(7240.779,0,3155.359));
#2070=CARTESIAN_POINT('',(-1868.89,281.69,3840));
#2077=CARTESIAN_POINT('',(-1806.033,557.087,3840));
#2084=CARTESIAN_POINT('',(-1702.831,820.04,3840));
#2091=CARTESIAN_POINT('',(-1561.591,1064.675,3840));
#2098=CARTESIAN_POINT('',(-1385.468,1285.526,3840));
#2105=CARTESIAN_POINT('',(-1178.396,1477.661,3840));
#2112=CARTESIAN_POINT('',(-945,1636.788,3840));
#2119=CARTESIAN_POINT('',(-690.495,1759.351,3840));
#2123=CARTESIAN_POINT('',(-420.565,1842.614,3840));
#2130=CARTESIAN_POINT('',(-141.24,1884.715,3840));
#2143=CARTESIAN_POINT('',(141.24,1884.715,3840));
#2150=CARTESIAN_POINT('',(1868.89,281.69,3840));
#2151=CARTESIAN_POINT('',(1806.033,557.087,3840));
#2158=CARTESIAN_POINT('',(420.565,1842.614,3840));
#2171=CARTESIAN_POINT('',(690.495,1759.351,3840));
#2175=CARTESIAN_POINT('',(1702.831,820.04,3840));
#2182=CARTESIAN_POINT('',(945,1636.788,3840));
#2186=CARTESIAN_POINT('',(1178.396,1477.661,3840));
#2196=CARTESIAN_POINT('',(1561.591,1064.675,3840));
#2209=CARTESIAN_POINT('',(1385.468,1285.526,3840));
#2219=CARTESIAN_POINT('',(1868.89,281.69,3940));
#2223=CARTESIAN_POINT('',(1806.033,557.087,3940));
#2224=CARTESIAN_POINT('',(1702.831,820.04,3940));
#2237=CARTESIAN_POINT('',(1561.591,1064.675,3940));
#2244=CARTESIAN_POINT('',(1385.468,1285.526,3940));
#2245=CARTESIAN_POINT('',(1178.396,1477.661,3940));
#2258=CARTESIAN_POINT('',(945,1636.788,3940));
#2265=CARTESIAN_POINT('',(690.495,1759.351,3940));
#2266=CARTESIAN_POINT('',(420.565,1842.614,3940));
#2279=CARTESIAN_POINT('',(141.24,1884.715,3940));
#2280=CARTESIAN_POINT('',(-141.24,1884.715,3940));
#2293=CARTESIAN_POINT('',(-420.565,1842.614,3940));
#2303=CARTESIAN_POINT('',(-690.495,1759.351,3940));
#2310=CARTESIAN_POINT('',(-945,1636.788,3940));
#2311=CARTESIAN_POINT('',(-1178.396,1477.661,3940));
#2321=CARTESIAN_POINT('',(-1385.468,1285.526,3940));
#2322=CARTESIAN_POINT('',(-1561.591,1064.675,3940));
#2335=CARTESIAN_POINT('',(-1702.831,820.04,3940));
#2342=CARTESIAN_POINT('',(-1806.033,557.087,3940));
#2343=CARTESIAN_POINT('',(-1868.89,281.69,3940));
#2362=CARTESIAN_POINT('',(5489.904,827.47,3940));
#2366=CARTESIAN_POINT('',(5305.258,1636.455,3940));
#2373=CARTESIAN_POINT('',(5002.102,2408.885,3940));
#2380=CARTESIAN_POINT('',(4587.206,3127.505,3940));
#2390=CARTESIAN_POINT('',(4069.841,3776.26,3940));
#2397=CARTESIAN_POINT('',(3461.562,4340.661,3940));
#2404=CARTESIAN_POINT('',(2775.957,4808.098,3940));
#2411=CARTESIAN_POINT('',(2028.342,5168.131,3940));
#2418=CARTESIAN_POINT('',(1235.417,5412.716,3940));
#2428=CARTESIAN_POINT('',(414.895,5536.39,3940));
#2432=CARTESIAN_POINT('',(-414.895,5536.39,3940));
#2442=CARTESIAN_POINT('',(-5489.904,827.47,3940));
#2449=CARTESIAN_POINT('',(-1235.417,5412.716,3940));
#2453=CARTESIAN_POINT('',(-5305.258,1636.455,3940));
#2460=CARTESIAN_POINT('',(-2028.342,5168.131,3940));
#2467=CARTESIAN_POINT('',(-5002.102,2408.885,3940));
#2477=CARTESIAN_POINT('',(-2775.957,4808.098,3940));
#2484=CARTESIAN_POINT('',(-4587.206,3127.505,3940));
#2488=CARTESIAN_POINT('',(-3461.562,4340.661,3940));
#2495=CARTESIAN_POINT('',(-4069.841,3776.26,3940));
#2520=CARTESIAN_POINT('',(5489.904,827.47,-3940));
#2536=CARTESIAN_POINT('',(-5489.904,827.47,-3940));
#2540=CARTESIAN_POINT('',(6143.842,1895.124,3716.334));
#2556=CARTESIAN_POINT('',(6919.092,2134.257,3155.359));
#2566=CARTESIAN_POINT('',(7534.875,2324.201,2432.086));
#2576=CARTESIAN_POINT('',(5312.291,3621.859,3716.334));
#2586=CARTESIAN_POINT('',(5982.613,4078.876,3155.359));
#2596=CARTESIAN_POINT('',(8013.752,2471.915,1537.499));
#2606=CARTESIAN_POINT('',(6515.051,4441.887,2432.086));
#2610=CARTESIAN_POINT('',(4008.719,5026.775,3716.334));
#2620=CARTESIAN_POINT('',(8275.804,2552.747,549.985));
#2630=CARTESIAN_POINT('',(4514.552,5661.069,3155.359));
#2637=CARTESIAN_POINT('',(6929.113,4724.189,1537.499));
#2644=CARTESIAN_POINT('',(8285.45,2555.723,-474.539));
#2654=CARTESIAN_POINT('',(4916.337,6164.891,2432.086));
#2661=CARTESIAN_POINT('',(2348.955,5985.04,3716.334));
#2674=CARTESIAN_POINT('',(7155.698,4878.672,549.985));
#2681=CARTESIAN_POINT('',(8041.141,2480.364,-1466.984));
#2691=CARTESIAN_POINT('',(2645.354,6740.251,3155.359));
#2695=CARTESIAN_POINT('',(5228.793,6556.699,1537.499));
#2705=CARTESIAN_POINT('',(7164.038,4884.359,-474.539));
#2712=CARTESIAN_POINT('',(7576.83,2337.142,-2369.906));
#2722=CARTESIAN_POINT('',(2880.784,7340.118,2432.086));
#2732=CARTESIAN_POINT('',(480.476,6411.508,3716.334));
#2742=CARTESIAN_POINT('',(5399.777,6771.105,549.985));
#2746=CARTESIAN_POINT('',(6952.796,4740.336,-1466.984));
#2753=CARTESIAN_POINT('',(6932.553,2138.41,-3142.565));
#2763=CARTESIAN_POINT('',(541.104,7220.533,3155.359));
#2770=CARTESIAN_POINT('',(3063.871,7806.617,1537.499));
#2774=CARTESIAN_POINT('',(5406.07,6778.998,-474.539));
#2781=CARTESIAN_POINT('',(6551.328,4466.62,-2369.906));
#2788=CARTESIAN_POINT('',(6171.543,1903.669,-3701.974));
#2792=CARTESIAN_POINT('',(5305.258,1636.455,-3940));
#2796=CARTESIAN_POINT('',(5002.102,2408.885,-3940));
#2806=CARTESIAN_POINT('',(589.261,7863.143,2432.086));
#2813=CARTESIAN_POINT('',(-1430.695,6268.286,3716.334));
#2823=CARTESIAN_POINT('',(3164.061,8061.896,549.985));
#2830=CARTESIAN_POINT('',(5246.664,6579.109,-1466.984));
#2837=CARTESIAN_POINT('',(5994.252,4086.812,-3142.565));
#2844=CARTESIAN_POINT('',(-1611.225,7059.238,3155.359));
#2851=CARTESIAN_POINT('',(626.711,8362.883,1537.499));
#2858=CARTESIAN_POINT('',(3167.749,8071.293,-474.539));
#2865=CARTESIAN_POINT('',(4943.711,6199.218,-2369.906));
#2872=CARTESIAN_POINT('',(5336.242,3638.188,-3701.974));
#2876=CARTESIAN_POINT('',(4587.206,3127.505,-3940));
#2880=CARTESIAN_POINT('',(4069.841,3776.26,-3940));
#2890=CARTESIAN_POINT('',(-1754.62,7687.493,2432.086));
#2900=CARTESIAN_POINT('',(-3214.743,5568.098,3716.334));
#2913=CARTESIAN_POINT('',(647.205,8636.352,549.985));
#2923=CARTESIAN_POINT('',(3074.343,7833.299,-1466.984));
#2933=CARTESIAN_POINT('',(4523.336,5672.083,-3142.565));
#2940=CARTESIAN_POINT('',(-3620.39,6270.699,3155.359));
#2944=CARTESIAN_POINT('',(-1866.135,8176.07,1537.499));
#2948=CARTESIAN_POINT('',(647.96,8646.418,-474.539));
#2952=CARTESIAN_POINT('',(2896.824,7380.988,-2369.906));
#2959=CARTESIAN_POINT('',(4026.793,5049.439,-3701.974));
#2966=CARTESIAN_POINT('',(3461.562,4340.661,-3940));
#2970=CARTESIAN_POINT('',(2775.957,4808.098,-3940));
#2977=CARTESIAN_POINT('',(-3942.596,6828.776,2432.086));
#2984=CARTESIAN_POINT('',(-4713.147,4373.161,3716.334));
#2994=CARTESIAN_POINT('',(-1927.158,8443.43,549.985));
#3001=CARTESIAN_POINT('',(628.853,8391.466,-1466.984));
#3008=CARTESIAN_POINT('',(2650.5,6753.365,-3142.565));
#3012=CARTESIAN_POINT('',(-5307.867,4924.981,3155.359));
#3019=CARTESIAN_POINT('',(-4193.167,7262.777,1537.499));
#3026=CARTESIAN_POINT('',(-1929.404,8453.271,-474.539));
#3033=CARTESIAN_POINT('',(592.542,7906.926,-2369.906));
#3040=CARTESIAN_POINT('',(2359.546,6012.025,-3701.974));
#3047=CARTESIAN_POINT('',(2028.342,5168.131,-3940));
#3051=CARTESIAN_POINT('',(1235.417,5412.716,-3940));
#3058=CARTESIAN_POINT('',(-5780.255,5363.292,2432.086));
#3068=CARTESIAN_POINT('',(-5792.767,2789.649,3716.334));
#3075=CARTESIAN_POINT('',(-4330.284,7500.273,549.985));
#3082=CARTESIAN_POINT('',(-1872.513,8204.014,-1466.984));
#3089=CARTESIAN_POINT('',(542.157,7234.581,-3142.565));
#3096=CARTESIAN_POINT('',(-6523.717,3141.656,3155.359));
#3103=CARTESIAN_POINT('',(-6147.617,5704.155,1537.499));
#3107=CARTESIAN_POINT('',(-4335.332,7509.015,-474.539));
#3114=CARTESIAN_POINT('',(-1764.39,7730.298,-2369.906));
#3121=CARTESIAN_POINT('',(482.642,6440.416,-3701.974));
#3125=CARTESIAN_POINT('',(414.895,5536.39,-3940));
#3129=CARTESIAN_POINT('',(-414.895,5536.39,-3940));
#3139=CARTESIAN_POINT('',(-7104.312,3421.256,2432.086));
#3155=CARTESIAN_POINT('',(-6348.646,5890.683,549.985));
#3162=CARTESIAN_POINT('',(-4207.498,7287.6,-1466.984));
#3172=CARTESIAN_POINT('',(-1614.36,7072.972,-3142.565));
#3179=CARTESIAN_POINT('',(-7555.825,3638.694,1537.499));
#3195=CARTESIAN_POINT('',(-6356.046,5897.549,-474.539));
#3202=CARTESIAN_POINT('',(-3964.549,6866.799,-2369.906));
#3206=CARTESIAN_POINT('',(-1437.146,6296.547,-3701.974));
#3210=CARTESIAN_POINT('',(-1235.417,5412.716,-3940));
#3214=CARTESIAN_POINT('',(-2028.342,5168.131,-3940));
#3224=CARTESIAN_POINT('',(-7802.903,3757.68,549.985));
#3240=CARTESIAN_POINT('',(-6168.629,5723.651,-1466.984));
#3250=CARTESIAN_POINT('',(-3627.433,6282.899,-3142.565));
#3257=CARTESIAN_POINT('',(-7811.998,3762.06,-474.539));
#3276=CARTESIAN_POINT('',(-5812.44,5393.156,-2369.906));
#3280=CARTESIAN_POINT('',(-3229.237,5593.203,-3701.974));
#3290=CARTESIAN_POINT('',(-2775.957,4808.098,-3940));
#3294=CARTESIAN_POINT('',(-3461.562,4340.661,-3940));
#3298=CARTESIAN_POINT('',(-7581.649,3651.13,-1466.984));
#3311=CARTESIAN_POINT('',(-5318.193,4934.563,-3142.565));
#3321=CARTESIAN_POINT('',(-7143.87,3440.306,-2369.906));
#3340=CARTESIAN_POINT('',(-4734.397,4392.878,-3701.974));
#3347=CARTESIAN_POINT('',(-4069.841,3776.26,-3940));
#3351=CARTESIAN_POINT('',(-4587.206,3127.505,-3940));
#3355=CARTESIAN_POINT('',(-6536.409,3147.769,-3142.565));
#3365=CARTESIAN_POINT('',(-5818.885,2802.227,-3701.974));
#3375=CARTESIAN_POINT('',(-5002.102,2408.885,-3940));
#3379=CARTESIAN_POINT('',(-6016.771,2361.408,3699.406));
#3389=CARTESIAN_POINT('',(-6237.917,940.215,3771.774));
#3408=CARTESIAN_POINT('',(-6290.737,471.426,3771.774));
#3433=CARTESIAN_POINT('',(-6024.67,2364.509,-3695.101));
#3440=CARTESIAN_POINT('',(-5305.258,1636.455,-3940));
#3444=CARTESIAN_POINT('',(-6168.259,929.715,-3800.605));
#3460=CARTESIAN_POINT('',(-6220.489,466.161,-3800.605));
#3734=CARTESIAN_POINT('',(5779.512,0,-3923.757));
#3738=CARTESIAN_POINT('',(6003.105,0,-3878.03));
#3742=CARTESIAN_POINT('',(6220.182,0,-3807.467));
#3746=CARTESIAN_POINT('',(6429.486,0,-3716.334));
#3750=CARTESIAN_POINT('',(6458.475,0,3701.974));
#3751=CARTESIAN_POINT('',(6148.381,0,3833.562));
#3755=CARTESIAN_POINT('',(5877.507,0,3907.203));
#3759=CARTESIAN_POINT('',(5715.504,0,3931.531));
#3766=CARTESIAN_POINT('',(-5779.512,0,-3923.757));
#3770=CARTESIAN_POINT('',(-5715.504,0,3931.531));
#3774=CARTESIAN_POINT('',(6143.842,1895.124,-3716.334));
#3784=CARTESIAN_POINT('',(6695.696,0,-3568.821));
#3788=CARTESIAN_POINT('',(6977.494,0,-3374.317));
#3792=CARTESIAN_POINT('',(6919.092,2134.257,-3155.359));
#3796=CARTESIAN_POINT('',(7240.779,0,-3155.359));
#3800=CARTESIAN_POINT('',(7563.083,0,-2832.053));
#3804=CARTESIAN_POINT('',(7534.875,2324.201,-2432.086));
#3808=CARTESIAN_POINT('',(7885.192,0,-2432.086));
#3812=CARTESIAN_POINT('',(8161.241,0,-1999.052));
#3816=CARTESIAN_POINT('',(5312.291,3621.859,-3716.334));
#3829=CARTESIAN_POINT('',(5982.613,4078.876,-3155.359));
#3833=CARTESIAN_POINT('',(8013.752,2471.915,-1537.499));
#3834=CARTESIAN_POINT('',(8386.333,0,-1537.499));
#3838=CARTESIAN_POINT('',(8554.661,0,-1052.393));
#3845=CARTESIAN_POINT('',(6515.051,4441.887,-2432.086));
#3852=CARTESIAN_POINT('',(4008.719,5026.775,-3716.334));
#3862=CARTESIAN_POINT('',(8275.804,2552.747,-549.985));
#3866=CARTESIAN_POINT('',(8660.569,0,-549.985));
#3870=CARTESIAN_POINT('',(8699.811,0,-38.059));
#3874=CARTESIAN_POINT('',(4514.552,5661.069,-3155.359));
#3881=CARTESIAN_POINT('',(6929.113,4724.189,-1537.499));
#3888=CARTESIAN_POINT('',(8285.45,2555.723,474.539));
#3892=CARTESIAN_POINT('',(8670.663,0,474.539));
#3896=CARTESIAN_POINT('',(8574.413,0,978.882));
#3900=CARTESIAN_POINT('',(4916.337,6164.891,-2432.086));
#3907=CARTESIAN_POINT('',(2348.955,5985.04,-3716.334));
#3920=CARTESIAN_POINT('',(7155.698,4878.672,-549.985));
#3927=CARTESIAN_POINT('',(8041.141,2480.364,1466.984));
#3928=CARTESIAN_POINT('',(8414.996,0,1466.984));
#3932=CARTESIAN_POINT('',(8197.938,0,1932.364));
#3939=CARTESIAN_POINT('',(2645.354,6740.251,-3155.359));
#3946=CARTESIAN_POINT('',(5228.793,6556.699,-1537.499));
#3953=CARTESIAN_POINT('',(7164.038,4884.359,474.539));
#3963=CARTESIAN_POINT('',(7576.83,2337.142,2369.906));
#3967=CARTESIAN_POINT('',(7929.097,0,2369.906));
#3971=CARTESIAN_POINT('',(7613.56,0,2775.079));
#3975=CARTESIAN_POINT('',(2880.784,7340.118,-2432.086));
#3979=CARTESIAN_POINT('',(480.476,6411.508,-3716.334));
#3989=CARTESIAN_POINT('',(5399.777,6771.105,-549.985));
#3996=CARTESIAN_POINT('',(6952.796,4740.336,1466.984));
#4000=CARTESIAN_POINT('',(6932.553,2138.41,3142.565));
#4004=CARTESIAN_POINT('',(7254.867,0,3142.565));
#4008=CARTESIAN_POINT('',(6854.55,0,3464.084));
#4012=CARTESIAN_POINT('',(541.104,7220.533,-3155.359));
#4019=CARTESIAN_POINT('',(3063.871,7806.617,-1537.499));
#4029=CARTESIAN_POINT('',(5406.07,6778.998,474.539));
#4036=CARTESIAN_POINT('',(6551.328,4466.62,2369.906));
#4043=CARTESIAN_POINT('',(6171.543,1903.669,3701.974));
#4059=CARTESIAN_POINT('',(589.261,7863.143,-2432.086));
#4066=CARTESIAN_POINT('',(-1430.695,6268.286,-3716.334));
#4079=CARTESIAN_POINT('',(3164.061,8061.896,-549.985));
#4083=CARTESIAN_POINT('',(5246.664,6579.109,1466.984));
#4090=CARTESIAN_POINT('',(5994.252,4086.812,3142.565));
#4097=CARTESIAN_POINT('',(-1611.225,7059.238,-3155.359));
#4101=CARTESIAN_POINT('',(626.711,8362.883,-1537.499));
#4108=CARTESIAN_POINT('',(3167.749,8071.293,474.539));
#4118=CARTESIAN_POINT('',(4943.711,6199.218,2369.906));
#4125=CARTESIAN_POINT('',(5336.242,3638.188,3701.974));
#4141=CARTESIAN_POINT('',(-1754.62,7687.493,-2432.086));
#4148=CARTESIAN_POINT('',(-3214.743,5568.098,-3716.334));
#4158=CARTESIAN_POINT('',(647.205,8636.352,-549.985));
#4165=CARTESIAN_POINT('',(3074.343,7833.299,1466.984));
#4169=CARTESIAN_POINT('',(4523.336,5672.083,3142.565));
#4176=CARTESIAN_POINT('',(-3620.39,6270.699,-3155.359));
#4183=CARTESIAN_POINT('',(-1866.135,8176.07,-1537.499));
#4190=CARTESIAN_POINT('',(647.96,8646.418,474.539));
#4197=CARTESIAN_POINT('',(2896.824,7380.988,2369.906));
#4207=CARTESIAN_POINT('',(4026.793,5049.439,3701.974));
#4223=CARTESIAN_POINT('',(-3942.596,6828.776,-2432.086));
#4233=CARTESIAN_POINT('',(-4713.147,4373.161,-3716.334));
#4243=CARTESIAN_POINT('',(-1927.158,8443.43,-549.985));
#4250=CARTESIAN_POINT('',(628.853,8391.466,1466.984));
#4260=CARTESIAN_POINT('',(2650.5,6753.365,3142.565));
#4267=CARTESIAN_POINT('',(-5307.867,4924.981,-3155.359));
#4274=CARTESIAN_POINT('',(-4193.167,7262.777,-1537.499));
#4278=CARTESIAN_POINT('',(-1929.404,8453.271,474.539));
#4285=CARTESIAN_POINT('',(592.542,7906.926,2369.906));
#4289=CARTESIAN_POINT('',(2359.546,6012.025,3701.974));
#4302=CARTESIAN_POINT('',(-5780.255,5363.292,-2432.086));
#4309=CARTESIAN_POINT('',(-5792.767,2789.649,-3716.334));
#4316=CARTESIAN_POINT('',(-4330.284,7500.273,-549.985));
#4323=CARTESIAN_POINT('',(-1872.513,8204.014,1466.984));
#4330=CARTESIAN_POINT('',(542.157,7234.581,3142.565));
#4337=CARTESIAN_POINT('',(-6523.717,3141.656,-3155.359));
#4344=CARTESIAN_POINT('',(-6147.617,5704.155,-1537.499));
#4354=CARTESIAN_POINT('',(-4335.332,7509.015,474.539));
#4364=CARTESIAN_POINT('',(-1764.39,7730.298,2369.906));
#4371=CARTESIAN_POINT('',(482.642,6440.416,3701.974));
#4387=CARTESIAN_POINT('',(-7104.312,3421.256,-2432.086));
#4388=CARTESIAN_POINT('',(-7563.083,0,-2832.053));
#4392=CARTESIAN_POINT('',(-7885.192,0,-2432.086));
#4396=CARTESIAN_POINT('',(-8161.241,0,-1999.052));
#4406=CARTESIAN_POINT('',(-6348.646,5890.683,-549.985));
#4410=CARTESIAN_POINT('',(-4207.498,7287.6,1466.984));
#4414=CARTESIAN_POINT('',(-1614.36,7072.972,3142.565));
#4421=CARTESIAN_POINT('',(-7555.825,3638.694,-1537.499));
#4425=CARTESIAN_POINT('',(-8386.333,0,-1537.499));
#4429=CARTESIAN_POINT('',(-8554.661,0,-1052.393));
#4439=CARTESIAN_POINT('',(-6356.046,5897.549,474.539));
#4446=CARTESIAN_POINT('',(-3964.549,6866.799,2369.906));
#4456=CARTESIAN_POINT('',(-1437.146,6296.547,3701.974));
#4472=CARTESIAN_POINT('',(-7802.903,3757.68,-549.985));
#4479=CARTESIAN_POINT('',(-8660.569,0,-549.985));
#4483=CARTESIAN_POINT('',(-8699.811,0,-38.059));
#4490=CARTESIAN_POINT('',(-6168.629,5723.651,1466.984));
#4500=CARTESIAN_POINT('',(-3627.433,6282.899,3142.565));
#4507=CARTESIAN_POINT('',(-7811.998,3762.06,474.539));
#4511=CARTESIAN_POINT('',(-8670.663,0,474.539));
#4515=CARTESIAN_POINT('',(-8574.413,0,978.882));
#4525=CARTESIAN_POINT('',(-5812.44,5393.156,2369.906));
#4529=CARTESIAN_POINT('',(-3229.237,5593.203,3701.974));
#4542=CARTESIAN_POINT('',(-7581.649,3651.13,1466.984));
#4546=CARTESIAN_POINT('',(-8414.996,0,1466.984));
#4550=CARTESIAN_POINT('',(-8197.938,0,1932.364));
#4560=CARTESIAN_POINT('',(-5318.193,4934.563,3142.565));
#4570=CARTESIAN_POINT('',(-7143.87,3440.306,2369.906));
#4580=CARTESIAN_POINT('',(-7929.097,0,2369.906));
#4584=CARTESIAN_POINT('',(-7613.56,0,2775.079));
#4591=CARTESIAN_POINT('',(-4734.397,4392.878,3701.974));
#4604=CARTESIAN_POINT('',(-6536.409,3147.769,3142.565));
#4608=CARTESIAN_POINT('',(-7254.867,0,3142.565));
#4615=CARTESIAN_POINT('',(-5818.885,2802.227,3701.974));
#4628=CARTESIAN_POINT('',(-6016.771,2361.408,-3699.406));
#4638=CARTESIAN_POINT('',(-6237.917,940.215,-3771.774));
#4645=CARTESIAN_POINT('',(-7240.779,0,-3155.359));
#4646=CARTESIAN_POINT('',(-6977.494,0,-3374.317));
#4659=CARTESIAN_POINT('',(-6290.737,471.426,-3771.774));
#4663=CARTESIAN_POINT('',(-6003.105,0,-3878.03));
#4667=CARTESIAN_POINT('',(-6220.182,0,-3807.467));
#4671=CARTESIAN_POINT('',(-6429.486,0,-3716.334));
#4678=CARTESIAN_POINT('',(-6695.696,0,-3568.821));
#4688=CARTESIAN_POINT('',(-6024.67,2364.509,3695.101));
#4698=CARTESIAN_POINT('',(-6168.259,929.715,3800.605));
#4702=CARTESIAN_POINT('',(-6854.55,0,3464.084));
#4715=CARTESIAN_POINT('',(-6220.489,466.161,3800.605));
#4716=CARTESIAN_POINT('',(-6458.475,0,3701.974));
#4720=CARTESIAN_POINT('',(-6148.381,0,3833.562));
#4724=CARTESIAN_POINT('',(-5877.507,0,3907.203));
#4740=CARTESIAN_POINT('',(-7938.874,0,-3161.929));
#4741=CARTESIAN_POINT('',(-7521.525,0,-3574.836));
#4748=CARTESIAN_POINT('',(-7055.662,0,-3931.947));
#4755=CARTESIAN_POINT('',(-8305.748,0,-2703.55));
#4762=CARTESIAN_POINT('',(-6595.413,0,-4191.126));
#4769=CARTESIAN_POINT('',(-8618.037,0,-2206.384));
#4779=CARTESIAN_POINT('',(-6195.538,0,-4343.287));
#4786=CARTESIAN_POINT('',(-8869.891,0,-1676.068));
#4796=CARTESIAN_POINT('',(-5877.167,0,-4414.769));
#4803=CARTESIAN_POINT('',(-5715.019,0,-4433.574));
#4807=CARTESIAN_POINT('',(-9054.639,0,-1118.85));
#4814=CARTESIAN_POINT('',(-5551.914,0,-4440));
#4824=CARTESIAN_POINT('',(-9166.06,0,-542.51));
#4831=CARTESIAN_POINT('',(-9199.782,0,43.513));
#4835=CARTESIAN_POINT('',(-9154.379,0,628.749));
#4842=CARTESIAN_POINT('',(-9031.76,0,1202.815));
#4852=CARTESIAN_POINT('',(-8836.651,0,1756.496));
#4856=CARTESIAN_POINT('',(-8575.43,0,2282.267));
#4863=CARTESIAN_POINT('',(-1890,0,-4440));
#4873=CARTESIAN_POINT('',(-8254.719,0,2774.045));
#4880=CARTESIAN_POINT('',(-7880.158,0,3226.163));
#4887=CARTESIAN_POINT('',(-7505.131,0,3589.139));
#4894=CARTESIAN_POINT('',(-7198.713,0,3832.817));
#4898=CARTESIAN_POINT('',(-6870.92,0,4046.811));
#4905=CARTESIAN_POINT('',(-6561.791,0,4206.541));
#4912=CARTESIAN_POINT('',(-6319.452,0,4303.451));
#4916=CARTESIAN_POINT('',(-6069.072,0,4377.06));
#4923=CARTESIAN_POINT('',(-5812.331,0,4423.746));
#4930=CARTESIAN_POINT('',(-5551.914,0,4440));
#4937=CARTESIAN_POINT('',(-1890,0,4440));
#4944=CARTESIAN_POINT('',(1868.89,281.69,-4440));
#4945=CARTESIAN_POINT('',(1890,0,-4440));
#4952=CARTESIAN_POINT('',(1806.033,557.087,-4440));
#4959=CARTESIAN_POINT('',(1702.831,820.04,-4440));
#4969=CARTESIAN_POINT('',(1561.591,1064.675,-4440));
#4973=CARTESIAN_POINT('',(1385.468,1285.526,-4440));
#4980=CARTESIAN_POINT('',(1178.396,1477.661,-4440));
#4987=CARTESIAN_POINT('',(945,1636.788,-4440));
#4994=CARTESIAN_POINT('',(690.495,1759.351,-4440));
#5004=CARTESIAN_POINT('',(420.565,1842.614,-4440));
#5008=CARTESIAN_POINT('',(141.24,1884.715,-4440));
#5018=CARTESIAN_POINT('',(-141.24,1884.715,-4440));
#5022=CARTESIAN_POINT('',(-420.565,1842.614,-4440));
#5029=CARTESIAN_POINT('',(-690.495,1759.351,-4440));
#5039=CARTESIAN_POINT('',(-945,1636.788,-4440));
#5043=CARTESIAN_POINT('',(-1178.396,1477.661,-4440));
#5050=CARTESIAN_POINT('',(-1385.468,1285.526,-4440));
#5057=CARTESIAN_POINT('',(-1561.591,1064.675,-4440));
#5064=CARTESIAN_POINT('',(-1702.831,820.04,-4440));
#5071=CARTESIAN_POINT('',(-1806.033,557.087,-4440));
#5078=CARTESIAN_POINT('',(-1868.89,281.69,-4440));
#5091=CARTESIAN_POINT('',(5551.914,0,-4440));
#5092=CARTESIAN_POINT('',(5715.019,0,-4433.574));
#5102=CARTESIAN_POINT('',(5877.167,0,-4414.769));
#5109=CARTESIAN_POINT('',(6195.538,0,-4343.287));
#5116=CARTESIAN_POINT('',(6595.413,0,-4191.126));
#5126=CARTESIAN_POINT('',(7055.662,0,-3931.947));
#5136=CARTESIAN_POINT('',(7521.525,0,-3574.836));
#5143=CARTESIAN_POINT('',(7938.874,0,-3161.929));
#5153=CARTESIAN_POINT('',(8305.748,0,-2703.55));
#5160=CARTESIAN_POINT('',(8618.037,0,-2206.384));
#5167=CARTESIAN_POINT('',(8869.891,0,-1676.068));
#5174=CARTESIAN_POINT('',(9054.639,0,-1118.85));
#5181=CARTESIAN_POINT('',(9166.06,0,-542.51));
#5188=CARTESIAN_POINT('',(9199.782,0,43.513));
#5195=CARTESIAN_POINT('',(1890,0,4440));
#5199=CARTESIAN_POINT('',(9154.379,0,628.749));
#5206=CARTESIAN_POINT('',(5551.914,0,4440));
#5213=CARTESIAN_POINT('',(9031.76,0,1202.815));
#5220=CARTESIAN_POINT('',(5812.331,0,4423.746));
#5227=CARTESIAN_POINT('',(6069.072,0,4377.06));
#5234=CARTESIAN_POINT('',(8836.651,0,1756.496));
#5241=CARTESIAN_POINT('',(6319.452,0,4303.451));
#5245=CARTESIAN_POINT('',(6561.791,0,4206.541));
#5252=CARTESIAN_POINT('',(8575.43,0,2282.267));
#5259=CARTESIAN_POINT('',(6870.92,0,4046.811));
#5266=CARTESIAN_POINT('',(8254.719,0,2774.045));
#5273=CARTESIAN_POINT('',(7198.713,0,3832.817));
#5277=CARTESIAN_POINT('',(7505.131,0,3589.139));
#5284=CARTESIAN_POINT('',(7880.158,0,3226.163));
#5423=CARTESIAN_POINT('',(1868.89,281.69,4440));
#5427=CARTESIAN_POINT('',(1806.033,557.087,4440));
#5434=CARTESIAN_POINT('',(1702.831,820.04,4440));
#5435=CARTESIAN_POINT('',(1561.591,1064.675,4440));
#5448=CARTESIAN_POINT('',(1385.468,1285.526,4440));
#5455=CARTESIAN_POINT('',(1178.396,1477.661,4440));
#5462=CARTESIAN_POINT('',(945,1636.788,4440));
#5469=CARTESIAN_POINT('',(690.495,1759.351,4440));
#5470=CARTESIAN_POINT('',(420.565,1842.614,4440));
#5483=CARTESIAN_POINT('',(141.24,1884.715,4440));
#5484=CARTESIAN_POINT('',(-141.24,1884.715,4440));
#5497=CARTESIAN_POINT('',(-420.565,1842.614,4440));
#5507=CARTESIAN_POINT('',(-690.495,1759.351,4440));
#5508=CARTESIAN_POINT('',(-945,1636.788,4440));
#5521=CARTESIAN_POINT('',(-1178.396,1477.661,4440));
#5525=CARTESIAN_POINT('',(-1385.468,1285.526,4440));
#5535=CARTESIAN_POINT('',(-1561.591,1064.675,4440));
#5539=CARTESIAN_POINT('',(-1702.831,820.04,4440));
#5546=CARTESIAN_POINT('',(-1806.033,557.087,4440));
#5553=CARTESIAN_POINT('',(-1868.89,281.69,4440));
#5566=CARTESIAN_POINT('',(5489.904,827.47,4440));
#5570=CARTESIAN_POINT('',(5305.258,1636.455,4440));
#5577=CARTESIAN_POINT('',(5002.102,2408.885,4440));
#5584=CARTESIAN_POINT('',(4587.206,3127.505,4440));
#5594=CARTESIAN_POINT('',(4069.841,3776.26,4440));
#5601=CARTESIAN_POINT('',(3461.562,4340.661,4440));
#5608=CARTESIAN_POINT('',(2775.957,4808.098,4440));
#5615=CARTESIAN_POINT('',(2028.342,5168.131,4440));
#5622=CARTESIAN_POINT('',(1235.417,5412.716,4440));
#5632=CARTESIAN_POINT('',(414.895,5536.39,4440));
#5636=CARTESIAN_POINT('',(-414.895,5536.39,4440));
#5646=CARTESIAN_POINT('',(-5489.904,827.47,4440));
#5653=CARTESIAN_POINT('',(-1235.417,5412.716,4440));
#5657=CARTESIAN_POINT('',(-5305.258,1636.455,4440));
#5664=CARTESIAN_POINT('',(-2028.342,5168.131,4440));
#5671=CARTESIAN_POINT('',(-5002.102,2408.885,4440));
#5681=CARTESIAN_POINT('',(-2775.957,4808.098,4440));
#5688=CARTESIAN_POINT('',(-4587.206,3127.505,4440));
#5692=CARTESIAN_POINT('',(-3461.562,4340.661,4440));
#5699=CARTESIAN_POINT('',(-4069.841,3776.26,4440));
#5724=CARTESIAN_POINT('',(5489.904,827.47,-4440));
#5755=CARTESIAN_POINT('',(-5489.904,827.47,-4440));
#5759=CARTESIAN_POINT('',(-5305.258,1636.455,-4440));
#5775=CARTESIAN_POINT('',(6270.27,1934.122,4206.541));
#5791=CARTESIAN_POINT('',(7171.699,2212.176,3589.139));
#5801=CARTESIAN_POINT('',(5421.606,3696.389,4206.541));
#5811=CARTESIAN_POINT('',(7887.985,2433.121,2774.045));
#5821=CARTESIAN_POINT('',(6201.03,4227.791,3589.139));
#5828=CARTESIAN_POINT('',(8444.064,2604.649,1756.496));
#5838=CARTESIAN_POINT('',(4091.21,5130.215,4206.541));
#5848=CARTESIAN_POINT('',(6820.369,4650.049,2774.045));
#5855=CARTESIAN_POINT('',(8747.676,2698.301,628.749));
#5865=CARTESIAN_POINT('',(4679.372,5867.747,3589.139));
#5872=CARTESIAN_POINT('',(7301.184,4977.863,1756.496));
#5879=CARTESIAN_POINT('',(8758.838,2701.744,-542.51));
#5889=CARTESIAN_POINT('',(2397.292,6108.199,4206.541));
#5902=CARTESIAN_POINT('',(5146.733,6453.799,2774.045));
#5909=CARTESIAN_POINT('',(7563.704,5156.846,628.749));
#5919=CARTESIAN_POINT('',(8475.827,2614.446,-1676.068));
#5929=CARTESIAN_POINT('',(2741.932,6986.329,3589.139));
#5933=CARTESIAN_POINT('',(5509.562,6908.772,1756.496));
#5940=CARTESIAN_POINT('',(7573.354,5163.425,-542.51));
#5947=CARTESIAN_POINT('',(490.363,6543.444,4206.541));
#5960=CARTESIAN_POINT('',(7936.747,2448.162,-2703.55));
#5970=CARTESIAN_POINT('',(3015.787,7684.1,2774.045));
#5980=CARTESIAN_POINT('',(5707.662,7157.182,628.749));
#5987=CARTESIAN_POINT('',(7328.648,4996.588,-1676.068));
#5991=CARTESIAN_POINT('',(560.859,7484.145,3589.139));
#5995=CARTESIAN_POINT('',(7187.365,2217.009,-3574.836));
#6005=CARTESIAN_POINT('',(3228.391,8225.807,1756.496));
#6012=CARTESIAN_POINT('',(5714.945,7166.315,-542.51));
#6019=CARTESIAN_POINT('',(-1460.136,6397.274,4206.541));
#6029=CARTESIAN_POINT('',(6862.531,4678.794,-2703.55));
#6036=CARTESIAN_POINT('',(616.876,8231.636,2774.045));
#6046=CARTESIAN_POINT('',(6302.397,1944.032,-4191.126));
#6050=CARTESIAN_POINT('',(5305.258,1636.455,-4440));
#6054=CARTESIAN_POINT('',(5002.102,2408.885,-4440));
#6064=CARTESIAN_POINT('',(3344.471,8521.572,628.749));
#6071=CARTESIAN_POINT('',(5530.287,6934.76,-1676.068));
#6078=CARTESIAN_POINT('',(-1670.049,7316.961,3589.139));
#6088=CARTESIAN_POINT('',(6214.576,4237.026,-3574.836));
#6095=CARTESIAN_POINT('',(660.364,8811.942,1756.496));
#6099=CARTESIAN_POINT('',(3348.738,8532.445,-542.51));
#6103=CARTESIAN_POINT('',(-3280.896,5682.678,4206.541));
#6113=CARTESIAN_POINT('',(5178.549,6493.695,-2703.55));
#6120=CARTESIAN_POINT('',(-1836.848,8047.755,2774.045));
#6124=CARTESIAN_POINT('',(5449.386,3715.328,-4191.126));
#6134=CARTESIAN_POINT('',(4587.206,3127.505,-4440));
#6138=CARTESIAN_POINT('',(4069.841,3776.26,-4440));
#6142=CARTESIAN_POINT('',(684.108,9128.782,628.749));
#6152=CARTESIAN_POINT('',(3240.535,8256.749,-1676.068));
#6162=CARTESIAN_POINT('',(-3752.565,6499.634,3589.139));
#6169=CARTESIAN_POINT('',(4689.594,5880.565,-3574.836));
#6179=CARTESIAN_POINT('',(-1966.34,8615.098,1756.496));
#6186=CARTESIAN_POINT('',(684.981,9140.43,-542.51));
#6193=CARTESIAN_POINT('',(-4810.134,4463.152,4206.541));
#6203=CARTESIAN_POINT('',(3034.431,7731.603,-2703.55));
#6207=CARTESIAN_POINT('',(-4127.359,7148.796,2774.045));
#6214=CARTESIAN_POINT('',(4112.173,5156.501,-4191.126));
#6221=CARTESIAN_POINT('',(3461.562,4340.661,-4440));
#6225=CARTESIAN_POINT('',(2775.957,4808.098,-4440));
#6229=CARTESIAN_POINT('',(-2037.041,8924.86,628.749));
#6239=CARTESIAN_POINT('',(662.848,8845.089,-1676.068));
#6243=CARTESIAN_POINT('',(-5501.65,5104.785,3589.139));
#6250=CARTESIAN_POINT('',(2747.922,7001.591,-3574.836));
#6257=CARTESIAN_POINT('',(-4418.326,7652.764,1756.496));
#6264=CARTESIAN_POINT('',(-2039.64,8936.248,-542.51));
#6268=CARTESIAN_POINT('',(-5911.97,2847.055,4206.541));
#6284=CARTESIAN_POINT('',(620.689,8282.523,-2703.55));
#6294=CARTESIAN_POINT('',(-6051.136,5614.634,2774.045));
#6301=CARTESIAN_POINT('',(2409.575,6139.497,-4191.126));
#6308=CARTESIAN_POINT('',(2028.342,5168.131,-4440));
#6312=CARTESIAN_POINT('',(1235.417,5412.716,-4440));
#6319=CARTESIAN_POINT('',(-4577.19,7927.925,628.749));
#6329=CARTESIAN_POINT('',(-1973.736,8647.504,-1676.068));
#6336=CARTESIAN_POINT('',(-6761.889,3256.354,3589.139));
#6352=CARTESIAN_POINT('',(562.084,7500.494,-3574.836));
#6356=CARTESIAN_POINT('',(-6477.723,6010.449,1756.496));
#6363=CARTESIAN_POINT('',(-4583.03,7938.041,-542.51));
#6367=CARTESIAN_POINT('',(-1848.203,8097.505,-2703.55));
#6374=CARTESIAN_POINT('',(-7437.244,3581.588,2774.045));
#6390=CARTESIAN_POINT('',(492.876,6576.971,-4191.126));
#6394=CARTESIAN_POINT('',(414.895,5536.39,-4440));
#6398=CARTESIAN_POINT('',(-414.895,5536.39,-4440));
#6408=CARTESIAN_POINT('',(-6710.635,6226.559,628.749));
#6418=CARTESIAN_POINT('',(-4434.946,7681.551,-1676.068));
#6428=CARTESIAN_POINT('',(-1673.697,7332.945,-3574.836));
#6435=CARTESIAN_POINT('',(-7961.548,3834.079,1756.496));
#6454=CARTESIAN_POINT('',(-6719.197,6234.504,-542.51));
#6458=CARTESIAN_POINT('',(-4152.874,7192.989,-2703.55));
#6462=CARTESIAN_POINT('',(-1467.617,6430.052,-4191.126));
#6466=CARTESIAN_POINT('',(-1235.417,5412.716,-4440));
#6470=CARTESIAN_POINT('',(-2028.342,5168.131,-4440));
#6480=CARTESIAN_POINT('',(-8247.811,3971.936,628.749));
#6493=CARTESIAN_POINT('',(-6502.09,6033.058,-1676.068));
#6500=CARTESIAN_POINT('',(-3760.763,6513.832,-3574.836));
#6507=CARTESIAN_POINT('',(-8258.335,3977.004,-542.51));
#6523=CARTESIAN_POINT('',(-6088.544,5649.343,-2703.55));
#6533=CARTESIAN_POINT('',(-3297.707,5711.795,-4191.126));
#6540=CARTESIAN_POINT('',(-2775.957,4808.098,-4440));
#6544=CARTESIAN_POINT('',(-3461.562,4340.661,-4440));
#6551=CARTESIAN_POINT('',(-7991.496,3848.502,-1676.068));
#6570=CARTESIAN_POINT('',(-5513.668,5115.936,-3574.836));
#6577=CARTESIAN_POINT('',(-7483.22,3603.729,-2703.55));
#6590=CARTESIAN_POINT('',(-4834.78,4486.02,-4191.126));
#6597=CARTESIAN_POINT('',(-4069.841,3776.26,-4440));
#6601=CARTESIAN_POINT('',(-4587.206,3127.505,-4440));
#6605=CARTESIAN_POINT('',(-6776.66,3263.467,-3574.836));
#6624=CARTESIAN_POINT('',(-5942.262,2861.642,-4191.126));
#6631=CARTESIAN_POINT('',(-5002.102,2408.885,-4440));
#6896=CARTESIAN_POINT('',(5812.331,0,-4423.746));
#6900=CARTESIAN_POINT('',(6069.072,0,-4377.06));
#6904=CARTESIAN_POINT('',(6319.452,0,-4303.451));
#6908=CARTESIAN_POINT('',(6561.791,0,-4206.541));
#6912=CARTESIAN_POINT('',(6595.413,0,4191.126));
#6913=CARTESIAN_POINT('',(6195.538,0,4343.287));
#6917=CARTESIAN_POINT('',(5877.167,0,4414.769));
#6921=CARTESIAN_POINT('',(5715.019,0,4433.574));
#6928=CARTESIAN_POINT('',(-5812.331,0,-4423.746));
#6932=CARTESIAN_POINT('',(-6069.072,0,-4377.06));
#6936=CARTESIAN_POINT('',(-6319.452,0,-4303.451));
#6940=CARTESIAN_POINT('',(-6561.791,0,-4206.541));
#6944=CARTESIAN_POINT('',(-6870.92,0,-4046.811));
#6951=CARTESIAN_POINT('',(-6595.413,0,4191.126));
#6952=CARTESIAN_POINT('',(-7055.662,0,3931.947));
#6959=CARTESIAN_POINT('',(-6195.538,0,4343.287));
#6963=CARTESIAN_POINT('',(-5877.167,0,4414.769));
#6967=CARTESIAN_POINT('',(-5715.019,0,4433.574));
#6974=CARTESIAN_POINT('',(6270.27,1934.122,-4206.541));
#6984=CARTESIAN_POINT('',(6870.92,0,-4046.811));
#6988=CARTESIAN_POINT('',(7198.713,0,-3832.817));
#6992=CARTESIAN_POINT('',(7171.699,2212.176,-3589.139));
#6996=CARTESIAN_POINT('',(7505.131,0,-3589.139));
#7000=CARTESIAN_POINT('',(7880.158,0,-3226.163));
#7004=CARTESIAN_POINT('',(5421.606,3696.389,-4206.541));
#7014=CARTESIAN_POINT('',(7887.985,2433.121,-2774.045));
#7018=CARTESIAN_POINT('',(8254.719,0,-2774.045));
#7022=CARTESIAN_POINT('',(8575.43,0,-2282.267));
#7026=CARTESIAN_POINT('',(6201.03,4227.791,-3589.139));
#7036=CARTESIAN_POINT('',(8444.064,2604.649,-1756.496));
#7040=CARTESIAN_POINT('',(8836.651,0,-1756.496));
#7044=CARTESIAN_POINT('',(9031.76,0,-1202.815));
#7048=CARTESIAN_POINT('',(4091.21,5130.215,-4206.541));
#7058=CARTESIAN_POINT('',(6820.369,4650.049,-2774.045));
#7065=CARTESIAN_POINT('',(8747.676,2698.301,-628.749));
#7069=CARTESIAN_POINT('',(9154.379,0,-628.749));
#7073=CARTESIAN_POINT('',(9199.782,0,-43.513));
#7077=CARTESIAN_POINT('',(4679.372,5867.747,-3589.139));
#7084=CARTESIAN_POINT('',(7301.184,4977.863,-1756.496));
#7088=CARTESIAN_POINT('',(8758.838,2701.744,542.51));
#7092=CARTESIAN_POINT('',(9166.06,0,542.51));
#7096=CARTESIAN_POINT('',(9054.639,0,1118.85));
#7100=CARTESIAN_POINT('',(2397.292,6108.199,-4206.541));
#7110=CARTESIAN_POINT('',(5146.733,6453.799,-2774.045));
#7117=CARTESIAN_POINT('',(7563.704,5156.846,-628.749));
#7124=CARTESIAN_POINT('',(8475.827,2614.446,1676.068));
#7128=CARTESIAN_POINT('',(8869.891,0,1676.068));
#7132=CARTESIAN_POINT('',(8618.037,0,2206.384));
#7136=CARTESIAN_POINT('',(2741.932,6986.329,-3589.139));
#7146=CARTESIAN_POINT('',(5509.562,6908.772,-1756.496));
#7153=CARTESIAN_POINT('',(7573.354,5163.425,542.51));
#7163=CARTESIAN_POINT('',(490.363,6543.444,-4206.541));
#7173=CARTESIAN_POINT('',(7936.747,2448.162,2703.55));
#7174=CARTESIAN_POINT('',(8305.748,0,2703.55));
#7178=CARTESIAN_POINT('',(7938.874,0,3161.929));
#7185=CARTESIAN_POINT('',(3015.787,7684.1,-2774.045));
#7189=CARTESIAN_POINT('',(5707.662,7157.182,-628.749));
#7196=CARTESIAN_POINT('',(7328.648,4996.588,1676.068));
#7200=CARTESIAN_POINT('',(560.859,7484.145,-3589.139));
#7210=CARTESIAN_POINT('',(7187.365,2217.009,3574.836));
#7211=CARTESIAN_POINT('',(7521.525,0,3574.836));
#7215=CARTESIAN_POINT('',(7055.662,0,3931.947));
#7222=CARTESIAN_POINT('',(3228.391,8225.807,-1756.496));
#7232=CARTESIAN_POINT('',(5714.945,7166.315,542.51));
#7239=CARTESIAN_POINT('',(-1460.136,6397.274,-4206.541));
#7249=CARTESIAN_POINT('',(6862.531,4678.794,2703.55));
#7259=CARTESIAN_POINT('',(616.876,8231.636,-2774.045));
#7266=CARTESIAN_POINT('',(6302.397,1944.032,4191.126));
#7282=CARTESIAN_POINT('',(3344.471,8521.572,-628.749));
#7289=CARTESIAN_POINT('',(5530.287,6934.76,1676.068));
#7299=CARTESIAN_POINT('',(-1670.049,7316.961,-3589.139));
#7306=CARTESIAN_POINT('',(6214.576,4237.026,3574.836));
#7310=CARTESIAN_POINT('',(660.364,8811.942,-1756.496));
#7314=CARTESIAN_POINT('',(3348.738,8532.445,542.51));
#7321=CARTESIAN_POINT('',(-3280.896,5682.678,-4206.541));
#7331=CARTESIAN_POINT('',(5178.549,6493.695,2703.55));
#7335=CARTESIAN_POINT('',(-1836.848,8047.755,-2774.045));
#7342=CARTESIAN_POINT('',(5449.386,3715.328,4191.126));
#7358=CARTESIAN_POINT('',(684.108,9128.782,-628.749));
#7365=CARTESIAN_POINT('',(3240.535,8256.749,1676.068));
#7369=CARTESIAN_POINT('',(-3752.565,6499.634,-3589.139));
#7376=CARTESIAN_POINT('',(4689.594,5880.565,3574.836));
#7383=CARTESIAN_POINT('',(-1966.34,8615.098,-1756.496));
#7390=CARTESIAN_POINT('',(684.981,9140.43,542.51));
#7400=CARTESIAN_POINT('',(-4810.134,4463.152,-4206.541));
#7413=CARTESIAN_POINT('',(3034.431,7731.603,2703.55));
#7423=CARTESIAN_POINT('',(-4127.359,7148.796,-2774.045));
#7433=CARTESIAN_POINT('',(4112.173,5156.501,4191.126));
#7449=CARTESIAN_POINT('',(-2037.041,8924.86,-628.749));
#7459=CARTESIAN_POINT('',(662.848,8845.089,1676.068));
#7463=CARTESIAN_POINT('',(-5501.65,5104.785,-3589.139));
#7467=CARTESIAN_POINT('',(2747.922,7001.591,3574.836));
#7474=CARTESIAN_POINT('',(-4418.326,7652.764,-1756.496));
#7478=CARTESIAN_POINT('',(-2039.64,8936.248,542.51));
#7485=CARTESIAN_POINT('',(-5911.97,2847.055,-4206.541));
#7495=CARTESIAN_POINT('',(-7198.713,0,-3832.817));
#7502=CARTESIAN_POINT('',(620.689,8282.523,2703.55));
#7509=CARTESIAN_POINT('',(-6051.136,5614.634,-2774.045));
#7516=CARTESIAN_POINT('',(2409.575,6139.497,4191.126));
#7529=CARTESIAN_POINT('',(-4577.19,7927.925,-628.749));
#7539=CARTESIAN_POINT('',(-1973.736,8647.504,1676.068));
#7543=CARTESIAN_POINT('',(-6761.889,3256.354,-3589.139));
#7544=CARTESIAN_POINT('',(-7505.131,0,-3589.139));
#7551=CARTESIAN_POINT('',(-7880.158,0,-3226.163));
#7561=CARTESIAN_POINT('',(562.084,7500.494,3574.836));
#7568=CARTESIAN_POINT('',(-6477.723,6010.449,-1756.496));
#7578=CARTESIAN_POINT('',(-4583.03,7938.041,542.51));
#7582=CARTESIAN_POINT('',(-1848.203,8097.505,2703.55));
#7589=CARTESIAN_POINT('',(-7437.244,3581.588,-2774.045));
#7590=CARTESIAN_POINT('',(-8254.719,0,-2774.045));
#7597=CARTESIAN_POINT('',(-8575.43,0,-2282.267));
#7607=CARTESIAN_POINT('',(492.876,6576.971,4191.126));
#7623=CARTESIAN_POINT('',(-6710.635,6226.559,-628.749));
#7627=CARTESIAN_POINT('',(-4434.946,7681.551,1676.068));
#7634=CARTESIAN_POINT('',(-1673.697,7332.945,3574.836));
#7644=CARTESIAN_POINT('',(-7961.548,3834.079,-1756.496));
#7645=CARTESIAN_POINT('',(-8836.651,0,-1756.496));
#7649=CARTESIAN_POINT('',(-9031.76,0,-1202.815));
#7662=CARTESIAN_POINT('',(-6719.197,6234.504,542.51));
#7669=CARTESIAN_POINT('',(-4152.874,7192.989,2703.55));
#7679=CARTESIAN_POINT('',(-1467.617,6430.052,4191.126));
#7692=CARTESIAN_POINT('',(-8247.811,3971.936,-628.749));
#7696=CARTESIAN_POINT('',(-9154.379,0,-628.749));
#7700=CARTESIAN_POINT('',(-9199.782,0,-43.513));
#7710=CARTESIAN_POINT('',(-6502.09,6033.058,1676.068));
#7717=CARTESIAN_POINT('',(-3760.763,6513.832,3574.836));
#7721=CARTESIAN_POINT('',(-8258.335,3977.004,542.51));
#7728=CARTESIAN_POINT('',(-9166.06,0,542.51));
#7732=CARTESIAN_POINT('',(-9054.639,0,1118.85));
#7742=CARTESIAN_POINT('',(-6088.544,5649.343,2703.55));
#7749=CARTESIAN_POINT('',(-3297.707,5711.795,4191.126));
#7765=CARTESIAN_POINT('',(-7991.496,3848.502,1676.068));
#7775=CARTESIAN_POINT('',(-8869.891,0,1676.068));
#7779=CARTESIAN_POINT('',(-8618.037,0,2206.384));
#7783=CARTESIAN_POINT('',(-5513.668,5115.936,3574.836));
#7793=CARTESIAN_POINT('',(-7483.22,3603.729,2703.55));
#7800=CARTESIAN_POINT('',(-8305.748,0,2703.55));
#7804=CARTESIAN_POINT('',(-7938.874,0,3161.929));
#7811=CARTESIAN_POINT('',(-4834.78,4486.02,4191.126));
#7824=CARTESIAN_POINT('',(-6776.66,3263.467,3574.836));
#7828=CARTESIAN_POINT('',(-7521.525,0,3574.836));
#7838=CARTESIAN_POINT('',(-5942.262,2861.642,4191.126));
#7860=CARTESIAN_POINT('',(-8003.843,0,-3239.215));
#7861=CARTESIAN_POINT('',(-7574.725,0,-3661.142));
#7868=CARTESIAN_POINT('',(-7095.732,0,-4025.293));
#7875=CARTESIAN_POINT('',(-8381.019,0,-2770.237));
#7885=CARTESIAN_POINT('',(-6622.676,0,-4288.694));
#7889=CARTESIAN_POINT('',(-8702.025,0,-2261.17));
#7899=CARTESIAN_POINT('',(-6212.012,0,-4442.655));
#7906=CARTESIAN_POINT('',(-8960.856,0,-1717.878));
#7916=CARTESIAN_POINT('',(-5885.374,0,-4514.668));
#7923=CARTESIAN_POINT('',(-9150.678,0,-1146.843));
#7930=CARTESIAN_POINT('',(-5551.914,0,-4540));
#7940=CARTESIAN_POINT('',(-9265.139,0,-556.104));
#7947=CARTESIAN_POINT('',(-9299.776,0,44.604));
#7954=CARTESIAN_POINT('',(-9253.14,0,644.501));
#7961=CARTESIAN_POINT('',(-9127.173,0,1232.898));
#7968=CARTESIAN_POINT('',(-8926.698,0,1800.288));
#7981=CARTESIAN_POINT('',(-8658.232,0,2338.889));
#7988=CARTESIAN_POINT('',(-8328.56,0,2842.39));
#7995=CARTESIAN_POINT('',(-7943.474,0,3304.893));
#8002=CARTESIAN_POINT('',(-7557.868,0,3675.744));
#8006=CARTESIAN_POINT('',(-7242.808,0,3924.313));
#8013=CARTESIAN_POINT('',(-6905.816,0,4142.159));
#8020=CARTESIAN_POINT('',(-6588.132,0,4304.321));
#8024=CARTESIAN_POINT('',(-6339.224,0,4402.419));
#8031=CARTESIAN_POINT('',(-6082.227,0,4476.714));
#8038=CARTESIAN_POINT('',(-5818.888,0,4523.689));
#8045=CARTESIAN_POINT('',(-5551.914,0,4540));
#8184=CARTESIAN_POINT('',(5551.914,0,-4540));
#8191=CARTESIAN_POINT('',(5885.374,0,-4514.668));
#8201=CARTESIAN_POINT('',(6212.012,0,-4442.655));
#8208=CARTESIAN_POINT('',(6622.676,0,-4288.694));
#8218=CARTESIAN_POINT('',(7095.732,0,-4025.293));
#8225=CARTESIAN_POINT('',(7574.725,0,-3661.142));
#8235=CARTESIAN_POINT('',(8003.843,0,-3239.215));
#8242=CARTESIAN_POINT('',(8381.019,0,-2770.237));
#8249=CARTESIAN_POINT('',(8702.025,0,-2261.17));
#8256=CARTESIAN_POINT('',(8960.856,0,-1717.878));
#8263=CARTESIAN_POINT('',(9150.678,0,-1146.843));
#8270=CARTESIAN_POINT('',(9265.139,0,-556.104));
#8277=CARTESIAN_POINT('',(9299.776,0,44.604));
#8284=CARTESIAN_POINT('',(9253.14,0,644.501));
#8291=CARTESIAN_POINT('',(5551.914,0,4540));
#8301=CARTESIAN_POINT('',(5818.888,0,4523.689));
#8308=CARTESIAN_POINT('',(9127.173,0,1232.898));
#8315=CARTESIAN_POINT('',(6082.227,0,4476.714));
#8322=CARTESIAN_POINT('',(8926.698,0,1800.288));
#8326=CARTESIAN_POINT('',(6339.224,0,4402.419));
#8336=CARTESIAN_POINT('',(6588.132,0,4304.321));
#8340=CARTESIAN_POINT('',(8658.232,0,2338.889));
#8347=CARTESIAN_POINT('',(6905.816,0,4142.159));
#8354=CARTESIAN_POINT('',(7242.808,0,3924.313));
#8361=CARTESIAN_POINT('',(8328.56,0,2842.39));
#8368=CARTESIAN_POINT('',(7557.868,0,3675.744));
#8372=CARTESIAN_POINT('',(7943.474,0,3304.893));
#8634=CARTESIAN_POINT('',(5489.904,827.47,4540));
#8638=CARTESIAN_POINT('',(5305.258,1636.455,4540));
#8645=CARTESIAN_POINT('',(5002.102,2408.885,4540));
#8652=CARTESIAN_POINT('',(4587.206,3127.505,4540));
#8662=CARTESIAN_POINT('',(4069.841,3776.26,4540));
#8669=CARTESIAN_POINT('',(3461.562,4340.661,4540));
#8676=CARTESIAN_POINT('',(2775.957,4808.098,4540));
#8683=CARTESIAN_POINT('',(2028.342,5168.131,4540));
#8690=CARTESIAN_POINT('',(1235.417,5412.716,4540));
#8700=CARTESIAN_POINT('',(414.895,5536.39,4540));
#8704=CARTESIAN_POINT('',(-414.895,5536.39,4540));
#8714=CARTESIAN_POINT('',(-5489.904,827.47,4540));
#8721=CARTESIAN_POINT('',(-1235.417,5412.716,4540));
#8725=CARTESIAN_POINT('',(-5305.258,1636.455,4540));
#8732=CARTESIAN_POINT('',(-2028.342,5168.131,4540));
#8739=CARTESIAN_POINT('',(-5002.102,2408.885,4540));
#8749=CARTESIAN_POINT('',(-2775.957,4808.098,4540));
#8756=CARTESIAN_POINT('',(-4587.206,3127.505,4540));
#8760=CARTESIAN_POINT('',(-3461.562,4340.661,4540));
#8767=CARTESIAN_POINT('',(-4069.841,3776.26,4540));
#8792=CARTESIAN_POINT('',(5489.904,827.47,-4540));
#8820=CARTESIAN_POINT('',(-5489.904,827.47,-4540));
#8824=CARTESIAN_POINT('',(-5305.258,1636.455,-4540));
#8837=CARTESIAN_POINT('',(6295.44,1941.886,4304.321));
#8853=CARTESIAN_POINT('',(7222.094,2227.721,3675.744));
#8863=CARTESIAN_POINT('',(5443.37,3711.227,4304.321));
#8873=CARTESIAN_POINT('',(7958.545,2454.886,2842.39));
#8883=CARTESIAN_POINT('',(6244.604,4257.499,3675.744));
#8893=CARTESIAN_POINT('',(8530.11,2631.19,1800.288));
#8903=CARTESIAN_POINT('',(4107.633,5150.809,4304.321));
#8913=CARTESIAN_POINT('',(6881.379,4691.645,2842.39));
#8917=CARTESIAN_POINT('',(8842.049,2727.411,644.501));
#8927=CARTESIAN_POINT('',(4712.254,5908.979,3675.744));
#8934=CARTESIAN_POINT('',(7375.584,5028.588,1800.288));
#8941=CARTESIAN_POINT('',(8853.514,2730.948,-556.104));
#8951=CARTESIAN_POINT('',(2406.915,6132.719,4304.321));
#8964=CARTESIAN_POINT('',(5192.772,6511.53,2842.39));
#8971=CARTESIAN_POINT('',(7645.303,5212.479,644.501));
#8978=CARTESIAN_POINT('',(8562.75,2641.259,-1717.878));
#8988=CARTESIAN_POINT('',(2761.199,7035.421,3675.744));
#8995=CARTESIAN_POINT('',(5565.705,6979.174,1800.288));
#9005=CARTESIAN_POINT('',(7655.217,5219.238,-556.104));
#9012=CARTESIAN_POINT('',(492.332,6569.71,4304.321));
#9022=CARTESIAN_POINT('',(8008.674,2470.349,-2770.237));
#9032=CARTESIAN_POINT('',(3042.765,7752.838,2842.39));
#9036=CARTESIAN_POINT('',(5769.238,7234.396,644.501));
#9043=CARTESIAN_POINT('',(7403.806,5047.83,-1717.878));
#9053=CARTESIAN_POINT('',(564.8,7536.735,3675.744));
#9060=CARTESIAN_POINT('',(7238.202,2232.69,-3661.142));
#9070=CARTESIAN_POINT('',(3261.289,8309.629,1800.288));
#9077=CARTESIAN_POINT('',(5776.719,7243.777,-556.104));
#9081=CARTESIAN_POINT('',(-1465.997,6422.954,4304.321));
#9091=CARTESIAN_POINT('',(6924.723,4721.196,-2770.237));
#9095=CARTESIAN_POINT('',(622.394,8305.272,2842.39));
#9102=CARTESIAN_POINT('',(6328.449,1952.068,-4288.694));
#9106=CARTESIAN_POINT('',(5305.258,1636.455,-4540));
#9113=CARTESIAN_POINT('',(5002.102,2408.885,-4540));
#9120=CARTESIAN_POINT('',(3380.552,8613.505,644.501));
#9130=CARTESIAN_POINT('',(5587.002,7005.879,-1717.878));
#9137=CARTESIAN_POINT('',(-1681.784,7368.376,3675.744));
#9144=CARTESIAN_POINT('',(6258.532,4266.995,-3661.142));
#9151=CARTESIAN_POINT('',(667.093,8901.737,1800.288));
#9158=CARTESIAN_POINT('',(3384.935,8624.674,-556.104));
#9162=CARTESIAN_POINT('',(-3294.066,5705.49,4304.321));
#9175=CARTESIAN_POINT('',(5225.48,6552.545,-2770.237));
#9182=CARTESIAN_POINT('',(-1853.279,8119.745,2842.39));
#9189=CARTESIAN_POINT('',(5471.912,3730.686,-4288.694));
#9196=CARTESIAN_POINT('',(4587.206,3127.505,-4540));
#9200=CARTESIAN_POINT('',(4069.841,3776.26,-4540));
#9207=CARTESIAN_POINT('',(691.488,9227.267,644.501));
#9217=CARTESIAN_POINT('',(3273.768,8341.425,-1717.878));
#9224=CARTESIAN_POINT('',(-3778.934,6545.306,3675.744));
#9228=CARTESIAN_POINT('',(4722.764,5922.159,-3661.142));
#9235=CARTESIAN_POINT('',(-1986.377,8702.887,1800.288));
#9242=CARTESIAN_POINT('',(692.385,9239.232,-556.104));
#9249=CARTESIAN_POINT('',(-4829.442,4481.068,4304.321));
#9262=CARTESIAN_POINT('',(3061.93,7801.671,-2770.237));
#9272=CARTESIAN_POINT('',(-4164.28,7212.744,2842.39));
#9279=CARTESIAN_POINT('',(4129.171,5177.817,-4288.694));
#9286=CARTESIAN_POINT('',(3461.562,4340.661,-4540));
#9290=CARTESIAN_POINT('',(2775.957,4808.098,-4540));
#9297=CARTESIAN_POINT('',(-2059.017,9021.144,644.501));
#9307=CARTESIAN_POINT('',(669.646,8935.799,-1717.878));
#9311=CARTESIAN_POINT('',(-5540.309,5140.656,3675.744));
#9315=CARTESIAN_POINT('',(2767.358,7051.113,-3661.142));
#9319=CARTESIAN_POINT('',(-4463.349,7730.747,1800.288));
#9326=CARTESIAN_POINT('',(-2061.687,9032.842,-556.104));
#9330=CARTESIAN_POINT('',(-5935.702,2858.483,4304.321));
#9346=CARTESIAN_POINT('',(626.314,8357.584,-2770.237));
#9353=CARTESIAN_POINT('',(-6105.266,5664.859,2842.39));
#9363=CARTESIAN_POINT('',(2419.535,6164.875,-4288.694));
#9373=CARTESIAN_POINT('',(2028.342,5168.131,-4540));
#9377=CARTESIAN_POINT('',(1235.417,5412.716,-4540));
#9381=CARTESIAN_POINT('',(-4626.57,8013.455,644.501));
#9388=CARTESIAN_POINT('',(-1993.978,8736.188,-1717.878));
#9398=CARTESIAN_POINT('',(-6809.404,3279.236,3675.744));
#9414=CARTESIAN_POINT('',(566.06,7553.545,-3661.142));
#9421=CARTESIAN_POINT('',(-6543.733,6071.697,1800.288));
#9425=CARTESIAN_POINT('',(-4632.569,8023.845,-556.104));
#9432=CARTESIAN_POINT('',(-1864.952,8170.889,-2770.237));
#9436=CARTESIAN_POINT('',(-7503.773,3613.627,2842.39));
#9455=CARTESIAN_POINT('',(494.913,6604.158,-4288.694));
#9462=CARTESIAN_POINT('',(414.895,5536.39,-4540));
#9466=CARTESIAN_POINT('',(-414.895,5536.39,-4540));
#9473=CARTESIAN_POINT('',(-6783.032,6293.734,644.501));
#9480=CARTESIAN_POINT('',(-4480.428,7760.328,-1717.878));
#9487=CARTESIAN_POINT('',(-1685.535,7384.811,-3661.142));
#9497=CARTESIAN_POINT('',(-8042.677,3873.149,1800.288));
#9513=CARTESIAN_POINT('',(-6791.827,6301.895,-556.104));
#9523=CARTESIAN_POINT('',(-4190.509,7258.175,-2770.237));
#9533=CARTESIAN_POINT('',(-1473.684,6456.631,-4288.694));
#9537=CARTESIAN_POINT('',(-1235.417,5412.716,-4540));
#9541=CARTESIAN_POINT('',(-2028.342,5168.131,-4540));
#9548=CARTESIAN_POINT('',(-8336.791,4014.787,644.501));
#9561=CARTESIAN_POINT('',(-6568.772,6094.93,-1717.878));
#9565=CARTESIAN_POINT('',(-3787.363,6559.905,-3661.142));
#9569=CARTESIAN_POINT('',(-8347.601,4019.993,-556.104));
#9585=CARTESIAN_POINT('',(-6143.721,5700.54,-2770.237));
#9592=CARTESIAN_POINT('',(-3311.338,5735.406,-4288.694));
#9599=CARTESIAN_POINT('',(-2775.957,4808.098,-4540));
#9603=CARTESIAN_POINT('',(-3461.562,4340.661,-4540));
#9610=CARTESIAN_POINT('',(-8073.452,3887.969,-1717.878));
#9626=CARTESIAN_POINT('',(-5552.667,5152.122,-3661.142));
#9633=CARTESIAN_POINT('',(-7551.037,3636.388,-2770.237));
#9649=CARTESIAN_POINT('',(-4854.765,4504.564,-4288.694));
#9656=CARTESIAN_POINT('',(-4069.841,3776.26,-4540));
#9660=CARTESIAN_POINT('',(-4587.206,3127.505,-4540));
#9667=CARTESIAN_POINT('',(-6824.592,3286.55,-3661.142));
#9686=CARTESIAN_POINT('',(-5966.825,2873.471,-4288.694));
#9696=CARTESIAN_POINT('',(-5002.102,2408.885,-4540));
#9832=CARTESIAN_POINT('',(8108.412,1222.147,0));
#9833=CARTESIAN_POINT('',(8166.145,0,475.428));
#9834=CARTESIAN_POINT('',(8200,0,0));
#9838=CARTESIAN_POINT('',(8066.413,0,941.534));
#9842=CARTESIAN_POINT('',(8149.531,0,-580.194));
#9843=CARTESIAN_POINT('',(8069.386,0,-931.084));
#9847=CARTESIAN_POINT('',(8187.316,0,-291.188));
#9854=CARTESIAN_POINT('',(-8166.145,0,475.428));
#9855=CARTESIAN_POINT('',(-8108.412,1222.147,0));
#9856=CARTESIAN_POINT('',(-8200,0,0));
#9860=CARTESIAN_POINT('',(-8066.413,0,941.534));
#9864=CARTESIAN_POINT('',(-7905.645,0,1390.303));
#9865=CARTESIAN_POINT('',(-7835.697,2416.992,0));
#9872=CARTESIAN_POINT('',(-7954.357,0,-1272.146));
#9873=CARTESIAN_POINT('',(-7807.152,0,-1600.62));
#9880=CARTESIAN_POINT('',(-8069.386,0,-931.084));
#9884=CARTESIAN_POINT('',(-8149.531,0,-580.194));
#9888=CARTESIAN_POINT('',(-8187.316,0,-291.188));
#9895=CARTESIAN_POINT('',(7554.419,2330.23,1390.303));
#9896=CARTESIAN_POINT('',(7690.151,0,1815.554));
#9897=CARTESIAN_POINT('',(7905.645,0,1390.303));
#9901=CARTESIAN_POINT('',(7835.697,2416.992,0));
#9905=CARTESIAN_POINT('',(7387.945,3557.847,0));
#9915=CARTESIAN_POINT('',(6802.069,2098.161,2576.612));
#9916=CARTESIAN_POINT('',(7426.1,0,2212.512));
#9920=CARTESIAN_POINT('',(7118.316,0,2576.612));
#9924=CARTESIAN_POINT('',(6769.49,0,2901.537));
#9931=CARTESIAN_POINT('',(6531.95,4453.408,1390.303));
#9932=CARTESIAN_POINT('',(6775.158,4619.225,0));
#9936=CARTESIAN_POINT('',(6011.025,5577.416,0));
#9943=CARTESIAN_POINT('',(6181.819,1906.839,3120.534));
#9944=CARTESIAN_POINT('',(6420.539,0,3151.075));
#9948=CARTESIAN_POINT('',(6112.473,0,3311.75));
#9955=CARTESIAN_POINT('',(5434.193,1676.227,3431.643));
#9956=CARTESIAN_POINT('',(5873.301,0,3395.172));
#9960=CARTESIAN_POINT('',(5686.843,0,3431.643));
#9964=CARTESIAN_POINT('',(5528.727,0,3439.739));
#9971=CARTESIAN_POINT('',(5881.429,4009.89,2576.612));
#9978=CARTESIAN_POINT('',(5023.579,1549.569,3393.043));
#9979=CARTESIAN_POINT('',(5400.969,0,3428.413));
#9983=CARTESIAN_POINT('',(5288.367,0,3402.979));
#9987=CARTESIAN_POINT('',(5180.214,0,3362.636));
#9991=CARTESIAN_POINT('',(5078.534,0,3307.987));
#9998=CARTESIAN_POINT('',(4678.174,1443.026,3158.383));
#9999=CARTESIAN_POINT('',(4984.806,0,3240.589));
#10003=CARTESIAN_POINT('',(4899.72,0,3162.545));
#10007=CARTESIAN_POINT('',(4823.244,0,3076.031));
#10011=CARTESIAN_POINT('',(4754.859,0,2982.978));
#10015=CARTESIAN_POINT('',(4674.947,0,2851.382));
#10022=CARTESIAN_POINT('',(4929.089,6180.882,1390.303));
#10023=CARTESIAN_POINT('',(5112.616,6411.018,0));
#10027=CARTESIAN_POINT('',(4100,7101.408,0));
#10034=CARTESIAN_POINT('',(5345.128,3644.246,3120.534));
#10041=CARTESIAN_POINT('',(4286.927,1322.342,2399.011));
#10042=CARTESIAN_POINT('',(4575.361,0,2643.053));
#10046=CARTESIAN_POINT('',(4486.237,0,2399.011));
#10050=CARTESIAN_POINT('',(4382.862,0,2009.049));
#10057=CARTESIAN_POINT('',(4698.69,3203.513,3431.643));
#10064=CARTESIAN_POINT('',(4438.198,5565.323,2576.612));
#10074=CARTESIAN_POINT('',(4343.652,2961.452,3393.043));
#10084=CARTESIAN_POINT('',(4110.169,1267.819,1553.701));
#10088=CARTESIAN_POINT('',(4301.262,0,1553.701));
#10092=CARTESIAN_POINT('',(4044.997,2757.832,3158.383));
#10099=CARTESIAN_POINT('',(2888.256,7359.157,1390.303));
#10100=CARTESIAN_POINT('',(2995.797,7633.165,0));
#10104=CARTESIAN_POINT('',(1824.672,7994.409,0));
#10111=CARTESIAN_POINT('',(4033.498,5057.847,3120.534));
#10115=CARTESIAN_POINT('',(4027.907,1242.445,627.611));
#10116=CARTESIAN_POINT('',(4215.175,0,627.611));
#10120=CARTESIAN_POINT('',(4205.827,0,-390.772));
#10127=CARTESIAN_POINT('',(3706.703,2527.188,2399.011));
#10134=CARTESIAN_POINT('',(3545.689,4446.153,3431.643));
#10141=CARTESIAN_POINT('',(2600.613,6626.254,2576.612));
#10148=CARTESIAN_POINT('',(4018.974,1239.689,-390.772));
#10152=CARTESIAN_POINT('',(3277.773,4110.197,3393.043));
#10162=CARTESIAN_POINT('',(3553.869,2422.987,1553.701));
#10166=CARTESIAN_POINT('',(3052.404,3827.593,3158.383));
#10173=CARTESIAN_POINT('',(590.79,7883.539,1390.303));
#10174=CARTESIAN_POINT('',(612.787,8177.071,0));
#10178=CARTESIAN_POINT('',(-612.787,8177.071,0));
#10188=CARTESIAN_POINT('',(2363.475,6022.036,3120.534));
#10195=CARTESIAN_POINT('',(3482.741,2374.493,627.611));
#10202=CARTESIAN_POINT('',(4131.813,1274.495,-1700.158));
#10206=CARTESIAN_POINT('',(4323.912,0,-1700.158));
#10210=CARTESIAN_POINT('',(4468.395,0,-2341.467));
#10214=CARTESIAN_POINT('',(2797.123,3507.482,2399.011));
#10218=CARTESIAN_POINT('',(2077.637,5293.734,3431.643));
#10228=CARTESIAN_POINT('',(531.952,7098.412,2576.612));
#10232=CARTESIAN_POINT('',(3475.018,2369.227,-390.772));
#10239=CARTESIAN_POINT('',(1920.648,4893.733,3393.043));
#10243=CARTESIAN_POINT('',(4324.581,1333.957,-2515.051));
#10244=CARTESIAN_POINT('',(4607.188,0,-2715.904));
#10248=CARTESIAN_POINT('',(4735.212,0,-2953.097));
#10255=CARTESIAN_POINT('',(2681.793,3362.862,1553.701));
#10262=CARTESIAN_POINT('',(1788.591,4557.256,3158.383));
#10269=CARTESIAN_POINT('',(-1759.171,7707.433,1390.303));
#10270=CARTESIAN_POINT('',(-1824.672,7994.409,0));
#10274=CARTESIAN_POINT('',(-2995.797,7633.165,0));
#10281=CARTESIAN_POINT('',(483.446,6451.14,3120.534));
#10288=CARTESIAN_POINT('',(4742.707,1462.931,-3222.417));
#10289=CARTESIAN_POINT('',(4856.008,0,-3115.182));
#10293=CARTESIAN_POINT('',(4963.209,0,-3222.417));
#10297=CARTESIAN_POINT('',(5063.98,0,-3298.667));
#10301=CARTESIAN_POINT('',(5165.969,0,-3356.02));
#10308=CARTESIAN_POINT('',(2628.119,3295.557,627.611));
#10315=CARTESIAN_POINT('',(3572.584,2435.746,-1700.158));
#10325=CARTESIAN_POINT('',(1639.007,4176.121,2399.011));
#10332=CARTESIAN_POINT('',(5065.848,1562.607,-3406.732));
#10333=CARTESIAN_POINT('',(5273.086,0,-3398.283));
#10337=CARTESIAN_POINT('',(5388.196,0,-3426.299));
#10341=CARTESIAN_POINT('',(5494.158,0,-3438.363));
#10348=CARTESIAN_POINT('',(424.978,5670.942,3431.643));
#10355=CARTESIAN_POINT('',(5433.737,1676.086,-3431.701));
#10356=CARTESIAN_POINT('',(5600.812,0,-3438.871));
#10360=CARTESIAN_POINT('',(5707.019,0,-3429.028));
#10364=CARTESIAN_POINT('',(5846.629,0,-3402.018));
#10368=CARTESIAN_POINT('',(5999.797,0,-3355.839));
#10375=CARTESIAN_POINT('',(-1583.974,6939.845,2576.612));
#10385=CARTESIAN_POINT('',(2622.29,3288.248,-390.772));
#10395=CARTESIAN_POINT('',(392.866,5242.439,3393.043));
#10402=CARTESIAN_POINT('',(3739.261,2549.385,-2515.051));
#10406=CARTESIAN_POINT('',(1571.427,4003.932,1553.701));
#10413=CARTESIAN_POINT('',(6122.786,1888.629,-3159.049));
#10417=CARTESIAN_POINT('',(6196.582,0,-3273.578));
#10421=CARTESIAN_POINT('',(6407.451,0,-3159.049));
#10425=CARTESIAN_POINT('',(6671.703,0,-2978.708));
#10429=CARTESIAN_POINT('',(6946.765,0,-2746.563));
#10433=CARTESIAN_POINT('',(365.854,4881.986,3158.383));
#10443=CARTESIAN_POINT('',(-3952.822,6846.489,1390.303));
#10444=CARTESIAN_POINT('',(-4100,7101.408,0));
#10448=CARTESIAN_POINT('',(-5112.616,6411.018,0));
#10455=CARTESIAN_POINT('',(-1439.539,6307.032,3120.534));
#10462=CARTESIAN_POINT('',(4100.795,2795.875,-3222.417));
#10469=CARTESIAN_POINT('',(1539.977,3923.796,627.611));
#10479=CARTESIAN_POINT('',(2695.915,3380.57,-1700.158));
#10483=CARTESIAN_POINT('',(335.257,4473.693,2399.011));
#10487=CARTESIAN_POINT('',(4380.2,2986.37,-3406.732));
#10494=CARTESIAN_POINT('',(-1265.442,5544.263,3431.643));
#10498=CARTESIAN_POINT('',(4698.297,3203.244,-3431.701));
#10505=CARTESIAN_POINT('',(7097.108,2189.168,-2211.22));
#10509=CARTESIAN_POINT('',(7198.708,0,-2489.476));
#10513=CARTESIAN_POINT('',(7427.071,0,-2211.22));
#10517=CARTESIAN_POINT('',(7630.552,0,-1914.282));
#10521=CARTESIAN_POINT('',(7807.152,0,-1600.62));
#10525=CARTESIAN_POINT('',(-3559.158,6164.642,2576.612));
#10532=CARTESIAN_POINT('',(1536.561,3915.094,-390.772));
#10536=CARTESIAN_POINT('',(-1169.823,5125.331,3393.043));
#10543=CARTESIAN_POINT('',(2821.692,3538.29,-2515.051));
#10550=CARTESIAN_POINT('',(321.434,4289.235,1553.701));
#10557=CARTESIAN_POINT('',(5294.084,3609.445,-3159.049));
#10564=CARTESIAN_POINT('',(-1089.39,4772.93,3158.383));
#10571=CARTESIAN_POINT('',(-5795.248,5377.204,1390.303));
#10572=CARTESIAN_POINT('',(-6011.025,5577.416,0));
#10576=CARTESIAN_POINT('',(-6775.158,4619.225,0));
#10583=CARTESIAN_POINT('',(-3234.615,5602.516,3120.534));
#10593=CARTESIAN_POINT('',(3094.51,3880.393,-3222.417));
#10603=CARTESIAN_POINT('',(315,4203.389,627.611));
#10610=CARTESIAN_POINT('',(7710.886,2378.493,-931.084));
#10614=CARTESIAN_POINT('',(7954.357,0,-1272.146));
#10630=CARTESIAN_POINT('',(1579.702,4025.016,-1700.158));
#10637=CARTESIAN_POINT('',(-998.282,4373.758,2399.011));
#10647=CARTESIAN_POINT('',(3305.352,4144.781,-3406.732));
#10651=CARTESIAN_POINT('',(-2843.422,4924.951,3431.643));
#10655=CARTESIAN_POINT('',(3545.392,4445.78,-3431.701));
#10662=CARTESIAN_POINT('',(6136.534,4183.818,-2211.22));
#10669=CARTESIAN_POINT('',(-5218.095,4841.685,2576.612));
#10676=CARTESIAN_POINT('',(314.302,4194.067,-390.772));
#10686=CARTESIAN_POINT('',(-2628.569,4552.816,3393.043));
#10696=CARTESIAN_POINT('',(1653.403,4212.802,-2515.051));
#10703=CARTESIAN_POINT('',(-957.121,4193.42,1553.701));
#10707=CARTESIAN_POINT('',(3994.98,5009.547,-3159.049));
#10714=CARTESIAN_POINT('',(-2447.838,4239.779,3158.383));
#10721=CARTESIAN_POINT('',(-7122.74,3430.131,1390.303));
#10722=CARTESIAN_POINT('',(-7387.945,3557.847,0));
#10729=CARTESIAN_POINT('',(-7690.151,0,1815.554));
#10739=CARTESIAN_POINT('',(-4742.28,4400.193,3120.534));
#10746=CARTESIAN_POINT('',(1813.264,4620.121,-3222.417));
#10753=CARTESIAN_POINT('',(-937.965,4109.492,627.611));
#10760=CARTESIAN_POINT('',(6667.24,4545.647,-931.084));
#10776=CARTESIAN_POINT('',(323.126,4311.822,-1700.158));
#10783=CARTESIAN_POINT('',(-2243.119,3885.196,2399.011));
#10787=CARTESIAN_POINT('',(1936.809,4934.909,-3406.732));
#10794=CARTESIAN_POINT('',(-4168.751,3868.036,3431.643));
#10801=CARTESIAN_POINT('',(2077.463,5293.289,-3431.701));
#10811=CARTESIAN_POINT('',(4630.703,5806.718,-2211.22));
#10818=CARTESIAN_POINT('',(-6413.381,3088.522,2576.612));
#10828=CARTESIAN_POINT('',(-7426.1,0,2212.512));
#10832=CARTESIAN_POINT('',(-7118.316,0,2576.612));
#10836=CARTESIAN_POINT('',(-6769.49,0,2901.537));
#10843=CARTESIAN_POINT('',(-935.885,4100.378,-390.772));
#10850=CARTESIAN_POINT('',(-3853.755,3575.763,3393.043));
#10857=CARTESIAN_POINT('',(338.202,4512.988,-2515.051));
#10861=CARTESIAN_POINT('',(-2150.631,3725.002,1553.701));
#10871=CARTESIAN_POINT('',(2340.905,5964.528,-3159.049));
#10875=CARTESIAN_POINT('',(-3588.784,3329.905,3158.383));
#10882=CARTESIAN_POINT('',(-5828.574,2806.893,3120.534));
#10883=CARTESIAN_POINT('',(-6420.539,0,3151.075));
#10887=CARTESIAN_POINT('',(-6112.473,0,3311.75));
#10897=CARTESIAN_POINT('',(370.901,4949.33,-3222.417));
#10904=CARTESIAN_POINT('',(-2107.588,3650.449,627.611));
#10908=CARTESIAN_POINT('',(5031.18,6308.9,-931.084));
#10924=CARTESIAN_POINT('',(-962.161,4215.503,-1700.158));
#10931=CARTESIAN_POINT('',(-3288.645,3051.416,2399.011));
#10938=CARTESIAN_POINT('',(396.172,5286.55,-3406.732));
#10945=CARTESIAN_POINT('',(-5123.669,2467.429,3431.643));
#10952=CARTESIAN_POINT('',(-5873.301,0,3395.172));
#10956=CARTESIAN_POINT('',(-5686.843,0,3431.643));
#10960=CARTESIAN_POINT('',(-5528.727,0,3439.739));
#10967=CARTESIAN_POINT('',(424.943,5670.466,-3431.701));
#10974=CARTESIAN_POINT('',(2713.414,6913.666,-2211.22));
#10981=CARTESIAN_POINT('',(-2102.914,3642.353,-390.772));
#10988=CARTESIAN_POINT('',(-4736.519,2280.987,3393.043));
#10995=CARTESIAN_POINT('',(-5400.969,0,3428.413));
#10999=CARTESIAN_POINT('',(-5288.367,0,3402.979));
#11003=CARTESIAN_POINT('',(-5180.214,0,3362.636));
#11007=CARTESIAN_POINT('',(-5078.534,0,3307.987));
#11014=CARTESIAN_POINT('',(-1007.05,4412.175,-2515.051));
#11024=CARTESIAN_POINT('',(-3153.048,2925.601,1553.701));
#11034=CARTESIAN_POINT('',(478.829,6389.534,-3159.049));
#11044=CARTESIAN_POINT('',(-4410.851,2124.154,3158.383));
#11045=CARTESIAN_POINT('',(-4984.806,0,3240.589));
#11049=CARTESIAN_POINT('',(-4899.72,0,3162.545));
#11053=CARTESIAN_POINT('',(-4823.244,0,3076.031));
#11057=CARTESIAN_POINT('',(-4754.859,0,2982.978));
#11061=CARTESIAN_POINT('',(-4674.947,0,2851.382));
#11074=CARTESIAN_POINT('',(-1104.418,4838.77,-3222.417));
#11081=CARTESIAN_POINT('',(-3089.942,2867.047,627.611));
#11085=CARTESIAN_POINT('',(2948.078,7511.58,-931.084));
#11101=CARTESIAN_POINT('',(-2161.956,3744.618,-1700.158));
#11111=CARTESIAN_POINT('',(-4041.96,1946.505,2399.011));
#11115=CARTESIAN_POINT('',(-4575.361,0,2643.053));
#11119=CARTESIAN_POINT('',(-4486.237,0,2399.011));
#11123=CARTESIAN_POINT('',(-4382.862,0,2009.049));
#11133=CARTESIAN_POINT('',(-1179.667,5168.457,-3406.732));
#11137=CARTESIAN_POINT('',(-1265.336,5543.798,-3431.701));
#11147=CARTESIAN_POINT('',(555.026,7406.304,-2211.22));
#11151=CARTESIAN_POINT('',(-3083.09,2860.689,-390.772));
#11161=CARTESIAN_POINT('',(-2262.821,3919.321,-2515.051));
#11165=CARTESIAN_POINT('',(-3875.303,1866.248,1553.701));
#11166=CARTESIAN_POINT('',(-4301.262,0,1553.701));
#11179=CARTESIAN_POINT('',(-1425.792,6246.802,-3159.049));
#11183=CARTESIAN_POINT('',(-2481.604,4298.265,-3222.417));
#11190=CARTESIAN_POINT('',(-3797.742,1828.896,627.611));
#11191=CARTESIAN_POINT('',(-4215.175,0,627.611));
#11207=CARTESIAN_POINT('',(603.026,8046.823,-931.084));
#11223=CARTESIAN_POINT('',(-3169.652,2941.007,-1700.158));
#11227=CARTESIAN_POINT('',(-2650.687,4591.124,-3406.732));
#11237=CARTESIAN_POINT('',(-2843.183,4924.538,-3431.701));
#11241=CARTESIAN_POINT('',(-1652.679,7240.859,-2211.22));
#11248=CARTESIAN_POINT('',(-3789.319,1824.84,-390.772));
#11252=CARTESIAN_POINT('',(-4205.827,0,-390.772));
#11259=CARTESIAN_POINT('',(-3317.531,3078.219,-2515.051));
#11266=CARTESIAN_POINT('',(-3203.725,5549.015,-3159.049));
#11273=CARTESIAN_POINT('',(-3638.289,3375.839,-3222.417));
#11280=CARTESIAN_POINT('',(-1795.607,7867.07,-931.084));
#11296=CARTESIAN_POINT('',(-3895.71,1876.075,-1700.158));
#11300=CARTESIAN_POINT('',(-4323.912,0,-1700.158));
#11304=CARTESIAN_POINT('',(-4468.395,0,-2341.467));
#11314=CARTESIAN_POINT('',(-3886.182,3605.85,-3406.732));
#11324=CARTESIAN_POINT('',(-4168.401,3867.711,-3431.701));
#11328=CARTESIAN_POINT('',(-3713.535,6432.032,-2211.22));
#11335=CARTESIAN_POINT('',(-4077.463,1963.603,-2515.051));
#11342=CARTESIAN_POINT('',(-4607.188,0,-2715.904));
#11346=CARTESIAN_POINT('',(-4735.212,0,-2953.097));
#11353=CARTESIAN_POINT('',(-4696.993,4358.173,-3159.049));
#11360=CARTESIAN_POINT('',(-4471.696,2153.456,-3222.417));
#11370=CARTESIAN_POINT('',(-4856.008,0,-3115.182));
#11374=CARTESIAN_POINT('',(-4963.209,0,-3222.417));
#11378=CARTESIAN_POINT('',(-5063.98,0,-3298.667));
#11382=CARTESIAN_POINT('',(-5165.969,0,-3356.02));
#11386=CARTESIAN_POINT('',(-4034.693,6988.293,-931.084));
#11402=CARTESIAN_POINT('',(-4776.372,2300.18,-3406.732));
#11412=CARTESIAN_POINT('',(-5273.086,0,-3398.283));
#11416=CARTESIAN_POINT('',(-5388.196,0,-3426.299));
#11420=CARTESIAN_POINT('',(-5494.158,0,-3438.363));
#11424=CARTESIAN_POINT('',(-5123.239,2467.222,-3431.701));
#11431=CARTESIAN_POINT('',(-5600.812,0,-3438.871));
#11435=CARTESIAN_POINT('',(-5707.019,0,-3429.028));
#11439=CARTESIAN_POINT('',(-5846.629,0,-3402.018));
#11443=CARTESIAN_POINT('',(-5999.797,0,-3355.839));
#11450=CARTESIAN_POINT('',(-5444.429,5051.691,-2211.22));
#11460=CARTESIAN_POINT('',(-5772.913,2780.089,-3159.049));
#11473=CARTESIAN_POINT('',(-6196.582,0,-3273.578));
#11477=CARTESIAN_POINT('',(-6407.451,0,-3159.049));
#11481=CARTESIAN_POINT('',(-6671.703,0,-2978.708));
#11485=CARTESIAN_POINT('',(-6946.765,0,-2746.563));
#11489=CARTESIAN_POINT('',(-5915.279,5488.577,-931.084));
#11502=CARTESIAN_POINT('',(-6691.56,3222.485,-2211.22));
#11506=CARTESIAN_POINT('',(-7198.708,0,-2489.476));
#11513=CARTESIAN_POINT('',(-7427.071,0,-2211.22));
#11517=CARTESIAN_POINT('',(-7630.552,0,-1914.282));
#11524=CARTESIAN_POINT('',(-7270.266,3501.176,-931.084));
#23=POLY_LOOP('',(#20,#21,#22));
#24=FACE_OUTER_BOUND('',#23,.T.);
#25=FACETED_PRIMITIVE_FACE('',(#24));
#27=POLY_LOOP('',(#20,#22,#26));
#28=FACE_OUTER_BOUND('',#27,.T.);
#29=FACETED_PRIMITIVE_FACE('',(#28));
#33=POLY_LOOP('',(#30,#31,#32));
#34=FACE_OUTER_BOUND('',#33,.T.);
#35=FACETED_PRIMITIVE_FACE('',(#34));
#37=POLY_LOOP('',(#30,#32,#36));
#38=FACE_OUTER_BOUND('',#37,.T.);
#39=FACETED_PRIMITIVE_FACE('',(#38));
#43=POLY_LOOP('',(#40,#41,#42));
#44=FACE_OUTER_BOUND('',#43,.T.);
#45=FACETED_PRIMITIVE_FACE('',(#44));
#48=POLY_LOOP('',(#46,#47,#21));
#49=FACE_OUTER_BOUND('',#48,.T.);
#50=FACETED_PRIMITIVE_FACE('',(#49));
#51=POLY_LOOP('',(#46,#20,#31));
#52=FACE_OUTER_BOUND('',#51,.T.);
#53=FACETED_PRIMITIVE_FACE('',(#52));
#54=POLY_LOOP('',(#46,#21,#20));
#55=FACE_OUTER_BOUND('',#54,.T.);
#56=FACETED_PRIMITIVE_FACE('',(#55));
#57=POLY_LOOP('',(#46,#31,#30));
#58=FACE_OUTER_BOUND('',#57,.T.);
#59=FACETED_PRIMITIVE_FACE('',(#58));
#62=POLY_LOOP('',(#60,#46,#61));
#63=FACE_OUTER_BOUND('',#62,.T.);
#64=FACETED_PRIMITIVE_FACE('',(#63));
#68=POLY_LOOP('',(#65,#66,#67));
#69=FACE_OUTER_BOUND('',#68,.T.);
#70=FACETED_PRIMITIVE_FACE('',(#69));
#72=POLY_LOOP('',(#71,#46,#60));
#73=FACE_OUTER_BOUND('',#72,.T.);
#74=FACETED_PRIMITIVE_FACE('',(#73));
#76=POLY_LOOP('',(#75,#42,#47));
#77=FACE_OUTER_BOUND('',#76,.T.);
#78=FACETED_PRIMITIVE_FACE('',(#77));
#79=POLY_LOOP('',(#75,#67,#40));
#80=FACE_OUTER_BOUND('',#79,.T.);
#81=FACETED_PRIMITIVE_FACE('',(#80));
#82=POLY_LOOP('',(#75,#40,#42));
#83=FACE_OUTER_BOUND('',#82,.T.);
#84=FACETED_PRIMITIVE_FACE('',(#83));
#85=POLY_LOOP('',(#75,#47,#46));
#86=FACE_OUTER_BOUND('',#85,.T.);
#87=FACETED_PRIMITIVE_FACE('',(#86));
#88=POLY_LOOP('',(#75,#65,#67));
#89=FACE_OUTER_BOUND('',#88,.T.);
#90=FACETED_PRIMITIVE_FACE('',(#89));
#93=POLY_LOOP('',(#91,#71,#92));
#94=FACE_OUTER_BOUND('',#93,.T.);
#95=FACETED_PRIMITIVE_FACE('',(#94));
#96=POLY_LOOP('',(#91,#46,#71));
#97=FACE_OUTER_BOUND('',#96,.T.);
#98=FACETED_PRIMITIVE_FACE('',(#97));
#99=POLY_LOOP('',(#91,#75,#46));
#100=FACE_OUTER_BOUND('',#99,.T.);
#101=FACETED_PRIMITIVE_FACE('',(#100));
#104=POLY_LOOP('',(#40,#102,#103));
#105=FACE_OUTER_BOUND('',#104,.T.);
#106=FACETED_PRIMITIVE_FACE('',(#105));
#107=POLY_LOOP('',(#41,#40,#103));
#108=FACE_OUTER_BOUND('',#107,.T.);
#109=FACETED_PRIMITIVE_FACE('',(#108));
#113=POLY_LOOP('',(#110,#111,#112));
#114=FACE_OUTER_BOUND('',#113,.T.);
#115=FACETED_PRIMITIVE_FACE('',(#114));
#117=POLY_LOOP('',(#116,#111,#110));
#118=FACE_OUTER_BOUND('',#117,.T.);
#119=FACETED_PRIMITIVE_FACE('',(#118));
#122=POLY_LOOP('',(#120,#116,#121));
#123=FACE_OUTER_BOUND('',#122,.T.);
#124=FACETED_PRIMITIVE_FACE('',(#123));
#126=POLY_LOOP('',(#125,#111,#116));
#127=FACE_OUTER_BOUND('',#126,.T.);
#128=FACETED_PRIMITIVE_FACE('',(#127));
#129=POLY_LOOP('',(#125,#116,#120));
#130=FACE_OUTER_BOUND('',#129,.T.);
#131=FACETED_PRIMITIVE_FACE('',(#130));
#135=POLY_LOOP('',(#132,#133,#134));
#136=FACE_OUTER_BOUND('',#135,.T.);
#137=FACETED_PRIMITIVE_FACE('',(#136));
#138=POLY_LOOP('',(#132,#125,#133));
#139=FACE_OUTER_BOUND('',#138,.T.);
#140=FACETED_PRIMITIVE_FACE('',(#139));
#141=POLY_LOOP('',(#132,#111,#125));
#142=FACE_OUTER_BOUND('',#141,.T.);
#143=FACETED_PRIMITIVE_FACE('',(#142));
#145=POLY_LOOP('',(#144,#111,#132));
#146=FACE_OUTER_BOUND('',#145,.T.);
#147=FACETED_PRIMITIVE_FACE('',(#146));
#150=POLY_LOOP('',(#148,#149,#103));
#151=FACE_OUTER_BOUND('',#150,.T.);
#152=FACETED_PRIMITIVE_FACE('',(#151));
#153=POLY_LOOP('',(#148,#102,#111));
#154=FACE_OUTER_BOUND('',#153,.T.);
#155=FACETED_PRIMITIVE_FACE('',(#154));
#156=POLY_LOOP('',(#148,#103,#102));
#157=FACE_OUTER_BOUND('',#156,.T.);
#158=FACETED_PRIMITIVE_FACE('',(#157));
#159=POLY_LOOP('',(#148,#111,#144));
#160=FACE_OUTER_BOUND('',#159,.T.);
#161=FACETED_PRIMITIVE_FACE('',(#160));
#165=POLY_LOOP('',(#162,#163,#164));
#166=FACE_OUTER_BOUND('',#165,.T.);
#167=FACETED_PRIMITIVE_FACE('',(#166));
#168=POLY_LOOP('',(#162,#144,#163));
#169=FACE_OUTER_BOUND('',#168,.T.);
#170=FACETED_PRIMITIVE_FACE('',(#169));
#172=POLY_LOOP('',(#171,#148,#144));
#173=FACE_OUTER_BOUND('',#172,.T.);
#174=FACETED_PRIMITIVE_FACE('',(#173));
#175=POLY_LOOP('',(#171,#144,#162));
#176=FACE_OUTER_BOUND('',#175,.T.);
#177=FACETED_PRIMITIVE_FACE('',(#176));
#180=POLY_LOOP('',(#178,#179,#148));
#181=FACE_OUTER_BOUND('',#180,.T.);
#182=FACETED_PRIMITIVE_FACE('',(#181));
#184=POLY_LOOP('',(#178,#183,#179));
#185=FACE_OUTER_BOUND('',#184,.T.);
#186=FACETED_PRIMITIVE_FACE('',(#185));
#187=POLY_LOOP('',(#178,#148,#171));
#188=FACE_OUTER_BOUND('',#187,.T.);
#189=FACETED_PRIMITIVE_FACE('',(#188));
#190=POLY_LOOP('',(#149,#42,#41));
#191=FACE_OUTER_BOUND('',#190,.T.);
#192=FACETED_PRIMITIVE_FACE('',(#191));
#193=POLY_LOOP('',(#149,#41,#103));
#194=FACE_OUTER_BOUND('',#193,.T.);
#195=FACETED_PRIMITIVE_FACE('',(#194));
#196=POLY_LOOP('',(#148,#47,#42));
#197=FACE_OUTER_BOUND('',#196,.T.);
#198=FACETED_PRIMITIVE_FACE('',(#197));
#199=POLY_LOOP('',(#148,#21,#47));
#200=FACE_OUTER_BOUND('',#199,.T.);
#201=FACETED_PRIMITIVE_FACE('',(#200));
#202=POLY_LOOP('',(#148,#42,#149));
#203=FACE_OUTER_BOUND('',#202,.T.);
#204=FACETED_PRIMITIVE_FACE('',(#203));
#205=POLY_LOOP('',(#179,#21,#148));
#206=FACE_OUTER_BOUND('',#205,.T.);
#207=FACETED_PRIMITIVE_FACE('',(#206));
#208=POLY_LOOP('',(#183,#22,#21));
#209=FACE_OUTER_BOUND('',#208,.T.);
#210=FACETED_PRIMITIVE_FACE('',(#209));
#211=POLY_LOOP('',(#183,#26,#22));
#212=FACE_OUTER_BOUND('',#211,.T.);
#213=FACETED_PRIMITIVE_FACE('',(#212));
#214=POLY_LOOP('',(#183,#21,#179));
#215=FACE_OUTER_BOUND('',#214,.T.);
#216=FACETED_PRIMITIVE_FACE('',(#215));
#217=POLY_LOOP('',(#178,#26,#183));
#218=FACE_OUTER_BOUND('',#217,.T.);
#219=FACETED_PRIMITIVE_FACE('',(#218));
#220=POLY_LOOP('',(#171,#20,#26));
#221=FACE_OUTER_BOUND('',#220,.T.);
#222=FACETED_PRIMITIVE_FACE('',(#221));
#223=POLY_LOOP('',(#171,#26,#178));
#224=FACE_OUTER_BOUND('',#223,.T.);
#225=FACETED_PRIMITIVE_FACE('',(#224));
#226=POLY_LOOP('',(#162,#31,#20));
#227=FACE_OUTER_BOUND('',#226,.T.);
#228=FACETED_PRIMITIVE_FACE('',(#227));
#229=POLY_LOOP('',(#162,#20,#171));
#230=FACE_OUTER_BOUND('',#229,.T.);
#231=FACETED_PRIMITIVE_FACE('',(#230));
#232=POLY_LOOP('',(#164,#32,#31));
#233=FACE_OUTER_BOUND('',#232,.T.);
#234=FACETED_PRIMITIVE_FACE('',(#233));
#235=POLY_LOOP('',(#164,#36,#32));
#236=FACE_OUTER_BOUND('',#235,.T.);
#237=FACETED_PRIMITIVE_FACE('',(#236));
#238=POLY_LOOP('',(#164,#31,#162));
#239=FACE_OUTER_BOUND('',#238,.T.);
#240=FACETED_PRIMITIVE_FACE('',(#239));
#241=POLY_LOOP('',(#163,#36,#164));
#242=FACE_OUTER_BOUND('',#241,.T.);
#243=FACETED_PRIMITIVE_FACE('',(#242));
#244=POLY_LOOP('',(#144,#30,#36));
#245=FACE_OUTER_BOUND('',#244,.T.);
#246=FACETED_PRIMITIVE_FACE('',(#245));
#247=POLY_LOOP('',(#144,#36,#163));
#248=FACE_OUTER_BOUND('',#247,.T.);
#249=FACETED_PRIMITIVE_FACE('',(#248));
#250=POLY_LOOP('',(#132,#46,#30));
#251=FACE_OUTER_BOUND('',#250,.T.);
#252=FACETED_PRIMITIVE_FACE('',(#251));
#253=POLY_LOOP('',(#132,#30,#144));
#254=FACE_OUTER_BOUND('',#253,.T.);
#255=FACETED_PRIMITIVE_FACE('',(#254));
#256=POLY_LOOP('',(#134,#61,#46));
#257=FACE_OUTER_BOUND('',#256,.T.);
#258=FACETED_PRIMITIVE_FACE('',(#257));
#259=POLY_LOOP('',(#134,#60,#61));
#260=FACE_OUTER_BOUND('',#259,.T.);
#261=FACETED_PRIMITIVE_FACE('',(#260));
#262=POLY_LOOP('',(#134,#46,#132));
#263=FACE_OUTER_BOUND('',#262,.T.);
#264=FACETED_PRIMITIVE_FACE('',(#263));
#265=POLY_LOOP('',(#133,#60,#134));
#266=FACE_OUTER_BOUND('',#265,.T.);
#267=FACETED_PRIMITIVE_FACE('',(#266));
#268=POLY_LOOP('',(#133,#71,#60));
#269=FACE_OUTER_BOUND('',#268,.T.);
#270=FACETED_PRIMITIVE_FACE('',(#269));
#271=POLY_LOOP('',(#125,#71,#133));
#272=FACE_OUTER_BOUND('',#271,.T.);
#273=FACETED_PRIMITIVE_FACE('',(#272));
#274=POLY_LOOP('',(#120,#71,#125));
#275=FACE_OUTER_BOUND('',#274,.T.);
#276=FACETED_PRIMITIVE_FACE('',(#275));
#277=POLY_LOOP('',(#120,#92,#71));
#278=FACE_OUTER_BOUND('',#277,.T.);
#279=FACETED_PRIMITIVE_FACE('',(#278));
#280=POLY_LOOP('',(#121,#92,#120));
#281=FACE_OUTER_BOUND('',#280,.T.);
#282=FACETED_PRIMITIVE_FACE('',(#281));
#283=POLY_LOOP('',(#121,#91,#92));
#284=FACE_OUTER_BOUND('',#283,.T.);
#285=FACETED_PRIMITIVE_FACE('',(#284));
#286=POLY_LOOP('',(#116,#91,#121));
#287=FACE_OUTER_BOUND('',#286,.T.);
#288=FACETED_PRIMITIVE_FACE('',(#287));
#289=POLY_LOOP('',(#116,#75,#91));
#290=FACE_OUTER_BOUND('',#289,.T.);
#291=FACETED_PRIMITIVE_FACE('',(#290));
#292=POLY_LOOP('',(#110,#65,#75));
#293=FACE_OUTER_BOUND('',#292,.T.);
#294=FACETED_PRIMITIVE_FACE('',(#293));
#295=POLY_LOOP('',(#110,#75,#116));
#296=FACE_OUTER_BOUND('',#295,.T.);
#297=FACETED_PRIMITIVE_FACE('',(#296));
#298=POLY_LOOP('',(#110,#66,#65));
#299=FACE_OUTER_BOUND('',#298,.T.);
#300=FACETED_PRIMITIVE_FACE('',(#299));
#301=POLY_LOOP('',(#112,#66,#110));
#302=FACE_OUTER_BOUND('',#301,.T.);
#303=FACETED_PRIMITIVE_FACE('',(#302));
#304=POLY_LOOP('',(#111,#67,#66));
#305=FACE_OUTER_BOUND('',#304,.T.);
#306=FACETED_PRIMITIVE_FACE('',(#305));
#307=POLY_LOOP('',(#111,#66,#112));
#308=FACE_OUTER_BOUND('',#307,.T.);
#309=FACETED_PRIMITIVE_FACE('',(#308));
#310=POLY_LOOP('',(#102,#40,#67));
#311=FACE_OUTER_BOUND('',#310,.T.);
#312=FACETED_PRIMITIVE_FACE('',(#311));
#313=POLY_LOOP('',(#102,#67,#111));
#314=FACE_OUTER_BOUND('',#313,.T.);
#315=FACETED_PRIMITIVE_FACE('',(#314));
#319=POLY_LOOP('',(#316,#317,#318));
#320=FACE_OUTER_BOUND('',#319,.T.);
#321=FACETED_PRIMITIVE_FACE('',(#320));
#324=POLY_LOOP('',(#322,#318,#323));
#325=FACE_OUTER_BOUND('',#324,.T.);
#326=FACETED_PRIMITIVE_FACE('',(#325));
#327=POLY_LOOP('',(#322,#316,#318));
#328=FACE_OUTER_BOUND('',#327,.T.);
#329=FACETED_PRIMITIVE_FACE('',(#328));
#332=POLY_LOOP('',(#330,#323,#331));
#333=FACE_OUTER_BOUND('',#332,.T.);
#334=FACETED_PRIMITIVE_FACE('',(#333));
#335=POLY_LOOP('',(#330,#322,#323));
#336=FACE_OUTER_BOUND('',#335,.T.);
#337=FACETED_PRIMITIVE_FACE('',(#336));
#340=POLY_LOOP('',(#338,#331,#339));
#341=FACE_OUTER_BOUND('',#340,.T.);
#342=FACETED_PRIMITIVE_FACE('',(#341));
#343=POLY_LOOP('',(#338,#330,#331));
#344=FACE_OUTER_BOUND('',#343,.T.);
#345=FACETED_PRIMITIVE_FACE('',(#344));
#347=POLY_LOOP('',(#346,#338,#339));
#348=FACE_OUTER_BOUND('',#347,.T.);
#349=FACETED_PRIMITIVE_FACE('',(#348));
#351=POLY_LOOP('',(#350,#346,#339));
#352=FACE_OUTER_BOUND('',#351,.T.);
#353=FACETED_PRIMITIVE_FACE('',(#352));
#355=POLY_LOOP('',(#354,#346,#350));
#356=FACE_OUTER_BOUND('',#355,.T.);
#357=FACETED_PRIMITIVE_FACE('',(#356));
#360=POLY_LOOP('',(#358,#359,#354));
#361=FACE_OUTER_BOUND('',#360,.T.);
#362=FACETED_PRIMITIVE_FACE('',(#361));
#363=POLY_LOOP('',(#358,#354,#350));
#364=FACE_OUTER_BOUND('',#363,.T.);
#365=FACETED_PRIMITIVE_FACE('',(#364));
#368=POLY_LOOP('',(#366,#367,#359));
#369=FACE_OUTER_BOUND('',#368,.T.);
#370=FACETED_PRIMITIVE_FACE('',(#369));
#371=POLY_LOOP('',(#366,#359,#358));
#372=FACE_OUTER_BOUND('',#371,.T.);
#373=FACETED_PRIMITIVE_FACE('',(#372));
#376=POLY_LOOP('',(#374,#375,#367));
#377=FACE_OUTER_BOUND('',#376,.T.);
#378=FACETED_PRIMITIVE_FACE('',(#377));
#379=POLY_LOOP('',(#374,#367,#366));
#380=FACE_OUTER_BOUND('',#379,.T.);
#381=FACETED_PRIMITIVE_FACE('',(#380));
#385=POLY_LOOP('',(#382,#383,#384));
#386=FACE_OUTER_BOUND('',#385,.T.);
#387=FACETED_PRIMITIVE_FACE('',(#386));
#388=POLY_LOOP('',(#382,#384,#375));
#389=FACE_OUTER_BOUND('',#388,.T.);
#390=FACETED_PRIMITIVE_FACE('',(#389));
#391=POLY_LOOP('',(#382,#375,#374));
#392=FACE_OUTER_BOUND('',#391,.T.);
#393=FACETED_PRIMITIVE_FACE('',(#392));
#395=POLY_LOOP('',(#394,#383,#382));
#396=FACE_OUTER_BOUND('',#395,.T.);
#397=FACETED_PRIMITIVE_FACE('',(#396));
#399=POLY_LOOP('',(#398,#383,#394));
#400=FACE_OUTER_BOUND('',#399,.T.);
#401=FACETED_PRIMITIVE_FACE('',(#400));
#404=POLY_LOOP('',(#398,#402,#403));
#405=FACE_OUTER_BOUND('',#404,.T.);
#406=FACETED_PRIMITIVE_FACE('',(#405));
#407=POLY_LOOP('',(#398,#403,#383));
#408=FACE_OUTER_BOUND('',#407,.T.);
#409=FACETED_PRIMITIVE_FACE('',(#408));
#413=POLY_LOOP('',(#410,#411,#412));
#414=FACE_OUTER_BOUND('',#413,.T.);
#415=FACETED_PRIMITIVE_FACE('',(#414));
#417=POLY_LOOP('',(#410,#416,#411));
#418=FACE_OUTER_BOUND('',#417,.T.);
#419=FACETED_PRIMITIVE_FACE('',(#418));
#421=POLY_LOOP('',(#420,#402,#398));
#422=FACE_OUTER_BOUND('',#421,.T.);
#423=FACETED_PRIMITIVE_FACE('',(#422));
#425=POLY_LOOP('',(#424,#410,#412));
#426=FACE_OUTER_BOUND('',#425,.T.);
#427=FACETED_PRIMITIVE_FACE('',(#426));
#429=POLY_LOOP('',(#424,#412,#428));
#430=FACE_OUTER_BOUND('',#429,.T.);
#431=FACETED_PRIMITIVE_FACE('',(#430));
#433=POLY_LOOP('',(#432,#402,#420));
#434=FACE_OUTER_BOUND('',#433,.T.);
#435=FACETED_PRIMITIVE_FACE('',(#434));
#437=POLY_LOOP('',(#432,#436,#402));
#438=FACE_OUTER_BOUND('',#437,.T.);
#439=FACETED_PRIMITIVE_FACE('',(#438));
#442=POLY_LOOP('',(#440,#428,#441));
#443=FACE_OUTER_BOUND('',#442,.T.);
#444=FACETED_PRIMITIVE_FACE('',(#443));
#446=POLY_LOOP('',(#440,#441,#445));
#447=FACE_OUTER_BOUND('',#446,.T.);
#448=FACETED_PRIMITIVE_FACE('',(#447));
#449=POLY_LOOP('',(#440,#424,#428));
#450=FACE_OUTER_BOUND('',#449,.T.);
#451=FACETED_PRIMITIVE_FACE('',(#450));
#453=POLY_LOOP('',(#452,#436,#432));
#454=FACE_OUTER_BOUND('',#453,.T.);
#455=FACETED_PRIMITIVE_FACE('',(#454));
#457=POLY_LOOP('',(#452,#456,#436));
#458=FACE_OUTER_BOUND('',#457,.T.);
#459=FACETED_PRIMITIVE_FACE('',(#458));
#461=POLY_LOOP('',(#460,#440,#445));
#462=FACE_OUTER_BOUND('',#461,.T.);
#463=FACETED_PRIMITIVE_FACE('',(#462));
#466=POLY_LOOP('',(#464,#465,#456));
#467=FACE_OUTER_BOUND('',#466,.T.);
#468=FACETED_PRIMITIVE_FACE('',(#467));
#469=POLY_LOOP('',(#464,#456,#452));
#470=FACE_OUTER_BOUND('',#469,.T.);
#471=FACETED_PRIMITIVE_FACE('',(#470));
#474=POLY_LOOP('',(#472,#445,#473));
#475=FACE_OUTER_BOUND('',#474,.T.);
#476=FACETED_PRIMITIVE_FACE('',(#475));
#477=POLY_LOOP('',(#472,#473,#465));
#478=FACE_OUTER_BOUND('',#477,.T.);
#479=FACETED_PRIMITIVE_FACE('',(#478));
#480=POLY_LOOP('',(#472,#465,#464));
#481=FACE_OUTER_BOUND('',#480,.T.);
#482=FACETED_PRIMITIVE_FACE('',(#481));
#483=POLY_LOOP('',(#472,#460,#445));
#484=FACE_OUTER_BOUND('',#483,.T.);
#485=FACETED_PRIMITIVE_FACE('',(#484));
#487=POLY_LOOP('',(#318,#317,#486));
#488=FACE_OUTER_BOUND('',#487,.T.);
#489=FACETED_PRIMITIVE_FACE('',(#488));
#491=POLY_LOOP('',(#318,#486,#490));
#492=FACE_OUTER_BOUND('',#491,.T.);
#493=FACETED_PRIMITIVE_FACE('',(#492));
#495=POLY_LOOP('',(#318,#490,#494));
#496=FACE_OUTER_BOUND('',#495,.T.);
#497=FACETED_PRIMITIVE_FACE('',(#496));
#499=POLY_LOOP('',(#318,#494,#498));
#500=FACE_OUTER_BOUND('',#499,.T.);
#501=FACETED_PRIMITIVE_FACE('',(#500));
#505=POLY_LOOP('',(#502,#503,#504));
#506=FACE_OUTER_BOUND('',#505,.T.);
#507=FACETED_PRIMITIVE_FACE('',(#506));
#509=POLY_LOOP('',(#502,#504,#508));
#510=FACE_OUTER_BOUND('',#509,.T.);
#511=FACETED_PRIMITIVE_FACE('',(#510));
#513=POLY_LOOP('',(#502,#508,#512));
#514=FACE_OUTER_BOUND('',#513,.T.);
#515=FACETED_PRIMITIVE_FACE('',(#514));
#517=POLY_LOOP('',(#502,#512,#516));
#518=FACE_OUTER_BOUND('',#517,.T.);
#519=FACETED_PRIMITIVE_FACE('',(#518));
#521=POLY_LOOP('',(#520,#416,#410));
#522=FACE_OUTER_BOUND('',#521,.T.);
#523=FACETED_PRIMITIVE_FACE('',(#522));
#527=POLY_LOOP('',(#524,#525,#526));
#528=FACE_OUTER_BOUND('',#527,.T.);
#529=FACETED_PRIMITIVE_FACE('',(#528));
#531=POLY_LOOP('',(#530,#323,#318));
#532=FACE_OUTER_BOUND('',#531,.T.);
#533=FACETED_PRIMITIVE_FACE('',(#532));
#534=POLY_LOOP('',(#530,#331,#323));
#535=FACE_OUTER_BOUND('',#534,.T.);
#536=FACETED_PRIMITIVE_FACE('',(#535));
#537=POLY_LOOP('',(#530,#318,#498));
#538=FACE_OUTER_BOUND('',#537,.T.);
#539=FACETED_PRIMITIVE_FACE('',(#538));
#541=POLY_LOOP('',(#530,#498,#540));
#542=FACE_OUTER_BOUND('',#541,.T.);
#543=FACETED_PRIMITIVE_FACE('',(#542));
#545=POLY_LOOP('',(#530,#540,#544));
#546=FACE_OUTER_BOUND('',#545,.T.);
#547=FACETED_PRIMITIVE_FACE('',(#546));
#549=POLY_LOOP('',(#548,#530,#544));
#550=FACE_OUTER_BOUND('',#549,.T.);
#551=FACETED_PRIMITIVE_FACE('',(#550));
#553=POLY_LOOP('',(#548,#544,#552));
#554=FACE_OUTER_BOUND('',#553,.T.);
#555=FACETED_PRIMITIVE_FACE('',(#554));
#557=POLY_LOOP('',(#548,#552,#556));
#558=FACE_OUTER_BOUND('',#557,.T.);
#559=FACETED_PRIMITIVE_FACE('',(#558));
#561=POLY_LOOP('',(#560,#548,#556));
#562=FACE_OUTER_BOUND('',#561,.T.);
#563=FACETED_PRIMITIVE_FACE('',(#562));
#565=POLY_LOOP('',(#560,#556,#564));
#566=FACE_OUTER_BOUND('',#565,.T.);
#567=FACETED_PRIMITIVE_FACE('',(#566));
#569=POLY_LOOP('',(#560,#564,#568));
#570=FACE_OUTER_BOUND('',#569,.T.);
#571=FACETED_PRIMITIVE_FACE('',(#570));
#573=POLY_LOOP('',(#572,#339,#331));
#574=FACE_OUTER_BOUND('',#573,.T.);
#575=FACETED_PRIMITIVE_FACE('',(#574));
#576=POLY_LOOP('',(#572,#350,#339));
#577=FACE_OUTER_BOUND('',#576,.T.);
#578=FACETED_PRIMITIVE_FACE('',(#577));
#579=POLY_LOOP('',(#572,#331,#530));
#580=FACE_OUTER_BOUND('',#579,.T.);
#581=FACETED_PRIMITIVE_FACE('',(#580));
#584=POLY_LOOP('',(#582,#568,#583));
#585=FACE_OUTER_BOUND('',#584,.T.);
#586=FACETED_PRIMITIVE_FACE('',(#585));
#588=POLY_LOOP('',(#582,#583,#587));
#589=FACE_OUTER_BOUND('',#588,.T.);
#590=FACETED_PRIMITIVE_FACE('',(#589));
#591=POLY_LOOP('',(#582,#560,#568));
#592=FACE_OUTER_BOUND('',#591,.T.);
#593=FACETED_PRIMITIVE_FACE('',(#592));
#595=POLY_LOOP('',(#594,#572,#530));
#596=FACE_OUTER_BOUND('',#595,.T.);
#597=FACETED_PRIMITIVE_FACE('',(#596));
#598=POLY_LOOP('',(#594,#530,#548));
#599=FACE_OUTER_BOUND('',#598,.T.);
#600=FACETED_PRIMITIVE_FACE('',(#599));
#602=POLY_LOOP('',(#601,#594,#548));
#603=FACE_OUTER_BOUND('',#602,.T.);
#604=FACETED_PRIMITIVE_FACE('',(#603));
#605=POLY_LOOP('',(#601,#548,#560));
#606=FACE_OUTER_BOUND('',#605,.T.);
#607=FACETED_PRIMITIVE_FACE('',(#606));
#609=POLY_LOOP('',(#608,#582,#587));
#610=FACE_OUTER_BOUND('',#609,.T.);
#611=FACETED_PRIMITIVE_FACE('',(#610));
#613=POLY_LOOP('',(#608,#587,#612));
#614=FACE_OUTER_BOUND('',#613,.T.);
#615=FACETED_PRIMITIVE_FACE('',(#614));
#617=POLY_LOOP('',(#608,#612,#616));
#618=FACE_OUTER_BOUND('',#617,.T.);
#619=FACETED_PRIMITIVE_FACE('',(#618));
#621=POLY_LOOP('',(#620,#358,#350));
#622=FACE_OUTER_BOUND('',#621,.T.);
#623=FACETED_PRIMITIVE_FACE('',(#622));
#624=POLY_LOOP('',(#620,#366,#358));
#625=FACE_OUTER_BOUND('',#624,.T.);
#626=FACETED_PRIMITIVE_FACE('',(#625));
#627=POLY_LOOP('',(#620,#572,#594));
#628=FACE_OUTER_BOUND('',#627,.T.);
#629=FACETED_PRIMITIVE_FACE('',(#628));
#630=POLY_LOOP('',(#620,#350,#572));
#631=FACE_OUTER_BOUND('',#630,.T.);
#632=FACETED_PRIMITIVE_FACE('',(#631));
#634=POLY_LOOP('',(#633,#560,#582));
#635=FACE_OUTER_BOUND('',#634,.T.);
#636=FACETED_PRIMITIVE_FACE('',(#635));
#637=POLY_LOOP('',(#633,#601,#560));
#638=FACE_OUTER_BOUND('',#637,.T.);
#639=FACETED_PRIMITIVE_FACE('',(#638));
#641=POLY_LOOP('',(#640,#620,#594));
#642=FACE_OUTER_BOUND('',#641,.T.);
#643=FACETED_PRIMITIVE_FACE('',(#642));
#645=POLY_LOOP('',(#644,#608,#616));
#646=FACE_OUTER_BOUND('',#645,.T.);
#647=FACETED_PRIMITIVE_FACE('',(#646));
#649=POLY_LOOP('',(#644,#616,#648));
#650=FACE_OUTER_BOUND('',#649,.T.);
#651=FACETED_PRIMITIVE_FACE('',(#650));
#653=POLY_LOOP('',(#644,#648,#652));
#654=FACE_OUTER_BOUND('',#653,.T.);
#655=FACETED_PRIMITIVE_FACE('',(#654));
#657=POLY_LOOP('',(#656,#640,#594));
#658=FACE_OUTER_BOUND('',#657,.T.);
#659=FACETED_PRIMITIVE_FACE('',(#658));
#660=POLY_LOOP('',(#656,#594,#601));
#661=FACE_OUTER_BOUND('',#660,.T.);
#662=FACETED_PRIMITIVE_FACE('',(#661));
#663=POLY_LOOP('',(#656,#601,#633));
#664=FACE_OUTER_BOUND('',#663,.T.);
#665=FACETED_PRIMITIVE_FACE('',(#664));
#667=POLY_LOOP('',(#666,#633,#582));
#668=FACE_OUTER_BOUND('',#667,.T.);
#669=FACETED_PRIMITIVE_FACE('',(#668));
#670=POLY_LOOP('',(#666,#582,#608));
#671=FACE_OUTER_BOUND('',#670,.T.);
#672=FACETED_PRIMITIVE_FACE('',(#671));
#674=POLY_LOOP('',(#673,#374,#366));
#675=FACE_OUTER_BOUND('',#674,.T.);
#676=FACETED_PRIMITIVE_FACE('',(#675));
#677=POLY_LOOP('',(#673,#382,#374));
#678=FACE_OUTER_BOUND('',#677,.T.);
#679=FACETED_PRIMITIVE_FACE('',(#678));
#680=POLY_LOOP('',(#673,#366,#620));
#681=FACE_OUTER_BOUND('',#680,.T.);
#682=FACETED_PRIMITIVE_FACE('',(#681));
#684=POLY_LOOP('',(#683,#644,#652));
#685=FACE_OUTER_BOUND('',#684,.T.);
#686=FACETED_PRIMITIVE_FACE('',(#685));
#688=POLY_LOOP('',(#683,#652,#687));
#689=FACE_OUTER_BOUND('',#688,.T.);
#690=FACETED_PRIMITIVE_FACE('',(#689));
#692=POLY_LOOP('',(#683,#687,#691));
#693=FACE_OUTER_BOUND('',#692,.T.);
#694=FACETED_PRIMITIVE_FACE('',(#693));
#696=POLY_LOOP('',(#695,#656,#633));
#697=FACE_OUTER_BOUND('',#696,.T.);
#698=FACETED_PRIMITIVE_FACE('',(#697));
#700=POLY_LOOP('',(#699,#620,#640));
#701=FACE_OUTER_BOUND('',#700,.T.);
#702=FACETED_PRIMITIVE_FACE('',(#701));
#703=POLY_LOOP('',(#699,#673,#620));
#704=FACE_OUTER_BOUND('',#703,.T.);
#705=FACETED_PRIMITIVE_FACE('',(#704));
#707=POLY_LOOP('',(#706,#666,#608));
#708=FACE_OUTER_BOUND('',#707,.T.);
#709=FACETED_PRIMITIVE_FACE('',(#708));
#710=POLY_LOOP('',(#706,#608,#644));
#711=FACE_OUTER_BOUND('',#710,.T.);
#712=FACETED_PRIMITIVE_FACE('',(#711));
#713=POLY_LOOP('',(#706,#644,#683));
#714=FACE_OUTER_BOUND('',#713,.T.);
#715=FACETED_PRIMITIVE_FACE('',(#714));
#717=POLY_LOOP('',(#716,#683,#691));
#718=FACE_OUTER_BOUND('',#717,.T.);
#719=FACETED_PRIMITIVE_FACE('',(#718));
#721=POLY_LOOP('',(#716,#691,#720));
#722=FACE_OUTER_BOUND('',#721,.T.);
#723=FACETED_PRIMITIVE_FACE('',(#722));
#725=POLY_LOOP('',(#716,#720,#724));
#726=FACE_OUTER_BOUND('',#725,.T.);
#727=FACETED_PRIMITIVE_FACE('',(#726));
#729=POLY_LOOP('',(#728,#640,#656));
#730=FACE_OUTER_BOUND('',#729,.T.);
#731=FACETED_PRIMITIVE_FACE('',(#730));
#732=POLY_LOOP('',(#728,#656,#695));
#733=FACE_OUTER_BOUND('',#732,.T.);
#734=FACETED_PRIMITIVE_FACE('',(#733));
#735=POLY_LOOP('',(#728,#699,#640));
#736=FACE_OUTER_BOUND('',#735,.T.);
#737=FACETED_PRIMITIVE_FACE('',(#736));
#739=POLY_LOOP('',(#738,#633,#666));
#740=FACE_OUTER_BOUND('',#739,.T.);
#741=FACETED_PRIMITIVE_FACE('',(#740));
#742=POLY_LOOP('',(#738,#695,#633));
#743=FACE_OUTER_BOUND('',#742,.T.);
#744=FACETED_PRIMITIVE_FACE('',(#743));
#745=POLY_LOOP('',(#738,#666,#706));
#746=FACE_OUTER_BOUND('',#745,.T.);
#747=FACETED_PRIMITIVE_FACE('',(#746));
#749=POLY_LOOP('',(#748,#394,#382));
#750=FACE_OUTER_BOUND('',#749,.T.);
#751=FACETED_PRIMITIVE_FACE('',(#750));
#752=POLY_LOOP('',(#748,#398,#394));
#753=FACE_OUTER_BOUND('',#752,.T.);
#754=FACETED_PRIMITIVE_FACE('',(#753));
#755=POLY_LOOP('',(#748,#673,#699));
#756=FACE_OUTER_BOUND('',#755,.T.);
#757=FACETED_PRIMITIVE_FACE('',(#756));
#758=POLY_LOOP('',(#748,#382,#673));
#759=FACE_OUTER_BOUND('',#758,.T.);
#760=FACETED_PRIMITIVE_FACE('',(#759));
#762=POLY_LOOP('',(#761,#706,#683));
#763=FACE_OUTER_BOUND('',#762,.T.);
#764=FACETED_PRIMITIVE_FACE('',(#763));
#766=POLY_LOOP('',(#765,#716,#724));
#767=FACE_OUTER_BOUND('',#766,.T.);
#768=FACETED_PRIMITIVE_FACE('',(#767));
#770=POLY_LOOP('',(#765,#724,#769));
#771=FACE_OUTER_BOUND('',#770,.T.);
#772=FACETED_PRIMITIVE_FACE('',(#771));
#774=POLY_LOOP('',(#765,#769,#773));
#775=FACE_OUTER_BOUND('',#774,.T.);
#776=FACETED_PRIMITIVE_FACE('',(#775));
#778=POLY_LOOP('',(#777,#728,#695));
#779=FACE_OUTER_BOUND('',#778,.T.);
#780=FACETED_PRIMITIVE_FACE('',(#779));
#782=POLY_LOOP('',(#781,#748,#699));
#783=FACE_OUTER_BOUND('',#782,.T.);
#784=FACETED_PRIMITIVE_FACE('',(#783));
#786=POLY_LOOP('',(#785,#738,#706));
#787=FACE_OUTER_BOUND('',#786,.T.);
#788=FACETED_PRIMITIVE_FACE('',(#787));
#790=POLY_LOOP('',(#789,#765,#773));
#791=FACE_OUTER_BOUND('',#790,.T.);
#792=FACETED_PRIMITIVE_FACE('',(#791));
#794=POLY_LOOP('',(#789,#502,#793));
#795=FACE_OUTER_BOUND('',#794,.T.);
#796=FACETED_PRIMITIVE_FACE('',(#795));
#798=POLY_LOOP('',(#789,#793,#797));
#799=FACE_OUTER_BOUND('',#798,.T.);
#800=FACETED_PRIMITIVE_FACE('',(#799));
#801=POLY_LOOP('',(#789,#503,#502));
#802=FACE_OUTER_BOUND('',#801,.T.);
#803=FACETED_PRIMITIVE_FACE('',(#802));
#804=POLY_LOOP('',(#789,#773,#503));
#805=FACE_OUTER_BOUND('',#804,.T.);
#806=FACETED_PRIMITIVE_FACE('',(#805));
#808=POLY_LOOP('',(#807,#761,#683));
#809=FACE_OUTER_BOUND('',#808,.T.);
#810=FACETED_PRIMITIVE_FACE('',(#809));
#811=POLY_LOOP('',(#807,#683,#716));
#812=FACE_OUTER_BOUND('',#811,.T.);
#813=FACETED_PRIMITIVE_FACE('',(#812));
#815=POLY_LOOP('',(#814,#781,#699));
#816=FACE_OUTER_BOUND('',#815,.T.);
#817=FACETED_PRIMITIVE_FACE('',(#816));
#818=POLY_LOOP('',(#814,#699,#728));
#819=FACE_OUTER_BOUND('',#818,.T.);
#820=FACETED_PRIMITIVE_FACE('',(#819));
#822=POLY_LOOP('',(#821,#777,#695));
#823=FACE_OUTER_BOUND('',#822,.T.);
#824=FACETED_PRIMITIVE_FACE('',(#823));
#825=POLY_LOOP('',(#821,#695,#738));
#826=FACE_OUTER_BOUND('',#825,.T.);
#827=FACETED_PRIMITIVE_FACE('',(#826));
#829=POLY_LOOP('',(#828,#420,#398));
#830=FACE_OUTER_BOUND('',#829,.T.);
#831=FACETED_PRIMITIVE_FACE('',(#830));
#832=POLY_LOOP('',(#828,#432,#420));
#833=FACE_OUTER_BOUND('',#832,.T.);
#834=FACETED_PRIMITIVE_FACE('',(#833));
#835=POLY_LOOP('',(#828,#748,#781));
#836=FACE_OUTER_BOUND('',#835,.T.);
#837=FACETED_PRIMITIVE_FACE('',(#836));
#838=POLY_LOOP('',(#828,#398,#748));
#839=FACE_OUTER_BOUND('',#838,.T.);
#840=FACETED_PRIMITIVE_FACE('',(#839));
#842=POLY_LOOP('',(#841,#761,#807));
#843=FACE_OUTER_BOUND('',#842,.T.);
#844=FACETED_PRIMITIVE_FACE('',(#843));
#845=POLY_LOOP('',(#841,#706,#761));
#846=FACE_OUTER_BOUND('',#845,.T.);
#847=FACETED_PRIMITIVE_FACE('',(#846));
#848=POLY_LOOP('',(#841,#785,#706));
#849=FACE_OUTER_BOUND('',#848,.T.);
#850=FACETED_PRIMITIVE_FACE('',(#849));
#852=POLY_LOOP('',(#851,#716,#765));
#853=FACE_OUTER_BOUND('',#852,.T.);
#854=FACETED_PRIMITIVE_FACE('',(#853));
#855=POLY_LOOP('',(#851,#807,#716));
#856=FACE_OUTER_BOUND('',#855,.T.);
#857=FACETED_PRIMITIVE_FACE('',(#856));
#859=POLY_LOOP('',(#858,#728,#777));
#860=FACE_OUTER_BOUND('',#859,.T.);
#861=FACETED_PRIMITIVE_FACE('',(#860));
#862=POLY_LOOP('',(#858,#814,#728));
#863=FACE_OUTER_BOUND('',#862,.T.);
#864=FACETED_PRIMITIVE_FACE('',(#863));
#866=POLY_LOOP('',(#865,#828,#781));
#867=FACE_OUTER_BOUND('',#866,.T.);
#868=FACETED_PRIMITIVE_FACE('',(#867));
#870=POLY_LOOP('',(#869,#738,#785));
#871=FACE_OUTER_BOUND('',#870,.T.);
#872=FACETED_PRIMITIVE_FACE('',(#871));
#873=POLY_LOOP('',(#869,#821,#738));
#874=FACE_OUTER_BOUND('',#873,.T.);
#875=FACETED_PRIMITIVE_FACE('',(#874));
#877=POLY_LOOP('',(#876,#851,#765));
#878=FACE_OUTER_BOUND('',#877,.T.);
#879=FACETED_PRIMITIVE_FACE('',(#878));
#880=POLY_LOOP('',(#876,#765,#789));
#881=FACE_OUTER_BOUND('',#880,.T.);
#882=FACETED_PRIMITIVE_FACE('',(#881));
#884=POLY_LOOP('',(#876,#797,#883));
#885=FACE_OUTER_BOUND('',#884,.T.);
#886=FACETED_PRIMITIVE_FACE('',(#885));
#888=POLY_LOOP('',(#876,#883,#887));
#889=FACE_OUTER_BOUND('',#888,.T.);
#890=FACETED_PRIMITIVE_FACE('',(#889));
#891=POLY_LOOP('',(#876,#789,#797));
#892=FACE_OUTER_BOUND('',#891,.T.);
#893=FACETED_PRIMITIVE_FACE('',(#892));
#895=POLY_LOOP('',(#894,#841,#807));
#896=FACE_OUTER_BOUND('',#895,.T.);
#897=FACETED_PRIMITIVE_FACE('',(#896));
#899=POLY_LOOP('',(#898,#865,#781));
#900=FACE_OUTER_BOUND('',#899,.T.);
#901=FACETED_PRIMITIVE_FACE('',(#900));
#902=POLY_LOOP('',(#898,#781,#814));
#903=FACE_OUTER_BOUND('',#902,.T.);
#904=FACETED_PRIMITIVE_FACE('',(#903));
#906=POLY_LOOP('',(#905,#858,#777));
#907=FACE_OUTER_BOUND('',#906,.T.);
#908=FACETED_PRIMITIVE_FACE('',(#907));
#909=POLY_LOOP('',(#905,#777,#821));
#910=FACE_OUTER_BOUND('',#909,.T.);
#911=FACETED_PRIMITIVE_FACE('',(#910));
#912=POLY_LOOP('',(#905,#821,#869));
#913=FACE_OUTER_BOUND('',#912,.T.);
#914=FACETED_PRIMITIVE_FACE('',(#913));
#916=POLY_LOOP('',(#915,#452,#432));
#917=FACE_OUTER_BOUND('',#916,.T.);
#918=FACETED_PRIMITIVE_FACE('',(#917));
#919=POLY_LOOP('',(#915,#464,#452));
#920=FACE_OUTER_BOUND('',#919,.T.);
#921=FACETED_PRIMITIVE_FACE('',(#920));
#922=POLY_LOOP('',(#915,#432,#828));
#923=FACE_OUTER_BOUND('',#922,.T.);
#924=FACETED_PRIMITIVE_FACE('',(#923));
#926=POLY_LOOP('',(#925,#841,#894));
#927=FACE_OUTER_BOUND('',#926,.T.);
#928=FACETED_PRIMITIVE_FACE('',(#927));
#929=POLY_LOOP('',(#925,#869,#785));
#930=FACE_OUTER_BOUND('',#929,.T.);
#931=FACETED_PRIMITIVE_FACE('',(#930));
#932=POLY_LOOP('',(#925,#785,#841));
#933=FACE_OUTER_BOUND('',#932,.T.);
#934=FACETED_PRIMITIVE_FACE('',(#933));
#936=POLY_LOOP('',(#935,#894,#807));
#937=FACE_OUTER_BOUND('',#936,.T.);
#938=FACETED_PRIMITIVE_FACE('',(#937));
#939=POLY_LOOP('',(#935,#807,#851));
#940=FACE_OUTER_BOUND('',#939,.T.);
#941=FACETED_PRIMITIVE_FACE('',(#940));
#943=POLY_LOOP('',(#942,#858,#905));
#944=FACE_OUTER_BOUND('',#943,.T.);
#945=FACETED_PRIMITIVE_FACE('',(#944));
#946=POLY_LOOP('',(#942,#814,#858));
#947=FACE_OUTER_BOUND('',#946,.T.);
#948=FACETED_PRIMITIVE_FACE('',(#947));
#949=POLY_LOOP('',(#942,#898,#814));
#950=FACE_OUTER_BOUND('',#949,.T.);
#951=FACETED_PRIMITIVE_FACE('',(#950));
#953=POLY_LOOP('',(#952,#828,#865));
#954=FACE_OUTER_BOUND('',#953,.T.);
#955=FACETED_PRIMITIVE_FACE('',(#954));
#956=POLY_LOOP('',(#952,#915,#828));
#957=FACE_OUTER_BOUND('',#956,.T.);
#958=FACETED_PRIMITIVE_FACE('',(#957));
#960=POLY_LOOP('',(#959,#905,#869));
#961=FACE_OUTER_BOUND('',#960,.T.);
#962=FACETED_PRIMITIVE_FACE('',(#961));
#964=POLY_LOOP('',(#963,#876,#887));
#965=FACE_OUTER_BOUND('',#964,.T.);
#966=FACETED_PRIMITIVE_FACE('',(#965));
#967=POLY_LOOP('',(#963,#935,#851));
#968=FACE_OUTER_BOUND('',#967,.T.);
#969=FACETED_PRIMITIVE_FACE('',(#968));
#971=POLY_LOOP('',(#963,#887,#970));
#972=FACE_OUTER_BOUND('',#971,.T.);
#973=FACETED_PRIMITIVE_FACE('',(#972));
#975=POLY_LOOP('',(#963,#970,#974));
#976=FACE_OUTER_BOUND('',#975,.T.);
#977=FACETED_PRIMITIVE_FACE('',(#976));
#978=POLY_LOOP('',(#963,#851,#876));
#979=FACE_OUTER_BOUND('',#978,.T.);
#980=FACETED_PRIMITIVE_FACE('',(#979));
#982=POLY_LOOP('',(#981,#925,#894));
#983=FACE_OUTER_BOUND('',#982,.T.);
#984=FACETED_PRIMITIVE_FACE('',(#983));
#986=POLY_LOOP('',(#985,#898,#942));
#987=FACE_OUTER_BOUND('',#986,.T.);
#988=FACETED_PRIMITIVE_FACE('',(#987));
#989=POLY_LOOP('',(#985,#952,#865));
#990=FACE_OUTER_BOUND('',#989,.T.);
#991=FACETED_PRIMITIVE_FACE('',(#990));
#992=POLY_LOOP('',(#985,#865,#898));
#993=FACE_OUTER_BOUND('',#992,.T.);
#994=FACETED_PRIMITIVE_FACE('',(#993));
#996=POLY_LOOP('',(#995,#942,#905));
#997=FACE_OUTER_BOUND('',#996,.T.);
#998=FACETED_PRIMITIVE_FACE('',(#997));
#1000=POLY_LOOP('',(#999,#472,#464));
#1001=FACE_OUTER_BOUND('',#1000,.T.);
#1002=FACETED_PRIMITIVE_FACE('',(#1001));
#1003=POLY_LOOP('',(#999,#460,#472));
#1004=FACE_OUTER_BOUND('',#1003,.T.);
#1005=FACETED_PRIMITIVE_FACE('',(#1004));
#1006=POLY_LOOP('',(#999,#464,#915));
#1007=FACE_OUTER_BOUND('',#1006,.T.);
#1008=FACETED_PRIMITIVE_FACE('',(#1007));
#1010=POLY_LOOP('',(#1009,#869,#925));
#1011=FACE_OUTER_BOUND('',#1010,.T.);
#1012=FACETED_PRIMITIVE_FACE('',(#1011));
#1013=POLY_LOOP('',(#1009,#959,#869));
#1014=FACE_OUTER_BOUND('',#1013,.T.);
#1015=FACETED_PRIMITIVE_FACE('',(#1014));
#1017=POLY_LOOP('',(#1016,#981,#894));
#1018=FACE_OUTER_BOUND('',#1017,.T.);
#1019=FACETED_PRIMITIVE_FACE('',(#1018));
#1020=POLY_LOOP('',(#1016,#894,#935));
#1021=FACE_OUTER_BOUND('',#1020,.T.);
#1022=FACETED_PRIMITIVE_FACE('',(#1021));
#1024=POLY_LOOP('',(#1023,#942,#995));
#1025=FACE_OUTER_BOUND('',#1024,.T.);
#1026=FACETED_PRIMITIVE_FACE('',(#1025));
#1027=POLY_LOOP('',(#1023,#985,#942));
#1028=FACE_OUTER_BOUND('',#1027,.T.);
#1029=FACETED_PRIMITIVE_FACE('',(#1028));
#1031=POLY_LOOP('',(#1030,#999,#915));
#1032=FACE_OUTER_BOUND('',#1031,.T.);
#1033=FACETED_PRIMITIVE_FACE('',(#1032));
#1034=POLY_LOOP('',(#1030,#915,#952));
#1035=FACE_OUTER_BOUND('',#1034,.T.);
#1036=FACETED_PRIMITIVE_FACE('',(#1035));
#1038=POLY_LOOP('',(#1037,#905,#959));
#1039=FACE_OUTER_BOUND('',#1038,.T.);
#1040=FACETED_PRIMITIVE_FACE('',(#1039));
#1041=POLY_LOOP('',(#1037,#995,#905));
#1042=FACE_OUTER_BOUND('',#1041,.T.);
#1043=FACETED_PRIMITIVE_FACE('',(#1042));
#1044=POLY_LOOP('',(#1037,#959,#1009));
#1045=FACE_OUTER_BOUND('',#1044,.T.);
#1046=FACETED_PRIMITIVE_FACE('',(#1045));
#1048=POLY_LOOP('',(#1047,#1016,#935));
#1049=FACE_OUTER_BOUND('',#1048,.T.);
#1050=FACETED_PRIMITIVE_FACE('',(#1049));
#1051=POLY_LOOP('',(#1047,#963,#974));
#1052=FACE_OUTER_BOUND('',#1051,.T.);
#1053=FACETED_PRIMITIVE_FACE('',(#1052));
#1054=POLY_LOOP('',(#1047,#935,#963));
#1055=FACE_OUTER_BOUND('',#1054,.T.);
#1056=FACETED_PRIMITIVE_FACE('',(#1055));
#1058=POLY_LOOP('',(#1047,#974,#1057));
#1059=FACE_OUTER_BOUND('',#1058,.T.);
#1060=FACETED_PRIMITIVE_FACE('',(#1059));
#1062=POLY_LOOP('',(#1047,#1057,#1061));
#1063=FACE_OUTER_BOUND('',#1062,.T.);
#1064=FACETED_PRIMITIVE_FACE('',(#1063));
#1066=POLY_LOOP('',(#1065,#925,#981));
#1067=FACE_OUTER_BOUND('',#1066,.T.);
#1068=FACETED_PRIMITIVE_FACE('',(#1067));
#1069=POLY_LOOP('',(#1065,#1009,#925));
#1070=FACE_OUTER_BOUND('',#1069,.T.);
#1071=FACETED_PRIMITIVE_FACE('',(#1070));
#1073=POLY_LOOP('',(#1072,#1030,#952));
#1074=FACE_OUTER_BOUND('',#1073,.T.);
#1075=FACETED_PRIMITIVE_FACE('',(#1074));
#1076=POLY_LOOP('',(#1072,#952,#985));
#1077=FACE_OUTER_BOUND('',#1076,.T.);
#1078=FACETED_PRIMITIVE_FACE('',(#1077));
#1080=POLY_LOOP('',(#1079,#1023,#995));
#1081=FACE_OUTER_BOUND('',#1080,.T.);
#1082=FACETED_PRIMITIVE_FACE('',(#1081));
#1084=POLY_LOOP('',(#1083,#440,#460));
#1085=FACE_OUTER_BOUND('',#1084,.T.);
#1086=FACETED_PRIMITIVE_FACE('',(#1085));
#1087=POLY_LOOP('',(#1083,#460,#999));
#1088=FACE_OUTER_BOUND('',#1087,.T.);
#1089=FACETED_PRIMITIVE_FACE('',(#1088));
#1091=POLY_LOOP('',(#1090,#1009,#1065));
#1092=FACE_OUTER_BOUND('',#1091,.T.);
#1093=FACETED_PRIMITIVE_FACE('',(#1092));
#1094=POLY_LOOP('',(#1090,#1037,#1009));
#1095=FACE_OUTER_BOUND('',#1094,.T.);
#1096=FACETED_PRIMITIVE_FACE('',(#1095));
#1098=POLY_LOOP('',(#1097,#1065,#981));
#1099=FACE_OUTER_BOUND('',#1098,.T.);
#1100=FACETED_PRIMITIVE_FACE('',(#1099));
#1101=POLY_LOOP('',(#1097,#981,#1016));
#1102=FACE_OUTER_BOUND('',#1101,.T.);
#1103=FACETED_PRIMITIVE_FACE('',(#1102));
#1105=POLY_LOOP('',(#1104,#985,#1023));
#1106=FACE_OUTER_BOUND('',#1105,.T.);
#1107=FACETED_PRIMITIVE_FACE('',(#1106));
#1108=POLY_LOOP('',(#1104,#1072,#985));
#1109=FACE_OUTER_BOUND('',#1108,.T.);
#1110=FACETED_PRIMITIVE_FACE('',(#1109));
#1112=POLY_LOOP('',(#1111,#1083,#999));
#1113=FACE_OUTER_BOUND('',#1112,.T.);
#1114=FACETED_PRIMITIVE_FACE('',(#1113));
#1115=POLY_LOOP('',(#1111,#999,#1030));
#1116=FACE_OUTER_BOUND('',#1115,.T.);
#1117=FACETED_PRIMITIVE_FACE('',(#1116));
#1119=POLY_LOOP('',(#1118,#995,#1037));
#1120=FACE_OUTER_BOUND('',#1119,.T.);
#1121=FACETED_PRIMITIVE_FACE('',(#1120));
#1122=POLY_LOOP('',(#1118,#1079,#995));
#1123=FACE_OUTER_BOUND('',#1122,.T.);
#1124=FACETED_PRIMITIVE_FACE('',(#1123));
#1126=POLY_LOOP('',(#1125,#1016,#1047));
#1127=FACE_OUTER_BOUND('',#1126,.T.);
#1128=FACETED_PRIMITIVE_FACE('',(#1127));
#1129=POLY_LOOP('',(#1125,#1097,#1016));
#1130=FACE_OUTER_BOUND('',#1129,.T.);
#1131=FACETED_PRIMITIVE_FACE('',(#1130));
#1133=POLY_LOOP('',(#1125,#1061,#1132));
#1134=FACE_OUTER_BOUND('',#1133,.T.);
#1135=FACETED_PRIMITIVE_FACE('',(#1134));
#1137=POLY_LOOP('',(#1125,#1132,#1136));
#1138=FACE_OUTER_BOUND('',#1137,.T.);
#1139=FACETED_PRIMITIVE_FACE('',(#1138));
#1140=POLY_LOOP('',(#1125,#1047,#1061));
#1141=FACE_OUTER_BOUND('',#1140,.T.);
#1142=FACETED_PRIMITIVE_FACE('',(#1141));
#1144=POLY_LOOP('',(#1143,#1090,#1065));
#1145=FACE_OUTER_BOUND('',#1144,.T.);
#1146=FACETED_PRIMITIVE_FACE('',(#1145));
#1150=POLY_LOOP('',(#1147,#1148,#1149));
#1151=FACE_OUTER_BOUND('',#1150,.T.);
#1152=FACETED_PRIMITIVE_FACE('',(#1151));
#1154=POLY_LOOP('',(#1147,#1153,#1148));
#1155=FACE_OUTER_BOUND('',#1154,.T.);
#1156=FACETED_PRIMITIVE_FACE('',(#1155));
#1157=POLY_LOOP('',(#1147,#1030,#1072));
#1158=FACE_OUTER_BOUND('',#1157,.T.);
#1159=FACETED_PRIMITIVE_FACE('',(#1158));
#1160=POLY_LOOP('',(#1147,#1149,#1111));
#1161=FACE_OUTER_BOUND('',#1160,.T.);
#1162=FACETED_PRIMITIVE_FACE('',(#1161));
#1163=POLY_LOOP('',(#1147,#1111,#1030));
#1164=FACE_OUTER_BOUND('',#1163,.T.);
#1165=FACETED_PRIMITIVE_FACE('',(#1164));
#1167=POLY_LOOP('',(#1166,#1023,#1079));
#1168=FACE_OUTER_BOUND('',#1167,.T.);
#1169=FACETED_PRIMITIVE_FACE('',(#1168));
#1170=POLY_LOOP('',(#1166,#1104,#1023));
#1171=FACE_OUTER_BOUND('',#1170,.T.);
#1172=FACETED_PRIMITIVE_FACE('',(#1171));
#1174=POLY_LOOP('',(#1173,#1037,#1090));
#1175=FACE_OUTER_BOUND('',#1174,.T.);
#1176=FACETED_PRIMITIVE_FACE('',(#1175));
#1177=POLY_LOOP('',(#1173,#1118,#1037));
#1178=FACE_OUTER_BOUND('',#1177,.T.);
#1179=FACETED_PRIMITIVE_FACE('',(#1178));
#1181=POLY_LOOP('',(#1180,#1065,#1097));
#1182=FACE_OUTER_BOUND('',#1181,.T.);
#1183=FACETED_PRIMITIVE_FACE('',(#1182));
#1184=POLY_LOOP('',(#1180,#1097,#1125));
#1185=FACE_OUTER_BOUND('',#1184,.T.);
#1186=FACETED_PRIMITIVE_FACE('',(#1185));
#1187=POLY_LOOP('',(#1180,#1143,#1065));
#1188=FACE_OUTER_BOUND('',#1187,.T.);
#1189=FACETED_PRIMITIVE_FACE('',(#1188));
#1191=POLY_LOOP('',(#1190,#1153,#1147));
#1192=FACE_OUTER_BOUND('',#1191,.T.);
#1193=FACETED_PRIMITIVE_FACE('',(#1192));
#1195=POLY_LOOP('',(#1190,#1194,#1153));
#1196=FACE_OUTER_BOUND('',#1195,.T.);
#1197=FACETED_PRIMITIVE_FACE('',(#1196));
#1199=POLY_LOOP('',(#1190,#1198,#1194));
#1200=FACE_OUTER_BOUND('',#1199,.T.);
#1201=FACETED_PRIMITIVE_FACE('',(#1200));
#1202=POLY_LOOP('',(#1190,#1072,#1104));
#1203=FACE_OUTER_BOUND('',#1202,.T.);
#1204=FACETED_PRIMITIVE_FACE('',(#1203));
#1205=POLY_LOOP('',(#1190,#1147,#1072));
#1206=FACE_OUTER_BOUND('',#1205,.T.);
#1207=FACETED_PRIMITIVE_FACE('',(#1206));
#1209=POLY_LOOP('',(#1208,#1166,#1079));
#1210=FACE_OUTER_BOUND('',#1209,.T.);
#1211=FACETED_PRIMITIVE_FACE('',(#1210));
#1212=POLY_LOOP('',(#1208,#1079,#1118));
#1213=FACE_OUTER_BOUND('',#1212,.T.);
#1214=FACETED_PRIMITIVE_FACE('',(#1213));
#1215=POLY_LOOP('',(#1208,#1118,#1173));
#1216=FACE_OUTER_BOUND('',#1215,.T.);
#1217=FACETED_PRIMITIVE_FACE('',(#1216));
#1219=POLY_LOOP('',(#1218,#1180,#1125));
#1220=FACE_OUTER_BOUND('',#1219,.T.);
#1221=FACETED_PRIMITIVE_FACE('',(#1220));
#1223=POLY_LOOP('',(#1218,#1136,#1222));
#1224=FACE_OUTER_BOUND('',#1223,.T.);
#1225=FACETED_PRIMITIVE_FACE('',(#1224));
#1227=POLY_LOOP('',(#1218,#1222,#1226));
#1228=FACE_OUTER_BOUND('',#1227,.T.);
#1229=FACETED_PRIMITIVE_FACE('',(#1228));
#1230=POLY_LOOP('',(#1218,#1125,#1136));
#1231=FACE_OUTER_BOUND('',#1230,.T.);
#1232=FACETED_PRIMITIVE_FACE('',(#1231));
#1234=POLY_LOOP('',(#1233,#1090,#1143));
#1235=FACE_OUTER_BOUND('',#1234,.T.);
#1236=FACETED_PRIMITIVE_FACE('',(#1235));
#1237=POLY_LOOP('',(#1233,#1143,#1180));
#1238=FACE_OUTER_BOUND('',#1237,.T.);
#1239=FACETED_PRIMITIVE_FACE('',(#1238));
#1240=POLY_LOOP('',(#1233,#1173,#1090));
#1241=FACE_OUTER_BOUND('',#1240,.T.);
#1242=FACETED_PRIMITIVE_FACE('',(#1241));
#1244=POLY_LOOP('',(#1243,#1190,#1104));
#1245=FACE_OUTER_BOUND('',#1244,.T.);
#1246=FACETED_PRIMITIVE_FACE('',(#1245));
#1248=POLY_LOOP('',(#1243,#1247,#1198));
#1249=FACE_OUTER_BOUND('',#1248,.T.);
#1250=FACETED_PRIMITIVE_FACE('',(#1249));
#1252=POLY_LOOP('',(#1243,#1251,#1247));
#1253=FACE_OUTER_BOUND('',#1252,.T.);
#1254=FACETED_PRIMITIVE_FACE('',(#1253));
#1255=POLY_LOOP('',(#1243,#1104,#1166));
#1256=FACE_OUTER_BOUND('',#1255,.T.);
#1257=FACETED_PRIMITIVE_FACE('',(#1256));
#1258=POLY_LOOP('',(#1243,#1198,#1190));
#1259=FACE_OUTER_BOUND('',#1258,.T.);
#1260=FACETED_PRIMITIVE_FACE('',(#1259));
#1262=POLY_LOOP('',(#1261,#1173,#1233));
#1263=FACE_OUTER_BOUND('',#1262,.T.);
#1264=FACETED_PRIMITIVE_FACE('',(#1263));
#1265=POLY_LOOP('',(#1261,#1208,#1173));
#1266=FACE_OUTER_BOUND('',#1265,.T.);
#1267=FACETED_PRIMITIVE_FACE('',(#1266));
#1269=POLY_LOOP('',(#1268,#1233,#1180));
#1270=FACE_OUTER_BOUND('',#1269,.T.);
#1271=FACETED_PRIMITIVE_FACE('',(#1270));
#1273=POLY_LOOP('',(#1272,#1166,#1208));
#1274=FACE_OUTER_BOUND('',#1273,.T.);
#1275=FACETED_PRIMITIVE_FACE('',(#1274));
#1277=POLY_LOOP('',(#1272,#1276,#1251));
#1278=FACE_OUTER_BOUND('',#1277,.T.);
#1279=FACETED_PRIMITIVE_FACE('',(#1278));
#1281=POLY_LOOP('',(#1272,#1280,#1276));
#1282=FACE_OUTER_BOUND('',#1281,.T.);
#1283=FACETED_PRIMITIVE_FACE('',(#1282));
#1284=POLY_LOOP('',(#1272,#1251,#1243));
#1285=FACE_OUTER_BOUND('',#1284,.T.);
#1286=FACETED_PRIMITIVE_FACE('',(#1285));
#1287=POLY_LOOP('',(#1272,#1243,#1166));
#1288=FACE_OUTER_BOUND('',#1287,.T.);
#1289=FACETED_PRIMITIVE_FACE('',(#1288));
#1291=POLY_LOOP('',(#1290,#1218,#1226));
#1292=FACE_OUTER_BOUND('',#1291,.T.);
#1293=FACETED_PRIMITIVE_FACE('',(#1292));
#1294=POLY_LOOP('',(#1290,#1268,#1180));
#1295=FACE_OUTER_BOUND('',#1294,.T.);
#1296=FACETED_PRIMITIVE_FACE('',(#1295));
#1298=POLY_LOOP('',(#1290,#1226,#1297));
#1299=FACE_OUTER_BOUND('',#1298,.T.);
#1300=FACETED_PRIMITIVE_FACE('',(#1299));
#1302=POLY_LOOP('',(#1290,#1297,#1301));
#1303=FACE_OUTER_BOUND('',#1302,.T.);
#1304=FACETED_PRIMITIVE_FACE('',(#1303));
#1305=POLY_LOOP('',(#1290,#1180,#1218));
#1306=FACE_OUTER_BOUND('',#1305,.T.);
#1307=FACETED_PRIMITIVE_FACE('',(#1306));
#1309=POLY_LOOP('',(#1308,#1233,#1268));
#1310=FACE_OUTER_BOUND('',#1309,.T.);
#1311=FACETED_PRIMITIVE_FACE('',(#1310));
#1312=POLY_LOOP('',(#1308,#1261,#1233));
#1313=FACE_OUTER_BOUND('',#1312,.T.);
#1314=FACETED_PRIMITIVE_FACE('',(#1313));
#1316=POLY_LOOP('',(#1315,#1272,#1208));
#1317=FACE_OUTER_BOUND('',#1316,.T.);
#1318=FACETED_PRIMITIVE_FACE('',(#1317));
#1319=POLY_LOOP('',(#1315,#1280,#1272));
#1320=FACE_OUTER_BOUND('',#1319,.T.);
#1321=FACETED_PRIMITIVE_FACE('',(#1320));
#1323=POLY_LOOP('',(#1315,#1322,#1280));
#1324=FACE_OUTER_BOUND('',#1323,.T.);
#1325=FACETED_PRIMITIVE_FACE('',(#1324));
#1327=POLY_LOOP('',(#1315,#1326,#1322));
#1328=FACE_OUTER_BOUND('',#1327,.T.);
#1329=FACETED_PRIMITIVE_FACE('',(#1328));
#1330=POLY_LOOP('',(#1315,#1208,#1261));
#1331=FACE_OUTER_BOUND('',#1330,.T.);
#1332=FACETED_PRIMITIVE_FACE('',(#1331));
#1333=POLY_LOOP('',(#1315,#1261,#1308));
#1334=FACE_OUTER_BOUND('',#1333,.T.);
#1335=FACETED_PRIMITIVE_FACE('',(#1334));
#1337=POLY_LOOP('',(#1336,#1308,#1268));
#1338=FACE_OUTER_BOUND('',#1337,.T.);
#1339=FACETED_PRIMITIVE_FACE('',(#1338));
#1341=POLY_LOOP('',(#1340,#1268,#1290));
#1342=FACE_OUTER_BOUND('',#1341,.T.);
#1343=FACETED_PRIMITIVE_FACE('',(#1342));
#1344=POLY_LOOP('',(#1340,#1290,#1301));
#1345=FACE_OUTER_BOUND('',#1344,.T.);
#1346=FACETED_PRIMITIVE_FACE('',(#1345));
#1347=POLY_LOOP('',(#1340,#1336,#1268));
#1348=FACE_OUTER_BOUND('',#1347,.T.);
#1349=FACETED_PRIMITIVE_FACE('',(#1348));
#1351=POLY_LOOP('',(#1340,#1301,#1350));
#1352=FACE_OUTER_BOUND('',#1351,.T.);
#1353=FACETED_PRIMITIVE_FACE('',(#1352));
#1355=POLY_LOOP('',(#1340,#1350,#1354));
#1356=FACE_OUTER_BOUND('',#1355,.T.);
#1357=FACETED_PRIMITIVE_FACE('',(#1356));
#1359=POLY_LOOP('',(#1358,#1315,#1308));
#1360=FACE_OUTER_BOUND('',#1359,.T.);
#1361=FACETED_PRIMITIVE_FACE('',(#1360));
#1362=POLY_LOOP('',(#1358,#1308,#1336));
#1363=FACE_OUTER_BOUND('',#1362,.T.);
#1364=FACETED_PRIMITIVE_FACE('',(#1363));
#1366=POLY_LOOP('',(#1358,#1365,#1326));
#1367=FACE_OUTER_BOUND('',#1366,.T.);
#1368=FACETED_PRIMITIVE_FACE('',(#1367));
#1370=POLY_LOOP('',(#1358,#1369,#1365));
#1371=FACE_OUTER_BOUND('',#1370,.T.);
#1372=FACETED_PRIMITIVE_FACE('',(#1371));
#1373=POLY_LOOP('',(#1358,#1326,#1315));
#1374=FACE_OUTER_BOUND('',#1373,.T.);
#1375=FACETED_PRIMITIVE_FACE('',(#1374));
#1377=POLY_LOOP('',(#1376,#1358,#1336));
#1378=FACE_OUTER_BOUND('',#1377,.T.);
#1379=FACETED_PRIMITIVE_FACE('',(#1378));
#1381=POLY_LOOP('',(#1376,#1380,#1369));
#1382=FACE_OUTER_BOUND('',#1381,.T.);
#1383=FACETED_PRIMITIVE_FACE('',(#1382));
#1384=POLY_LOOP('',(#1376,#1369,#1358));
#1385=FACE_OUTER_BOUND('',#1384,.T.);
#1386=FACETED_PRIMITIVE_FACE('',(#1385));
#1388=POLY_LOOP('',(#1387,#1336,#1340));
#1389=FACE_OUTER_BOUND('',#1388,.T.);
#1390=FACETED_PRIMITIVE_FACE('',(#1389));
#1391=POLY_LOOP('',(#1387,#1340,#1354));
#1392=FACE_OUTER_BOUND('',#1391,.T.);
#1393=FACETED_PRIMITIVE_FACE('',(#1392));
#1394=POLY_LOOP('',(#1387,#1376,#1336));
#1395=FACE_OUTER_BOUND('',#1394,.T.);
#1396=FACETED_PRIMITIVE_FACE('',(#1395));
#1398=POLY_LOOP('',(#1387,#1354,#1397));
#1399=FACE_OUTER_BOUND('',#1398,.T.);
#1400=FACETED_PRIMITIVE_FACE('',(#1399));
#1402=POLY_LOOP('',(#1401,#424,#440));
#1403=FACE_OUTER_BOUND('',#1402,.T.);
#1404=FACETED_PRIMITIVE_FACE('',(#1403));
#1405=POLY_LOOP('',(#1401,#440,#1083));
#1406=FACE_OUTER_BOUND('',#1405,.T.);
#1407=FACETED_PRIMITIVE_FACE('',(#1406));
#1408=POLY_LOOP('',(#1401,#1083,#1111));
#1409=FACE_OUTER_BOUND('',#1408,.T.);
#1410=FACETED_PRIMITIVE_FACE('',(#1409));
#1412=POLY_LOOP('',(#1411,#410,#424));
#1413=FACE_OUTER_BOUND('',#1412,.T.);
#1414=FACETED_PRIMITIVE_FACE('',(#1413));
#1417=POLY_LOOP('',(#1411,#1415,#1416));
#1418=FACE_OUTER_BOUND('',#1417,.T.);
#1419=FACETED_PRIMITIVE_FACE('',(#1418));
#1420=POLY_LOOP('',(#1411,#1149,#1415));
#1421=FACE_OUTER_BOUND('',#1420,.T.);
#1422=FACETED_PRIMITIVE_FACE('',(#1421));
#1423=POLY_LOOP('',(#1411,#424,#1401));
#1424=FACE_OUTER_BOUND('',#1423,.T.);
#1425=FACETED_PRIMITIVE_FACE('',(#1424));
#1426=POLY_LOOP('',(#1411,#1401,#1111));
#1427=FACE_OUTER_BOUND('',#1426,.T.);
#1428=FACETED_PRIMITIVE_FACE('',(#1427));
#1429=POLY_LOOP('',(#1411,#1111,#1149));
#1430=FACE_OUTER_BOUND('',#1429,.T.);
#1431=FACETED_PRIMITIVE_FACE('',(#1430));
#1433=POLY_LOOP('',(#1432,#1411,#1416));
#1434=FACE_OUTER_BOUND('',#1433,.T.);
#1435=FACETED_PRIMITIVE_FACE('',(#1434));
#1436=POLY_LOOP('',(#1432,#410,#1411));
#1437=FACE_OUTER_BOUND('',#1436,.T.);
#1438=FACETED_PRIMITIVE_FACE('',(#1437));
#1439=POLY_LOOP('',(#1432,#520,#410));
#1440=FACE_OUTER_BOUND('',#1439,.T.);
#1441=FACETED_PRIMITIVE_FACE('',(#1440));
#1443=POLY_LOOP('',(#1432,#1442,#520));
#1444=FACE_OUTER_BOUND('',#1443,.T.);
#1445=FACETED_PRIMITIVE_FACE('',(#1444));
#1447=POLY_LOOP('',(#1432,#1446,#1442));
#1448=FACE_OUTER_BOUND('',#1447,.T.);
#1449=FACETED_PRIMITIVE_FACE('',(#1448));
#1451=POLY_LOOP('',(#1432,#1450,#1446));
#1452=FACE_OUTER_BOUND('',#1451,.T.);
#1453=FACETED_PRIMITIVE_FACE('',(#1452));
#1455=POLY_LOOP('',(#1432,#1454,#1450));
#1456=FACE_OUTER_BOUND('',#1455,.T.);
#1457=FACETED_PRIMITIVE_FACE('',(#1456));
#1458=POLY_LOOP('',(#1432,#1416,#1454));
#1459=FACE_OUTER_BOUND('',#1458,.T.);
#1460=FACETED_PRIMITIVE_FACE('',(#1459));
#1462=POLY_LOOP('',(#1461,#1376,#1387));
#1463=FACE_OUTER_BOUND('',#1462,.T.);
#1464=FACETED_PRIMITIVE_FACE('',(#1463));
#1465=POLY_LOOP('',(#1461,#1387,#1397));
#1466=FACE_OUTER_BOUND('',#1465,.T.);
#1467=FACETED_PRIMITIVE_FACE('',(#1466));
#1469=POLY_LOOP('',(#1461,#1397,#1468));
#1470=FACE_OUTER_BOUND('',#1469,.T.);
#1471=FACETED_PRIMITIVE_FACE('',(#1470));
#1474=POLY_LOOP('',(#1472,#1473,#1380));
#1475=FACE_OUTER_BOUND('',#1474,.T.);
#1476=FACETED_PRIMITIVE_FACE('',(#1475));
#1477=POLY_LOOP('',(#1472,#1461,#1468));
#1478=FACE_OUTER_BOUND('',#1477,.T.);
#1479=FACETED_PRIMITIVE_FACE('',(#1478));
#1480=POLY_LOOP('',(#1472,#1468,#526));
#1481=FACE_OUTER_BOUND('',#1480,.T.);
#1482=FACETED_PRIMITIVE_FACE('',(#1481));
#1483=POLY_LOOP('',(#1472,#1380,#1376));
#1484=FACE_OUTER_BOUND('',#1483,.T.);
#1485=FACETED_PRIMITIVE_FACE('',(#1484));
#1486=POLY_LOOP('',(#1472,#1376,#1461));
#1487=FACE_OUTER_BOUND('',#1486,.T.);
#1488=FACETED_PRIMITIVE_FACE('',(#1487));
#1491=POLY_LOOP('',(#1489,#1490,#1473));
#1492=FACE_OUTER_BOUND('',#1491,.T.);
#1493=FACETED_PRIMITIVE_FACE('',(#1492));
#1495=POLY_LOOP('',(#1489,#1494,#1490));
#1496=FACE_OUTER_BOUND('',#1495,.T.);
#1497=FACETED_PRIMITIVE_FACE('',(#1496));
#1499=POLY_LOOP('',(#1489,#1498,#1494));
#1500=FACE_OUTER_BOUND('',#1499,.T.);
#1501=FACETED_PRIMITIVE_FACE('',(#1500));
#1502=POLY_LOOP('',(#1489,#525,#1498));
#1503=FACE_OUTER_BOUND('',#1502,.T.);
#1504=FACETED_PRIMITIVE_FACE('',(#1503));
#1505=POLY_LOOP('',(#1489,#1473,#1472));
#1506=FACE_OUTER_BOUND('',#1505,.T.);
#1507=FACETED_PRIMITIVE_FACE('',(#1506));
#1508=POLY_LOOP('',(#1489,#1472,#526));
#1509=FACE_OUTER_BOUND('',#1508,.T.);
#1510=FACETED_PRIMITIVE_FACE('',(#1509));
#1511=POLY_LOOP('',(#1489,#526,#525));
#1512=FACE_OUTER_BOUND('',#1511,.T.);
#1513=FACETED_PRIMITIVE_FACE('',(#1512));
#1516=POLY_LOOP('',(#1149,#1514,#1515));
#1517=FACE_OUTER_BOUND('',#1516,.T.);
#1518=FACETED_PRIMITIVE_FACE('',(#1517));
#1519=POLY_LOOP('',(#1149,#1515,#1415));
#1520=FACE_OUTER_BOUND('',#1519,.T.);
#1521=FACETED_PRIMITIVE_FACE('',(#1520));
#1523=POLY_LOOP('',(#1416,#1515,#1522));
#1524=FACE_OUTER_BOUND('',#1523,.T.);
#1525=FACETED_PRIMITIVE_FACE('',(#1524));
#1526=POLY_LOOP('',(#1416,#1415,#1515));
#1527=FACE_OUTER_BOUND('',#1526,.T.);
#1528=FACETED_PRIMITIVE_FACE('',(#1527));
#1530=POLY_LOOP('',(#1148,#1529,#1514));
#1531=FACE_OUTER_BOUND('',#1530,.T.);
#1532=FACETED_PRIMITIVE_FACE('',(#1531));
#1533=POLY_LOOP('',(#1148,#1514,#1149));
#1534=FACE_OUTER_BOUND('',#1533,.T.);
#1535=FACETED_PRIMITIVE_FACE('',(#1534));
#1537=POLY_LOOP('',(#1454,#1522,#1536));
#1538=FACE_OUTER_BOUND('',#1537,.T.);
#1539=FACETED_PRIMITIVE_FACE('',(#1538));
#1540=POLY_LOOP('',(#1454,#1416,#1522));
#1541=FACE_OUTER_BOUND('',#1540,.T.);
#1542=FACETED_PRIMITIVE_FACE('',(#1541));
#1543=POLY_LOOP('',(#1450,#1454,#1536));
#1544=FACE_OUTER_BOUND('',#1543,.T.);
#1545=FACETED_PRIMITIVE_FACE('',(#1544));
#1547=POLY_LOOP('',(#1153,#1546,#1529));
#1548=FACE_OUTER_BOUND('',#1547,.T.);
#1549=FACETED_PRIMITIVE_FACE('',(#1548));
#1550=POLY_LOOP('',(#1153,#1529,#1148));
#1551=FACE_OUTER_BOUND('',#1550,.T.);
#1552=FACETED_PRIMITIVE_FACE('',(#1551));
#1554=POLY_LOOP('',(#1446,#1536,#1553));
#1555=FACE_OUTER_BOUND('',#1554,.T.);
#1556=FACETED_PRIMITIVE_FACE('',(#1555));
#1557=POLY_LOOP('',(#1446,#1450,#1536));
#1558=FACE_OUTER_BOUND('',#1557,.T.);
#1559=FACETED_PRIMITIVE_FACE('',(#1558));
#1561=POLY_LOOP('',(#1194,#1560,#1546));
#1562=FACE_OUTER_BOUND('',#1561,.T.);
#1563=FACETED_PRIMITIVE_FACE('',(#1562));
#1564=POLY_LOOP('',(#1194,#1546,#1153));
#1565=FACE_OUTER_BOUND('',#1564,.T.);
#1566=FACETED_PRIMITIVE_FACE('',(#1565));
#1568=POLY_LOOP('',(#1442,#1553,#1567));
#1569=FACE_OUTER_BOUND('',#1568,.T.);
#1570=FACETED_PRIMITIVE_FACE('',(#1569));
#1571=POLY_LOOP('',(#1442,#1446,#1553));
#1572=FACE_OUTER_BOUND('',#1571,.T.);
#1573=FACETED_PRIMITIVE_FACE('',(#1572));
#1574=POLY_LOOP('',(#520,#1442,#1567));
#1575=FACE_OUTER_BOUND('',#1574,.T.);
#1576=FACETED_PRIMITIVE_FACE('',(#1575));
#1578=POLY_LOOP('',(#520,#1567,#1577));
#1579=FACE_OUTER_BOUND('',#1578,.T.);
#1580=FACETED_PRIMITIVE_FACE('',(#1579));
#1582=POLY_LOOP('',(#1198,#1581,#1560));
#1583=FACE_OUTER_BOUND('',#1582,.T.);
#1584=FACETED_PRIMITIVE_FACE('',(#1583));
#1585=POLY_LOOP('',(#1198,#1560,#1194));
#1586=FACE_OUTER_BOUND('',#1585,.T.);
#1587=FACETED_PRIMITIVE_FACE('',(#1586));
#1588=POLY_LOOP('',(#416,#520,#1577));
#1589=FACE_OUTER_BOUND('',#1588,.T.);
#1590=FACETED_PRIMITIVE_FACE('',(#1589));
#1592=POLY_LOOP('',(#416,#1577,#1591));
#1593=FACE_OUTER_BOUND('',#1592,.T.);
#1594=FACETED_PRIMITIVE_FACE('',(#1593));
#1596=POLY_LOOP('',(#1247,#1595,#1581));
#1597=FACE_OUTER_BOUND('',#1596,.T.);
#1598=FACETED_PRIMITIVE_FACE('',(#1597));
#1599=POLY_LOOP('',(#1247,#1581,#1198));
#1600=FACE_OUTER_BOUND('',#1599,.T.);
#1601=FACETED_PRIMITIVE_FACE('',(#1600));
#1603=POLY_LOOP('',(#1251,#1602,#1595));
#1604=FACE_OUTER_BOUND('',#1603,.T.);
#1605=FACETED_PRIMITIVE_FACE('',(#1604));
#1606=POLY_LOOP('',(#1251,#1595,#1247));
#1607=FACE_OUTER_BOUND('',#1606,.T.);
#1608=FACETED_PRIMITIVE_FACE('',(#1607));
#1609=POLY_LOOP('',(#1276,#1602,#1251));
#1610=FACE_OUTER_BOUND('',#1609,.T.);
#1611=FACETED_PRIMITIVE_FACE('',(#1610));
#1613=POLY_LOOP('',(#1612,#1602,#1276));
#1614=FACE_OUTER_BOUND('',#1613,.T.);
#1615=FACETED_PRIMITIVE_FACE('',(#1614));
#1616=POLY_LOOP('',(#1280,#1612,#1276));
#1617=FACE_OUTER_BOUND('',#1616,.T.);
#1618=FACETED_PRIMITIVE_FACE('',(#1617));
#1620=POLY_LOOP('',(#1619,#1612,#1280));
#1621=FACE_OUTER_BOUND('',#1620,.T.);
#1622=FACETED_PRIMITIVE_FACE('',(#1621));
#1623=POLY_LOOP('',(#1322,#1619,#1280));
#1624=FACE_OUTER_BOUND('',#1623,.T.);
#1625=FACETED_PRIMITIVE_FACE('',(#1624));
#1627=POLY_LOOP('',(#1626,#1619,#1322));
#1628=FACE_OUTER_BOUND('',#1627,.T.);
#1629=FACETED_PRIMITIVE_FACE('',(#1628));
#1630=POLY_LOOP('',(#1326,#1626,#1322));
#1631=FACE_OUTER_BOUND('',#1630,.T.);
#1632=FACETED_PRIMITIVE_FACE('',(#1631));
#1634=POLY_LOOP('',(#1633,#1626,#1326));
#1635=FACE_OUTER_BOUND('',#1634,.T.);
#1636=FACETED_PRIMITIVE_FACE('',(#1635));
#1637=POLY_LOOP('',(#411,#416,#1591));
#1638=FACE_OUTER_BOUND('',#1637,.T.);
#1639=FACETED_PRIMITIVE_FACE('',(#1638));
#1641=POLY_LOOP('',(#411,#1591,#1640));
#1642=FACE_OUTER_BOUND('',#1641,.T.);
#1643=FACETED_PRIMITIVE_FACE('',(#1642));
#1644=POLY_LOOP('',(#1365,#1633,#1326));
#1645=FACE_OUTER_BOUND('',#1644,.T.);
#1646=FACETED_PRIMITIVE_FACE('',(#1645));
#1648=POLY_LOOP('',(#1647,#1633,#1365));
#1649=FACE_OUTER_BOUND('',#1648,.T.);
#1650=FACETED_PRIMITIVE_FACE('',(#1649));
#1651=POLY_LOOP('',(#1369,#1647,#1365));
#1652=FACE_OUTER_BOUND('',#1651,.T.);
#1653=FACETED_PRIMITIVE_FACE('',(#1652));
#1655=POLY_LOOP('',(#1654,#1647,#1369));
#1656=FACE_OUTER_BOUND('',#1655,.T.);
#1657=FACETED_PRIMITIVE_FACE('',(#1656));
#1658=POLY_LOOP('',(#1380,#1654,#1369));
#1659=FACE_OUTER_BOUND('',#1658,.T.);
#1660=FACETED_PRIMITIVE_FACE('',(#1659));
#1662=POLY_LOOP('',(#1661,#1654,#1380));
#1663=FACE_OUTER_BOUND('',#1662,.T.);
#1664=FACETED_PRIMITIVE_FACE('',(#1663));
#1666=POLY_LOOP('',(#1665,#1661,#1380));
#1667=FACE_OUTER_BOUND('',#1666,.T.);
#1668=FACETED_PRIMITIVE_FACE('',(#1667));
#1669=POLY_LOOP('',(#1473,#1665,#1380));
#1670=FACE_OUTER_BOUND('',#1669,.T.);
#1671=FACETED_PRIMITIVE_FACE('',(#1670));
#1673=POLY_LOOP('',(#1672,#1665,#1473));
#1674=FACE_OUTER_BOUND('',#1673,.T.);
#1675=FACETED_PRIMITIVE_FACE('',(#1674));
#1676=POLY_LOOP('',(#1490,#1672,#1473));
#1677=FACE_OUTER_BOUND('',#1676,.T.);
#1678=FACETED_PRIMITIVE_FACE('',(#1677));
#1680=POLY_LOOP('',(#1679,#1672,#1490));
#1681=FACE_OUTER_BOUND('',#1680,.T.);
#1682=FACETED_PRIMITIVE_FACE('',(#1681));
#1684=POLY_LOOP('',(#1683,#1679,#1490));
#1685=FACE_OUTER_BOUND('',#1684,.T.);
#1686=FACETED_PRIMITIVE_FACE('',(#1685));
#1687=POLY_LOOP('',(#1494,#1683,#1490));
#1688=FACE_OUTER_BOUND('',#1687,.T.);
#1689=FACETED_PRIMITIVE_FACE('',(#1688));
#1691=POLY_LOOP('',(#1690,#1683,#1494));
#1692=FACE_OUTER_BOUND('',#1691,.T.);
#1693=FACETED_PRIMITIVE_FACE('',(#1692));
#1694=POLY_LOOP('',(#1498,#1690,#1494));
#1695=FACE_OUTER_BOUND('',#1694,.T.);
#1696=FACETED_PRIMITIVE_FACE('',(#1695));
#1698=POLY_LOOP('',(#1697,#1498,#525));
#1699=FACE_OUTER_BOUND('',#1698,.T.);
#1700=FACETED_PRIMITIVE_FACE('',(#1699));
#1701=POLY_LOOP('',(#1697,#1690,#1498));
#1702=FACE_OUTER_BOUND('',#1701,.T.);
#1703=FACETED_PRIMITIVE_FACE('',(#1702));
#1705=POLY_LOOP('',(#1704,#525,#524));
#1706=FACE_OUTER_BOUND('',#1705,.T.);
#1707=FACETED_PRIMITIVE_FACE('',(#1706));
#1708=POLY_LOOP('',(#1704,#1697,#525));
#1709=FACE_OUTER_BOUND('',#1708,.T.);
#1710=FACETED_PRIMITIVE_FACE('',(#1709));
#1713=POLY_LOOP('',(#1711,#524,#1712));
#1714=FACE_OUTER_BOUND('',#1713,.T.);
#1715=FACETED_PRIMITIVE_FACE('',(#1714));
#1716=POLY_LOOP('',(#1711,#1704,#524));
#1717=FACE_OUTER_BOUND('',#1716,.T.);
#1718=FACETED_PRIMITIVE_FACE('',(#1717));
#1721=POLY_LOOP('',(#1719,#1720,#316));
#1722=FACE_OUTER_BOUND('',#1721,.T.);
#1723=FACETED_PRIMITIVE_FACE('',(#1722));
#1724=POLY_LOOP('',(#1719,#316,#322));
#1725=FACE_OUTER_BOUND('',#1724,.T.);
#1726=FACETED_PRIMITIVE_FACE('',(#1725));
#1728=POLY_LOOP('',(#1727,#330,#338));
#1729=FACE_OUTER_BOUND('',#1728,.T.);
#1730=FACETED_PRIMITIVE_FACE('',(#1729));
#1731=POLY_LOOP('',(#1727,#322,#330));
#1732=FACE_OUTER_BOUND('',#1731,.T.);
#1733=FACETED_PRIMITIVE_FACE('',(#1732));
#1734=POLY_LOOP('',(#1727,#1719,#322));
#1735=FACE_OUTER_BOUND('',#1734,.T.);
#1736=FACETED_PRIMITIVE_FACE('',(#1735));
#1738=POLY_LOOP('',(#1737,#1727,#338));
#1739=FACE_OUTER_BOUND('',#1738,.T.);
#1740=FACETED_PRIMITIVE_FACE('',(#1739));
#1742=POLY_LOOP('',(#1741,#338,#346));
#1743=FACE_OUTER_BOUND('',#1742,.T.);
#1744=FACETED_PRIMITIVE_FACE('',(#1743));
#1745=POLY_LOOP('',(#1741,#1737,#338));
#1746=FACE_OUTER_BOUND('',#1745,.T.);
#1747=FACETED_PRIMITIVE_FACE('',(#1746));
#1749=POLY_LOOP('',(#1748,#354,#359));
#1750=FACE_OUTER_BOUND('',#1749,.T.);
#1751=FACETED_PRIMITIVE_FACE('',(#1750));
#1752=POLY_LOOP('',(#1748,#346,#354));
#1753=FACE_OUTER_BOUND('',#1752,.T.);
#1754=FACETED_PRIMITIVE_FACE('',(#1753));
#1755=POLY_LOOP('',(#1748,#1741,#346));
#1756=FACE_OUTER_BOUND('',#1755,.T.);
#1757=FACETED_PRIMITIVE_FACE('',(#1756));
#1759=POLY_LOOP('',(#1758,#1748,#359));
#1760=FACE_OUTER_BOUND('',#1759,.T.);
#1761=FACETED_PRIMITIVE_FACE('',(#1760));
#1763=POLY_LOOP('',(#1762,#359,#367));
#1764=FACE_OUTER_BOUND('',#1763,.T.);
#1765=FACETED_PRIMITIVE_FACE('',(#1764));
#1766=POLY_LOOP('',(#1762,#1758,#359));
#1767=FACE_OUTER_BOUND('',#1766,.T.);
#1768=FACETED_PRIMITIVE_FACE('',(#1767));
#1770=POLY_LOOP('',(#1769,#375,#384));
#1771=FACE_OUTER_BOUND('',#1770,.T.);
#1772=FACETED_PRIMITIVE_FACE('',(#1771));
#1773=POLY_LOOP('',(#1769,#367,#375));
#1774=FACE_OUTER_BOUND('',#1773,.T.);
#1775=FACETED_PRIMITIVE_FACE('',(#1774));
#1776=POLY_LOOP('',(#1769,#1762,#367));
#1777=FACE_OUTER_BOUND('',#1776,.T.);
#1778=FACETED_PRIMITIVE_FACE('',(#1777));
#1780=POLY_LOOP('',(#1779,#1769,#384));
#1781=FACE_OUTER_BOUND('',#1780,.T.);
#1782=FACETED_PRIMITIVE_FACE('',(#1781));
#1784=POLY_LOOP('',(#1783,#383,#403));
#1785=FACE_OUTER_BOUND('',#1784,.T.);
#1786=FACETED_PRIMITIVE_FACE('',(#1785));
#1787=POLY_LOOP('',(#1783,#384,#383));
#1788=FACE_OUTER_BOUND('',#1787,.T.);
#1789=FACETED_PRIMITIVE_FACE('',(#1788));
#1790=POLY_LOOP('',(#1783,#1779,#384));
#1791=FACE_OUTER_BOUND('',#1790,.T.);
#1792=FACETED_PRIMITIVE_FACE('',(#1791));
#1794=POLY_LOOP('',(#1793,#1783,#403));
#1795=FACE_OUTER_BOUND('',#1794,.T.);
#1796=FACETED_PRIMITIVE_FACE('',(#1795));
#1798=POLY_LOOP('',(#1797,#403,#402));
#1799=FACE_OUTER_BOUND('',#1798,.T.);
#1800=FACETED_PRIMITIVE_FACE('',(#1799));
#1801=POLY_LOOP('',(#1797,#1793,#403));
#1802=FACE_OUTER_BOUND('',#1801,.T.);
#1803=FACETED_PRIMITIVE_FACE('',(#1802));
#1805=POLY_LOOP('',(#1804,#1797,#402));
#1806=FACE_OUTER_BOUND('',#1805,.T.);
#1807=FACETED_PRIMITIVE_FACE('',(#1806));
#1808=POLY_LOOP('',(#1804,#402,#436));
#1809=FACE_OUTER_BOUND('',#1808,.T.);
#1810=FACETED_PRIMITIVE_FACE('',(#1809));
#1812=POLY_LOOP('',(#1811,#1804,#436));
#1813=FACE_OUTER_BOUND('',#1812,.T.);
#1814=FACETED_PRIMITIVE_FACE('',(#1813));
#1815=POLY_LOOP('',(#1811,#456,#465));
#1816=FACE_OUTER_BOUND('',#1815,.T.);
#1817=FACETED_PRIMITIVE_FACE('',(#1816));
#1818=POLY_LOOP('',(#1811,#436,#456));
#1819=FACE_OUTER_BOUND('',#1818,.T.);
#1820=FACETED_PRIMITIVE_FACE('',(#1819));
#1822=POLY_LOOP('',(#1821,#1811,#465));
#1823=FACE_OUTER_BOUND('',#1822,.T.);
#1824=FACETED_PRIMITIVE_FACE('',(#1823));
#1826=POLY_LOOP('',(#1825,#473,#445));
#1827=FACE_OUTER_BOUND('',#1826,.T.);
#1828=FACETED_PRIMITIVE_FACE('',(#1827));
#1829=POLY_LOOP('',(#1825,#465,#473));
#1830=FACE_OUTER_BOUND('',#1829,.T.);
#1831=FACETED_PRIMITIVE_FACE('',(#1830));
#1832=POLY_LOOP('',(#1825,#1821,#465));
#1833=FACE_OUTER_BOUND('',#1832,.T.);
#1834=FACETED_PRIMITIVE_FACE('',(#1833));
#1836=POLY_LOOP('',(#1835,#1825,#445));
#1837=FACE_OUTER_BOUND('',#1836,.T.);
#1838=FACETED_PRIMITIVE_FACE('',(#1837));
#1840=POLY_LOOP('',(#1839,#445,#441));
#1841=FACE_OUTER_BOUND('',#1840,.T.);
#1842=FACETED_PRIMITIVE_FACE('',(#1841));
#1843=POLY_LOOP('',(#1839,#1835,#445));
#1844=FACE_OUTER_BOUND('',#1843,.T.);
#1845=FACETED_PRIMITIVE_FACE('',(#1844));
#1847=POLY_LOOP('',(#1846,#428,#412));
#1848=FACE_OUTER_BOUND('',#1847,.T.);
#1849=FACETED_PRIMITIVE_FACE('',(#1848));
#1850=POLY_LOOP('',(#1846,#441,#428));
#1851=FACE_OUTER_BOUND('',#1850,.T.);
#1852=FACETED_PRIMITIVE_FACE('',(#1851));
#1853=POLY_LOOP('',(#1846,#1839,#441));
#1854=FACE_OUTER_BOUND('',#1853,.T.);
#1855=FACETED_PRIMITIVE_FACE('',(#1854));
#1857=POLY_LOOP('',(#1856,#1846,#412));
#1858=FACE_OUTER_BOUND('',#1857,.T.);
#1859=FACETED_PRIMITIVE_FACE('',(#1858));
#1860=POLY_LOOP('',(#1640,#412,#411));
#1861=FACE_OUTER_BOUND('',#1860,.T.);
#1862=FACETED_PRIMITIVE_FACE('',(#1861));
#1863=POLY_LOOP('',(#1640,#1856,#412));
#1864=FACE_OUTER_BOUND('',#1863,.T.);
#1865=FACETED_PRIMITIVE_FACE('',(#1864));
#1867=POLY_LOOP('',(#317,#1720,#1866));
#1868=FACE_OUTER_BOUND('',#1867,.T.);
#1869=FACETED_PRIMITIVE_FACE('',(#1868));
#1870=POLY_LOOP('',(#317,#316,#1720));
#1871=FACE_OUTER_BOUND('',#1870,.T.);
#1872=FACETED_PRIMITIVE_FACE('',(#1871));
#1874=POLY_LOOP('',(#1873,#317,#1866));
#1875=FACE_OUTER_BOUND('',#1874,.T.);
#1876=FACETED_PRIMITIVE_FACE('',(#1875));
#1877=POLY_LOOP('',(#486,#317,#1873));
#1878=FACE_OUTER_BOUND('',#1877,.T.);
#1879=FACETED_PRIMITIVE_FACE('',(#1878));
#1881=POLY_LOOP('',(#1880,#486,#1873));
#1882=FACE_OUTER_BOUND('',#1881,.T.);
#1883=FACETED_PRIMITIVE_FACE('',(#1882));
#1884=POLY_LOOP('',(#490,#486,#1880));
#1885=FACE_OUTER_BOUND('',#1884,.T.);
#1886=FACETED_PRIMITIVE_FACE('',(#1885));
#1888=POLY_LOOP('',(#1887,#490,#1880));
#1889=FACE_OUTER_BOUND('',#1888,.T.);
#1890=FACETED_PRIMITIVE_FACE('',(#1889));
#1891=POLY_LOOP('',(#494,#490,#1887));
#1892=FACE_OUTER_BOUND('',#1891,.T.);
#1893=FACETED_PRIMITIVE_FACE('',(#1892));
#1895=POLY_LOOP('',(#1894,#494,#1887));
#1896=FACE_OUTER_BOUND('',#1895,.T.);
#1897=FACETED_PRIMITIVE_FACE('',(#1896));
#1898=POLY_LOOP('',(#498,#494,#1894));
#1899=FACE_OUTER_BOUND('',#1898,.T.);
#1900=FACETED_PRIMITIVE_FACE('',(#1899));
#1901=POLY_LOOP('',(#540,#498,#1894));
#1902=FACE_OUTER_BOUND('',#1901,.T.);
#1903=FACETED_PRIMITIVE_FACE('',(#1902));
#1905=POLY_LOOP('',(#1904,#540,#1894));
#1906=FACE_OUTER_BOUND('',#1905,.T.);
#1907=FACETED_PRIMITIVE_FACE('',(#1906));
#1908=POLY_LOOP('',(#544,#540,#1904));
#1909=FACE_OUTER_BOUND('',#1908,.T.);
#1910=FACETED_PRIMITIVE_FACE('',(#1909));
#1912=POLY_LOOP('',(#1911,#544,#1904));
#1913=FACE_OUTER_BOUND('',#1912,.T.);
#1914=FACETED_PRIMITIVE_FACE('',(#1913));
#1915=POLY_LOOP('',(#552,#544,#1911));
#1916=FACE_OUTER_BOUND('',#1915,.T.);
#1917=FACETED_PRIMITIVE_FACE('',(#1916));
#1918=POLY_LOOP('',(#556,#552,#1911));
#1919=FACE_OUTER_BOUND('',#1918,.T.);
#1920=FACETED_PRIMITIVE_FACE('',(#1919));
#1922=POLY_LOOP('',(#1921,#556,#1911));
#1923=FACE_OUTER_BOUND('',#1922,.T.);
#1924=FACETED_PRIMITIVE_FACE('',(#1923));
#1925=POLY_LOOP('',(#564,#556,#1921));
#1926=FACE_OUTER_BOUND('',#1925,.T.);
#1927=FACETED_PRIMITIVE_FACE('',(#1926));
#1929=POLY_LOOP('',(#1928,#564,#1921));
#1930=FACE_OUTER_BOUND('',#1929,.T.);
#1931=FACETED_PRIMITIVE_FACE('',(#1930));
#1932=POLY_LOOP('',(#568,#564,#1928));
#1933=FACE_OUTER_BOUND('',#1932,.T.);
#1934=FACETED_PRIMITIVE_FACE('',(#1933));
#1936=POLY_LOOP('',(#1935,#568,#1928));
#1937=FACE_OUTER_BOUND('',#1936,.T.);
#1938=FACETED_PRIMITIVE_FACE('',(#1937));
#1939=POLY_LOOP('',(#583,#568,#1935));
#1940=FACE_OUTER_BOUND('',#1939,.T.);
#1941=FACETED_PRIMITIVE_FACE('',(#1940));
#1943=POLY_LOOP('',(#1942,#583,#1935));
#1944=FACE_OUTER_BOUND('',#1943,.T.);
#1945=FACETED_PRIMITIVE_FACE('',(#1944));
#1946=POLY_LOOP('',(#587,#583,#1942));
#1947=FACE_OUTER_BOUND('',#1946,.T.);
#1948=FACETED_PRIMITIVE_FACE('',(#1947));
#1950=POLY_LOOP('',(#1949,#587,#1942));
#1951=FACE_OUTER_BOUND('',#1950,.T.);
#1952=FACETED_PRIMITIVE_FACE('',(#1951));
#1953=POLY_LOOP('',(#612,#587,#1949));
#1954=FACE_OUTER_BOUND('',#1953,.T.);
#1955=FACETED_PRIMITIVE_FACE('',(#1954));
#1957=POLY_LOOP('',(#1956,#612,#1949));
#1958=FACE_OUTER_BOUND('',#1957,.T.);
#1959=FACETED_PRIMITIVE_FACE('',(#1958));
#1960=POLY_LOOP('',(#616,#612,#1956));
#1961=FACE_OUTER_BOUND('',#1960,.T.);
#1962=FACETED_PRIMITIVE_FACE('',(#1961));
#1964=POLY_LOOP('',(#1963,#616,#1956));
#1965=FACE_OUTER_BOUND('',#1964,.T.);
#1966=FACETED_PRIMITIVE_FACE('',(#1965));
#1967=POLY_LOOP('',(#648,#616,#1963));
#1968=FACE_OUTER_BOUND('',#1967,.T.);
#1969=FACETED_PRIMITIVE_FACE('',(#1968));
#1971=POLY_LOOP('',(#1970,#648,#1963));
#1972=FACE_OUTER_BOUND('',#1971,.T.);
#1973=FACETED_PRIMITIVE_FACE('',(#1972));
#1974=POLY_LOOP('',(#652,#648,#1970));
#1975=FACE_OUTER_BOUND('',#1974,.T.);
#1976=FACETED_PRIMITIVE_FACE('',(#1975));
#1979=POLY_LOOP('',(#1977,#1978,#516));
#1980=FACE_OUTER_BOUND('',#1979,.T.);
#1981=FACETED_PRIMITIVE_FACE('',(#1980));
#1983=POLY_LOOP('',(#1977,#1982,#1978));
#1984=FACE_OUTER_BOUND('',#1983,.T.);
#1985=FACETED_PRIMITIVE_FACE('',(#1984));
#1986=POLY_LOOP('',(#512,#1977,#516));
#1987=FACE_OUTER_BOUND('',#1986,.T.);
#1988=FACETED_PRIMITIVE_FACE('',(#1987));
#1990=POLY_LOOP('',(#1989,#652,#1970));
#1991=FACE_OUTER_BOUND('',#1990,.T.);
#1992=FACETED_PRIMITIVE_FACE('',(#1991));
#1994=POLY_LOOP('',(#1993,#512,#508));
#1995=FACE_OUTER_BOUND('',#1994,.T.);
#1996=FACETED_PRIMITIVE_FACE('',(#1995));
#1997=POLY_LOOP('',(#1993,#1977,#512));
#1998=FACE_OUTER_BOUND('',#1997,.T.);
#1999=FACETED_PRIMITIVE_FACE('',(#1998));
#2000=POLY_LOOP('',(#687,#652,#1989));
#2001=FACE_OUTER_BOUND('',#2000,.T.);
#2002=FACETED_PRIMITIVE_FACE('',(#2001));
#2004=POLY_LOOP('',(#2003,#508,#504));
#2005=FACE_OUTER_BOUND('',#2004,.T.);
#2006=FACETED_PRIMITIVE_FACE('',(#2005));
#2007=POLY_LOOP('',(#2003,#1993,#508));
#2008=FACE_OUTER_BOUND('',#2007,.T.);
#2009=FACETED_PRIMITIVE_FACE('',(#2008));
#2011=POLY_LOOP('',(#2010,#687,#1989));
#2012=FACE_OUTER_BOUND('',#2011,.T.);
#2013=FACETED_PRIMITIVE_FACE('',(#2012));
#2014=POLY_LOOP('',(#691,#687,#2010));
#2015=FACE_OUTER_BOUND('',#2014,.T.);
#2016=FACETED_PRIMITIVE_FACE('',(#2015));
#2018=POLY_LOOP('',(#2017,#2003,#504));
#2019=FACE_OUTER_BOUND('',#2018,.T.);
#2020=FACETED_PRIMITIVE_FACE('',(#2019));
#2021=POLY_LOOP('',(#503,#2017,#504));
#2022=FACE_OUTER_BOUND('',#2021,.T.);
#2023=FACETED_PRIMITIVE_FACE('',(#2022));
#2025=POLY_LOOP('',(#2024,#2017,#503));
#2026=FACE_OUTER_BOUND('',#2025,.T.);
#2027=FACETED_PRIMITIVE_FACE('',(#2026));
#2029=POLY_LOOP('',(#2028,#720,#691));
#2030=FACE_OUTER_BOUND('',#2029,.T.);
#2031=FACETED_PRIMITIVE_FACE('',(#2030));
#2032=POLY_LOOP('',(#2028,#691,#2010));
#2033=FACE_OUTER_BOUND('',#2032,.T.);
#2034=FACETED_PRIMITIVE_FACE('',(#2033));
#2036=POLY_LOOP('',(#2035,#503,#773));
#2037=FACE_OUTER_BOUND('',#2036,.T.);
#2038=FACETED_PRIMITIVE_FACE('',(#2037));
#2039=POLY_LOOP('',(#2035,#2024,#503));
#2040=FACE_OUTER_BOUND('',#2039,.T.);
#2041=FACETED_PRIMITIVE_FACE('',(#2040));
#2043=POLY_LOOP('',(#2042,#724,#720));
#2044=FACE_OUTER_BOUND('',#2043,.T.);
#2045=FACETED_PRIMITIVE_FACE('',(#2044));
#2046=POLY_LOOP('',(#2042,#720,#2028));
#2047=FACE_OUTER_BOUND('',#2046,.T.);
#2048=FACETED_PRIMITIVE_FACE('',(#2047));
#2050=POLY_LOOP('',(#2049,#773,#769));
#2051=FACE_OUTER_BOUND('',#2050,.T.);
#2052=FACETED_PRIMITIVE_FACE('',(#2051));
#2053=POLY_LOOP('',(#2049,#2035,#773));
#2054=FACE_OUTER_BOUND('',#2053,.T.);
#2055=FACETED_PRIMITIVE_FACE('',(#2054));
#2057=POLY_LOOP('',(#2056,#769,#724));
#2058=FACE_OUTER_BOUND('',#2057,.T.);
#2059=FACETED_PRIMITIVE_FACE('',(#2058));
#2060=POLY_LOOP('',(#2056,#724,#2042));
#2061=FACE_OUTER_BOUND('',#2060,.T.);
#2062=FACETED_PRIMITIVE_FACE('',(#2061));
#2064=POLY_LOOP('',(#2063,#769,#2056));
#2065=FACE_OUTER_BOUND('',#2064,.T.);
#2066=FACETED_PRIMITIVE_FACE('',(#2065));
#2067=POLY_LOOP('',(#2063,#2049,#769));
#2068=FACE_OUTER_BOUND('',#2067,.T.);
#2069=FACETED_PRIMITIVE_FACE('',(#2068));
#2071=POLY_LOOP('',(#2070,#524,#526));
#2072=FACE_OUTER_BOUND('',#2071,.T.);
#2073=FACETED_PRIMITIVE_FACE('',(#2072));
#2074=POLY_LOOP('',(#2070,#1712,#524));
#2075=FACE_OUTER_BOUND('',#2074,.T.);
#2076=FACETED_PRIMITIVE_FACE('',(#2075));
#2078=POLY_LOOP('',(#2077,#526,#1468));
#2079=FACE_OUTER_BOUND('',#2078,.T.);
#2080=FACETED_PRIMITIVE_FACE('',(#2079));
#2081=POLY_LOOP('',(#2077,#2070,#526));
#2082=FACE_OUTER_BOUND('',#2081,.T.);
#2083=FACETED_PRIMITIVE_FACE('',(#2082));
#2085=POLY_LOOP('',(#2084,#1468,#1397));
#2086=FACE_OUTER_BOUND('',#2085,.T.);
#2087=FACETED_PRIMITIVE_FACE('',(#2086));
#2088=POLY_LOOP('',(#2084,#2077,#1468));
#2089=FACE_OUTER_BOUND('',#2088,.T.);
#2090=FACETED_PRIMITIVE_FACE('',(#2089));
#2092=POLY_LOOP('',(#2091,#1397,#1354));
#2093=FACE_OUTER_BOUND('',#2092,.T.);
#2094=FACETED_PRIMITIVE_FACE('',(#2093));
#2095=POLY_LOOP('',(#2091,#2084,#1397));
#2096=FACE_OUTER_BOUND('',#2095,.T.);
#2097=FACETED_PRIMITIVE_FACE('',(#2096));
#2099=POLY_LOOP('',(#2098,#1354,#1350));
#2100=FACE_OUTER_BOUND('',#2099,.T.);
#2101=FACETED_PRIMITIVE_FACE('',(#2100));
#2102=POLY_LOOP('',(#2098,#2091,#1354));
#2103=FACE_OUTER_BOUND('',#2102,.T.);
#2104=FACETED_PRIMITIVE_FACE('',(#2103));
#2106=POLY_LOOP('',(#2105,#2098,#1350));
#2107=FACE_OUTER_BOUND('',#2106,.T.);
#2108=FACETED_PRIMITIVE_FACE('',(#2107));
#2109=POLY_LOOP('',(#1301,#2105,#1350));
#2110=FACE_OUTER_BOUND('',#2109,.T.);
#2111=FACETED_PRIMITIVE_FACE('',(#2110));
#2113=POLY_LOOP('',(#1297,#2112,#2105));
#2114=FACE_OUTER_BOUND('',#2113,.T.);
#2115=FACETED_PRIMITIVE_FACE('',(#2114));
#2116=POLY_LOOP('',(#1297,#2105,#1301));
#2117=FACE_OUTER_BOUND('',#2116,.T.);
#2118=FACETED_PRIMITIVE_FACE('',(#2117));
#2120=POLY_LOOP('',(#1226,#2119,#2112));
#2121=FACE_OUTER_BOUND('',#2120,.T.);
#2122=FACETED_PRIMITIVE_FACE('',(#2121));
#2124=POLY_LOOP('',(#1226,#2123,#2119));
#2125=FACE_OUTER_BOUND('',#2124,.T.);
#2126=FACETED_PRIMITIVE_FACE('',(#2125));
#2127=POLY_LOOP('',(#1226,#2112,#1297));
#2128=FACE_OUTER_BOUND('',#2127,.T.);
#2129=FACETED_PRIMITIVE_FACE('',(#2128));
#2131=POLY_LOOP('',(#1222,#2130,#2123));
#2132=FACE_OUTER_BOUND('',#2131,.T.);
#2133=FACETED_PRIMITIVE_FACE('',(#2132));
#2134=POLY_LOOP('',(#1222,#2123,#1226));
#2135=FACE_OUTER_BOUND('',#2134,.T.);
#2136=FACETED_PRIMITIVE_FACE('',(#2135));
#2137=POLY_LOOP('',(#1136,#2130,#1222));
#2138=FACE_OUTER_BOUND('',#2137,.T.);
#2139=FACETED_PRIMITIVE_FACE('',(#2138));
#2140=POLY_LOOP('',(#1132,#2130,#1136));
#2141=FACE_OUTER_BOUND('',#2140,.T.);
#2142=FACETED_PRIMITIVE_FACE('',(#2141));
#2144=POLY_LOOP('',(#1132,#2143,#2130));
#2145=FACE_OUTER_BOUND('',#2144,.T.);
#2146=FACETED_PRIMITIVE_FACE('',(#2145));
#2147=POLY_LOOP('',(#502,#516,#1978));
#2148=FACE_OUTER_BOUND('',#2147,.T.);
#2149=FACETED_PRIMITIVE_FACE('',(#2148));
#2152=POLY_LOOP('',(#502,#2150,#2151));
#2153=FACE_OUTER_BOUND('',#2152,.T.);
#2154=FACETED_PRIMITIVE_FACE('',(#2153));
#2155=POLY_LOOP('',(#502,#1978,#2150));
#2156=FACE_OUTER_BOUND('',#2155,.T.);
#2157=FACETED_PRIMITIVE_FACE('',(#2156));
#2159=POLY_LOOP('',(#1061,#2158,#2143));
#2160=FACE_OUTER_BOUND('',#2159,.T.);
#2161=FACETED_PRIMITIVE_FACE('',(#2160));
#2162=POLY_LOOP('',(#1061,#2143,#1132));
#2163=FACE_OUTER_BOUND('',#2162,.T.);
#2164=FACETED_PRIMITIVE_FACE('',(#2163));
#2165=POLY_LOOP('',(#793,#502,#2151));
#2166=FACE_OUTER_BOUND('',#2165,.T.);
#2167=FACETED_PRIMITIVE_FACE('',(#2166));
#2168=POLY_LOOP('',(#1057,#2158,#1061));
#2169=FACE_OUTER_BOUND('',#2168,.T.);
#2170=FACETED_PRIMITIVE_FACE('',(#2169));
#2172=POLY_LOOP('',(#1057,#2171,#2158));
#2173=FACE_OUTER_BOUND('',#2172,.T.);
#2174=FACETED_PRIMITIVE_FACE('',(#2173));
#2176=POLY_LOOP('',(#797,#2151,#2175));
#2177=FACE_OUTER_BOUND('',#2176,.T.);
#2178=FACETED_PRIMITIVE_FACE('',(#2177));
#2179=POLY_LOOP('',(#797,#793,#2151));
#2180=FACE_OUTER_BOUND('',#2179,.T.);
#2181=FACETED_PRIMITIVE_FACE('',(#2180));
#2183=POLY_LOOP('',(#974,#2182,#2171));
#2184=FACE_OUTER_BOUND('',#2183,.T.);
#2185=FACETED_PRIMITIVE_FACE('',(#2184));
#2187=POLY_LOOP('',(#974,#2186,#2182));
#2188=FACE_OUTER_BOUND('',#2187,.T.);
#2189=FACETED_PRIMITIVE_FACE('',(#2188));
#2190=POLY_LOOP('',(#974,#2171,#1057));
#2191=FACE_OUTER_BOUND('',#2190,.T.);
#2192=FACETED_PRIMITIVE_FACE('',(#2191));
#2193=POLY_LOOP('',(#883,#797,#2175));
#2194=FACE_OUTER_BOUND('',#2193,.T.);
#2195=FACETED_PRIMITIVE_FACE('',(#2194));
#2197=POLY_LOOP('',(#883,#2175,#2196));
#2198=FACE_OUTER_BOUND('',#2197,.T.);
#2199=FACETED_PRIMITIVE_FACE('',(#2198));
#2200=POLY_LOOP('',(#970,#2186,#974));
#2201=FACE_OUTER_BOUND('',#2200,.T.);
#2202=FACETED_PRIMITIVE_FACE('',(#2201));
#2203=POLY_LOOP('',(#887,#883,#2196));
#2204=FACE_OUTER_BOUND('',#2203,.T.);
#2205=FACETED_PRIMITIVE_FACE('',(#2204));
#2206=POLY_LOOP('',(#887,#2186,#970));
#2207=FACE_OUTER_BOUND('',#2206,.T.);
#2208=FACETED_PRIMITIVE_FACE('',(#2207));
#2210=POLY_LOOP('',(#887,#2209,#2186));
#2211=FACE_OUTER_BOUND('',#2210,.T.);
#2212=FACETED_PRIMITIVE_FACE('',(#2211));
#2213=POLY_LOOP('',(#887,#2196,#2209));
#2214=FACE_OUTER_BOUND('',#2213,.T.);
#2215=FACETED_PRIMITIVE_FACE('',(#2214));
#2216=POLY_LOOP('',(#2150,#1978,#1982));
#2217=FACE_OUTER_BOUND('',#2216,.T.);
#2218=FACETED_PRIMITIVE_FACE('',(#2217));
#2220=POLY_LOOP('',(#2150,#1982,#2219));
#2221=FACE_OUTER_BOUND('',#2220,.T.);
#2222=FACETED_PRIMITIVE_FACE('',(#2221));
#2225=POLY_LOOP('',(#2151,#2223,#2224));
#2226=FACE_OUTER_BOUND('',#2225,.T.);
#2227=FACETED_PRIMITIVE_FACE('',(#2226));
#2228=POLY_LOOP('',(#2151,#2219,#2223));
#2229=FACE_OUTER_BOUND('',#2228,.T.);
#2230=FACETED_PRIMITIVE_FACE('',(#2229));
#2231=POLY_LOOP('',(#2151,#2150,#2219));
#2232=FACE_OUTER_BOUND('',#2231,.T.);
#2233=FACETED_PRIMITIVE_FACE('',(#2232));
#2234=POLY_LOOP('',(#2175,#2151,#2224));
#2235=FACE_OUTER_BOUND('',#2234,.T.);
#2236=FACETED_PRIMITIVE_FACE('',(#2235));
#2238=POLY_LOOP('',(#2196,#2224,#2237));
#2239=FACE_OUTER_BOUND('',#2238,.T.);
#2240=FACETED_PRIMITIVE_FACE('',(#2239));
#2241=POLY_LOOP('',(#2196,#2175,#2224));
#2242=FACE_OUTER_BOUND('',#2241,.T.);
#2243=FACETED_PRIMITIVE_FACE('',(#2242));
#2246=POLY_LOOP('',(#2209,#2244,#2245));
#2247=FACE_OUTER_BOUND('',#2246,.T.);
#2248=FACETED_PRIMITIVE_FACE('',(#2247));
#2249=POLY_LOOP('',(#2209,#2237,#2244));
#2250=FACE_OUTER_BOUND('',#2249,.T.);
#2251=FACETED_PRIMITIVE_FACE('',(#2250));
#2252=POLY_LOOP('',(#2209,#2196,#2237));
#2253=FACE_OUTER_BOUND('',#2252,.T.);
#2254=FACETED_PRIMITIVE_FACE('',(#2253));
#2255=POLY_LOOP('',(#2186,#2209,#2245));
#2256=FACE_OUTER_BOUND('',#2255,.T.);
#2257=FACETED_PRIMITIVE_FACE('',(#2256));
#2259=POLY_LOOP('',(#2182,#2245,#2258));
#2260=FACE_OUTER_BOUND('',#2259,.T.);
#2261=FACETED_PRIMITIVE_FACE('',(#2260));
#2262=POLY_LOOP('',(#2182,#2186,#2245));
#2263=FACE_OUTER_BOUND('',#2262,.T.);
#2264=FACETED_PRIMITIVE_FACE('',(#2263));
#2267=POLY_LOOP('',(#2171,#2265,#2266));
#2268=FACE_OUTER_BOUND('',#2267,.T.);
#2269=FACETED_PRIMITIVE_FACE('',(#2268));
#2270=POLY_LOOP('',(#2171,#2258,#2265));
#2271=FACE_OUTER_BOUND('',#2270,.T.);
#2272=FACETED_PRIMITIVE_FACE('',(#2271));
#2273=POLY_LOOP('',(#2171,#2182,#2258));
#2274=FACE_OUTER_BOUND('',#2273,.T.);
#2275=FACETED_PRIMITIVE_FACE('',(#2274));
#2276=POLY_LOOP('',(#2158,#2171,#2266));
#2277=FACE_OUTER_BOUND('',#2276,.T.);
#2278=FACETED_PRIMITIVE_FACE('',(#2277));
#2281=POLY_LOOP('',(#2143,#2279,#2280));
#2282=FACE_OUTER_BOUND('',#2281,.T.);
#2283=FACETED_PRIMITIVE_FACE('',(#2282));
#2284=POLY_LOOP('',(#2143,#2266,#2279));
#2285=FACE_OUTER_BOUND('',#2284,.T.);
#2286=FACETED_PRIMITIVE_FACE('',(#2285));
#2287=POLY_LOOP('',(#2143,#2158,#2266));
#2288=FACE_OUTER_BOUND('',#2287,.T.);
#2289=FACETED_PRIMITIVE_FACE('',(#2288));
#2290=POLY_LOOP('',(#2130,#2143,#2280));
#2291=FACE_OUTER_BOUND('',#2290,.T.);
#2292=FACETED_PRIMITIVE_FACE('',(#2291));
#2294=POLY_LOOP('',(#2123,#2280,#2293));
#2295=FACE_OUTER_BOUND('',#2294,.T.);
#2296=FACETED_PRIMITIVE_FACE('',(#2295));
#2297=POLY_LOOP('',(#2123,#2130,#2280));
#2298=FACE_OUTER_BOUND('',#2297,.T.);
#2299=FACETED_PRIMITIVE_FACE('',(#2298));
#2300=POLY_LOOP('',(#2119,#2123,#2293));
#2301=FACE_OUTER_BOUND('',#2300,.T.);
#2302=FACETED_PRIMITIVE_FACE('',(#2301));
#2304=POLY_LOOP('',(#2119,#2293,#2303));
#2305=FACE_OUTER_BOUND('',#2304,.T.);
#2306=FACETED_PRIMITIVE_FACE('',(#2305));
#2307=POLY_LOOP('',(#2112,#2119,#2303));
#2308=FACE_OUTER_BOUND('',#2307,.T.);
#2309=FACETED_PRIMITIVE_FACE('',(#2308));
#2312=POLY_LOOP('',(#2112,#2310,#2311));
#2313=FACE_OUTER_BOUND('',#2312,.T.);
#2314=FACETED_PRIMITIVE_FACE('',(#2313));
#2315=POLY_LOOP('',(#2112,#2303,#2310));
#2316=FACE_OUTER_BOUND('',#2315,.T.);
#2317=FACETED_PRIMITIVE_FACE('',(#2316));
#2318=POLY_LOOP('',(#2105,#2112,#2311));
#2319=FACE_OUTER_BOUND('',#2318,.T.);
#2320=FACETED_PRIMITIVE_FACE('',(#2319));
#2323=POLY_LOOP('',(#2098,#2321,#2322));
#2324=FACE_OUTER_BOUND('',#2323,.T.);
#2325=FACETED_PRIMITIVE_FACE('',(#2324));
#2326=POLY_LOOP('',(#2098,#2311,#2321));
#2327=FACE_OUTER_BOUND('',#2326,.T.);
#2328=FACETED_PRIMITIVE_FACE('',(#2327));
#2329=POLY_LOOP('',(#2098,#2105,#2311));
#2330=FACE_OUTER_BOUND('',#2329,.T.);
#2331=FACETED_PRIMITIVE_FACE('',(#2330));
#2332=POLY_LOOP('',(#2091,#2098,#2322));
#2333=FACE_OUTER_BOUND('',#2332,.T.);
#2334=FACETED_PRIMITIVE_FACE('',(#2333));
#2336=POLY_LOOP('',(#2084,#2322,#2335));
#2337=FACE_OUTER_BOUND('',#2336,.T.);
#2338=FACETED_PRIMITIVE_FACE('',(#2337));
#2339=POLY_LOOP('',(#2084,#2091,#2322));
#2340=FACE_OUTER_BOUND('',#2339,.T.);
#2341=FACETED_PRIMITIVE_FACE('',(#2340));
#2344=POLY_LOOP('',(#2077,#2342,#2343));
#2345=FACE_OUTER_BOUND('',#2344,.T.);
#2346=FACETED_PRIMITIVE_FACE('',(#2345));
#2347=POLY_LOOP('',(#2077,#2335,#2342));
#2348=FACE_OUTER_BOUND('',#2347,.T.);
#2349=FACETED_PRIMITIVE_FACE('',(#2348));
#2350=POLY_LOOP('',(#2077,#2084,#2335));
#2351=FACE_OUTER_BOUND('',#2350,.T.);
#2352=FACETED_PRIMITIVE_FACE('',(#2351));
#2353=POLY_LOOP('',(#2070,#2077,#2343));
#2354=FACE_OUTER_BOUND('',#2353,.T.);
#2355=FACETED_PRIMITIVE_FACE('',(#2354));
#2356=POLY_LOOP('',(#1712,#2343,#1711));
#2357=FACE_OUTER_BOUND('',#2356,.T.);
#2358=FACETED_PRIMITIVE_FACE('',(#2357));
#2359=POLY_LOOP('',(#1712,#2070,#2343));
#2360=FACE_OUTER_BOUND('',#2359,.T.);
#2361=FACETED_PRIMITIVE_FACE('',(#2360));
#2363=POLY_LOOP('',(#1982,#1977,#2362));
#2364=FACE_OUTER_BOUND('',#2363,.T.);
#2365=FACETED_PRIMITIVE_FACE('',(#2364));
#2367=POLY_LOOP('',(#2219,#2362,#2366));
#2368=FACE_OUTER_BOUND('',#2367,.T.);
#2369=FACETED_PRIMITIVE_FACE('',(#2368));
#2370=POLY_LOOP('',(#2219,#1982,#2362));
#2371=FACE_OUTER_BOUND('',#2370,.T.);
#2372=FACETED_PRIMITIVE_FACE('',(#2371));
#2374=POLY_LOOP('',(#2223,#2366,#2373));
#2375=FACE_OUTER_BOUND('',#2374,.T.);
#2376=FACETED_PRIMITIVE_FACE('',(#2375));
#2377=POLY_LOOP('',(#2223,#2219,#2366));
#2378=FACE_OUTER_BOUND('',#2377,.T.);
#2379=FACETED_PRIMITIVE_FACE('',(#2378));
#2381=POLY_LOOP('',(#2224,#2373,#2380));
#2382=FACE_OUTER_BOUND('',#2381,.T.);
#2383=FACETED_PRIMITIVE_FACE('',(#2382));
#2384=POLY_LOOP('',(#2224,#2223,#2373));
#2385=FACE_OUTER_BOUND('',#2384,.T.);
#2386=FACETED_PRIMITIVE_FACE('',(#2385));
#2387=POLY_LOOP('',(#2237,#2224,#2380));
#2388=FACE_OUTER_BOUND('',#2387,.T.);
#2389=FACETED_PRIMITIVE_FACE('',(#2388));
#2391=POLY_LOOP('',(#2390,#2237,#2380));
#2392=FACE_OUTER_BOUND('',#2391,.T.);
#2393=FACETED_PRIMITIVE_FACE('',(#2392));
#2394=POLY_LOOP('',(#2244,#2237,#2390));
#2395=FACE_OUTER_BOUND('',#2394,.T.);
#2396=FACETED_PRIMITIVE_FACE('',(#2395));
#2398=POLY_LOOP('',(#2397,#2245,#2244));
#2399=FACE_OUTER_BOUND('',#2398,.T.);
#2400=FACETED_PRIMITIVE_FACE('',(#2399));
#2401=POLY_LOOP('',(#2397,#2244,#2390));
#2402=FACE_OUTER_BOUND('',#2401,.T.);
#2403=FACETED_PRIMITIVE_FACE('',(#2402));
#2405=POLY_LOOP('',(#2404,#2258,#2245));
#2406=FACE_OUTER_BOUND('',#2405,.T.);
#2407=FACETED_PRIMITIVE_FACE('',(#2406));
#2408=POLY_LOOP('',(#2404,#2245,#2397));
#2409=FACE_OUTER_BOUND('',#2408,.T.);
#2410=FACETED_PRIMITIVE_FACE('',(#2409));
#2412=POLY_LOOP('',(#2411,#2265,#2258));
#2413=FACE_OUTER_BOUND('',#2412,.T.);
#2414=FACETED_PRIMITIVE_FACE('',(#2413));
#2415=POLY_LOOP('',(#2411,#2258,#2404));
#2416=FACE_OUTER_BOUND('',#2415,.T.);
#2417=FACETED_PRIMITIVE_FACE('',(#2416));
#2419=POLY_LOOP('',(#2418,#2279,#2266));
#2420=FACE_OUTER_BOUND('',#2419,.T.);
#2421=FACETED_PRIMITIVE_FACE('',(#2420));
#2422=POLY_LOOP('',(#2418,#2266,#2265));
#2423=FACE_OUTER_BOUND('',#2422,.T.);
#2424=FACETED_PRIMITIVE_FACE('',(#2423));
#2425=POLY_LOOP('',(#2418,#2265,#2411));
#2426=FACE_OUTER_BOUND('',#2425,.T.);
#2427=FACETED_PRIMITIVE_FACE('',(#2426));
#2429=POLY_LOOP('',(#2428,#2279,#2418));
#2430=FACE_OUTER_BOUND('',#2429,.T.);
#2431=FACETED_PRIMITIVE_FACE('',(#2430));
#2433=POLY_LOOP('',(#2432,#2279,#2428));
#2434=FACE_OUTER_BOUND('',#2433,.T.);
#2435=FACETED_PRIMITIVE_FACE('',(#2434));
#2436=POLY_LOOP('',(#2432,#2293,#2280));
#2437=FACE_OUTER_BOUND('',#2436,.T.);
#2438=FACETED_PRIMITIVE_FACE('',(#2437));
#2439=POLY_LOOP('',(#2432,#2280,#2279));
#2440=FACE_OUTER_BOUND('',#2439,.T.);
#2441=FACETED_PRIMITIVE_FACE('',(#2440));
#2443=POLY_LOOP('',(#2442,#1711,#2343));
#2444=FACE_OUTER_BOUND('',#2443,.T.);
#2445=FACETED_PRIMITIVE_FACE('',(#2444));
#2446=POLY_LOOP('',(#2442,#1704,#1711));
#2447=FACE_OUTER_BOUND('',#2446,.T.);
#2448=FACETED_PRIMITIVE_FACE('',(#2447));
#2450=POLY_LOOP('',(#2449,#2293,#2432));
#2451=FACE_OUTER_BOUND('',#2450,.T.);
#2452=FACETED_PRIMITIVE_FACE('',(#2451));
#2454=POLY_LOOP('',(#2453,#2442,#2343));
#2455=FACE_OUTER_BOUND('',#2454,.T.);
#2456=FACETED_PRIMITIVE_FACE('',(#2455));
#2457=POLY_LOOP('',(#2453,#2343,#2342));
#2458=FACE_OUTER_BOUND('',#2457,.T.);
#2459=FACETED_PRIMITIVE_FACE('',(#2458));
#2461=POLY_LOOP('',(#2460,#2293,#2449));
#2462=FACE_OUTER_BOUND('',#2461,.T.);
#2463=FACETED_PRIMITIVE_FACE('',(#2462));
#2464=POLY_LOOP('',(#2460,#2303,#2293));
#2465=FACE_OUTER_BOUND('',#2464,.T.);
#2466=FACETED_PRIMITIVE_FACE('',(#2465));
#2468=POLY_LOOP('',(#2467,#2342,#2335));
#2469=FACE_OUTER_BOUND('',#2468,.T.);
#2470=FACETED_PRIMITIVE_FACE('',(#2469));
#2471=POLY_LOOP('',(#2467,#2335,#2322));
#2472=FACE_OUTER_BOUND('',#2471,.T.);
#2473=FACETED_PRIMITIVE_FACE('',(#2472));
#2474=POLY_LOOP('',(#2467,#2453,#2342));
#2475=FACE_OUTER_BOUND('',#2474,.T.);
#2476=FACETED_PRIMITIVE_FACE('',(#2475));
#2478=POLY_LOOP('',(#2477,#2303,#2460));
#2479=FACE_OUTER_BOUND('',#2478,.T.);
#2480=FACETED_PRIMITIVE_FACE('',(#2479));
#2481=POLY_LOOP('',(#2477,#2310,#2303));
#2482=FACE_OUTER_BOUND('',#2481,.T.);
#2483=FACETED_PRIMITIVE_FACE('',(#2482));
#2485=POLY_LOOP('',(#2484,#2467,#2322));
#2486=FACE_OUTER_BOUND('',#2485,.T.);
#2487=FACETED_PRIMITIVE_FACE('',(#2486));
#2489=POLY_LOOP('',(#2488,#2311,#2310));
#2490=FACE_OUTER_BOUND('',#2489,.T.);
#2491=FACETED_PRIMITIVE_FACE('',(#2490));
#2492=POLY_LOOP('',(#2488,#2310,#2477));
#2493=FACE_OUTER_BOUND('',#2492,.T.);
#2494=FACETED_PRIMITIVE_FACE('',(#2493));
#2496=POLY_LOOP('',(#2495,#2322,#2321));
#2497=FACE_OUTER_BOUND('',#2496,.T.);
#2498=FACETED_PRIMITIVE_FACE('',(#2497));
#2499=POLY_LOOP('',(#2495,#2321,#2311));
#2500=FACE_OUTER_BOUND('',#2499,.T.);
#2501=FACETED_PRIMITIVE_FACE('',(#2500));
#2502=POLY_LOOP('',(#2495,#2311,#2488));
#2503=FACE_OUTER_BOUND('',#2502,.T.);
#2504=FACETED_PRIMITIVE_FACE('',(#2503));
#2505=POLY_LOOP('',(#2495,#2484,#2322));
#2506=FACE_OUTER_BOUND('',#2505,.T.);
#2507=FACETED_PRIMITIVE_FACE('',(#2506));
#2508=POLY_LOOP('',(#2362,#1977,#1993));
#2509=FACE_OUTER_BOUND('',#2508,.T.);
#2510=FACETED_PRIMITIVE_FACE('',(#2509));
#2511=POLY_LOOP('',(#2362,#1993,#2003));
#2512=FACE_OUTER_BOUND('',#2511,.T.);
#2513=FACETED_PRIMITIVE_FACE('',(#2512));
#2514=POLY_LOOP('',(#2362,#2003,#2017));
#2515=FACE_OUTER_BOUND('',#2514,.T.);
#2516=FACETED_PRIMITIVE_FACE('',(#2515));
#2517=POLY_LOOP('',(#2362,#2017,#2024));
#2518=FACE_OUTER_BOUND('',#2517,.T.);
#2519=FACETED_PRIMITIVE_FACE('',(#2518));
#2521=POLY_LOOP('',(#2520,#1894,#1887));
#2522=FACE_OUTER_BOUND('',#2521,.T.);
#2523=FACETED_PRIMITIVE_FACE('',(#2522));
#2524=POLY_LOOP('',(#2520,#1887,#1880));
#2525=FACE_OUTER_BOUND('',#2524,.T.);
#2526=FACETED_PRIMITIVE_FACE('',(#2525));
#2527=POLY_LOOP('',(#2520,#1880,#1873));
#2528=FACE_OUTER_BOUND('',#2527,.T.);
#2529=FACETED_PRIMITIVE_FACE('',(#2528));
#2530=POLY_LOOP('',(#2520,#1873,#1866));
#2531=FACE_OUTER_BOUND('',#2530,.T.);
#2532=FACETED_PRIMITIVE_FACE('',(#2531));
#2533=POLY_LOOP('',(#1697,#1704,#2442));
#2534=FACE_OUTER_BOUND('',#2533,.T.);
#2535=FACETED_PRIMITIVE_FACE('',(#2534));
#2537=POLY_LOOP('',(#1591,#1577,#2536));
#2538=FACE_OUTER_BOUND('',#2537,.T.);
#2539=FACETED_PRIMITIVE_FACE('',(#2538));
#2541=POLY_LOOP('',(#2540,#2362,#2024));
#2542=FACE_OUTER_BOUND('',#2541,.T.);
#2543=FACETED_PRIMITIVE_FACE('',(#2542));
#2544=POLY_LOOP('',(#2540,#2366,#2362));
#2545=FACE_OUTER_BOUND('',#2544,.T.);
#2546=FACETED_PRIMITIVE_FACE('',(#2545));
#2547=POLY_LOOP('',(#2540,#2373,#2366));
#2548=FACE_OUTER_BOUND('',#2547,.T.);
#2549=FACETED_PRIMITIVE_FACE('',(#2548));
#2550=POLY_LOOP('',(#2540,#2024,#2035));
#2551=FACE_OUTER_BOUND('',#2550,.T.);
#2552=FACETED_PRIMITIVE_FACE('',(#2551));
#2553=POLY_LOOP('',(#2540,#2035,#2049));
#2554=FACE_OUTER_BOUND('',#2553,.T.);
#2555=FACETED_PRIMITIVE_FACE('',(#2554));
#2557=POLY_LOOP('',(#2556,#2540,#2049));
#2558=FACE_OUTER_BOUND('',#2557,.T.);
#2559=FACETED_PRIMITIVE_FACE('',(#2558));
#2560=POLY_LOOP('',(#2556,#2049,#2063));
#2561=FACE_OUTER_BOUND('',#2560,.T.);
#2562=FACETED_PRIMITIVE_FACE('',(#2561));
#2563=POLY_LOOP('',(#2556,#2063,#2056));
#2564=FACE_OUTER_BOUND('',#2563,.T.);
#2565=FACETED_PRIMITIVE_FACE('',(#2564));
#2567=POLY_LOOP('',(#2566,#2556,#2056));
#2568=FACE_OUTER_BOUND('',#2567,.T.);
#2569=FACETED_PRIMITIVE_FACE('',(#2568));
#2570=POLY_LOOP('',(#2566,#2056,#2042));
#2571=FACE_OUTER_BOUND('',#2570,.T.);
#2572=FACETED_PRIMITIVE_FACE('',(#2571));
#2573=POLY_LOOP('',(#2566,#2042,#2028));
#2574=FACE_OUTER_BOUND('',#2573,.T.);
#2575=FACETED_PRIMITIVE_FACE('',(#2574));
#2577=POLY_LOOP('',(#2576,#2380,#2373));
#2578=FACE_OUTER_BOUND('',#2577,.T.);
#2579=FACETED_PRIMITIVE_FACE('',(#2578));
#2580=POLY_LOOP('',(#2576,#2390,#2380));
#2581=FACE_OUTER_BOUND('',#2580,.T.);
#2582=FACETED_PRIMITIVE_FACE('',(#2581));
#2583=POLY_LOOP('',(#2576,#2373,#2540));
#2584=FACE_OUTER_BOUND('',#2583,.T.);
#2585=FACETED_PRIMITIVE_FACE('',(#2584));
#2587=POLY_LOOP('',(#2586,#2540,#2556));
#2588=FACE_OUTER_BOUND('',#2587,.T.);
#2589=FACETED_PRIMITIVE_FACE('',(#2588));
#2590=POLY_LOOP('',(#2586,#2556,#2566));
#2591=FACE_OUTER_BOUND('',#2590,.T.);
#2592=FACETED_PRIMITIVE_FACE('',(#2591));
#2593=POLY_LOOP('',(#2586,#2576,#2540));
#2594=FACE_OUTER_BOUND('',#2593,.T.);
#2595=FACETED_PRIMITIVE_FACE('',(#2594));
#2597=POLY_LOOP('',(#2596,#2028,#2010));
#2598=FACE_OUTER_BOUND('',#2597,.T.);
#2599=FACETED_PRIMITIVE_FACE('',(#2598));
#2600=POLY_LOOP('',(#2596,#2010,#1989));
#2601=FACE_OUTER_BOUND('',#2600,.T.);
#2602=FACETED_PRIMITIVE_FACE('',(#2601));
#2603=POLY_LOOP('',(#2596,#2566,#2028));
#2604=FACE_OUTER_BOUND('',#2603,.T.);
#2605=FACETED_PRIMITIVE_FACE('',(#2604));
#2607=POLY_LOOP('',(#2606,#2586,#2566));
#2608=FACE_OUTER_BOUND('',#2607,.T.);
#2609=FACETED_PRIMITIVE_FACE('',(#2608));
#2611=POLY_LOOP('',(#2610,#2390,#2576));
#2612=FACE_OUTER_BOUND('',#2611,.T.);
#2613=FACETED_PRIMITIVE_FACE('',(#2612));
#2614=POLY_LOOP('',(#2610,#2397,#2390));
#2615=FACE_OUTER_BOUND('',#2614,.T.);
#2616=FACETED_PRIMITIVE_FACE('',(#2615));
#2617=POLY_LOOP('',(#2610,#2404,#2397));
#2618=FACE_OUTER_BOUND('',#2617,.T.);
#2619=FACETED_PRIMITIVE_FACE('',(#2618));
#2621=POLY_LOOP('',(#2620,#2596,#1989));
#2622=FACE_OUTER_BOUND('',#2621,.T.);
#2623=FACETED_PRIMITIVE_FACE('',(#2622));
#2624=POLY_LOOP('',(#2620,#1989,#1970));
#2625=FACE_OUTER_BOUND('',#2624,.T.);
#2626=FACETED_PRIMITIVE_FACE('',(#2625));
#2627=POLY_LOOP('',(#2620,#1970,#1963));
#2628=FACE_OUTER_BOUND('',#2627,.T.);
#2629=FACETED_PRIMITIVE_FACE('',(#2628));
#2631=POLY_LOOP('',(#2630,#2576,#2586));
#2632=FACE_OUTER_BOUND('',#2631,.T.);
#2633=FACETED_PRIMITIVE_FACE('',(#2632));
#2634=POLY_LOOP('',(#2630,#2610,#2576));
#2635=FACE_OUTER_BOUND('',#2634,.T.);
#2636=FACETED_PRIMITIVE_FACE('',(#2635));
#2638=POLY_LOOP('',(#2637,#2566,#2596));
#2639=FACE_OUTER_BOUND('',#2638,.T.);
#2640=FACETED_PRIMITIVE_FACE('',(#2639));
#2641=POLY_LOOP('',(#2637,#2606,#2566));
#2642=FACE_OUTER_BOUND('',#2641,.T.);
#2643=FACETED_PRIMITIVE_FACE('',(#2642));
#2645=POLY_LOOP('',(#2644,#2620,#1963));
#2646=FACE_OUTER_BOUND('',#2645,.T.);
#2647=FACETED_PRIMITIVE_FACE('',(#2646));
#2648=POLY_LOOP('',(#2644,#1963,#1956));
#2649=FACE_OUTER_BOUND('',#2648,.T.);
#2650=FACETED_PRIMITIVE_FACE('',(#2649));
#2651=POLY_LOOP('',(#2644,#1956,#1949));
#2652=FACE_OUTER_BOUND('',#2651,.T.);
#2653=FACETED_PRIMITIVE_FACE('',(#2652));
#2655=POLY_LOOP('',(#2654,#2630,#2586));
#2656=FACE_OUTER_BOUND('',#2655,.T.);
#2657=FACETED_PRIMITIVE_FACE('',(#2656));
#2658=POLY_LOOP('',(#2654,#2586,#2606));
#2659=FACE_OUTER_BOUND('',#2658,.T.);
#2660=FACETED_PRIMITIVE_FACE('',(#2659));
#2662=POLY_LOOP('',(#2661,#2411,#2404));
#2663=FACE_OUTER_BOUND('',#2662,.T.);
#2664=FACETED_PRIMITIVE_FACE('',(#2663));
#2665=POLY_LOOP('',(#2661,#2418,#2411));
#2666=FACE_OUTER_BOUND('',#2665,.T.);
#2667=FACETED_PRIMITIVE_FACE('',(#2666));
#2668=POLY_LOOP('',(#2661,#2610,#2630));
#2669=FACE_OUTER_BOUND('',#2668,.T.);
#2670=FACETED_PRIMITIVE_FACE('',(#2669));
#2671=POLY_LOOP('',(#2661,#2404,#2610));
#2672=FACE_OUTER_BOUND('',#2671,.T.);
#2673=FACETED_PRIMITIVE_FACE('',(#2672));
#2675=POLY_LOOP('',(#2674,#2596,#2620));
#2676=FACE_OUTER_BOUND('',#2675,.T.);
#2677=FACETED_PRIMITIVE_FACE('',(#2676));
#2678=POLY_LOOP('',(#2674,#2637,#2596));
#2679=FACE_OUTER_BOUND('',#2678,.T.);
#2680=FACETED_PRIMITIVE_FACE('',(#2679));
#2682=POLY_LOOP('',(#2681,#1949,#1942));
#2683=FACE_OUTER_BOUND('',#2682,.T.);
#2684=FACETED_PRIMITIVE_FACE('',(#2683));
#2685=POLY_LOOP('',(#2681,#1942,#1935));
#2686=FACE_OUTER_BOUND('',#2685,.T.);
#2687=FACETED_PRIMITIVE_FACE('',(#2686));
#2688=POLY_LOOP('',(#2681,#2644,#1949));
#2689=FACE_OUTER_BOUND('',#2688,.T.);
#2690=FACETED_PRIMITIVE_FACE('',(#2689));
#2692=POLY_LOOP('',(#2691,#2661,#2630));
#2693=FACE_OUTER_BOUND('',#2692,.T.);
#2694=FACETED_PRIMITIVE_FACE('',(#2693));
#2696=POLY_LOOP('',(#2695,#2637,#2674));
#2697=FACE_OUTER_BOUND('',#2696,.T.);
#2698=FACETED_PRIMITIVE_FACE('',(#2697));
#2699=POLY_LOOP('',(#2695,#2606,#2637));
#2700=FACE_OUTER_BOUND('',#2699,.T.);
#2701=FACETED_PRIMITIVE_FACE('',(#2700));
#2702=POLY_LOOP('',(#2695,#2654,#2606));
#2703=FACE_OUTER_BOUND('',#2702,.T.);
#2704=FACETED_PRIMITIVE_FACE('',(#2703));
#2706=POLY_LOOP('',(#2705,#2674,#2620));
#2707=FACE_OUTER_BOUND('',#2706,.T.);
#2708=FACETED_PRIMITIVE_FACE('',(#2707));
#2709=POLY_LOOP('',(#2705,#2620,#2644));
#2710=FACE_OUTER_BOUND('',#2709,.T.);
#2711=FACETED_PRIMITIVE_FACE('',(#2710));
#2713=POLY_LOOP('',(#2712,#2681,#1935));
#2714=FACE_OUTER_BOUND('',#2713,.T.);
#2715=FACETED_PRIMITIVE_FACE('',(#2714));
#2716=POLY_LOOP('',(#2712,#1935,#1928));
#2717=FACE_OUTER_BOUND('',#2716,.T.);
#2718=FACETED_PRIMITIVE_FACE('',(#2717));
#2719=POLY_LOOP('',(#2712,#1928,#1921));
#2720=FACE_OUTER_BOUND('',#2719,.T.);
#2721=FACETED_PRIMITIVE_FACE('',(#2720));
#2723=POLY_LOOP('',(#2722,#2630,#2654));
#2724=FACE_OUTER_BOUND('',#2723,.T.);
#2725=FACETED_PRIMITIVE_FACE('',(#2724));
#2726=POLY_LOOP('',(#2722,#2654,#2695));
#2727=FACE_OUTER_BOUND('',#2726,.T.);
#2728=FACETED_PRIMITIVE_FACE('',(#2727));
#2729=POLY_LOOP('',(#2722,#2691,#2630));
#2730=FACE_OUTER_BOUND('',#2729,.T.);
#2731=FACETED_PRIMITIVE_FACE('',(#2730));
#2733=POLY_LOOP('',(#2732,#2428,#2418));
#2734=FACE_OUTER_BOUND('',#2733,.T.);
#2735=FACETED_PRIMITIVE_FACE('',(#2734));
#2736=POLY_LOOP('',(#2732,#2432,#2428));
#2737=FACE_OUTER_BOUND('',#2736,.T.);
#2738=FACETED_PRIMITIVE_FACE('',(#2737));
#2739=POLY_LOOP('',(#2732,#2418,#2661));
#2740=FACE_OUTER_BOUND('',#2739,.T.);
#2741=FACETED_PRIMITIVE_FACE('',(#2740));
#2743=POLY_LOOP('',(#2742,#2695,#2674));
#2744=FACE_OUTER_BOUND('',#2743,.T.);
#2745=FACETED_PRIMITIVE_FACE('',(#2744));
#2747=POLY_LOOP('',(#2746,#2644,#2681));
#2748=FACE_OUTER_BOUND('',#2747,.T.);
#2749=FACETED_PRIMITIVE_FACE('',(#2748));
#2750=POLY_LOOP('',(#2746,#2705,#2644));
#2751=FACE_OUTER_BOUND('',#2750,.T.);
#2752=FACETED_PRIMITIVE_FACE('',(#2751));
#2754=POLY_LOOP('',(#2753,#2712,#1921));
#2755=FACE_OUTER_BOUND('',#2754,.T.);
#2756=FACETED_PRIMITIVE_FACE('',(#2755));
#2757=POLY_LOOP('',(#2753,#1921,#1911));
#2758=FACE_OUTER_BOUND('',#2757,.T.);
#2759=FACETED_PRIMITIVE_FACE('',(#2758));
#2760=POLY_LOOP('',(#2753,#1911,#1904));
#2761=FACE_OUTER_BOUND('',#2760,.T.);
#2762=FACETED_PRIMITIVE_FACE('',(#2761));
#2764=POLY_LOOP('',(#2763,#2732,#2661));
#2765=FACE_OUTER_BOUND('',#2764,.T.);
#2766=FACETED_PRIMITIVE_FACE('',(#2765));
#2767=POLY_LOOP('',(#2763,#2661,#2691));
#2768=FACE_OUTER_BOUND('',#2767,.T.);
#2769=FACETED_PRIMITIVE_FACE('',(#2768));
#2771=POLY_LOOP('',(#2770,#2722,#2695));
#2772=FACE_OUTER_BOUND('',#2771,.T.);
#2773=FACETED_PRIMITIVE_FACE('',(#2772));
#2775=POLY_LOOP('',(#2774,#2674,#2705));
#2776=FACE_OUTER_BOUND('',#2775,.T.);
#2777=FACETED_PRIMITIVE_FACE('',(#2776));
#2778=POLY_LOOP('',(#2774,#2742,#2674));
#2779=FACE_OUTER_BOUND('',#2778,.T.);
#2780=FACETED_PRIMITIVE_FACE('',(#2779));
#2782=POLY_LOOP('',(#2781,#2681,#2712));
#2783=FACE_OUTER_BOUND('',#2782,.T.);
#2784=FACETED_PRIMITIVE_FACE('',(#2783));
#2785=POLY_LOOP('',(#2781,#2746,#2681));
#2786=FACE_OUTER_BOUND('',#2785,.T.);
#2787=FACETED_PRIMITIVE_FACE('',(#2786));
#2789=POLY_LOOP('',(#2788,#1894,#2520));
#2790=FACE_OUTER_BOUND('',#2789,.T.);
#2791=FACETED_PRIMITIVE_FACE('',(#2790));
#2793=POLY_LOOP('',(#2788,#2520,#2792));
#2794=FACE_OUTER_BOUND('',#2793,.T.);
#2795=FACETED_PRIMITIVE_FACE('',(#2794));
#2797=POLY_LOOP('',(#2788,#2792,#2796));
#2798=FACE_OUTER_BOUND('',#2797,.T.);
#2799=FACETED_PRIMITIVE_FACE('',(#2798));
#2800=POLY_LOOP('',(#2788,#2753,#1904));
#2801=FACE_OUTER_BOUND('',#2800,.T.);
#2802=FACETED_PRIMITIVE_FACE('',(#2801));
#2803=POLY_LOOP('',(#2788,#1904,#1894));
#2804=FACE_OUTER_BOUND('',#2803,.T.);
#2805=FACETED_PRIMITIVE_FACE('',(#2804));
#2807=POLY_LOOP('',(#2806,#2691,#2722));
#2808=FACE_OUTER_BOUND('',#2807,.T.);
#2809=FACETED_PRIMITIVE_FACE('',(#2808));
#2810=POLY_LOOP('',(#2806,#2763,#2691));
#2811=FACE_OUTER_BOUND('',#2810,.T.);
#2812=FACETED_PRIMITIVE_FACE('',(#2811));
#2814=POLY_LOOP('',(#2813,#2449,#2432));
#2815=FACE_OUTER_BOUND('',#2814,.T.);
#2816=FACETED_PRIMITIVE_FACE('',(#2815));
#2817=POLY_LOOP('',(#2813,#2460,#2449));
#2818=FACE_OUTER_BOUND('',#2817,.T.);
#2819=FACETED_PRIMITIVE_FACE('',(#2818));
#2820=POLY_LOOP('',(#2813,#2432,#2732));
#2821=FACE_OUTER_BOUND('',#2820,.T.);
#2822=FACETED_PRIMITIVE_FACE('',(#2821));
#2824=POLY_LOOP('',(#2823,#2770,#2695));
#2825=FACE_OUTER_BOUND('',#2824,.T.);
#2826=FACETED_PRIMITIVE_FACE('',(#2825));
#2827=POLY_LOOP('',(#2823,#2695,#2742));
#2828=FACE_OUTER_BOUND('',#2827,.T.);
#2829=FACETED_PRIMITIVE_FACE('',(#2828));
#2831=POLY_LOOP('',(#2830,#2705,#2746));
#2832=FACE_OUTER_BOUND('',#2831,.T.);
#2833=FACETED_PRIMITIVE_FACE('',(#2832));
#2834=POLY_LOOP('',(#2830,#2774,#2705));
#2835=FACE_OUTER_BOUND('',#2834,.T.);
#2836=FACETED_PRIMITIVE_FACE('',(#2835));
#2838=POLY_LOOP('',(#2837,#2781,#2712));
#2839=FACE_OUTER_BOUND('',#2838,.T.);
#2840=FACETED_PRIMITIVE_FACE('',(#2839));
#2841=POLY_LOOP('',(#2837,#2712,#2753));
#2842=FACE_OUTER_BOUND('',#2841,.T.);
#2843=FACETED_PRIMITIVE_FACE('',(#2842));
#2845=POLY_LOOP('',(#2844,#2732,#2763));
#2846=FACE_OUTER_BOUND('',#2845,.T.);
#2847=FACETED_PRIMITIVE_FACE('',(#2846));
#2848=POLY_LOOP('',(#2844,#2813,#2732));
#2849=FACE_OUTER_BOUND('',#2848,.T.);
#2850=FACETED_PRIMITIVE_FACE('',(#2849));
#2852=POLY_LOOP('',(#2851,#2806,#2722));
#2853=FACE_OUTER_BOUND('',#2852,.T.);
#2854=FACETED_PRIMITIVE_FACE('',(#2853));
#2855=POLY_LOOP('',(#2851,#2722,#2770));
#2856=FACE_OUTER_BOUND('',#2855,.T.);
#2857=FACETED_PRIMITIVE_FACE('',(#2856));
#2859=POLY_LOOP('',(#2858,#2742,#2774));
#2860=FACE_OUTER_BOUND('',#2859,.T.);
#2861=FACETED_PRIMITIVE_FACE('',(#2860));
#2862=POLY_LOOP('',(#2858,#2823,#2742));
#2863=FACE_OUTER_BOUND('',#2862,.T.);
#2864=FACETED_PRIMITIVE_FACE('',(#2863));
#2866=POLY_LOOP('',(#2865,#2746,#2781));
#2867=FACE_OUTER_BOUND('',#2866,.T.);
#2868=FACETED_PRIMITIVE_FACE('',(#2867));
#2869=POLY_LOOP('',(#2865,#2830,#2746));
#2870=FACE_OUTER_BOUND('',#2869,.T.);
#2871=FACETED_PRIMITIVE_FACE('',(#2870));
#2873=POLY_LOOP('',(#2872,#2753,#2788));
#2874=FACE_OUTER_BOUND('',#2873,.T.);
#2875=FACETED_PRIMITIVE_FACE('',(#2874));
#2877=POLY_LOOP('',(#2872,#2796,#2876));
#2878=FACE_OUTER_BOUND('',#2877,.T.);
#2879=FACETED_PRIMITIVE_FACE('',(#2878));
#2881=POLY_LOOP('',(#2872,#2876,#2880));
#2882=FACE_OUTER_BOUND('',#2881,.T.);
#2883=FACETED_PRIMITIVE_FACE('',(#2882));
#2884=POLY_LOOP('',(#2872,#2788,#2796));
#2885=FACE_OUTER_BOUND('',#2884,.T.);
#2886=FACETED_PRIMITIVE_FACE('',(#2885));
#2887=POLY_LOOP('',(#2872,#2837,#2753));
#2888=FACE_OUTER_BOUND('',#2887,.T.);
#2889=FACETED_PRIMITIVE_FACE('',(#2888));
#2891=POLY_LOOP('',(#2890,#2806,#2851));
#2892=FACE_OUTER_BOUND('',#2891,.T.);
#2893=FACETED_PRIMITIVE_FACE('',(#2892));
#2894=POLY_LOOP('',(#2890,#2763,#2806));
#2895=FACE_OUTER_BOUND('',#2894,.T.);
#2896=FACETED_PRIMITIVE_FACE('',(#2895));
#2897=POLY_LOOP('',(#2890,#2844,#2763));
#2898=FACE_OUTER_BOUND('',#2897,.T.);
#2899=FACETED_PRIMITIVE_FACE('',(#2898));
#2901=POLY_LOOP('',(#2900,#2460,#2813));
#2902=FACE_OUTER_BOUND('',#2901,.T.);
#2903=FACETED_PRIMITIVE_FACE('',(#2902));
#2904=POLY_LOOP('',(#2900,#2477,#2460));
#2905=FACE_OUTER_BOUND('',#2904,.T.);
#2906=FACETED_PRIMITIVE_FACE('',(#2905));
#2907=POLY_LOOP('',(#2900,#2488,#2477));
#2908=FACE_OUTER_BOUND('',#2907,.T.);
#2909=FACETED_PRIMITIVE_FACE('',(#2908));
#2910=POLY_LOOP('',(#2900,#2813,#2844));
#2911=FACE_OUTER_BOUND('',#2910,.T.);
#2912=FACETED_PRIMITIVE_FACE('',(#2911));
#2914=POLY_LOOP('',(#2913,#2770,#2823));
#2915=FACE_OUTER_BOUND('',#2914,.T.);
#2916=FACETED_PRIMITIVE_FACE('',(#2915));
#2917=POLY_LOOP('',(#2913,#2851,#2770));
#2918=FACE_OUTER_BOUND('',#2917,.T.);
#2919=FACETED_PRIMITIVE_FACE('',(#2918));
#2920=POLY_LOOP('',(#2913,#2823,#2858));
#2921=FACE_OUTER_BOUND('',#2920,.T.);
#2922=FACETED_PRIMITIVE_FACE('',(#2921));
#2924=POLY_LOOP('',(#2923,#2774,#2830));
#2925=FACE_OUTER_BOUND('',#2924,.T.);
#2926=FACETED_PRIMITIVE_FACE('',(#2925));
#2927=POLY_LOOP('',(#2923,#2858,#2774));
#2928=FACE_OUTER_BOUND('',#2927,.T.);
#2929=FACETED_PRIMITIVE_FACE('',(#2928));
#2930=POLY_LOOP('',(#2923,#2830,#2865));
#2931=FACE_OUTER_BOUND('',#2930,.T.);
#2932=FACETED_PRIMITIVE_FACE('',(#2931));
#2934=POLY_LOOP('',(#2933,#2865,#2781));
#2935=FACE_OUTER_BOUND('',#2934,.T.);
#2936=FACETED_PRIMITIVE_FACE('',(#2935));
#2937=POLY_LOOP('',(#2933,#2781,#2837));
#2938=FACE_OUTER_BOUND('',#2937,.T.);
#2939=FACETED_PRIMITIVE_FACE('',(#2938));
#2941=POLY_LOOP('',(#2940,#2900,#2844));
#2942=FACE_OUTER_BOUND('',#2941,.T.);
#2943=FACETED_PRIMITIVE_FACE('',(#2942));
#2945=POLY_LOOP('',(#2944,#2890,#2851));
#2946=FACE_OUTER_BOUND('',#2945,.T.);
#2947=FACETED_PRIMITIVE_FACE('',(#2946));
#2949=POLY_LOOP('',(#2948,#2913,#2858));
#2950=FACE_OUTER_BOUND('',#2949,.T.);
#2951=FACETED_PRIMITIVE_FACE('',(#2950));
#2953=POLY_LOOP('',(#2952,#2923,#2865));
#2954=FACE_OUTER_BOUND('',#2953,.T.);
#2955=FACETED_PRIMITIVE_FACE('',(#2954));
#2956=POLY_LOOP('',(#2952,#2865,#2933));
#2957=FACE_OUTER_BOUND('',#2956,.T.);
#2958=FACETED_PRIMITIVE_FACE('',(#2957));
#2960=POLY_LOOP('',(#2959,#2872,#2880));
#2961=FACE_OUTER_BOUND('',#2960,.T.);
#2962=FACETED_PRIMITIVE_FACE('',(#2961));
#2963=POLY_LOOP('',(#2959,#2837,#2872));
#2964=FACE_OUTER_BOUND('',#2963,.T.);
#2965=FACETED_PRIMITIVE_FACE('',(#2964));
#2967=POLY_LOOP('',(#2959,#2880,#2966));
#2968=FACE_OUTER_BOUND('',#2967,.T.);
#2969=FACETED_PRIMITIVE_FACE('',(#2968));
#2971=POLY_LOOP('',(#2959,#2966,#2970));
#2972=FACE_OUTER_BOUND('',#2971,.T.);
#2973=FACETED_PRIMITIVE_FACE('',(#2972));
#2974=POLY_LOOP('',(#2959,#2933,#2837));
#2975=FACE_OUTER_BOUND('',#2974,.T.);
#2976=FACETED_PRIMITIVE_FACE('',(#2975));
#2978=POLY_LOOP('',(#2977,#2940,#2844));
#2979=FACE_OUTER_BOUND('',#2978,.T.);
#2980=FACETED_PRIMITIVE_FACE('',(#2979));
#2981=POLY_LOOP('',(#2977,#2844,#2890));
#2982=FACE_OUTER_BOUND('',#2981,.T.);
#2983=FACETED_PRIMITIVE_FACE('',(#2982));
#2985=POLY_LOOP('',(#2984,#2495,#2488));
#2986=FACE_OUTER_BOUND('',#2985,.T.);
#2987=FACETED_PRIMITIVE_FACE('',(#2986));
#2988=POLY_LOOP('',(#2984,#2484,#2495));
#2989=FACE_OUTER_BOUND('',#2988,.T.);
#2990=FACETED_PRIMITIVE_FACE('',(#2989));
#2991=POLY_LOOP('',(#2984,#2488,#2900));
#2992=FACE_OUTER_BOUND('',#2991,.T.);
#2993=FACETED_PRIMITIVE_FACE('',(#2992));
#2995=POLY_LOOP('',(#2994,#2944,#2851));
#2996=FACE_OUTER_BOUND('',#2995,.T.);
#2997=FACETED_PRIMITIVE_FACE('',(#2996));
#2998=POLY_LOOP('',(#2994,#2851,#2913));
#2999=FACE_OUTER_BOUND('',#2998,.T.);
#3000=FACETED_PRIMITIVE_FACE('',(#2999));
#3002=POLY_LOOP('',(#3001,#2948,#2858));
#3003=FACE_OUTER_BOUND('',#3002,.T.);
#3004=FACETED_PRIMITIVE_FACE('',(#3003));
#3005=POLY_LOOP('',(#3001,#2858,#2923));
#3006=FACE_OUTER_BOUND('',#3005,.T.);
#3007=FACETED_PRIMITIVE_FACE('',(#3006));
#3009=POLY_LOOP('',(#3008,#2952,#2933));
#3010=FACE_OUTER_BOUND('',#3009,.T.);
#3011=FACETED_PRIMITIVE_FACE('',(#3010));
#3013=POLY_LOOP('',(#3012,#2984,#2900));
#3014=FACE_OUTER_BOUND('',#3013,.T.);
#3015=FACETED_PRIMITIVE_FACE('',(#3014));
#3016=POLY_LOOP('',(#3012,#2900,#2940));
#3017=FACE_OUTER_BOUND('',#3016,.T.);
#3018=FACETED_PRIMITIVE_FACE('',(#3017));
#3020=POLY_LOOP('',(#3019,#2890,#2944));
#3021=FACE_OUTER_BOUND('',#3020,.T.);
#3022=FACETED_PRIMITIVE_FACE('',(#3021));
#3023=POLY_LOOP('',(#3019,#2977,#2890));
#3024=FACE_OUTER_BOUND('',#3023,.T.);
#3025=FACETED_PRIMITIVE_FACE('',(#3024));
#3027=POLY_LOOP('',(#3026,#2994,#2913));
#3028=FACE_OUTER_BOUND('',#3027,.T.);
#3029=FACETED_PRIMITIVE_FACE('',(#3028));
#3030=POLY_LOOP('',(#3026,#2913,#2948));
#3031=FACE_OUTER_BOUND('',#3030,.T.);
#3032=FACETED_PRIMITIVE_FACE('',(#3031));
#3034=POLY_LOOP('',(#3033,#2923,#2952));
#3035=FACE_OUTER_BOUND('',#3034,.T.);
#3036=FACETED_PRIMITIVE_FACE('',(#3035));
#3037=POLY_LOOP('',(#3033,#3001,#2923));
#3038=FACE_OUTER_BOUND('',#3037,.T.);
#3039=FACETED_PRIMITIVE_FACE('',(#3038));
#3041=POLY_LOOP('',(#3040,#2933,#2959));
#3042=FACE_OUTER_BOUND('',#3041,.T.);
#3043=FACETED_PRIMITIVE_FACE('',(#3042));
#3044=POLY_LOOP('',(#3040,#2959,#2970));
#3045=FACE_OUTER_BOUND('',#3044,.T.);
#3046=FACETED_PRIMITIVE_FACE('',(#3045));
#3048=POLY_LOOP('',(#3040,#2970,#3047));
#3049=FACE_OUTER_BOUND('',#3048,.T.);
#3050=FACETED_PRIMITIVE_FACE('',(#3049));
#3052=POLY_LOOP('',(#3040,#3047,#3051));
#3053=FACE_OUTER_BOUND('',#3052,.T.);
#3054=FACETED_PRIMITIVE_FACE('',(#3053));
#3055=POLY_LOOP('',(#3040,#3008,#2933));
#3056=FACE_OUTER_BOUND('',#3055,.T.);
#3057=FACETED_PRIMITIVE_FACE('',(#3056));
#3059=POLY_LOOP('',(#3058,#3012,#2940));
#3060=FACE_OUTER_BOUND('',#3059,.T.);
#3061=FACETED_PRIMITIVE_FACE('',(#3060));
#3062=POLY_LOOP('',(#3058,#2977,#3019));
#3063=FACE_OUTER_BOUND('',#3062,.T.);
#3064=FACETED_PRIMITIVE_FACE('',(#3063));
#3065=POLY_LOOP('',(#3058,#2940,#2977));
#3066=FACE_OUTER_BOUND('',#3065,.T.);
#3067=FACETED_PRIMITIVE_FACE('',(#3066));
#3069=POLY_LOOP('',(#3068,#2467,#2484));
#3070=FACE_OUTER_BOUND('',#3069,.T.);
#3071=FACETED_PRIMITIVE_FACE('',(#3070));
#3072=POLY_LOOP('',(#3068,#2484,#2984));
#3073=FACE_OUTER_BOUND('',#3072,.T.);
#3074=FACETED_PRIMITIVE_FACE('',(#3073));
#3076=POLY_LOOP('',(#3075,#2944,#2994));
#3077=FACE_OUTER_BOUND('',#3076,.T.);
#3078=FACETED_PRIMITIVE_FACE('',(#3077));
#3079=POLY_LOOP('',(#3075,#3019,#2944));
#3080=FACE_OUTER_BOUND('',#3079,.T.);
#3081=FACETED_PRIMITIVE_FACE('',(#3080));
#3083=POLY_LOOP('',(#3082,#2948,#3001));
#3084=FACE_OUTER_BOUND('',#3083,.T.);
#3085=FACETED_PRIMITIVE_FACE('',(#3084));
#3086=POLY_LOOP('',(#3082,#3026,#2948));
#3087=FACE_OUTER_BOUND('',#3086,.T.);
#3088=FACETED_PRIMITIVE_FACE('',(#3087));
#3090=POLY_LOOP('',(#3089,#3033,#2952));
#3091=FACE_OUTER_BOUND('',#3090,.T.);
#3092=FACETED_PRIMITIVE_FACE('',(#3091));
#3093=POLY_LOOP('',(#3089,#2952,#3008));
#3094=FACE_OUTER_BOUND('',#3093,.T.);
#3095=FACETED_PRIMITIVE_FACE('',(#3094));
#3097=POLY_LOOP('',(#3096,#2984,#3012));
#3098=FACE_OUTER_BOUND('',#3097,.T.);
#3099=FACETED_PRIMITIVE_FACE('',(#3098));
#3100=POLY_LOOP('',(#3096,#3068,#2984));
#3101=FACE_OUTER_BOUND('',#3100,.T.);
#3102=FACETED_PRIMITIVE_FACE('',(#3101));
#3104=POLY_LOOP('',(#3103,#3058,#3019));
#3105=FACE_OUTER_BOUND('',#3104,.T.);
#3106=FACETED_PRIMITIVE_FACE('',(#3105));
#3108=POLY_LOOP('',(#3107,#2994,#3026));
#3109=FACE_OUTER_BOUND('',#3108,.T.);
#3110=FACETED_PRIMITIVE_FACE('',(#3109));
#3111=POLY_LOOP('',(#3107,#3075,#2994));
#3112=FACE_OUTER_BOUND('',#3111,.T.);
#3113=FACETED_PRIMITIVE_FACE('',(#3112));
#3115=POLY_LOOP('',(#3114,#3001,#3033));
#3116=FACE_OUTER_BOUND('',#3115,.T.);
#3117=FACETED_PRIMITIVE_FACE('',(#3116));
#3118=POLY_LOOP('',(#3114,#3082,#3001));
#3119=FACE_OUTER_BOUND('',#3118,.T.);
#3120=FACETED_PRIMITIVE_FACE('',(#3119));
#3122=POLY_LOOP('',(#3121,#3089,#3008));
#3123=FACE_OUTER_BOUND('',#3122,.T.);
#3124=FACETED_PRIMITIVE_FACE('',(#3123));
#3126=POLY_LOOP('',(#3121,#3051,#3125));
#3127=FACE_OUTER_BOUND('',#3126,.T.);
#3128=FACETED_PRIMITIVE_FACE('',(#3127));
#3130=POLY_LOOP('',(#3121,#3125,#3129));
#3131=FACE_OUTER_BOUND('',#3130,.T.);
#3132=FACETED_PRIMITIVE_FACE('',(#3131));
#3133=POLY_LOOP('',(#3121,#3008,#3040));
#3134=FACE_OUTER_BOUND('',#3133,.T.);
#3135=FACETED_PRIMITIVE_FACE('',(#3134));
#3136=POLY_LOOP('',(#3121,#3040,#3051));
#3137=FACE_OUTER_BOUND('',#3136,.T.);
#3138=FACETED_PRIMITIVE_FACE('',(#3137));
#3140=POLY_LOOP('',(#3139,#1654,#3096));
#3141=FACE_OUTER_BOUND('',#3140,.T.);
#3142=FACETED_PRIMITIVE_FACE('',(#3141));
#3143=POLY_LOOP('',(#3139,#1647,#1654));
#3144=FACE_OUTER_BOUND('',#3143,.T.);
#3145=FACETED_PRIMITIVE_FACE('',(#3144));
#3146=POLY_LOOP('',(#3139,#1633,#1647));
#3147=FACE_OUTER_BOUND('',#3146,.T.);
#3148=FACETED_PRIMITIVE_FACE('',(#3147));
#3149=POLY_LOOP('',(#3139,#3012,#3058));
#3150=FACE_OUTER_BOUND('',#3149,.T.);
#3151=FACETED_PRIMITIVE_FACE('',(#3150));
#3152=POLY_LOOP('',(#3139,#3096,#3012));
#3153=FACE_OUTER_BOUND('',#3152,.T.);
#3154=FACETED_PRIMITIVE_FACE('',(#3153));
#3156=POLY_LOOP('',(#3155,#3019,#3075));
#3157=FACE_OUTER_BOUND('',#3156,.T.);
#3158=FACETED_PRIMITIVE_FACE('',(#3157));
#3159=POLY_LOOP('',(#3155,#3103,#3019));
#3160=FACE_OUTER_BOUND('',#3159,.T.);
#3161=FACETED_PRIMITIVE_FACE('',(#3160));
#3163=POLY_LOOP('',(#3162,#3026,#3082));
#3164=FACE_OUTER_BOUND('',#3163,.T.);
#3165=FACETED_PRIMITIVE_FACE('',(#3164));
#3166=POLY_LOOP('',(#3162,#3107,#3026));
#3167=FACE_OUTER_BOUND('',#3166,.T.);
#3168=FACETED_PRIMITIVE_FACE('',(#3167));
#3169=POLY_LOOP('',(#3162,#3082,#3114));
#3170=FACE_OUTER_BOUND('',#3169,.T.);
#3171=FACETED_PRIMITIVE_FACE('',(#3170));
#3173=POLY_LOOP('',(#3172,#3114,#3033));
#3174=FACE_OUTER_BOUND('',#3173,.T.);
#3175=FACETED_PRIMITIVE_FACE('',(#3174));
#3176=POLY_LOOP('',(#3172,#3033,#3089));
#3177=FACE_OUTER_BOUND('',#3176,.T.);
#3178=FACETED_PRIMITIVE_FACE('',(#3177));
#3180=POLY_LOOP('',(#3179,#1626,#1633));
#3181=FACE_OUTER_BOUND('',#3180,.T.);
#3182=FACETED_PRIMITIVE_FACE('',(#3181));
#3183=POLY_LOOP('',(#3179,#1619,#1626));
#3184=FACE_OUTER_BOUND('',#3183,.T.);
#3185=FACETED_PRIMITIVE_FACE('',(#3184));
#3186=POLY_LOOP('',(#3179,#1633,#3139));
#3187=FACE_OUTER_BOUND('',#3186,.T.);
#3188=FACETED_PRIMITIVE_FACE('',(#3187));
#3189=POLY_LOOP('',(#3179,#3058,#3103));
#3190=FACE_OUTER_BOUND('',#3189,.T.);
#3191=FACETED_PRIMITIVE_FACE('',(#3190));
#3192=POLY_LOOP('',(#3179,#3139,#3058));
#3193=FACE_OUTER_BOUND('',#3192,.T.);
#3194=FACETED_PRIMITIVE_FACE('',(#3193));
#3196=POLY_LOOP('',(#3195,#3155,#3075));
#3197=FACE_OUTER_BOUND('',#3196,.T.);
#3198=FACETED_PRIMITIVE_FACE('',(#3197));
#3199=POLY_LOOP('',(#3195,#3075,#3107));
#3200=FACE_OUTER_BOUND('',#3199,.T.);
#3201=FACETED_PRIMITIVE_FACE('',(#3200));
#3203=POLY_LOOP('',(#3202,#3162,#3114));
#3204=FACE_OUTER_BOUND('',#3203,.T.);
#3205=FACETED_PRIMITIVE_FACE('',(#3204));
#3207=POLY_LOOP('',(#3206,#3172,#3089));
#3208=FACE_OUTER_BOUND('',#3207,.T.);
#3209=FACETED_PRIMITIVE_FACE('',(#3208));
#3211=POLY_LOOP('',(#3206,#3129,#3210));
#3212=FACE_OUTER_BOUND('',#3211,.T.);
#3213=FACETED_PRIMITIVE_FACE('',(#3212));
#3215=POLY_LOOP('',(#3206,#3210,#3214));
#3216=FACE_OUTER_BOUND('',#3215,.T.);
#3217=FACETED_PRIMITIVE_FACE('',(#3216));
#3218=POLY_LOOP('',(#3206,#3089,#3121));
#3219=FACE_OUTER_BOUND('',#3218,.T.);
#3220=FACETED_PRIMITIVE_FACE('',(#3219));
#3221=POLY_LOOP('',(#3206,#3121,#3129));
#3222=FACE_OUTER_BOUND('',#3221,.T.);
#3223=FACETED_PRIMITIVE_FACE('',(#3222));
#3225=POLY_LOOP('',(#3224,#3103,#3155));
#3226=FACE_OUTER_BOUND('',#3225,.T.);
#3227=FACETED_PRIMITIVE_FACE('',(#3226));
#3228=POLY_LOOP('',(#3224,#1619,#3179));
#3229=FACE_OUTER_BOUND('',#3228,.T.);
#3230=FACETED_PRIMITIVE_FACE('',(#3229));
#3231=POLY_LOOP('',(#3224,#1612,#1619));
#3232=FACE_OUTER_BOUND('',#3231,.T.);
#3233=FACETED_PRIMITIVE_FACE('',(#3232));
#3234=POLY_LOOP('',(#3224,#1602,#1612));
#3235=FACE_OUTER_BOUND('',#3234,.T.);
#3236=FACETED_PRIMITIVE_FACE('',(#3235));
#3237=POLY_LOOP('',(#3224,#3179,#3103));
#3238=FACE_OUTER_BOUND('',#3237,.T.);
#3239=FACETED_PRIMITIVE_FACE('',(#3238));
#3241=POLY_LOOP('',(#3240,#3195,#3107));
#3242=FACE_OUTER_BOUND('',#3241,.T.);
#3243=FACETED_PRIMITIVE_FACE('',(#3242));
#3244=POLY_LOOP('',(#3240,#3162,#3202));
#3245=FACE_OUTER_BOUND('',#3244,.T.);
#3246=FACETED_PRIMITIVE_FACE('',(#3245));
#3247=POLY_LOOP('',(#3240,#3107,#3162));
#3248=FACE_OUTER_BOUND('',#3247,.T.);
#3249=FACETED_PRIMITIVE_FACE('',(#3248));
#3251=POLY_LOOP('',(#3250,#3114,#3172));
#3252=FACE_OUTER_BOUND('',#3251,.T.);
#3253=FACETED_PRIMITIVE_FACE('',(#3252));
#3254=POLY_LOOP('',(#3250,#3202,#3114));
#3255=FACE_OUTER_BOUND('',#3254,.T.);
#3256=FACETED_PRIMITIVE_FACE('',(#3255));
#3258=POLY_LOOP('',(#3257,#3224,#3155));
#3259=FACE_OUTER_BOUND('',#3258,.T.);
#3260=FACETED_PRIMITIVE_FACE('',(#3259));
#3261=POLY_LOOP('',(#3257,#3195,#3240));
#3262=FACE_OUTER_BOUND('',#3261,.T.);
#3263=FACETED_PRIMITIVE_FACE('',(#3262));
#3264=POLY_LOOP('',(#3257,#1595,#1602));
#3265=FACE_OUTER_BOUND('',#3264,.T.);
#3266=FACETED_PRIMITIVE_FACE('',(#3265));
#3267=POLY_LOOP('',(#3257,#1581,#1595));
#3268=FACE_OUTER_BOUND('',#3267,.T.);
#3269=FACETED_PRIMITIVE_FACE('',(#3268));
#3270=POLY_LOOP('',(#3257,#1602,#3224));
#3271=FACE_OUTER_BOUND('',#3270,.T.);
#3272=FACETED_PRIMITIVE_FACE('',(#3271));
#3273=POLY_LOOP('',(#3257,#3155,#3195));
#3274=FACE_OUTER_BOUND('',#3273,.T.);
#3275=FACETED_PRIMITIVE_FACE('',(#3274));
#3277=POLY_LOOP('',(#3276,#3240,#3202));
#3278=FACE_OUTER_BOUND('',#3277,.T.);
#3279=FACETED_PRIMITIVE_FACE('',(#3278));
#3281=POLY_LOOP('',(#3280,#3172,#3206));
#3282=FACE_OUTER_BOUND('',#3281,.T.);
#3283=FACETED_PRIMITIVE_FACE('',(#3282));
#3284=POLY_LOOP('',(#3280,#3250,#3172));
#3285=FACE_OUTER_BOUND('',#3284,.T.);
#3286=FACETED_PRIMITIVE_FACE('',(#3285));
#3287=POLY_LOOP('',(#3280,#3206,#3214));
#3288=FACE_OUTER_BOUND('',#3287,.T.);
#3289=FACETED_PRIMITIVE_FACE('',(#3288));
#3291=POLY_LOOP('',(#3280,#3214,#3290));
#3292=FACE_OUTER_BOUND('',#3291,.T.);
#3293=FACETED_PRIMITIVE_FACE('',(#3292));
#3295=POLY_LOOP('',(#3280,#3290,#3294));
#3296=FACE_OUTER_BOUND('',#3295,.T.);
#3297=FACETED_PRIMITIVE_FACE('',(#3296));
#3299=POLY_LOOP('',(#3298,#1560,#1581));
#3300=FACE_OUTER_BOUND('',#3299,.T.);
#3301=FACETED_PRIMITIVE_FACE('',(#3300));
#3302=POLY_LOOP('',(#3298,#1546,#1560));
#3303=FACE_OUTER_BOUND('',#3302,.T.);
#3304=FACETED_PRIMITIVE_FACE('',(#3303));
#3305=POLY_LOOP('',(#3298,#1581,#3257));
#3306=FACE_OUTER_BOUND('',#3305,.T.);
#3307=FACETED_PRIMITIVE_FACE('',(#3306));
#3308=POLY_LOOP('',(#3298,#3257,#3240));
#3309=FACE_OUTER_BOUND('',#3308,.T.);
#3310=FACETED_PRIMITIVE_FACE('',(#3309));
#3312=POLY_LOOP('',(#3311,#3250,#3280));
#3313=FACE_OUTER_BOUND('',#3312,.T.);
#3314=FACETED_PRIMITIVE_FACE('',(#3313));
#3315=POLY_LOOP('',(#3311,#3276,#3202));
#3316=FACE_OUTER_BOUND('',#3315,.T.);
#3317=FACETED_PRIMITIVE_FACE('',(#3316));
#3318=POLY_LOOP('',(#3311,#3202,#3250));
#3319=FACE_OUTER_BOUND('',#3318,.T.);
#3320=FACETED_PRIMITIVE_FACE('',(#3319));
#3322=POLY_LOOP('',(#3321,#1546,#3298));
#3323=FACE_OUTER_BOUND('',#3322,.T.);
#3324=FACETED_PRIMITIVE_FACE('',(#3323));
#3325=POLY_LOOP('',(#3321,#3298,#3240));
#3326=FACE_OUTER_BOUND('',#3325,.T.);
#3327=FACETED_PRIMITIVE_FACE('',(#3326));
#3328=POLY_LOOP('',(#3321,#3240,#3276));
#3329=FACE_OUTER_BOUND('',#3328,.T.);
#3330=FACETED_PRIMITIVE_FACE('',(#3329));
#3331=POLY_LOOP('',(#3321,#1529,#1546));
#3332=FACE_OUTER_BOUND('',#3331,.T.);
#3333=FACETED_PRIMITIVE_FACE('',(#3332));
#3334=POLY_LOOP('',(#3321,#1514,#1529));
#3335=FACE_OUTER_BOUND('',#3334,.T.);
#3336=FACETED_PRIMITIVE_FACE('',(#3335));
#3337=POLY_LOOP('',(#3321,#3276,#3311));
#3338=FACE_OUTER_BOUND('',#3337,.T.);
#3339=FACETED_PRIMITIVE_FACE('',(#3338));
#3341=POLY_LOOP('',(#3340,#3311,#3280));
#3342=FACE_OUTER_BOUND('',#3341,.T.);
#3343=FACETED_PRIMITIVE_FACE('',(#3342));
#3344=POLY_LOOP('',(#3340,#3280,#3294));
#3345=FACE_OUTER_BOUND('',#3344,.T.);
#3346=FACETED_PRIMITIVE_FACE('',(#3345));
#3348=POLY_LOOP('',(#3340,#3294,#3347));
#3349=FACE_OUTER_BOUND('',#3348,.T.);
#3350=FACETED_PRIMITIVE_FACE('',(#3349));
#3352=POLY_LOOP('',(#3340,#3347,#3351));
#3353=FACE_OUTER_BOUND('',#3352,.T.);
#3354=FACETED_PRIMITIVE_FACE('',(#3353));
#3356=POLY_LOOP('',(#3355,#1515,#1514));
#3357=FACE_OUTER_BOUND('',#3356,.T.);
#3358=FACETED_PRIMITIVE_FACE('',(#3357));
#3359=POLY_LOOP('',(#3355,#3321,#3311));
#3360=FACE_OUTER_BOUND('',#3359,.T.);
#3361=FACETED_PRIMITIVE_FACE('',(#3360));
#3362=POLY_LOOP('',(#3355,#1514,#3321));
#3363=FACE_OUTER_BOUND('',#3362,.T.);
#3364=FACETED_PRIMITIVE_FACE('',(#3363));
#3366=POLY_LOOP('',(#3365,#3311,#3340));
#3367=FACE_OUTER_BOUND('',#3366,.T.);
#3368=FACETED_PRIMITIVE_FACE('',(#3367));
#3369=POLY_LOOP('',(#3365,#3355,#3311));
#3370=FACE_OUTER_BOUND('',#3369,.T.);
#3371=FACETED_PRIMITIVE_FACE('',(#3370));
#3372=POLY_LOOP('',(#3365,#3340,#3351));
#3373=FACE_OUTER_BOUND('',#3372,.T.);
#3374=FACETED_PRIMITIVE_FACE('',(#3373));
#3376=POLY_LOOP('',(#3365,#3351,#3375));
#3377=FACE_OUTER_BOUND('',#3376,.T.);
#3378=FACETED_PRIMITIVE_FACE('',(#3377));
#3380=POLY_LOOP('',(#3379,#2453,#2467));
#3381=FACE_OUTER_BOUND('',#3380,.T.);
#3382=FACETED_PRIMITIVE_FACE('',(#3381));
#3383=POLY_LOOP('',(#3379,#2467,#3068));
#3384=FACE_OUTER_BOUND('',#3383,.T.);
#3385=FACETED_PRIMITIVE_FACE('',(#3384));
#3386=POLY_LOOP('',(#3379,#3068,#3096));
#3387=FACE_OUTER_BOUND('',#3386,.T.);
#3388=FACETED_PRIMITIVE_FACE('',(#3387));
#3390=POLY_LOOP('',(#3389,#2442,#2453));
#3391=FACE_OUTER_BOUND('',#3390,.T.);
#3392=FACETED_PRIMITIVE_FACE('',(#3391));
#3393=POLY_LOOP('',(#3389,#3096,#1654));
#3394=FACE_OUTER_BOUND('',#3393,.T.);
#3395=FACETED_PRIMITIVE_FACE('',(#3394));
#3396=POLY_LOOP('',(#3389,#1661,#1665));
#3397=FACE_OUTER_BOUND('',#3396,.T.);
#3398=FACETED_PRIMITIVE_FACE('',(#3397));
#3399=POLY_LOOP('',(#3389,#1654,#1661));
#3400=FACE_OUTER_BOUND('',#3399,.T.);
#3401=FACETED_PRIMITIVE_FACE('',(#3400));
#3402=POLY_LOOP('',(#3389,#3379,#3096));
#3403=FACE_OUTER_BOUND('',#3402,.T.);
#3404=FACETED_PRIMITIVE_FACE('',(#3403));
#3405=POLY_LOOP('',(#3389,#2453,#3379));
#3406=FACE_OUTER_BOUND('',#3405,.T.);
#3407=FACETED_PRIMITIVE_FACE('',(#3406));
#3409=POLY_LOOP('',(#3408,#1697,#2442));
#3410=FACE_OUTER_BOUND('',#3409,.T.);
#3411=FACETED_PRIMITIVE_FACE('',(#3410));
#3412=POLY_LOOP('',(#3408,#1690,#1697));
#3413=FACE_OUTER_BOUND('',#3412,.T.);
#3414=FACETED_PRIMITIVE_FACE('',(#3413));
#3415=POLY_LOOP('',(#3408,#1683,#1690));
#3416=FACE_OUTER_BOUND('',#3415,.T.);
#3417=FACETED_PRIMITIVE_FACE('',(#3416));
#3418=POLY_LOOP('',(#3408,#1679,#1683));
#3419=FACE_OUTER_BOUND('',#3418,.T.);
#3420=FACETED_PRIMITIVE_FACE('',(#3419));
#3421=POLY_LOOP('',(#3408,#2442,#3389));
#3422=FACE_OUTER_BOUND('',#3421,.T.);
#3423=FACETED_PRIMITIVE_FACE('',(#3422));
#3424=POLY_LOOP('',(#3408,#1672,#1679));
#3425=FACE_OUTER_BOUND('',#3424,.T.);
#3426=FACETED_PRIMITIVE_FACE('',(#3425));
#3427=POLY_LOOP('',(#3408,#1665,#1672));
#3428=FACE_OUTER_BOUND('',#3427,.T.);
#3429=FACETED_PRIMITIVE_FACE('',(#3428));
#3430=POLY_LOOP('',(#3408,#3389,#1665));
#3431=FACE_OUTER_BOUND('',#3430,.T.);
#3432=FACETED_PRIMITIVE_FACE('',(#3431));
#3434=POLY_LOOP('',(#3433,#3355,#3365));
#3435=FACE_OUTER_BOUND('',#3434,.T.);
#3436=FACETED_PRIMITIVE_FACE('',(#3435));
#3437=POLY_LOOP('',(#3433,#3365,#3375));
#3438=FACE_OUTER_BOUND('',#3437,.T.);
#3439=FACETED_PRIMITIVE_FACE('',(#3438));
#3441=POLY_LOOP('',(#3433,#3375,#3440));
#3442=FACE_OUTER_BOUND('',#3441,.T.);
#3443=FACETED_PRIMITIVE_FACE('',(#3442));
#3445=POLY_LOOP('',(#3444,#1522,#1515));
#3446=FACE_OUTER_BOUND('',#3445,.T.);
#3447=FACETED_PRIMITIVE_FACE('',(#3446));
#3448=POLY_LOOP('',(#3444,#3433,#3440));
#3449=FACE_OUTER_BOUND('',#3448,.T.);
#3450=FACETED_PRIMITIVE_FACE('',(#3449));
#3451=POLY_LOOP('',(#3444,#3440,#2536));
#3452=FACE_OUTER_BOUND('',#3451,.T.);
#3453=FACETED_PRIMITIVE_FACE('',(#3452));
#3454=POLY_LOOP('',(#3444,#3355,#3433));
#3455=FACE_OUTER_BOUND('',#3454,.T.);
#3456=FACETED_PRIMITIVE_FACE('',(#3455));
#3457=POLY_LOOP('',(#3444,#1515,#3355));
#3458=FACE_OUTER_BOUND('',#3457,.T.);
#3459=FACETED_PRIMITIVE_FACE('',(#3458));
#3461=POLY_LOOP('',(#3460,#1536,#1522));
#3462=FACE_OUTER_BOUND('',#3461,.T.);
#3463=FACETED_PRIMITIVE_FACE('',(#3462));
#3464=POLY_LOOP('',(#3460,#1553,#1536));
#3465=FACE_OUTER_BOUND('',#3464,.T.);
#3466=FACETED_PRIMITIVE_FACE('',(#3465));
#3467=POLY_LOOP('',(#3460,#1567,#1553));
#3468=FACE_OUTER_BOUND('',#3467,.T.);
#3469=FACETED_PRIMITIVE_FACE('',(#3468));
#3470=POLY_LOOP('',(#3460,#1577,#1567));
#3471=FACE_OUTER_BOUND('',#3470,.T.);
#3472=FACETED_PRIMITIVE_FACE('',(#3471));
#3473=POLY_LOOP('',(#3460,#1522,#3444));
#3474=FACE_OUTER_BOUND('',#3473,.T.);
#3475=FACETED_PRIMITIVE_FACE('',(#3474));
#3476=POLY_LOOP('',(#3460,#3444,#2536));
#3477=FACE_OUTER_BOUND('',#3476,.T.);
#3478=FACETED_PRIMITIVE_FACE('',(#3477));
#3479=POLY_LOOP('',(#3460,#2536,#1577));
#3480=FACE_OUTER_BOUND('',#3479,.T.);
#3481=FACETED_PRIMITIVE_FACE('',(#3480));
#3482=POLY_LOOP('',(#1856,#1591,#2536));
#3483=FACE_OUTER_BOUND('',#3482,.T.);
#3484=FACETED_PRIMITIVE_FACE('',(#3483));
#3485=POLY_LOOP('',(#1856,#1640,#1591));
#3486=FACE_OUTER_BOUND('',#3485,.T.);
#3487=FACETED_PRIMITIVE_FACE('',(#3486));
#3488=POLY_LOOP('',(#1846,#2536,#3440));
#3489=FACE_OUTER_BOUND('',#3488,.T.);
#3490=FACETED_PRIMITIVE_FACE('',(#3489));
#3491=POLY_LOOP('',(#1846,#1856,#2536));
#3492=FACE_OUTER_BOUND('',#3491,.T.);
#3493=FACETED_PRIMITIVE_FACE('',(#3492));
#3494=POLY_LOOP('',(#1839,#3440,#3375));
#3495=FACE_OUTER_BOUND('',#3494,.T.);
#3496=FACETED_PRIMITIVE_FACE('',(#3495));
#3497=POLY_LOOP('',(#1839,#1846,#3440));
#3498=FACE_OUTER_BOUND('',#3497,.T.);
#3499=FACETED_PRIMITIVE_FACE('',(#3498));
#3500=POLY_LOOP('',(#1835,#3375,#3351));
#3501=FACE_OUTER_BOUND('',#3500,.T.);
#3502=FACETED_PRIMITIVE_FACE('',(#3501));
#3503=POLY_LOOP('',(#1835,#1839,#3375));
#3504=FACE_OUTER_BOUND('',#3503,.T.);
#3505=FACETED_PRIMITIVE_FACE('',(#3504));
#3506=POLY_LOOP('',(#1825,#3351,#3347));
#3507=FACE_OUTER_BOUND('',#3506,.T.);
#3508=FACETED_PRIMITIVE_FACE('',(#3507));
#3509=POLY_LOOP('',(#1825,#1835,#3351));
#3510=FACE_OUTER_BOUND('',#3509,.T.);
#3511=FACETED_PRIMITIVE_FACE('',(#3510));
#3512=POLY_LOOP('',(#1821,#1825,#3347));
#3513=FACE_OUTER_BOUND('',#3512,.T.);
#3514=FACETED_PRIMITIVE_FACE('',(#3513));
#3515=POLY_LOOP('',(#3294,#1821,#3347));
#3516=FACE_OUTER_BOUND('',#3515,.T.);
#3517=FACETED_PRIMITIVE_FACE('',(#3516));
#3518=POLY_LOOP('',(#3290,#1811,#1821));
#3519=FACE_OUTER_BOUND('',#3518,.T.);
#3520=FACETED_PRIMITIVE_FACE('',(#3519));
#3521=POLY_LOOP('',(#3290,#1821,#3294));
#3522=FACE_OUTER_BOUND('',#3521,.T.);
#3523=FACETED_PRIMITIVE_FACE('',(#3522));
#3524=POLY_LOOP('',(#3214,#1804,#1811));
#3525=FACE_OUTER_BOUND('',#3524,.T.);
#3526=FACETED_PRIMITIVE_FACE('',(#3525));
#3527=POLY_LOOP('',(#3214,#1797,#1804));
#3528=FACE_OUTER_BOUND('',#3527,.T.);
#3529=FACETED_PRIMITIVE_FACE('',(#3528));
#3530=POLY_LOOP('',(#3214,#1811,#3290));
#3531=FACE_OUTER_BOUND('',#3530,.T.);
#3532=FACETED_PRIMITIVE_FACE('',(#3531));
#3533=POLY_LOOP('',(#3210,#1793,#1797));
#3534=FACE_OUTER_BOUND('',#3533,.T.);
#3535=FACETED_PRIMITIVE_FACE('',(#3534));
#3536=POLY_LOOP('',(#3210,#1797,#3214));
#3537=FACE_OUTER_BOUND('',#3536,.T.);
#3538=FACETED_PRIMITIVE_FACE('',(#3537));
#3539=POLY_LOOP('',(#3129,#1793,#3210));
#3540=FACE_OUTER_BOUND('',#3539,.T.);
#3541=FACETED_PRIMITIVE_FACE('',(#3540));
#3542=POLY_LOOP('',(#3125,#1793,#3129));
#3543=FACE_OUTER_BOUND('',#3542,.T.);
#3544=FACETED_PRIMITIVE_FACE('',(#3543));
#3545=POLY_LOOP('',(#3125,#1783,#1793));
#3546=FACE_OUTER_BOUND('',#3545,.T.);
#3547=FACETED_PRIMITIVE_FACE('',(#3546));
#3548=POLY_LOOP('',(#2520,#1866,#1720));
#3549=FACE_OUTER_BOUND('',#3548,.T.);
#3550=FACETED_PRIMITIVE_FACE('',(#3549));
#3551=POLY_LOOP('',(#2520,#1719,#1727));
#3552=FACE_OUTER_BOUND('',#3551,.T.);
#3553=FACETED_PRIMITIVE_FACE('',(#3552));
#3554=POLY_LOOP('',(#2520,#1720,#1719));
#3555=FACE_OUTER_BOUND('',#3554,.T.);
#3556=FACETED_PRIMITIVE_FACE('',(#3555));
#3557=POLY_LOOP('',(#3051,#1779,#1783));
#3558=FACE_OUTER_BOUND('',#3557,.T.);
#3559=FACETED_PRIMITIVE_FACE('',(#3558));
#3560=POLY_LOOP('',(#3051,#1783,#3125));
#3561=FACE_OUTER_BOUND('',#3560,.T.);
#3562=FACETED_PRIMITIVE_FACE('',(#3561));
#3563=POLY_LOOP('',(#2792,#2520,#1727));
#3564=FACE_OUTER_BOUND('',#3563,.T.);
#3565=FACETED_PRIMITIVE_FACE('',(#3564));
#3566=POLY_LOOP('',(#3047,#1779,#3051));
#3567=FACE_OUTER_BOUND('',#3566,.T.);
#3568=FACETED_PRIMITIVE_FACE('',(#3567));
#3569=POLY_LOOP('',(#3047,#1769,#1779));
#3570=FACE_OUTER_BOUND('',#3569,.T.);
#3571=FACETED_PRIMITIVE_FACE('',(#3570));
#3572=POLY_LOOP('',(#2796,#1727,#1737));
#3573=FACE_OUTER_BOUND('',#3572,.T.);
#3574=FACETED_PRIMITIVE_FACE('',(#3573));
#3575=POLY_LOOP('',(#2796,#2792,#1727));
#3576=FACE_OUTER_BOUND('',#3575,.T.);
#3577=FACETED_PRIMITIVE_FACE('',(#3576));
#3578=POLY_LOOP('',(#2970,#1762,#1769));
#3579=FACE_OUTER_BOUND('',#3578,.T.);
#3580=FACETED_PRIMITIVE_FACE('',(#3579));
#3581=POLY_LOOP('',(#2970,#1758,#1762));
#3582=FACE_OUTER_BOUND('',#3581,.T.);
#3583=FACETED_PRIMITIVE_FACE('',(#3582));
#3584=POLY_LOOP('',(#2970,#1769,#3047));
#3585=FACE_OUTER_BOUND('',#3584,.T.);
#3586=FACETED_PRIMITIVE_FACE('',(#3585));
#3587=POLY_LOOP('',(#2876,#2796,#1737));
#3588=FACE_OUTER_BOUND('',#3587,.T.);
#3589=FACETED_PRIMITIVE_FACE('',(#3588));
#3590=POLY_LOOP('',(#2876,#1737,#1741));
#3591=FACE_OUTER_BOUND('',#3590,.T.);
#3592=FACETED_PRIMITIVE_FACE('',(#3591));
#3593=POLY_LOOP('',(#2966,#1758,#2970));
#3594=FACE_OUTER_BOUND('',#3593,.T.);
#3595=FACETED_PRIMITIVE_FACE('',(#3594));
#3596=POLY_LOOP('',(#2880,#2876,#1741));
#3597=FACE_OUTER_BOUND('',#3596,.T.);
#3598=FACETED_PRIMITIVE_FACE('',(#3597));
#3599=POLY_LOOP('',(#2880,#1758,#2966));
#3600=FACE_OUTER_BOUND('',#3599,.T.);
#3601=FACETED_PRIMITIVE_FACE('',(#3600));
#3602=POLY_LOOP('',(#2880,#1748,#1758));
#3603=FACE_OUTER_BOUND('',#3602,.T.);
#3604=FACETED_PRIMITIVE_FACE('',(#3603));
#3605=POLY_LOOP('',(#2880,#1741,#1748));
#3606=FACE_OUTER_BOUND('',#3605,.T.);
#3607=FACETED_PRIMITIVE_FACE('',(#3606));
#3608=POLY_LOOP('',(#1720,#1866,#2520));
#3609=FACE_OUTER_BOUND('',#3608,.T.);
#3610=FACETED_PRIMITIVE_FACE('',(#3609));
#3611=POLY_LOOP('',(#1719,#2520,#2792));
#3612=FACE_OUTER_BOUND('',#3611,.T.);
#3613=FACETED_PRIMITIVE_FACE('',(#3612));
#3614=POLY_LOOP('',(#1719,#1720,#2520));
#3615=FACE_OUTER_BOUND('',#3614,.T.);
#3616=FACETED_PRIMITIVE_FACE('',(#3615));
#3617=POLY_LOOP('',(#1727,#2792,#2796));
#3618=FACE_OUTER_BOUND('',#3617,.T.);
#3619=FACETED_PRIMITIVE_FACE('',(#3618));
#3620=POLY_LOOP('',(#1727,#1719,#2792));
#3621=FACE_OUTER_BOUND('',#3620,.T.);
#3622=FACETED_PRIMITIVE_FACE('',(#3621));
#3623=POLY_LOOP('',(#1737,#2796,#2876));
#3624=FACE_OUTER_BOUND('',#3623,.T.);
#3625=FACETED_PRIMITIVE_FACE('',(#3624));
#3626=POLY_LOOP('',(#1737,#1727,#2796));
#3627=FACE_OUTER_BOUND('',#3626,.T.);
#3628=FACETED_PRIMITIVE_FACE('',(#3627));
#3629=POLY_LOOP('',(#1741,#1737,#2876));
#3630=FACE_OUTER_BOUND('',#3629,.T.);
#3631=FACETED_PRIMITIVE_FACE('',(#3630));
#3632=POLY_LOOP('',(#2880,#1741,#2876));
#3633=FACE_OUTER_BOUND('',#3632,.T.);
#3634=FACETED_PRIMITIVE_FACE('',(#3633));
#3635=POLY_LOOP('',(#1748,#1741,#2880));
#3636=FACE_OUTER_BOUND('',#3635,.T.);
#3637=FACETED_PRIMITIVE_FACE('',(#3636));
#3638=POLY_LOOP('',(#2966,#1758,#1748));
#3639=FACE_OUTER_BOUND('',#3638,.T.);
#3640=FACETED_PRIMITIVE_FACE('',(#3639));
#3641=POLY_LOOP('',(#2966,#1748,#2880));
#3642=FACE_OUTER_BOUND('',#3641,.T.);
#3643=FACETED_PRIMITIVE_FACE('',(#3642));
#3644=POLY_LOOP('',(#2970,#1762,#1758));
#3645=FACE_OUTER_BOUND('',#3644,.T.);
#3646=FACETED_PRIMITIVE_FACE('',(#3645));
#3647=POLY_LOOP('',(#2970,#1758,#2966));
#3648=FACE_OUTER_BOUND('',#3647,.T.);
#3649=FACETED_PRIMITIVE_FACE('',(#3648));
#3650=POLY_LOOP('',(#3047,#1769,#1762));
#3651=FACE_OUTER_BOUND('',#3650,.T.);
#3652=FACETED_PRIMITIVE_FACE('',(#3651));
#3653=POLY_LOOP('',(#3047,#1762,#2970));
#3654=FACE_OUTER_BOUND('',#3653,.T.);
#3655=FACETED_PRIMITIVE_FACE('',(#3654));
#3656=POLY_LOOP('',(#3051,#1783,#1779));
#3657=FACE_OUTER_BOUND('',#3656,.T.);
#3658=FACETED_PRIMITIVE_FACE('',(#3657));
#3659=POLY_LOOP('',(#3051,#1779,#1769));
#3660=FACE_OUTER_BOUND('',#3659,.T.);
#3661=FACETED_PRIMITIVE_FACE('',(#3660));
#3662=POLY_LOOP('',(#3051,#1769,#3047));
#3663=FACE_OUTER_BOUND('',#3662,.T.);
#3664=FACETED_PRIMITIVE_FACE('',(#3663));
#3665=POLY_LOOP('',(#3125,#1783,#3051));
#3666=FACE_OUTER_BOUND('',#3665,.T.);
#3667=FACETED_PRIMITIVE_FACE('',(#3666));
#3668=POLY_LOOP('',(#3129,#1783,#3125));
#3669=FACE_OUTER_BOUND('',#3668,.T.);
#3670=FACETED_PRIMITIVE_FACE('',(#3669));
#3671=POLY_LOOP('',(#3129,#1797,#1793));
#3672=FACE_OUTER_BOUND('',#3671,.T.);
#3673=FACETED_PRIMITIVE_FACE('',(#3672));
#3674=POLY_LOOP('',(#3129,#1793,#1783));
#3675=FACE_OUTER_BOUND('',#3674,.T.);
#3676=FACETED_PRIMITIVE_FACE('',(#3675));
#3677=POLY_LOOP('',(#2536,#1640,#1856));
#3678=FACE_OUTER_BOUND('',#3677,.T.);
#3679=FACETED_PRIMITIVE_FACE('',(#3678));
#3680=POLY_LOOP('',(#2536,#1591,#1640));
#3681=FACE_OUTER_BOUND('',#3680,.T.);
#3682=FACETED_PRIMITIVE_FACE('',(#3681));
#3683=POLY_LOOP('',(#3210,#1797,#3129));
#3684=FACE_OUTER_BOUND('',#3683,.T.);
#3685=FACETED_PRIMITIVE_FACE('',(#3684));
#3686=POLY_LOOP('',(#3440,#2536,#1856));
#3687=FACE_OUTER_BOUND('',#3686,.T.);
#3688=FACETED_PRIMITIVE_FACE('',(#3687));
#3689=POLY_LOOP('',(#3440,#1856,#1846));
#3690=FACE_OUTER_BOUND('',#3689,.T.);
#3691=FACETED_PRIMITIVE_FACE('',(#3690));
#3692=POLY_LOOP('',(#3214,#1797,#3210));
#3693=FACE_OUTER_BOUND('',#3692,.T.);
#3694=FACETED_PRIMITIVE_FACE('',(#3693));
#3695=POLY_LOOP('',(#3214,#1804,#1797));
#3696=FACE_OUTER_BOUND('',#3695,.T.);
#3697=FACETED_PRIMITIVE_FACE('',(#3696));
#3698=POLY_LOOP('',(#3375,#1846,#1839));
#3699=FACE_OUTER_BOUND('',#3698,.T.);
#3700=FACETED_PRIMITIVE_FACE('',(#3699));
#3701=POLY_LOOP('',(#3375,#1839,#1835));
#3702=FACE_OUTER_BOUND('',#3701,.T.);
#3703=FACETED_PRIMITIVE_FACE('',(#3702));
#3704=POLY_LOOP('',(#3375,#3440,#1846));
#3705=FACE_OUTER_BOUND('',#3704,.T.);
#3706=FACETED_PRIMITIVE_FACE('',(#3705));
#3707=POLY_LOOP('',(#3290,#1804,#3214));
#3708=FACE_OUTER_BOUND('',#3707,.T.);
#3709=FACETED_PRIMITIVE_FACE('',(#3708));
#3710=POLY_LOOP('',(#3290,#1811,#1804));
#3711=FACE_OUTER_BOUND('',#3710,.T.);
#3712=FACETED_PRIMITIVE_FACE('',(#3711));
#3713=POLY_LOOP('',(#3351,#3375,#1835));
#3714=FACE_OUTER_BOUND('',#3713,.T.);
#3715=FACETED_PRIMITIVE_FACE('',(#3714));
#3716=POLY_LOOP('',(#3294,#1821,#1811));
#3717=FACE_OUTER_BOUND('',#3716,.T.);
#3718=FACETED_PRIMITIVE_FACE('',(#3717));
#3719=POLY_LOOP('',(#3294,#1811,#3290));
#3720=FACE_OUTER_BOUND('',#3719,.T.);
#3721=FACETED_PRIMITIVE_FACE('',(#3720));
#3722=POLY_LOOP('',(#3347,#1835,#1825));
#3723=FACE_OUTER_BOUND('',#3722,.T.);
#3724=FACETED_PRIMITIVE_FACE('',(#3723));
#3725=POLY_LOOP('',(#3347,#1825,#1821));
#3726=FACE_OUTER_BOUND('',#3725,.T.);
#3727=FACETED_PRIMITIVE_FACE('',(#3726));
#3728=POLY_LOOP('',(#3347,#1821,#3294));
#3729=FACE_OUTER_BOUND('',#3728,.T.);
#3730=FACETED_PRIMITIVE_FACE('',(#3729));
#3731=POLY_LOOP('',(#3347,#3351,#1835));
#3732=FACE_OUTER_BOUND('',#3731,.T.);
#3733=FACETED_PRIMITIVE_FACE('',(#3732));
#3735=POLY_LOOP('',(#2520,#1866,#3734));
#3736=FACE_OUTER_BOUND('',#3735,.T.);
#3737=FACETED_PRIMITIVE_FACE('',(#3736));
#3739=POLY_LOOP('',(#2520,#3734,#3738));
#3740=FACE_OUTER_BOUND('',#3739,.T.);
#3741=FACETED_PRIMITIVE_FACE('',(#3740));
#3743=POLY_LOOP('',(#2520,#3738,#3742));
#3744=FACE_OUTER_BOUND('',#3743,.T.);
#3745=FACETED_PRIMITIVE_FACE('',(#3744));
#3747=POLY_LOOP('',(#2520,#3742,#3746));
#3748=FACE_OUTER_BOUND('',#3747,.T.);
#3749=FACETED_PRIMITIVE_FACE('',(#3748));
#3752=POLY_LOOP('',(#2362,#3750,#3751));
#3753=FACE_OUTER_BOUND('',#3752,.T.);
#3754=FACETED_PRIMITIVE_FACE('',(#3753));
#3756=POLY_LOOP('',(#2362,#3751,#3755));
#3757=FACE_OUTER_BOUND('',#3756,.T.);
#3758=FACETED_PRIMITIVE_FACE('',(#3757));
#3760=POLY_LOOP('',(#2362,#3755,#3759));
#3761=FACE_OUTER_BOUND('',#3760,.T.);
#3762=FACETED_PRIMITIVE_FACE('',(#3761));
#3763=POLY_LOOP('',(#2362,#3759,#1977));
#3764=FACE_OUTER_BOUND('',#3763,.T.);
#3765=FACETED_PRIMITIVE_FACE('',(#3764));
#3767=POLY_LOOP('',(#3766,#1591,#2536));
#3768=FACE_OUTER_BOUND('',#3767,.T.);
#3769=FACETED_PRIMITIVE_FACE('',(#3768));
#3771=POLY_LOOP('',(#1704,#3770,#2442));
#3772=FACE_OUTER_BOUND('',#3771,.T.);
#3773=FACETED_PRIMITIVE_FACE('',(#3772));
#3775=POLY_LOOP('',(#3774,#2520,#3746));
#3776=FACE_OUTER_BOUND('',#3775,.T.);
#3777=FACETED_PRIMITIVE_FACE('',(#3776));
#3778=POLY_LOOP('',(#3774,#2792,#2520));
#3779=FACE_OUTER_BOUND('',#3778,.T.);
#3780=FACETED_PRIMITIVE_FACE('',(#3779));
#3781=POLY_LOOP('',(#3774,#2796,#2792));
#3782=FACE_OUTER_BOUND('',#3781,.T.);
#3783=FACETED_PRIMITIVE_FACE('',(#3782));
#3785=POLY_LOOP('',(#3774,#3746,#3784));
#3786=FACE_OUTER_BOUND('',#3785,.T.);
#3787=FACETED_PRIMITIVE_FACE('',(#3786));
#3789=POLY_LOOP('',(#3774,#3784,#3788));
#3790=FACE_OUTER_BOUND('',#3789,.T.);
#3791=FACETED_PRIMITIVE_FACE('',(#3790));
#3793=POLY_LOOP('',(#3792,#3774,#3788));
#3794=FACE_OUTER_BOUND('',#3793,.T.);
#3795=FACETED_PRIMITIVE_FACE('',(#3794));
#3797=POLY_LOOP('',(#3792,#3788,#3796));
#3798=FACE_OUTER_BOUND('',#3797,.T.);
#3799=FACETED_PRIMITIVE_FACE('',(#3798));
#3801=POLY_LOOP('',(#3792,#3796,#3800));
#3802=FACE_OUTER_BOUND('',#3801,.T.);
#3803=FACETED_PRIMITIVE_FACE('',(#3802));
#3805=POLY_LOOP('',(#3804,#3792,#3800));
#3806=FACE_OUTER_BOUND('',#3805,.T.);
#3807=FACETED_PRIMITIVE_FACE('',(#3806));
#3809=POLY_LOOP('',(#3804,#3800,#3808));
#3810=FACE_OUTER_BOUND('',#3809,.T.);
#3811=FACETED_PRIMITIVE_FACE('',(#3810));
#3813=POLY_LOOP('',(#3804,#3808,#3812));
#3814=FACE_OUTER_BOUND('',#3813,.T.);
#3815=FACETED_PRIMITIVE_FACE('',(#3814));
#3817=POLY_LOOP('',(#3816,#2876,#2796));
#3818=FACE_OUTER_BOUND('',#3817,.T.);
#3819=FACETED_PRIMITIVE_FACE('',(#3818));
#3820=POLY_LOOP('',(#3816,#2880,#2876));
#3821=FACE_OUTER_BOUND('',#3820,.T.);
#3822=FACETED_PRIMITIVE_FACE('',(#3821));
#3823=POLY_LOOP('',(#3816,#3774,#3792));
#3824=FACE_OUTER_BOUND('',#3823,.T.);
#3825=FACETED_PRIMITIVE_FACE('',(#3824));
#3826=POLY_LOOP('',(#3816,#2796,#3774));
#3827=FACE_OUTER_BOUND('',#3826,.T.);
#3828=FACETED_PRIMITIVE_FACE('',(#3827));
#3830=POLY_LOOP('',(#3829,#3816,#3792));
#3831=FACE_OUTER_BOUND('',#3830,.T.);
#3832=FACETED_PRIMITIVE_FACE('',(#3831));
#3835=POLY_LOOP('',(#3833,#3812,#3834));
#3836=FACE_OUTER_BOUND('',#3835,.T.);
#3837=FACETED_PRIMITIVE_FACE('',(#3836));
#3839=POLY_LOOP('',(#3833,#3834,#3838));
#3840=FACE_OUTER_BOUND('',#3839,.T.);
#3841=FACETED_PRIMITIVE_FACE('',(#3840));
#3842=POLY_LOOP('',(#3833,#3804,#3812));
#3843=FACE_OUTER_BOUND('',#3842,.T.);
#3844=FACETED_PRIMITIVE_FACE('',(#3843));
#3846=POLY_LOOP('',(#3845,#3792,#3804));
#3847=FACE_OUTER_BOUND('',#3846,.T.);
#3848=FACETED_PRIMITIVE_FACE('',(#3847));
#3849=POLY_LOOP('',(#3845,#3829,#3792));
#3850=FACE_OUTER_BOUND('',#3849,.T.);
#3851=FACETED_PRIMITIVE_FACE('',(#3850));
#3853=POLY_LOOP('',(#3852,#2880,#3816));
#3854=FACE_OUTER_BOUND('',#3853,.T.);
#3855=FACETED_PRIMITIVE_FACE('',(#3854));
#3856=POLY_LOOP('',(#3852,#2966,#2880));
#3857=FACE_OUTER_BOUND('',#3856,.T.);
#3858=FACETED_PRIMITIVE_FACE('',(#3857));
#3859=POLY_LOOP('',(#3852,#2970,#2966));
#3860=FACE_OUTER_BOUND('',#3859,.T.);
#3861=FACETED_PRIMITIVE_FACE('',(#3860));
#3863=POLY_LOOP('',(#3862,#3833,#3838));
#3864=FACE_OUTER_BOUND('',#3863,.T.);
#3865=FACETED_PRIMITIVE_FACE('',(#3864));
#3867=POLY_LOOP('',(#3862,#3838,#3866));
#3868=FACE_OUTER_BOUND('',#3867,.T.);
#3869=FACETED_PRIMITIVE_FACE('',(#3868));
#3871=POLY_LOOP('',(#3862,#3866,#3870));
#3872=FACE_OUTER_BOUND('',#3871,.T.);
#3873=FACETED_PRIMITIVE_FACE('',(#3872));
#3875=POLY_LOOP('',(#3874,#3816,#3829));
#3876=FACE_OUTER_BOUND('',#3875,.T.);
#3877=FACETED_PRIMITIVE_FACE('',(#3876));
#3878=POLY_LOOP('',(#3874,#3852,#3816));
#3879=FACE_OUTER_BOUND('',#3878,.T.);
#3880=FACETED_PRIMITIVE_FACE('',(#3879));
#3882=POLY_LOOP('',(#3881,#3804,#3833));
#3883=FACE_OUTER_BOUND('',#3882,.T.);
#3884=FACETED_PRIMITIVE_FACE('',(#3883));
#3885=POLY_LOOP('',(#3881,#3845,#3804));
#3886=FACE_OUTER_BOUND('',#3885,.T.);
#3887=FACETED_PRIMITIVE_FACE('',(#3886));
#3889=POLY_LOOP('',(#3888,#3862,#3870));
#3890=FACE_OUTER_BOUND('',#3889,.T.);
#3891=FACETED_PRIMITIVE_FACE('',(#3890));
#3893=POLY_LOOP('',(#3888,#3870,#3892));
#3894=FACE_OUTER_BOUND('',#3893,.T.);
#3895=FACETED_PRIMITIVE_FACE('',(#3894));
#3897=POLY_LOOP('',(#3888,#3892,#3896));
#3898=FACE_OUTER_BOUND('',#3897,.T.);
#3899=FACETED_PRIMITIVE_FACE('',(#3898));
#3901=POLY_LOOP('',(#3900,#3874,#3829));
#3902=FACE_OUTER_BOUND('',#3901,.T.);
#3903=FACETED_PRIMITIVE_FACE('',(#3902));
#3904=POLY_LOOP('',(#3900,#3829,#3845));
#3905=FACE_OUTER_BOUND('',#3904,.T.);
#3906=FACETED_PRIMITIVE_FACE('',(#3905));
#3908=POLY_LOOP('',(#3907,#3047,#2970));
#3909=FACE_OUTER_BOUND('',#3908,.T.);
#3910=FACETED_PRIMITIVE_FACE('',(#3909));
#3911=POLY_LOOP('',(#3907,#3051,#3047));
#3912=FACE_OUTER_BOUND('',#3911,.T.);
#3913=FACETED_PRIMITIVE_FACE('',(#3912));
#3914=POLY_LOOP('',(#3907,#3852,#3874));
#3915=FACE_OUTER_BOUND('',#3914,.T.);
#3916=FACETED_PRIMITIVE_FACE('',(#3915));
#3917=POLY_LOOP('',(#3907,#2970,#3852));
#3918=FACE_OUTER_BOUND('',#3917,.T.);
#3919=FACETED_PRIMITIVE_FACE('',(#3918));
#3921=POLY_LOOP('',(#3920,#3881,#3833));
#3922=FACE_OUTER_BOUND('',#3921,.T.);
#3923=FACETED_PRIMITIVE_FACE('',(#3922));
#3924=POLY_LOOP('',(#3920,#3833,#3862));
#3925=FACE_OUTER_BOUND('',#3924,.T.);
#3926=FACETED_PRIMITIVE_FACE('',(#3925));
#3929=POLY_LOOP('',(#3927,#3896,#3928));
#3930=FACE_OUTER_BOUND('',#3929,.T.);
#3931=FACETED_PRIMITIVE_FACE('',(#3930));
#3933=POLY_LOOP('',(#3927,#3928,#3932));
#3934=FACE_OUTER_BOUND('',#3933,.T.);
#3935=FACETED_PRIMITIVE_FACE('',(#3934));
#3936=POLY_LOOP('',(#3927,#3888,#3896));
#3937=FACE_OUTER_BOUND('',#3936,.T.);
#3938=FACETED_PRIMITIVE_FACE('',(#3937));
#3940=POLY_LOOP('',(#3939,#3907,#3874));
#3941=FACE_OUTER_BOUND('',#3940,.T.);
#3942=FACETED_PRIMITIVE_FACE('',(#3941));
#3943=POLY_LOOP('',(#3939,#3874,#3900));
#3944=FACE_OUTER_BOUND('',#3943,.T.);
#3945=FACETED_PRIMITIVE_FACE('',(#3944));
#3947=POLY_LOOP('',(#3946,#3845,#3881));
#3948=FACE_OUTER_BOUND('',#3947,.T.);
#3949=FACETED_PRIMITIVE_FACE('',(#3948));
#3950=POLY_LOOP('',(#3946,#3900,#3845));
#3951=FACE_OUTER_BOUND('',#3950,.T.);
#3952=FACETED_PRIMITIVE_FACE('',(#3951));
#3954=POLY_LOOP('',(#3953,#3888,#3927));
#3955=FACE_OUTER_BOUND('',#3954,.T.);
#3956=FACETED_PRIMITIVE_FACE('',(#3955));
#3957=POLY_LOOP('',(#3953,#3920,#3862));
#3958=FACE_OUTER_BOUND('',#3957,.T.);
#3959=FACETED_PRIMITIVE_FACE('',(#3958));
#3960=POLY_LOOP('',(#3953,#3862,#3888));
#3961=FACE_OUTER_BOUND('',#3960,.T.);
#3962=FACETED_PRIMITIVE_FACE('',(#3961));
#3964=POLY_LOOP('',(#3963,#3927,#3932));
#3965=FACE_OUTER_BOUND('',#3964,.T.);
#3966=FACETED_PRIMITIVE_FACE('',(#3965));
#3968=POLY_LOOP('',(#3963,#3932,#3967));
#3969=FACE_OUTER_BOUND('',#3968,.T.);
#3970=FACETED_PRIMITIVE_FACE('',(#3969));
#3972=POLY_LOOP('',(#3963,#3967,#3971));
#3973=FACE_OUTER_BOUND('',#3972,.T.);
#3974=FACETED_PRIMITIVE_FACE('',(#3973));
#3976=POLY_LOOP('',(#3975,#3939,#3900));
#3977=FACE_OUTER_BOUND('',#3976,.T.);
#3978=FACETED_PRIMITIVE_FACE('',(#3977));
#3980=POLY_LOOP('',(#3979,#3051,#3907));
#3981=FACE_OUTER_BOUND('',#3980,.T.);
#3982=FACETED_PRIMITIVE_FACE('',(#3981));
#3983=POLY_LOOP('',(#3979,#3125,#3051));
#3984=FACE_OUTER_BOUND('',#3983,.T.);
#3985=FACETED_PRIMITIVE_FACE('',(#3984));
#3986=POLY_LOOP('',(#3979,#3129,#3125));
#3987=FACE_OUTER_BOUND('',#3986,.T.);
#3988=FACETED_PRIMITIVE_FACE('',(#3987));
#3990=POLY_LOOP('',(#3989,#3946,#3881));
#3991=FACE_OUTER_BOUND('',#3990,.T.);
#3992=FACETED_PRIMITIVE_FACE('',(#3991));
#3993=POLY_LOOP('',(#3989,#3881,#3920));
#3994=FACE_OUTER_BOUND('',#3993,.T.);
#3995=FACETED_PRIMITIVE_FACE('',(#3994));
#3997=POLY_LOOP('',(#3996,#3953,#3927));
#3998=FACE_OUTER_BOUND('',#3997,.T.);
#3999=FACETED_PRIMITIVE_FACE('',(#3998));
#4001=POLY_LOOP('',(#4000,#3963,#3971));
#4002=FACE_OUTER_BOUND('',#4001,.T.);
#4003=FACETED_PRIMITIVE_FACE('',(#4002));
#4005=POLY_LOOP('',(#4000,#3971,#4004));
#4006=FACE_OUTER_BOUND('',#4005,.T.);
#4007=FACETED_PRIMITIVE_FACE('',(#4006));
#4009=POLY_LOOP('',(#4000,#4004,#4008));
#4010=FACE_OUTER_BOUND('',#4009,.T.);
#4011=FACETED_PRIMITIVE_FACE('',(#4010));
#4013=POLY_LOOP('',(#4012,#3979,#3907));
#4014=FACE_OUTER_BOUND('',#4013,.T.);
#4015=FACETED_PRIMITIVE_FACE('',(#4014));
#4016=POLY_LOOP('',(#4012,#3907,#3939));
#4017=FACE_OUTER_BOUND('',#4016,.T.);
#4018=FACETED_PRIMITIVE_FACE('',(#4017));
#4020=POLY_LOOP('',(#4019,#3946,#3989));
#4021=FACE_OUTER_BOUND('',#4020,.T.);
#4022=FACETED_PRIMITIVE_FACE('',(#4021));
#4023=POLY_LOOP('',(#4019,#3975,#3900));
#4024=FACE_OUTER_BOUND('',#4023,.T.);
#4025=FACETED_PRIMITIVE_FACE('',(#4024));
#4026=POLY_LOOP('',(#4019,#3900,#3946));
#4027=FACE_OUTER_BOUND('',#4026,.T.);
#4028=FACETED_PRIMITIVE_FACE('',(#4027));
#4030=POLY_LOOP('',(#4029,#3920,#3953));
#4031=FACE_OUTER_BOUND('',#4030,.T.);
#4032=FACETED_PRIMITIVE_FACE('',(#4031));
#4033=POLY_LOOP('',(#4029,#3989,#3920));
#4034=FACE_OUTER_BOUND('',#4033,.T.);
#4035=FACETED_PRIMITIVE_FACE('',(#4034));
#4037=POLY_LOOP('',(#4036,#3927,#3963));
#4038=FACE_OUTER_BOUND('',#4037,.T.);
#4039=FACETED_PRIMITIVE_FACE('',(#4038));
#4040=POLY_LOOP('',(#4036,#3996,#3927));
#4041=FACE_OUTER_BOUND('',#4040,.T.);
#4042=FACETED_PRIMITIVE_FACE('',(#4041));
#4044=POLY_LOOP('',(#4043,#3750,#2362));
#4045=FACE_OUTER_BOUND('',#4044,.T.);
#4046=FACETED_PRIMITIVE_FACE('',(#4045));
#4047=POLY_LOOP('',(#4043,#2362,#2366));
#4048=FACE_OUTER_BOUND('',#4047,.T.);
#4049=FACETED_PRIMITIVE_FACE('',(#4048));
#4050=POLY_LOOP('',(#4043,#2366,#2373));
#4051=FACE_OUTER_BOUND('',#4050,.T.);
#4052=FACETED_PRIMITIVE_FACE('',(#4051));
#4053=POLY_LOOP('',(#4043,#4000,#4008));
#4054=FACE_OUTER_BOUND('',#4053,.T.);
#4055=FACETED_PRIMITIVE_FACE('',(#4054));
#4056=POLY_LOOP('',(#4043,#4008,#3750));
#4057=FACE_OUTER_BOUND('',#4056,.T.);
#4058=FACETED_PRIMITIVE_FACE('',(#4057));
#4060=POLY_LOOP('',(#4059,#4012,#3939));
#4061=FACE_OUTER_BOUND('',#4060,.T.);
#4062=FACETED_PRIMITIVE_FACE('',(#4061));
#4063=POLY_LOOP('',(#4059,#3939,#3975));
#4064=FACE_OUTER_BOUND('',#4063,.T.);
#4065=FACETED_PRIMITIVE_FACE('',(#4064));
#4067=POLY_LOOP('',(#4066,#3210,#3129));
#4068=FACE_OUTER_BOUND('',#4067,.T.);
#4069=FACETED_PRIMITIVE_FACE('',(#4068));
#4070=POLY_LOOP('',(#4066,#3214,#3210));
#4071=FACE_OUTER_BOUND('',#4070,.T.);
#4072=FACETED_PRIMITIVE_FACE('',(#4071));
#4073=POLY_LOOP('',(#4066,#3979,#4012));
#4074=FACE_OUTER_BOUND('',#4073,.T.);
#4075=FACETED_PRIMITIVE_FACE('',(#4074));
#4076=POLY_LOOP('',(#4066,#3129,#3979));
#4077=FACE_OUTER_BOUND('',#4076,.T.);
#4078=FACETED_PRIMITIVE_FACE('',(#4077));
#4080=POLY_LOOP('',(#4079,#4019,#3989));
#4081=FACE_OUTER_BOUND('',#4080,.T.);
#4082=FACETED_PRIMITIVE_FACE('',(#4081));
#4084=POLY_LOOP('',(#4083,#4029,#3953));
#4085=FACE_OUTER_BOUND('',#4084,.T.);
#4086=FACETED_PRIMITIVE_FACE('',(#4085));
#4087=POLY_LOOP('',(#4083,#3953,#3996));
#4088=FACE_OUTER_BOUND('',#4087,.T.);
#4089=FACETED_PRIMITIVE_FACE('',(#4088));
#4091=POLY_LOOP('',(#4090,#4036,#3963));
#4092=FACE_OUTER_BOUND('',#4091,.T.);
#4093=FACETED_PRIMITIVE_FACE('',(#4092));
#4094=POLY_LOOP('',(#4090,#3963,#4000));
#4095=FACE_OUTER_BOUND('',#4094,.T.);
#4096=FACETED_PRIMITIVE_FACE('',(#4095));
#4098=POLY_LOOP('',(#4097,#4066,#4012));
#4099=FACE_OUTER_BOUND('',#4098,.T.);
#4100=FACETED_PRIMITIVE_FACE('',(#4099));
#4102=POLY_LOOP('',(#4101,#3975,#4019));
#4103=FACE_OUTER_BOUND('',#4102,.T.);
#4104=FACETED_PRIMITIVE_FACE('',(#4103));
#4105=POLY_LOOP('',(#4101,#4059,#3975));
#4106=FACE_OUTER_BOUND('',#4105,.T.);
#4107=FACETED_PRIMITIVE_FACE('',(#4106));
#4109=POLY_LOOP('',(#4108,#3989,#4029));
#4110=FACE_OUTER_BOUND('',#4109,.T.);
#4111=FACETED_PRIMITIVE_FACE('',(#4110));
#4112=POLY_LOOP('',(#4108,#4029,#4083));
#4113=FACE_OUTER_BOUND('',#4112,.T.);
#4114=FACETED_PRIMITIVE_FACE('',(#4113));
#4115=POLY_LOOP('',(#4108,#4079,#3989));
#4116=FACE_OUTER_BOUND('',#4115,.T.);
#4117=FACETED_PRIMITIVE_FACE('',(#4116));
#4119=POLY_LOOP('',(#4118,#3996,#4036));
#4120=FACE_OUTER_BOUND('',#4119,.T.);
#4121=FACETED_PRIMITIVE_FACE('',(#4120));
#4122=POLY_LOOP('',(#4118,#4083,#3996));
#4123=FACE_OUTER_BOUND('',#4122,.T.);
#4124=FACETED_PRIMITIVE_FACE('',(#4123));
#4126=POLY_LOOP('',(#4125,#4000,#4043));
#4127=FACE_OUTER_BOUND('',#4126,.T.);
#4128=FACETED_PRIMITIVE_FACE('',(#4127));
#4129=POLY_LOOP('',(#4125,#2373,#2380));
#4130=FACE_OUTER_BOUND('',#4129,.T.);
#4131=FACETED_PRIMITIVE_FACE('',(#4130));
#4132=POLY_LOOP('',(#4125,#2380,#2390));
#4133=FACE_OUTER_BOUND('',#4132,.T.);
#4134=FACETED_PRIMITIVE_FACE('',(#4133));
#4135=POLY_LOOP('',(#4125,#4043,#2373));
#4136=FACE_OUTER_BOUND('',#4135,.T.);
#4137=FACETED_PRIMITIVE_FACE('',(#4136));
#4138=POLY_LOOP('',(#4125,#4090,#4000));
#4139=FACE_OUTER_BOUND('',#4138,.T.);
#4140=FACETED_PRIMITIVE_FACE('',(#4139));
#4142=POLY_LOOP('',(#4141,#4097,#4012));
#4143=FACE_OUTER_BOUND('',#4142,.T.);
#4144=FACETED_PRIMITIVE_FACE('',(#4143));
#4145=POLY_LOOP('',(#4141,#4012,#4059));
#4146=FACE_OUTER_BOUND('',#4145,.T.);
#4147=FACETED_PRIMITIVE_FACE('',(#4146));
#4149=POLY_LOOP('',(#4148,#3290,#3214));
#4150=FACE_OUTER_BOUND('',#4149,.T.);
#4151=FACETED_PRIMITIVE_FACE('',(#4150));
#4152=POLY_LOOP('',(#4148,#3294,#3290));
#4153=FACE_OUTER_BOUND('',#4152,.T.);
#4154=FACETED_PRIMITIVE_FACE('',(#4153));
#4155=POLY_LOOP('',(#4148,#3214,#4066));
#4156=FACE_OUTER_BOUND('',#4155,.T.);
#4157=FACETED_PRIMITIVE_FACE('',(#4156));
#4159=POLY_LOOP('',(#4158,#4019,#4079));
#4160=FACE_OUTER_BOUND('',#4159,.T.);
#4161=FACETED_PRIMITIVE_FACE('',(#4160));
#4162=POLY_LOOP('',(#4158,#4101,#4019));
#4163=FACE_OUTER_BOUND('',#4162,.T.);
#4164=FACETED_PRIMITIVE_FACE('',(#4163));
#4166=POLY_LOOP('',(#4165,#4108,#4083));
#4167=FACE_OUTER_BOUND('',#4166,.T.);
#4168=FACETED_PRIMITIVE_FACE('',(#4167));
#4170=POLY_LOOP('',(#4169,#4118,#4036));
#4171=FACE_OUTER_BOUND('',#4170,.T.);
#4172=FACETED_PRIMITIVE_FACE('',(#4171));
#4173=POLY_LOOP('',(#4169,#4036,#4090));
#4174=FACE_OUTER_BOUND('',#4173,.T.);
#4175=FACETED_PRIMITIVE_FACE('',(#4174));
#4177=POLY_LOOP('',(#4176,#4148,#4066));
#4178=FACE_OUTER_BOUND('',#4177,.T.);
#4179=FACETED_PRIMITIVE_FACE('',(#4178));
#4180=POLY_LOOP('',(#4176,#4066,#4097));
#4181=FACE_OUTER_BOUND('',#4180,.T.);
#4182=FACETED_PRIMITIVE_FACE('',(#4181));
#4184=POLY_LOOP('',(#4183,#4141,#4059));
#4185=FACE_OUTER_BOUND('',#4184,.T.);
#4186=FACETED_PRIMITIVE_FACE('',(#4185));
#4187=POLY_LOOP('',(#4183,#4059,#4101));
#4188=FACE_OUTER_BOUND('',#4187,.T.);
#4189=FACETED_PRIMITIVE_FACE('',(#4188));
#4191=POLY_LOOP('',(#4190,#4158,#4079));
#4192=FACE_OUTER_BOUND('',#4191,.T.);
#4193=FACETED_PRIMITIVE_FACE('',(#4192));
#4194=POLY_LOOP('',(#4190,#4079,#4108));
#4195=FACE_OUTER_BOUND('',#4194,.T.);
#4196=FACETED_PRIMITIVE_FACE('',(#4195));
#4198=POLY_LOOP('',(#4197,#4165,#4083));
#4199=FACE_OUTER_BOUND('',#4198,.T.);
#4200=FACETED_PRIMITIVE_FACE('',(#4199));
#4201=POLY_LOOP('',(#4197,#4118,#4169));
#4202=FACE_OUTER_BOUND('',#4201,.T.);
#4203=FACETED_PRIMITIVE_FACE('',(#4202));
#4204=POLY_LOOP('',(#4197,#4083,#4118));
#4205=FACE_OUTER_BOUND('',#4204,.T.);
#4206=FACETED_PRIMITIVE_FACE('',(#4205));
#4208=POLY_LOOP('',(#4207,#4125,#2390));
#4209=FACE_OUTER_BOUND('',#4208,.T.);
#4210=FACETED_PRIMITIVE_FACE('',(#4209));
#4211=POLY_LOOP('',(#4207,#4090,#4125));
#4212=FACE_OUTER_BOUND('',#4211,.T.);
#4213=FACETED_PRIMITIVE_FACE('',(#4212));
#4214=POLY_LOOP('',(#4207,#2390,#2397));
#4215=FACE_OUTER_BOUND('',#4214,.T.);
#4216=FACETED_PRIMITIVE_FACE('',(#4215));
#4217=POLY_LOOP('',(#4207,#2397,#2404));
#4218=FACE_OUTER_BOUND('',#4217,.T.);
#4219=FACETED_PRIMITIVE_FACE('',(#4218));
#4220=POLY_LOOP('',(#4207,#4169,#4090));
#4221=FACE_OUTER_BOUND('',#4220,.T.);
#4222=FACETED_PRIMITIVE_FACE('',(#4221));
#4224=POLY_LOOP('',(#4223,#4141,#4183));
#4225=FACE_OUTER_BOUND('',#4224,.T.);
#4226=FACETED_PRIMITIVE_FACE('',(#4225));
#4227=POLY_LOOP('',(#4223,#4176,#4097));
#4228=FACE_OUTER_BOUND('',#4227,.T.);
#4229=FACETED_PRIMITIVE_FACE('',(#4228));
#4230=POLY_LOOP('',(#4223,#4097,#4141));
#4231=FACE_OUTER_BOUND('',#4230,.T.);
#4232=FACETED_PRIMITIVE_FACE('',(#4231));
#4234=POLY_LOOP('',(#4233,#3347,#3294));
#4235=FACE_OUTER_BOUND('',#4234,.T.);
#4236=FACETED_PRIMITIVE_FACE('',(#4235));
#4237=POLY_LOOP('',(#4233,#3351,#3347));
#4238=FACE_OUTER_BOUND('',#4237,.T.);
#4239=FACETED_PRIMITIVE_FACE('',(#4238));
#4240=POLY_LOOP('',(#4233,#3294,#4148));
#4241=FACE_OUTER_BOUND('',#4240,.T.);
#4242=FACETED_PRIMITIVE_FACE('',(#4241));
#4244=POLY_LOOP('',(#4243,#4101,#4158));
#4245=FACE_OUTER_BOUND('',#4244,.T.);
#4246=FACETED_PRIMITIVE_FACE('',(#4245));
#4247=POLY_LOOP('',(#4243,#4183,#4101));
#4248=FACE_OUTER_BOUND('',#4247,.T.);
#4249=FACETED_PRIMITIVE_FACE('',(#4248));
#4251=POLY_LOOP('',(#4250,#4165,#4197));
#4252=FACE_OUTER_BOUND('',#4251,.T.);
#4253=FACETED_PRIMITIVE_FACE('',(#4252));
#4254=POLY_LOOP('',(#4250,#4190,#4108));
#4255=FACE_OUTER_BOUND('',#4254,.T.);
#4256=FACETED_PRIMITIVE_FACE('',(#4255));
#4257=POLY_LOOP('',(#4250,#4108,#4165));
#4258=FACE_OUTER_BOUND('',#4257,.T.);
#4259=FACETED_PRIMITIVE_FACE('',(#4258));
#4261=POLY_LOOP('',(#4260,#4197,#4169));
#4262=FACE_OUTER_BOUND('',#4261,.T.);
#4263=FACETED_PRIMITIVE_FACE('',(#4262));
#4264=POLY_LOOP('',(#4260,#4169,#4207));
#4265=FACE_OUTER_BOUND('',#4264,.T.);
#4266=FACETED_PRIMITIVE_FACE('',(#4265));
#4268=POLY_LOOP('',(#4267,#4148,#4176));
#4269=FACE_OUTER_BOUND('',#4268,.T.);
#4270=FACETED_PRIMITIVE_FACE('',(#4269));
#4271=POLY_LOOP('',(#4267,#4233,#4148));
#4272=FACE_OUTER_BOUND('',#4271,.T.);
#4273=FACETED_PRIMITIVE_FACE('',(#4272));
#4275=POLY_LOOP('',(#4274,#4223,#4183));
#4276=FACE_OUTER_BOUND('',#4275,.T.);
#4277=FACETED_PRIMITIVE_FACE('',(#4276));
#4279=POLY_LOOP('',(#4278,#4158,#4190));
#4280=FACE_OUTER_BOUND('',#4279,.T.);
#4281=FACETED_PRIMITIVE_FACE('',(#4280));
#4282=POLY_LOOP('',(#4278,#4243,#4158));
#4283=FACE_OUTER_BOUND('',#4282,.T.);
#4284=FACETED_PRIMITIVE_FACE('',(#4283));
#4286=POLY_LOOP('',(#4285,#4250,#4197));
#4287=FACE_OUTER_BOUND('',#4286,.T.);
#4288=FACETED_PRIMITIVE_FACE('',(#4287));
#4290=POLY_LOOP('',(#4289,#4260,#4207));
#4291=FACE_OUTER_BOUND('',#4290,.T.);
#4292=FACETED_PRIMITIVE_FACE('',(#4291));
#4293=POLY_LOOP('',(#4289,#4207,#2404));
#4294=FACE_OUTER_BOUND('',#4293,.T.);
#4295=FACETED_PRIMITIVE_FACE('',(#4294));
#4296=POLY_LOOP('',(#4289,#2404,#2411));
#4297=FACE_OUTER_BOUND('',#4296,.T.);
#4298=FACETED_PRIMITIVE_FACE('',(#4297));
#4299=POLY_LOOP('',(#4289,#2411,#2418));
#4300=FACE_OUTER_BOUND('',#4299,.T.);
#4301=FACETED_PRIMITIVE_FACE('',(#4300));
#4303=POLY_LOOP('',(#4302,#4176,#4223));
#4304=FACE_OUTER_BOUND('',#4303,.T.);
#4305=FACETED_PRIMITIVE_FACE('',(#4304));
#4306=POLY_LOOP('',(#4302,#4267,#4176));
#4307=FACE_OUTER_BOUND('',#4306,.T.);
#4308=FACETED_PRIMITIVE_FACE('',(#4307));
#4310=POLY_LOOP('',(#4309,#3375,#3351));
#4311=FACE_OUTER_BOUND('',#4310,.T.);
#4312=FACETED_PRIMITIVE_FACE('',(#4311));
#4313=POLY_LOOP('',(#4309,#3351,#4233));
#4314=FACE_OUTER_BOUND('',#4313,.T.);
#4315=FACETED_PRIMITIVE_FACE('',(#4314));
#4317=POLY_LOOP('',(#4316,#4183,#4243));
#4318=FACE_OUTER_BOUND('',#4317,.T.);
#4319=FACETED_PRIMITIVE_FACE('',(#4318));
#4320=POLY_LOOP('',(#4316,#4274,#4183));
#4321=FACE_OUTER_BOUND('',#4320,.T.);
#4322=FACETED_PRIMITIVE_FACE('',(#4321));
#4324=POLY_LOOP('',(#4323,#4190,#4250));
#4325=FACE_OUTER_BOUND('',#4324,.T.);
#4326=FACETED_PRIMITIVE_FACE('',(#4325));
#4327=POLY_LOOP('',(#4323,#4278,#4190));
#4328=FACE_OUTER_BOUND('',#4327,.T.);
#4329=FACETED_PRIMITIVE_FACE('',(#4328));
#4331=POLY_LOOP('',(#4330,#4285,#4197));
#4332=FACE_OUTER_BOUND('',#4331,.T.);
#4333=FACETED_PRIMITIVE_FACE('',(#4332));
#4334=POLY_LOOP('',(#4330,#4197,#4260));
#4335=FACE_OUTER_BOUND('',#4334,.T.);
#4336=FACETED_PRIMITIVE_FACE('',(#4335));
#4338=POLY_LOOP('',(#4337,#4233,#4267));
#4339=FACE_OUTER_BOUND('',#4338,.T.);
#4340=FACETED_PRIMITIVE_FACE('',(#4339));
#4341=POLY_LOOP('',(#4337,#4309,#4233));
#4342=FACE_OUTER_BOUND('',#4341,.T.);
#4343=FACETED_PRIMITIVE_FACE('',(#4342));
#4345=POLY_LOOP('',(#4344,#4302,#4223));
#4346=FACE_OUTER_BOUND('',#4345,.T.);
#4347=FACETED_PRIMITIVE_FACE('',(#4346));
#4348=POLY_LOOP('',(#4344,#4223,#4274));
#4349=FACE_OUTER_BOUND('',#4348,.T.);
#4350=FACETED_PRIMITIVE_FACE('',(#4349));
#4351=POLY_LOOP('',(#4344,#4274,#4316));
#4352=FACE_OUTER_BOUND('',#4351,.T.);
#4353=FACETED_PRIMITIVE_FACE('',(#4352));
#4355=POLY_LOOP('',(#4354,#4243,#4278));
#4356=FACE_OUTER_BOUND('',#4355,.T.);
#4357=FACETED_PRIMITIVE_FACE('',(#4356));
#4358=POLY_LOOP('',(#4354,#4316,#4243));
#4359=FACE_OUTER_BOUND('',#4358,.T.);
#4360=FACETED_PRIMITIVE_FACE('',(#4359));
#4361=POLY_LOOP('',(#4354,#4278,#4323));
#4362=FACE_OUTER_BOUND('',#4361,.T.);
#4363=FACETED_PRIMITIVE_FACE('',(#4362));
#4365=POLY_LOOP('',(#4364,#4250,#4285));
#4366=FACE_OUTER_BOUND('',#4365,.T.);
#4367=FACETED_PRIMITIVE_FACE('',(#4366));
#4368=POLY_LOOP('',(#4364,#4323,#4250));
#4369=FACE_OUTER_BOUND('',#4368,.T.);
#4370=FACETED_PRIMITIVE_FACE('',(#4369));
#4372=POLY_LOOP('',(#4371,#4330,#4260));
#4373=FACE_OUTER_BOUND('',#4372,.T.);
#4374=FACETED_PRIMITIVE_FACE('',(#4373));
#4375=POLY_LOOP('',(#4371,#4260,#4289));
#4376=FACE_OUTER_BOUND('',#4375,.T.);
#4377=FACETED_PRIMITIVE_FACE('',(#4376));
#4378=POLY_LOOP('',(#4371,#2418,#2428));
#4379=FACE_OUTER_BOUND('',#4378,.T.);
#4380=FACETED_PRIMITIVE_FACE('',(#4379));
#4381=POLY_LOOP('',(#4371,#2428,#2432));
#4382=FACE_OUTER_BOUND('',#4381,.T.);
#4383=FACETED_PRIMITIVE_FACE('',(#4382));
#4384=POLY_LOOP('',(#4371,#4289,#2418));
#4385=FACE_OUTER_BOUND('',#4384,.T.);
#4386=FACETED_PRIMITIVE_FACE('',(#4385));
#4389=POLY_LOOP('',(#4387,#4388,#4337));
#4390=FACE_OUTER_BOUND('',#4389,.T.);
#4391=FACETED_PRIMITIVE_FACE('',(#4390));
#4393=POLY_LOOP('',(#4387,#4392,#4388));
#4394=FACE_OUTER_BOUND('',#4393,.T.);
#4395=FACETED_PRIMITIVE_FACE('',(#4394));
#4397=POLY_LOOP('',(#4387,#4396,#4392));
#4398=FACE_OUTER_BOUND('',#4397,.T.);
#4399=FACETED_PRIMITIVE_FACE('',(#4398));
#4400=POLY_LOOP('',(#4387,#4267,#4302));
#4401=FACE_OUTER_BOUND('',#4400,.T.);
#4402=FACETED_PRIMITIVE_FACE('',(#4401));
#4403=POLY_LOOP('',(#4387,#4337,#4267));
#4404=FACE_OUTER_BOUND('',#4403,.T.);
#4405=FACETED_PRIMITIVE_FACE('',(#4404));
#4407=POLY_LOOP('',(#4406,#4344,#4316));
#4408=FACE_OUTER_BOUND('',#4407,.T.);
#4409=FACETED_PRIMITIVE_FACE('',(#4408));
#4411=POLY_LOOP('',(#4410,#4354,#4323));
#4412=FACE_OUTER_BOUND('',#4411,.T.);
#4413=FACETED_PRIMITIVE_FACE('',(#4412));
#4415=POLY_LOOP('',(#4414,#4364,#4285));
#4416=FACE_OUTER_BOUND('',#4415,.T.);
#4417=FACETED_PRIMITIVE_FACE('',(#4416));
#4418=POLY_LOOP('',(#4414,#4285,#4330));
#4419=FACE_OUTER_BOUND('',#4418,.T.);
#4420=FACETED_PRIMITIVE_FACE('',(#4419));
#4422=POLY_LOOP('',(#4421,#4396,#4387));
#4423=FACE_OUTER_BOUND('',#4422,.T.);
#4424=FACETED_PRIMITIVE_FACE('',(#4423));
#4426=POLY_LOOP('',(#4421,#4425,#4396));
#4427=FACE_OUTER_BOUND('',#4426,.T.);
#4428=FACETED_PRIMITIVE_FACE('',(#4427));
#4430=POLY_LOOP('',(#4421,#4429,#4425));
#4431=FACE_OUTER_BOUND('',#4430,.T.);
#4432=FACETED_PRIMITIVE_FACE('',(#4431));
#4433=POLY_LOOP('',(#4421,#4302,#4344));
#4434=FACE_OUTER_BOUND('',#4433,.T.);
#4435=FACETED_PRIMITIVE_FACE('',(#4434));
#4436=POLY_LOOP('',(#4421,#4387,#4302));
#4437=FACE_OUTER_BOUND('',#4436,.T.);
#4438=FACETED_PRIMITIVE_FACE('',(#4437));
#4440=POLY_LOOP('',(#4439,#4316,#4354));
#4441=FACE_OUTER_BOUND('',#4440,.T.);
#4442=FACETED_PRIMITIVE_FACE('',(#4441));
#4443=POLY_LOOP('',(#4439,#4406,#4316));
#4444=FACE_OUTER_BOUND('',#4443,.T.);
#4445=FACETED_PRIMITIVE_FACE('',(#4444));
#4447=POLY_LOOP('',(#4446,#4323,#4364));
#4448=FACE_OUTER_BOUND('',#4447,.T.);
#4449=FACETED_PRIMITIVE_FACE('',(#4448));
#4450=POLY_LOOP('',(#4446,#4364,#4414));
#4451=FACE_OUTER_BOUND('',#4450,.T.);
#4452=FACETED_PRIMITIVE_FACE('',(#4451));
#4453=POLY_LOOP('',(#4446,#4410,#4323));
#4454=FACE_OUTER_BOUND('',#4453,.T.);
#4455=FACETED_PRIMITIVE_FACE('',(#4454));
#4457=POLY_LOOP('',(#4456,#4414,#4330));
#4458=FACE_OUTER_BOUND('',#4457,.T.);
#4459=FACETED_PRIMITIVE_FACE('',(#4458));
#4460=POLY_LOOP('',(#4456,#2432,#2449));
#4461=FACE_OUTER_BOUND('',#4460,.T.);
#4462=FACETED_PRIMITIVE_FACE('',(#4461));
#4463=POLY_LOOP('',(#4456,#2449,#2460));
#4464=FACE_OUTER_BOUND('',#4463,.T.);
#4465=FACETED_PRIMITIVE_FACE('',(#4464));
#4466=POLY_LOOP('',(#4456,#4330,#4371));
#4467=FACE_OUTER_BOUND('',#4466,.T.);
#4468=FACETED_PRIMITIVE_FACE('',(#4467));
#4469=POLY_LOOP('',(#4456,#4371,#2432));
#4470=FACE_OUTER_BOUND('',#4469,.T.);
#4471=FACETED_PRIMITIVE_FACE('',(#4470));
#4473=POLY_LOOP('',(#4472,#4344,#4406));
#4474=FACE_OUTER_BOUND('',#4473,.T.);
#4475=FACETED_PRIMITIVE_FACE('',(#4474));
#4476=POLY_LOOP('',(#4472,#4429,#4421));
#4477=FACE_OUTER_BOUND('',#4476,.T.);
#4478=FACETED_PRIMITIVE_FACE('',(#4477));
#4480=POLY_LOOP('',(#4472,#4479,#4429));
#4481=FACE_OUTER_BOUND('',#4480,.T.);
#4482=FACETED_PRIMITIVE_FACE('',(#4481));
#4484=POLY_LOOP('',(#4472,#4483,#4479));
#4485=FACE_OUTER_BOUND('',#4484,.T.);
#4486=FACETED_PRIMITIVE_FACE('',(#4485));
#4487=POLY_LOOP('',(#4472,#4421,#4344));
#4488=FACE_OUTER_BOUND('',#4487,.T.);
#4489=FACETED_PRIMITIVE_FACE('',(#4488));
#4491=POLY_LOOP('',(#4490,#4410,#4446));
#4492=FACE_OUTER_BOUND('',#4491,.T.);
#4493=FACETED_PRIMITIVE_FACE('',(#4492));
#4494=POLY_LOOP('',(#4490,#4439,#4354));
#4495=FACE_OUTER_BOUND('',#4494,.T.);
#4496=FACETED_PRIMITIVE_FACE('',(#4495));
#4497=POLY_LOOP('',(#4490,#4354,#4410));
#4498=FACE_OUTER_BOUND('',#4497,.T.);
#4499=FACETED_PRIMITIVE_FACE('',(#4498));
#4501=POLY_LOOP('',(#4500,#4446,#4414));
#4502=FACE_OUTER_BOUND('',#4501,.T.);
#4503=FACETED_PRIMITIVE_FACE('',(#4502));
#4504=POLY_LOOP('',(#4500,#4414,#4456));
#4505=FACE_OUTER_BOUND('',#4504,.T.);
#4506=FACETED_PRIMITIVE_FACE('',(#4505));
#4508=POLY_LOOP('',(#4507,#4406,#4439));
#4509=FACE_OUTER_BOUND('',#4508,.T.);
#4510=FACETED_PRIMITIVE_FACE('',(#4509));
#4512=POLY_LOOP('',(#4507,#4511,#4483));
#4513=FACE_OUTER_BOUND('',#4512,.T.);
#4514=FACETED_PRIMITIVE_FACE('',(#4513));
#4516=POLY_LOOP('',(#4507,#4515,#4511));
#4517=FACE_OUTER_BOUND('',#4516,.T.);
#4518=FACETED_PRIMITIVE_FACE('',(#4517));
#4519=POLY_LOOP('',(#4507,#4483,#4472));
#4520=FACE_OUTER_BOUND('',#4519,.T.);
#4521=FACETED_PRIMITIVE_FACE('',(#4520));
#4522=POLY_LOOP('',(#4507,#4472,#4406));
#4523=FACE_OUTER_BOUND('',#4522,.T.);
#4524=FACETED_PRIMITIVE_FACE('',(#4523));
#4526=POLY_LOOP('',(#4525,#4490,#4446));
#4527=FACE_OUTER_BOUND('',#4526,.T.);
#4528=FACETED_PRIMITIVE_FACE('',(#4527));
#4530=POLY_LOOP('',(#4529,#4500,#4456));
#4531=FACE_OUTER_BOUND('',#4530,.T.);
#4532=FACETED_PRIMITIVE_FACE('',(#4531));
#4533=POLY_LOOP('',(#4529,#2460,#2477));
#4534=FACE_OUTER_BOUND('',#4533,.T.);
#4535=FACETED_PRIMITIVE_FACE('',(#4534));
#4536=POLY_LOOP('',(#4529,#2477,#2488));
#4537=FACE_OUTER_BOUND('',#4536,.T.);
#4538=FACETED_PRIMITIVE_FACE('',(#4537));
#4539=POLY_LOOP('',(#4529,#4456,#2460));
#4540=FACE_OUTER_BOUND('',#4539,.T.);
#4541=FACETED_PRIMITIVE_FACE('',(#4540));
#4543=POLY_LOOP('',(#4542,#4515,#4507));
#4544=FACE_OUTER_BOUND('',#4543,.T.);
#4545=FACETED_PRIMITIVE_FACE('',(#4544));
#4547=POLY_LOOP('',(#4542,#4546,#4515));
#4548=FACE_OUTER_BOUND('',#4547,.T.);
#4549=FACETED_PRIMITIVE_FACE('',(#4548));
#4551=POLY_LOOP('',(#4542,#4550,#4546));
#4552=FACE_OUTER_BOUND('',#4551,.T.);
#4553=FACETED_PRIMITIVE_FACE('',(#4552));
#4554=POLY_LOOP('',(#4542,#4439,#4490));
#4555=FACE_OUTER_BOUND('',#4554,.T.);
#4556=FACETED_PRIMITIVE_FACE('',(#4555));
#4557=POLY_LOOP('',(#4542,#4507,#4439));
#4558=FACE_OUTER_BOUND('',#4557,.T.);
#4559=FACETED_PRIMITIVE_FACE('',(#4558));
#4561=POLY_LOOP('',(#4560,#4446,#4500));
#4562=FACE_OUTER_BOUND('',#4561,.T.);
#4563=FACETED_PRIMITIVE_FACE('',(#4562));
#4564=POLY_LOOP('',(#4560,#4500,#4529));
#4565=FACE_OUTER_BOUND('',#4564,.T.);
#4566=FACETED_PRIMITIVE_FACE('',(#4565));
#4567=POLY_LOOP('',(#4560,#4525,#4446));
#4568=FACE_OUTER_BOUND('',#4567,.T.);
#4569=FACETED_PRIMITIVE_FACE('',(#4568));
#4571=POLY_LOOP('',(#4570,#4490,#4525));
#4572=FACE_OUTER_BOUND('',#4571,.T.);
#4573=FACETED_PRIMITIVE_FACE('',(#4572));
#4574=POLY_LOOP('',(#4570,#4525,#4560));
#4575=FACE_OUTER_BOUND('',#4574,.T.);
#4576=FACETED_PRIMITIVE_FACE('',(#4575));
#4577=POLY_LOOP('',(#4570,#4550,#4542));
#4578=FACE_OUTER_BOUND('',#4577,.T.);
#4579=FACETED_PRIMITIVE_FACE('',(#4578));
#4581=POLY_LOOP('',(#4570,#4580,#4550));
#4582=FACE_OUTER_BOUND('',#4581,.T.);
#4583=FACETED_PRIMITIVE_FACE('',(#4582));
#4585=POLY_LOOP('',(#4570,#4584,#4580));
#4586=FACE_OUTER_BOUND('',#4585,.T.);
#4587=FACETED_PRIMITIVE_FACE('',(#4586));
#4588=POLY_LOOP('',(#4570,#4542,#4490));
#4589=FACE_OUTER_BOUND('',#4588,.T.);
#4590=FACETED_PRIMITIVE_FACE('',(#4589));
#4592=POLY_LOOP('',(#4591,#4560,#4529));
#4593=FACE_OUTER_BOUND('',#4592,.T.);
#4594=FACETED_PRIMITIVE_FACE('',(#4593));
#4595=POLY_LOOP('',(#4591,#4529,#2488));
#4596=FACE_OUTER_BOUND('',#4595,.T.);
#4597=FACETED_PRIMITIVE_FACE('',(#4596));
#4598=POLY_LOOP('',(#4591,#2488,#2495));
#4599=FACE_OUTER_BOUND('',#4598,.T.);
#4600=FACETED_PRIMITIVE_FACE('',(#4599));
#4601=POLY_LOOP('',(#4591,#2495,#2484));
#4602=FACE_OUTER_BOUND('',#4601,.T.);
#4603=FACETED_PRIMITIVE_FACE('',(#4602));
#4605=POLY_LOOP('',(#4604,#4570,#4560));
#4606=FACE_OUTER_BOUND('',#4605,.T.);
#4607=FACETED_PRIMITIVE_FACE('',(#4606));
#4609=POLY_LOOP('',(#4604,#4608,#4584));
#4610=FACE_OUTER_BOUND('',#4609,.T.);
#4611=FACETED_PRIMITIVE_FACE('',(#4610));
#4612=POLY_LOOP('',(#4604,#4584,#4570));
#4613=FACE_OUTER_BOUND('',#4612,.T.);
#4614=FACETED_PRIMITIVE_FACE('',(#4613));
#4616=POLY_LOOP('',(#4615,#4560,#4591));
#4617=FACE_OUTER_BOUND('',#4616,.T.);
#4618=FACETED_PRIMITIVE_FACE('',(#4617));
#4619=POLY_LOOP('',(#4615,#4604,#4560));
#4620=FACE_OUTER_BOUND('',#4619,.T.);
#4621=FACETED_PRIMITIVE_FACE('',(#4620));
#4622=POLY_LOOP('',(#4615,#4591,#2484));
#4623=FACE_OUTER_BOUND('',#4622,.T.);
#4624=FACETED_PRIMITIVE_FACE('',(#4623));
#4625=POLY_LOOP('',(#4615,#2484,#2467));
#4626=FACE_OUTER_BOUND('',#4625,.T.);
#4627=FACETED_PRIMITIVE_FACE('',(#4626));
#4629=POLY_LOOP('',(#4628,#3440,#3375));
#4630=FACE_OUTER_BOUND('',#4629,.T.);
#4631=FACETED_PRIMITIVE_FACE('',(#4630));
#4632=POLY_LOOP('',(#4628,#3375,#4309));
#4633=FACE_OUTER_BOUND('',#4632,.T.);
#4634=FACETED_PRIMITIVE_FACE('',(#4633));
#4635=POLY_LOOP('',(#4628,#4309,#4337));
#4636=FACE_OUTER_BOUND('',#4635,.T.);
#4637=FACETED_PRIMITIVE_FACE('',(#4636));
#4639=POLY_LOOP('',(#4638,#2536,#3440));
#4640=FACE_OUTER_BOUND('',#4639,.T.);
#4641=FACETED_PRIMITIVE_FACE('',(#4640));
#4642=POLY_LOOP('',(#4638,#4337,#4388));
#4643=FACE_OUTER_BOUND('',#4642,.T.);
#4644=FACETED_PRIMITIVE_FACE('',(#4643));
#4647=POLY_LOOP('',(#4638,#4645,#4646));
#4648=FACE_OUTER_BOUND('',#4647,.T.);
#4649=FACETED_PRIMITIVE_FACE('',(#4648));
#4650=POLY_LOOP('',(#4638,#4388,#4645));
#4651=FACE_OUTER_BOUND('',#4650,.T.);
#4652=FACETED_PRIMITIVE_FACE('',(#4651));
#4653=POLY_LOOP('',(#4638,#4628,#4337));
#4654=FACE_OUTER_BOUND('',#4653,.T.);
#4655=FACETED_PRIMITIVE_FACE('',(#4654));
#4656=POLY_LOOP('',(#4638,#3440,#4628));
#4657=FACE_OUTER_BOUND('',#4656,.T.);
#4658=FACETED_PRIMITIVE_FACE('',(#4657));
#4660=POLY_LOOP('',(#4659,#3766,#2536));
#4661=FACE_OUTER_BOUND('',#4660,.T.);
#4662=FACETED_PRIMITIVE_FACE('',(#4661));
#4664=POLY_LOOP('',(#4659,#4663,#3766));
#4665=FACE_OUTER_BOUND('',#4664,.T.);
#4666=FACETED_PRIMITIVE_FACE('',(#4665));
#4668=POLY_LOOP('',(#4659,#4667,#4663));
#4669=FACE_OUTER_BOUND('',#4668,.T.);
#4670=FACETED_PRIMITIVE_FACE('',(#4669));
#4672=POLY_LOOP('',(#4659,#4671,#4667));
#4673=FACE_OUTER_BOUND('',#4672,.T.);
#4674=FACETED_PRIMITIVE_FACE('',(#4673));
#4675=POLY_LOOP('',(#4659,#2536,#4638));
#4676=FACE_OUTER_BOUND('',#4675,.T.);
#4677=FACETED_PRIMITIVE_FACE('',(#4676));
#4679=POLY_LOOP('',(#4659,#4678,#4671));
#4680=FACE_OUTER_BOUND('',#4679,.T.);
#4681=FACETED_PRIMITIVE_FACE('',(#4680));
#4682=POLY_LOOP('',(#4659,#4646,#4678));
#4683=FACE_OUTER_BOUND('',#4682,.T.);
#4684=FACETED_PRIMITIVE_FACE('',(#4683));
#4685=POLY_LOOP('',(#4659,#4638,#4646));
#4686=FACE_OUTER_BOUND('',#4685,.T.);
#4687=FACETED_PRIMITIVE_FACE('',(#4686));
#4689=POLY_LOOP('',(#4688,#4604,#4615));
#4690=FACE_OUTER_BOUND('',#4689,.T.);
#4691=FACETED_PRIMITIVE_FACE('',(#4690));
#4692=POLY_LOOP('',(#4688,#4615,#2467));
#4693=FACE_OUTER_BOUND('',#4692,.T.);
#4694=FACETED_PRIMITIVE_FACE('',(#4693));
#4695=POLY_LOOP('',(#4688,#2467,#2453));
#4696=FACE_OUTER_BOUND('',#4695,.T.);
#4697=FACETED_PRIMITIVE_FACE('',(#4696));
#4699=POLY_LOOP('',(#4698,#4608,#4604));
#4700=FACE_OUTER_BOUND('',#4699,.T.);
#4701=FACETED_PRIMITIVE_FACE('',(#4700));
#4703=POLY_LOOP('',(#4698,#4702,#4608));
#4704=FACE_OUTER_BOUND('',#4703,.T.);
#4705=FACETED_PRIMITIVE_FACE('',(#4704));
#4706=POLY_LOOP('',(#4698,#4604,#4688));
#4707=FACE_OUTER_BOUND('',#4706,.T.);
#4708=FACETED_PRIMITIVE_FACE('',(#4707));
#4709=POLY_LOOP('',(#4698,#4688,#2453));
#4710=FACE_OUTER_BOUND('',#4709,.T.);
#4711=FACETED_PRIMITIVE_FACE('',(#4710));
#4712=POLY_LOOP('',(#4698,#2453,#2442));
#4713=FACE_OUTER_BOUND('',#4712,.T.);
#4714=FACETED_PRIMITIVE_FACE('',(#4713));
#4717=POLY_LOOP('',(#4715,#4716,#4702));
#4718=FACE_OUTER_BOUND('',#4717,.T.);
#4719=FACETED_PRIMITIVE_FACE('',(#4718));
#4721=POLY_LOOP('',(#4715,#4720,#4716));
#4722=FACE_OUTER_BOUND('',#4721,.T.);
#4723=FACETED_PRIMITIVE_FACE('',(#4722));
#4725=POLY_LOOP('',(#4715,#4724,#4720));
#4726=FACE_OUTER_BOUND('',#4725,.T.);
#4727=FACETED_PRIMITIVE_FACE('',(#4726));
#4728=POLY_LOOP('',(#4715,#3770,#4724));
#4729=FACE_OUTER_BOUND('',#4728,.T.);
#4730=FACETED_PRIMITIVE_FACE('',(#4729));
#4731=POLY_LOOP('',(#4715,#4698,#2442));
#4732=FACE_OUTER_BOUND('',#4731,.T.);
#4733=FACETED_PRIMITIVE_FACE('',(#4732));
#4734=POLY_LOOP('',(#4715,#4702,#4698));
#4735=FACE_OUTER_BOUND('',#4734,.T.);
#4736=FACETED_PRIMITIVE_FACE('',(#4735));
#4737=POLY_LOOP('',(#4715,#2442,#3770));
#4738=FACE_OUTER_BOUND('',#4737,.T.);
#4739=FACETED_PRIMITIVE_FACE('',(#4738));
#4742=POLY_LOOP('',(#4645,#4740,#4741));
#4743=FACE_OUTER_BOUND('',#4742,.T.);
#4744=FACETED_PRIMITIVE_FACE('',(#4743));
#4745=POLY_LOOP('',(#4388,#4740,#4645));
#4746=FACE_OUTER_BOUND('',#4745,.T.);
#4747=FACETED_PRIMITIVE_FACE('',(#4746));
#4749=POLY_LOOP('',(#4646,#4741,#4748));
#4750=FACE_OUTER_BOUND('',#4749,.T.);
#4751=FACETED_PRIMITIVE_FACE('',(#4750));
#4752=POLY_LOOP('',(#4646,#4645,#4741));
#4753=FACE_OUTER_BOUND('',#4752,.T.);
#4754=FACETED_PRIMITIVE_FACE('',(#4753));
#4756=POLY_LOOP('',(#4392,#4755,#4740));
#4757=FACE_OUTER_BOUND('',#4756,.T.);
#4758=FACETED_PRIMITIVE_FACE('',(#4757));
#4759=POLY_LOOP('',(#4392,#4740,#4388));
#4760=FACE_OUTER_BOUND('',#4759,.T.);
#4761=FACETED_PRIMITIVE_FACE('',(#4760));
#4763=POLY_LOOP('',(#4678,#4748,#4762));
#4764=FACE_OUTER_BOUND('',#4763,.T.);
#4765=FACETED_PRIMITIVE_FACE('',(#4764));
#4766=POLY_LOOP('',(#4678,#4646,#4748));
#4767=FACE_OUTER_BOUND('',#4766,.T.);
#4768=FACETED_PRIMITIVE_FACE('',(#4767));
#4770=POLY_LOOP('',(#4396,#4769,#4755));
#4771=FACE_OUTER_BOUND('',#4770,.T.);
#4772=FACETED_PRIMITIVE_FACE('',(#4771));
#4773=POLY_LOOP('',(#4396,#4755,#4392));
#4774=FACE_OUTER_BOUND('',#4773,.T.);
#4775=FACETED_PRIMITIVE_FACE('',(#4774));
#4776=POLY_LOOP('',(#4671,#4678,#4762));
#4777=FACE_OUTER_BOUND('',#4776,.T.);
#4778=FACETED_PRIMITIVE_FACE('',(#4777));
#4780=POLY_LOOP('',(#4667,#4762,#4779));
#4781=FACE_OUTER_BOUND('',#4780,.T.);
#4782=FACETED_PRIMITIVE_FACE('',(#4781));
#4783=POLY_LOOP('',(#4667,#4671,#4762));
#4784=FACE_OUTER_BOUND('',#4783,.T.);
#4785=FACETED_PRIMITIVE_FACE('',(#4784));
#4787=POLY_LOOP('',(#4425,#4786,#4769));
#4788=FACE_OUTER_BOUND('',#4787,.T.);
#4789=FACETED_PRIMITIVE_FACE('',(#4788));
#4790=POLY_LOOP('',(#4425,#4769,#4396));
#4791=FACE_OUTER_BOUND('',#4790,.T.);
#4792=FACETED_PRIMITIVE_FACE('',(#4791));
#4793=POLY_LOOP('',(#4663,#4667,#4779));
#4794=FACE_OUTER_BOUND('',#4793,.T.);
#4795=FACETED_PRIMITIVE_FACE('',(#4794));
#4797=POLY_LOOP('',(#4663,#4779,#4796));
#4798=FACE_OUTER_BOUND('',#4797,.T.);
#4799=FACETED_PRIMITIVE_FACE('',(#4798));
#4800=POLY_LOOP('',(#3766,#4663,#4796));
#4801=FACE_OUTER_BOUND('',#4800,.T.);
#4802=FACETED_PRIMITIVE_FACE('',(#4801));
#4804=POLY_LOOP('',(#3766,#4796,#4803));
#4805=FACE_OUTER_BOUND('',#4804,.T.);
#4806=FACETED_PRIMITIVE_FACE('',(#4805));
#4808=POLY_LOOP('',(#4429,#4807,#4786));
#4809=FACE_OUTER_BOUND('',#4808,.T.);
#4810=FACETED_PRIMITIVE_FACE('',(#4809));
#4811=POLY_LOOP('',(#4429,#4786,#4425));
#4812=FACE_OUTER_BOUND('',#4811,.T.);
#4813=FACETED_PRIMITIVE_FACE('',(#4812));
#4815=POLY_LOOP('',(#1591,#4803,#4814));
#4816=FACE_OUTER_BOUND('',#4815,.T.);
#4817=FACETED_PRIMITIVE_FACE('',(#4816));
#4818=POLY_LOOP('',(#1591,#3766,#4803));
#4819=FACE_OUTER_BOUND('',#4818,.T.);
#4820=FACETED_PRIMITIVE_FACE('',(#4819));
#4821=POLY_LOOP('',(#4479,#4807,#4429));
#4822=FACE_OUTER_BOUND('',#4821,.T.);
#4823=FACETED_PRIMITIVE_FACE('',(#4822));
#4825=POLY_LOOP('',(#4479,#4824,#4807));
#4826=FACE_OUTER_BOUND('',#4825,.T.);
#4827=FACETED_PRIMITIVE_FACE('',(#4826));
#4828=POLY_LOOP('',(#4483,#4824,#4479));
#4829=FACE_OUTER_BOUND('',#4828,.T.);
#4830=FACETED_PRIMITIVE_FACE('',(#4829));
#4832=POLY_LOOP('',(#4483,#4831,#4824));
#4833=FACE_OUTER_BOUND('',#4832,.T.);
#4834=FACETED_PRIMITIVE_FACE('',(#4833));
#4836=POLY_LOOP('',(#4511,#4835,#4831));
#4837=FACE_OUTER_BOUND('',#4836,.T.);
#4838=FACETED_PRIMITIVE_FACE('',(#4837));
#4839=POLY_LOOP('',(#4511,#4831,#4483));
#4840=FACE_OUTER_BOUND('',#4839,.T.);
#4841=FACETED_PRIMITIVE_FACE('',(#4840));
#4843=POLY_LOOP('',(#4515,#4842,#4835));
#4844=FACE_OUTER_BOUND('',#4843,.T.);
#4845=FACETED_PRIMITIVE_FACE('',(#4844));
#4846=POLY_LOOP('',(#4515,#4835,#4511));
#4847=FACE_OUTER_BOUND('',#4846,.T.);
#4848=FACETED_PRIMITIVE_FACE('',(#4847));
#4849=POLY_LOOP('',(#4546,#4842,#4515));
#4850=FACE_OUTER_BOUND('',#4849,.T.);
#4851=FACETED_PRIMITIVE_FACE('',(#4850));
#4853=POLY_LOOP('',(#4546,#4852,#4842));
#4854=FACE_OUTER_BOUND('',#4853,.T.);
#4855=FACETED_PRIMITIVE_FACE('',(#4854));
#4857=POLY_LOOP('',(#4550,#4856,#4852));
#4858=FACE_OUTER_BOUND('',#4857,.T.);
#4859=FACETED_PRIMITIVE_FACE('',(#4858));
#4860=POLY_LOOP('',(#4550,#4852,#4546));
#4861=FACE_OUTER_BOUND('',#4860,.T.);
#4862=FACETED_PRIMITIVE_FACE('',(#4861));
#4864=POLY_LOOP('',(#1640,#4814,#4863));
#4865=FACE_OUTER_BOUND('',#4864,.T.);
#4866=FACETED_PRIMITIVE_FACE('',(#4865));
#4867=POLY_LOOP('',(#1640,#1591,#4814));
#4868=FACE_OUTER_BOUND('',#4867,.T.);
#4869=FACETED_PRIMITIVE_FACE('',(#4868));
#4870=POLY_LOOP('',(#4580,#4856,#4550));
#4871=FACE_OUTER_BOUND('',#4870,.T.);
#4872=FACETED_PRIMITIVE_FACE('',(#4871));
#4874=POLY_LOOP('',(#4873,#4856,#4580));
#4875=FACE_OUTER_BOUND('',#4874,.T.);
#4876=FACETED_PRIMITIVE_FACE('',(#4875));
#4877=POLY_LOOP('',(#4584,#4873,#4580));
#4878=FACE_OUTER_BOUND('',#4877,.T.);
#4879=FACETED_PRIMITIVE_FACE('',(#4878));
#4881=POLY_LOOP('',(#4880,#4873,#4584));
#4882=FACE_OUTER_BOUND('',#4881,.T.);
#4883=FACETED_PRIMITIVE_FACE('',(#4882));
#4884=POLY_LOOP('',(#4608,#4880,#4584));
#4885=FACE_OUTER_BOUND('',#4884,.T.);
#4886=FACETED_PRIMITIVE_FACE('',(#4885));
#4888=POLY_LOOP('',(#4887,#4880,#4608));
#4889=FACE_OUTER_BOUND('',#4888,.T.);
#4890=FACETED_PRIMITIVE_FACE('',(#4889));
#4891=POLY_LOOP('',(#4702,#4887,#4608));
#4892=FACE_OUTER_BOUND('',#4891,.T.);
#4893=FACETED_PRIMITIVE_FACE('',(#4892));
#4895=POLY_LOOP('',(#4894,#4887,#4702));
#4896=FACE_OUTER_BOUND('',#4895,.T.);
#4897=FACETED_PRIMITIVE_FACE('',(#4896));
#4899=POLY_LOOP('',(#4898,#4894,#4702));
#4900=FACE_OUTER_BOUND('',#4899,.T.);
#4901=FACETED_PRIMITIVE_FACE('',(#4900));
#4902=POLY_LOOP('',(#4716,#4898,#4702));
#4903=FACE_OUTER_BOUND('',#4902,.T.);
#4904=FACETED_PRIMITIVE_FACE('',(#4903));
#4906=POLY_LOOP('',(#4905,#4898,#4716));
#4907=FACE_OUTER_BOUND('',#4906,.T.);
#4908=FACETED_PRIMITIVE_FACE('',(#4907));
#4909=POLY_LOOP('',(#4720,#4905,#4716));
#4910=FACE_OUTER_BOUND('',#4909,.T.);
#4911=FACETED_PRIMITIVE_FACE('',(#4910));
#4913=POLY_LOOP('',(#4912,#4905,#4720));
#4914=FACE_OUTER_BOUND('',#4913,.T.);
#4915=FACETED_PRIMITIVE_FACE('',(#4914));
#4917=POLY_LOOP('',(#4916,#4720,#4724));
#4918=FACE_OUTER_BOUND('',#4917,.T.);
#4919=FACETED_PRIMITIVE_FACE('',(#4918));
#4920=POLY_LOOP('',(#4916,#4912,#4720));
#4921=FACE_OUTER_BOUND('',#4920,.T.);
#4922=FACETED_PRIMITIVE_FACE('',(#4921));
#4924=POLY_LOOP('',(#4923,#4724,#3770));
#4925=FACE_OUTER_BOUND('',#4924,.T.);
#4926=FACETED_PRIMITIVE_FACE('',(#4925));
#4927=POLY_LOOP('',(#4923,#4916,#4724));
#4928=FACE_OUTER_BOUND('',#4927,.T.);
#4929=FACETED_PRIMITIVE_FACE('',(#4928));
#4931=POLY_LOOP('',(#4930,#3770,#1704));
#4932=FACE_OUTER_BOUND('',#4931,.T.);
#4933=FACETED_PRIMITIVE_FACE('',(#4932));
#4934=POLY_LOOP('',(#4930,#4923,#3770));
#4935=FACE_OUTER_BOUND('',#4934,.T.);
#4936=FACETED_PRIMITIVE_FACE('',(#4935));
#4938=POLY_LOOP('',(#4937,#1704,#1711));
#4939=FACE_OUTER_BOUND('',#4938,.T.);
#4940=FACETED_PRIMITIVE_FACE('',(#4939));
#4941=POLY_LOOP('',(#4937,#4930,#1704));
#4942=FACE_OUTER_BOUND('',#4941,.T.);
#4943=FACETED_PRIMITIVE_FACE('',(#4942));
#4946=POLY_LOOP('',(#4944,#4945,#1720));
#4947=FACE_OUTER_BOUND('',#4946,.T.);
#4948=FACETED_PRIMITIVE_FACE('',(#4947));
#4949=POLY_LOOP('',(#4944,#1720,#1719));
#4950=FACE_OUTER_BOUND('',#4949,.T.);
#4951=FACETED_PRIMITIVE_FACE('',(#4950));
#4953=POLY_LOOP('',(#4952,#1719,#1727));
#4954=FACE_OUTER_BOUND('',#4953,.T.);
#4955=FACETED_PRIMITIVE_FACE('',(#4954));
#4956=POLY_LOOP('',(#4952,#4944,#1719));
#4957=FACE_OUTER_BOUND('',#4956,.T.);
#4958=FACETED_PRIMITIVE_FACE('',(#4957));
#4960=POLY_LOOP('',(#4959,#1737,#1741));
#4961=FACE_OUTER_BOUND('',#4960,.T.);
#4962=FACETED_PRIMITIVE_FACE('',(#4961));
#4963=POLY_LOOP('',(#4959,#1727,#1737));
#4964=FACE_OUTER_BOUND('',#4963,.T.);
#4965=FACETED_PRIMITIVE_FACE('',(#4964));
#4966=POLY_LOOP('',(#4959,#4952,#1727));
#4967=FACE_OUTER_BOUND('',#4966,.T.);
#4968=FACETED_PRIMITIVE_FACE('',(#4967));
#4970=POLY_LOOP('',(#4969,#4959,#1741));
#4971=FACE_OUTER_BOUND('',#4970,.T.);
#4972=FACETED_PRIMITIVE_FACE('',(#4971));
#4974=POLY_LOOP('',(#4973,#1741,#1748));
#4975=FACE_OUTER_BOUND('',#4974,.T.);
#4976=FACETED_PRIMITIVE_FACE('',(#4975));
#4977=POLY_LOOP('',(#4973,#4969,#1741));
#4978=FACE_OUTER_BOUND('',#4977,.T.);
#4979=FACETED_PRIMITIVE_FACE('',(#4978));
#4981=POLY_LOOP('',(#4980,#1748,#1758));
#4982=FACE_OUTER_BOUND('',#4981,.T.);
#4983=FACETED_PRIMITIVE_FACE('',(#4982));
#4984=POLY_LOOP('',(#4980,#4973,#1748));
#4985=FACE_OUTER_BOUND('',#4984,.T.);
#4986=FACETED_PRIMITIVE_FACE('',(#4985));
#4988=POLY_LOOP('',(#4987,#1758,#1762));
#4989=FACE_OUTER_BOUND('',#4988,.T.);
#4990=FACETED_PRIMITIVE_FACE('',(#4989));
#4991=POLY_LOOP('',(#4987,#4980,#1758));
#4992=FACE_OUTER_BOUND('',#4991,.T.);
#4993=FACETED_PRIMITIVE_FACE('',(#4992));
#4995=POLY_LOOP('',(#4994,#1769,#1779));
#4996=FACE_OUTER_BOUND('',#4995,.T.);
#4997=FACETED_PRIMITIVE_FACE('',(#4996));
#4998=POLY_LOOP('',(#4994,#1762,#1769));
#4999=FACE_OUTER_BOUND('',#4998,.T.);
#5000=FACETED_PRIMITIVE_FACE('',(#4999));
#5001=POLY_LOOP('',(#4994,#4987,#1762));
#5002=FACE_OUTER_BOUND('',#5001,.T.);
#5003=FACETED_PRIMITIVE_FACE('',(#5002));
#5005=POLY_LOOP('',(#5004,#4994,#1779));
#5006=FACE_OUTER_BOUND('',#5005,.T.);
#5007=FACETED_PRIMITIVE_FACE('',(#5006));
#5009=POLY_LOOP('',(#5008,#1783,#1793));
#5010=FACE_OUTER_BOUND('',#5009,.T.);
#5011=FACETED_PRIMITIVE_FACE('',(#5010));
#5012=POLY_LOOP('',(#5008,#1779,#1783));
#5013=FACE_OUTER_BOUND('',#5012,.T.);
#5014=FACETED_PRIMITIVE_FACE('',(#5013));
#5015=POLY_LOOP('',(#5008,#5004,#1779));
#5016=FACE_OUTER_BOUND('',#5015,.T.);
#5017=FACETED_PRIMITIVE_FACE('',(#5016));
#5019=POLY_LOOP('',(#5018,#5008,#1793));
#5020=FACE_OUTER_BOUND('',#5019,.T.);
#5021=FACETED_PRIMITIVE_FACE('',(#5020));
#5023=POLY_LOOP('',(#5022,#1793,#1797));
#5024=FACE_OUTER_BOUND('',#5023,.T.);
#5025=FACETED_PRIMITIVE_FACE('',(#5024));
#5026=POLY_LOOP('',(#5022,#5018,#1793));
#5027=FACE_OUTER_BOUND('',#5026,.T.);
#5028=FACETED_PRIMITIVE_FACE('',(#5027));
#5030=POLY_LOOP('',(#5029,#5022,#1797));
#5031=FACE_OUTER_BOUND('',#5030,.T.);
#5032=FACETED_PRIMITIVE_FACE('',(#5031));
#5033=POLY_LOOP('',(#5029,#1804,#1811));
#5034=FACE_OUTER_BOUND('',#5033,.T.);
#5035=FACETED_PRIMITIVE_FACE('',(#5034));
#5036=POLY_LOOP('',(#5029,#1797,#1804));
#5037=FACE_OUTER_BOUND('',#5036,.T.);
#5038=FACETED_PRIMITIVE_FACE('',(#5037));
#5040=POLY_LOOP('',(#5039,#5029,#1811));
#5041=FACE_OUTER_BOUND('',#5040,.T.);
#5042=FACETED_PRIMITIVE_FACE('',(#5041));
#5044=POLY_LOOP('',(#5043,#5039,#1811));
#5045=FACE_OUTER_BOUND('',#5044,.T.);
#5046=FACETED_PRIMITIVE_FACE('',(#5045));
#5047=POLY_LOOP('',(#5043,#1811,#1821));
#5048=FACE_OUTER_BOUND('',#5047,.T.);
#5049=FACETED_PRIMITIVE_FACE('',(#5048));
#5051=POLY_LOOP('',(#5050,#1821,#1825));
#5052=FACE_OUTER_BOUND('',#5051,.T.);
#5053=FACETED_PRIMITIVE_FACE('',(#5052));
#5054=POLY_LOOP('',(#5050,#5043,#1821));
#5055=FACE_OUTER_BOUND('',#5054,.T.);
#5056=FACETED_PRIMITIVE_FACE('',(#5055));
#5058=POLY_LOOP('',(#5057,#5050,#1825));
#5059=FACE_OUTER_BOUND('',#5058,.T.);
#5060=FACETED_PRIMITIVE_FACE('',(#5059));
#5061=POLY_LOOP('',(#5057,#1825,#1835));
#5062=FACE_OUTER_BOUND('',#5061,.T.);
#5063=FACETED_PRIMITIVE_FACE('',(#5062));
#5065=POLY_LOOP('',(#5064,#1835,#1839));
#5066=FACE_OUTER_BOUND('',#5065,.T.);
#5067=FACETED_PRIMITIVE_FACE('',(#5066));
#5068=POLY_LOOP('',(#5064,#5057,#1835));
#5069=FACE_OUTER_BOUND('',#5068,.T.);
#5070=FACETED_PRIMITIVE_FACE('',(#5069));
#5072=POLY_LOOP('',(#5071,#1839,#1846));
#5073=FACE_OUTER_BOUND('',#5072,.T.);
#5074=FACETED_PRIMITIVE_FACE('',(#5073));
#5075=POLY_LOOP('',(#5071,#5064,#1839));
#5076=FACE_OUTER_BOUND('',#5075,.T.);
#5077=FACETED_PRIMITIVE_FACE('',(#5076));
#5079=POLY_LOOP('',(#5078,#1846,#1856));
#5080=FACE_OUTER_BOUND('',#5079,.T.);
#5081=FACETED_PRIMITIVE_FACE('',(#5080));
#5082=POLY_LOOP('',(#5078,#5071,#1846));
#5083=FACE_OUTER_BOUND('',#5082,.T.);
#5084=FACETED_PRIMITIVE_FACE('',(#5083));
#5085=POLY_LOOP('',(#4863,#1856,#1640));
#5086=FACE_OUTER_BOUND('',#5085,.T.);
#5087=FACETED_PRIMITIVE_FACE('',(#5086));
#5088=POLY_LOOP('',(#4863,#5078,#1856));
#5089=FACE_OUTER_BOUND('',#5088,.T.);
#5090=FACETED_PRIMITIVE_FACE('',(#5089));
#5093=POLY_LOOP('',(#1866,#5091,#5092));
#5094=FACE_OUTER_BOUND('',#5093,.T.);
#5095=FACETED_PRIMITIVE_FACE('',(#5094));
#5096=POLY_LOOP('',(#1866,#4945,#5091));
#5097=FACE_OUTER_BOUND('',#5096,.T.);
#5098=FACETED_PRIMITIVE_FACE('',(#5097));
#5099=POLY_LOOP('',(#1866,#1720,#4945));
#5100=FACE_OUTER_BOUND('',#5099,.T.);
#5101=FACETED_PRIMITIVE_FACE('',(#5100));
#5103=POLY_LOOP('',(#3734,#5092,#5102));
#5104=FACE_OUTER_BOUND('',#5103,.T.);
#5105=FACETED_PRIMITIVE_FACE('',(#5104));
#5106=POLY_LOOP('',(#3734,#1866,#5092));
#5107=FACE_OUTER_BOUND('',#5106,.T.);
#5108=FACETED_PRIMITIVE_FACE('',(#5107));
#5110=POLY_LOOP('',(#3738,#5102,#5109));
#5111=FACE_OUTER_BOUND('',#5110,.T.);
#5112=FACETED_PRIMITIVE_FACE('',(#5111));
#5113=POLY_LOOP('',(#3738,#3734,#5102));
#5114=FACE_OUTER_BOUND('',#5113,.T.);
#5115=FACETED_PRIMITIVE_FACE('',(#5114));
#5117=POLY_LOOP('',(#3742,#5109,#5116));
#5118=FACE_OUTER_BOUND('',#5117,.T.);
#5119=FACETED_PRIMITIVE_FACE('',(#5118));
#5120=POLY_LOOP('',(#3742,#3738,#5109));
#5121=FACE_OUTER_BOUND('',#5120,.T.);
#5122=FACETED_PRIMITIVE_FACE('',(#5121));
#5123=POLY_LOOP('',(#3746,#3742,#5116));
#5124=FACE_OUTER_BOUND('',#5123,.T.);
#5125=FACETED_PRIMITIVE_FACE('',(#5124));
#5127=POLY_LOOP('',(#3784,#5116,#5126));
#5128=FACE_OUTER_BOUND('',#5127,.T.);
#5129=FACETED_PRIMITIVE_FACE('',(#5128));
#5130=POLY_LOOP('',(#3784,#3746,#5116));
#5131=FACE_OUTER_BOUND('',#5130,.T.);
#5132=FACETED_PRIMITIVE_FACE('',(#5131));
#5133=POLY_LOOP('',(#3788,#3784,#5126));
#5134=FACE_OUTER_BOUND('',#5133,.T.);
#5135=FACETED_PRIMITIVE_FACE('',(#5134));
#5137=POLY_LOOP('',(#5136,#3788,#5126));
#5138=FACE_OUTER_BOUND('',#5137,.T.);
#5139=FACETED_PRIMITIVE_FACE('',(#5138));
#5140=POLY_LOOP('',(#3796,#3788,#5136));
#5141=FACE_OUTER_BOUND('',#5140,.T.);
#5142=FACETED_PRIMITIVE_FACE('',(#5141));
#5144=POLY_LOOP('',(#5143,#3800,#3796));
#5145=FACE_OUTER_BOUND('',#5144,.T.);
#5146=FACETED_PRIMITIVE_FACE('',(#5145));
#5147=POLY_LOOP('',(#5143,#3796,#5136));
#5148=FACE_OUTER_BOUND('',#5147,.T.);
#5149=FACETED_PRIMITIVE_FACE('',(#5148));
#5150=POLY_LOOP('',(#3808,#3800,#5143));
#5151=FACE_OUTER_BOUND('',#5150,.T.);
#5152=FACETED_PRIMITIVE_FACE('',(#5151));
#5154=POLY_LOOP('',(#5153,#3808,#5143));
#5155=FACE_OUTER_BOUND('',#5154,.T.);
#5156=FACETED_PRIMITIVE_FACE('',(#5155));
#5157=POLY_LOOP('',(#3812,#3808,#5153));
#5158=FACE_OUTER_BOUND('',#5157,.T.);
#5159=FACETED_PRIMITIVE_FACE('',(#5158));
#5161=POLY_LOOP('',(#5160,#3812,#5153));
#5162=FACE_OUTER_BOUND('',#5161,.T.);
#5163=FACETED_PRIMITIVE_FACE('',(#5162));
#5164=POLY_LOOP('',(#3834,#3812,#5160));
#5165=FACE_OUTER_BOUND('',#5164,.T.);
#5166=FACETED_PRIMITIVE_FACE('',(#5165));
#5168=POLY_LOOP('',(#5167,#3834,#5160));
#5169=FACE_OUTER_BOUND('',#5168,.T.);
#5170=FACETED_PRIMITIVE_FACE('',(#5169));
#5171=POLY_LOOP('',(#3838,#3834,#5167));
#5172=FACE_OUTER_BOUND('',#5171,.T.);
#5173=FACETED_PRIMITIVE_FACE('',(#5172));
#5175=POLY_LOOP('',(#5174,#3838,#5167));
#5176=FACE_OUTER_BOUND('',#5175,.T.);
#5177=FACETED_PRIMITIVE_FACE('',(#5176));
#5178=POLY_LOOP('',(#3866,#3838,#5174));
#5179=FACE_OUTER_BOUND('',#5178,.T.);
#5180=FACETED_PRIMITIVE_FACE('',(#5179));
#5182=POLY_LOOP('',(#5181,#3866,#5174));
#5183=FACE_OUTER_BOUND('',#5182,.T.);
#5184=FACETED_PRIMITIVE_FACE('',(#5183));
#5185=POLY_LOOP('',(#3870,#3866,#5181));
#5186=FACE_OUTER_BOUND('',#5185,.T.);
#5187=FACETED_PRIMITIVE_FACE('',(#5186));
#5189=POLY_LOOP('',(#5188,#3892,#3870));
#5190=FACE_OUTER_BOUND('',#5189,.T.);
#5191=FACETED_PRIMITIVE_FACE('',(#5190));
#5192=POLY_LOOP('',(#5188,#3870,#5181));
#5193=FACE_OUTER_BOUND('',#5192,.T.);
#5194=FACETED_PRIMITIVE_FACE('',(#5193));
#5196=POLY_LOOP('',(#1977,#5195,#1982));
#5197=FACE_OUTER_BOUND('',#5196,.T.);
#5198=FACETED_PRIMITIVE_FACE('',(#5197));
#5200=POLY_LOOP('',(#5199,#3896,#3892));
#5201=FACE_OUTER_BOUND('',#5200,.T.);
#5202=FACETED_PRIMITIVE_FACE('',(#5201));
#5203=POLY_LOOP('',(#5199,#3892,#5188));
#5204=FACE_OUTER_BOUND('',#5203,.T.);
#5205=FACETED_PRIMITIVE_FACE('',(#5204));
#5207=POLY_LOOP('',(#5206,#5195,#1977));
#5208=FACE_OUTER_BOUND('',#5207,.T.);
#5209=FACETED_PRIMITIVE_FACE('',(#5208));
#5210=POLY_LOOP('',(#5206,#1977,#3759));
#5211=FACE_OUTER_BOUND('',#5210,.T.);
#5212=FACETED_PRIMITIVE_FACE('',(#5211));
#5214=POLY_LOOP('',(#5213,#3928,#3896));
#5215=FACE_OUTER_BOUND('',#5214,.T.);
#5216=FACETED_PRIMITIVE_FACE('',(#5215));
#5217=POLY_LOOP('',(#5213,#3896,#5199));
#5218=FACE_OUTER_BOUND('',#5217,.T.);
#5219=FACETED_PRIMITIVE_FACE('',(#5218));
#5221=POLY_LOOP('',(#5220,#3759,#3755));
#5222=FACE_OUTER_BOUND('',#5221,.T.);
#5223=FACETED_PRIMITIVE_FACE('',(#5222));
#5224=POLY_LOOP('',(#5220,#5206,#3759));
#5225=FACE_OUTER_BOUND('',#5224,.T.);
#5226=FACETED_PRIMITIVE_FACE('',(#5225));
#5228=POLY_LOOP('',(#5227,#3755,#3751));
#5229=FACE_OUTER_BOUND('',#5228,.T.);
#5230=FACETED_PRIMITIVE_FACE('',(#5229));
#5231=POLY_LOOP('',(#5227,#5220,#3755));
#5232=FACE_OUTER_BOUND('',#5231,.T.);
#5233=FACETED_PRIMITIVE_FACE('',(#5232));
#5235=POLY_LOOP('',(#5234,#3932,#3928));
#5236=FACE_OUTER_BOUND('',#5235,.T.);
#5237=FACETED_PRIMITIVE_FACE('',(#5236));
#5238=POLY_LOOP('',(#5234,#3928,#5213));
#5239=FACE_OUTER_BOUND('',#5238,.T.);
#5240=FACETED_PRIMITIVE_FACE('',(#5239));
#5242=POLY_LOOP('',(#5241,#5227,#3751));
#5243=FACE_OUTER_BOUND('',#5242,.T.);
#5244=FACETED_PRIMITIVE_FACE('',(#5243));
#5246=POLY_LOOP('',(#5245,#3751,#3750));
#5247=FACE_OUTER_BOUND('',#5246,.T.);
#5248=FACETED_PRIMITIVE_FACE('',(#5247));
#5249=POLY_LOOP('',(#5245,#5241,#3751));
#5250=FACE_OUTER_BOUND('',#5249,.T.);
#5251=FACETED_PRIMITIVE_FACE('',(#5250));
#5253=POLY_LOOP('',(#5252,#3967,#3932));
#5254=FACE_OUTER_BOUND('',#5253,.T.);
#5255=FACETED_PRIMITIVE_FACE('',(#5254));
#5256=POLY_LOOP('',(#5252,#3932,#5234));
#5257=FACE_OUTER_BOUND('',#5256,.T.);
#5258=FACETED_PRIMITIVE_FACE('',(#5257));
#5260=POLY_LOOP('',(#5259,#3750,#4008));
#5261=FACE_OUTER_BOUND('',#5260,.T.);
#5262=FACETED_PRIMITIVE_FACE('',(#5261));
#5263=POLY_LOOP('',(#5259,#5245,#3750));
#5264=FACE_OUTER_BOUND('',#5263,.T.);
#5265=FACETED_PRIMITIVE_FACE('',(#5264));
#5267=POLY_LOOP('',(#5266,#3971,#3967));
#5268=FACE_OUTER_BOUND('',#5267,.T.);
#5269=FACETED_PRIMITIVE_FACE('',(#5268));
#5270=POLY_LOOP('',(#5266,#3967,#5252));
#5271=FACE_OUTER_BOUND('',#5270,.T.);
#5272=FACETED_PRIMITIVE_FACE('',(#5271));
#5274=POLY_LOOP('',(#5273,#5259,#4008));
#5275=FACE_OUTER_BOUND('',#5274,.T.);
#5276=FACETED_PRIMITIVE_FACE('',(#5275));
#5278=POLY_LOOP('',(#5277,#4008,#4004));
#5279=FACE_OUTER_BOUND('',#5278,.T.);
#5280=FACETED_PRIMITIVE_FACE('',(#5279));
#5281=POLY_LOOP('',(#5277,#5273,#4008));
#5282=FACE_OUTER_BOUND('',#5281,.T.);
#5283=FACETED_PRIMITIVE_FACE('',(#5282));
#5285=POLY_LOOP('',(#5284,#4004,#3971));
#5286=FACE_OUTER_BOUND('',#5285,.T.);
#5287=FACETED_PRIMITIVE_FACE('',(#5286));
#5288=POLY_LOOP('',(#5284,#3971,#5266));
#5289=FACE_OUTER_BOUND('',#5288,.T.);
#5290=FACETED_PRIMITIVE_FACE('',(#5289));
#5291=POLY_LOOP('',(#5284,#5277,#4004));
#5292=FACE_OUTER_BOUND('',#5291,.T.);
#5293=FACETED_PRIMITIVE_FACE('',(#5292));
#5294=POLY_LOOP('',(#2343,#1704,#2442));
#5295=FACE_OUTER_BOUND('',#5294,.T.);
#5296=FACETED_PRIMITIVE_FACE('',(#5295));
#5297=POLY_LOOP('',(#2343,#1711,#1704));
#5298=FACE_OUTER_BOUND('',#5297,.T.);
#5299=FACETED_PRIMITIVE_FACE('',(#5298));
#5300=POLY_LOOP('',(#2342,#2442,#2453));
#5301=FACE_OUTER_BOUND('',#5300,.T.);
#5302=FACETED_PRIMITIVE_FACE('',(#5301));
#5303=POLY_LOOP('',(#2342,#2343,#2442));
#5304=FACE_OUTER_BOUND('',#5303,.T.);
#5305=FACETED_PRIMITIVE_FACE('',(#5304));
#5306=POLY_LOOP('',(#2335,#2453,#2467));
#5307=FACE_OUTER_BOUND('',#5306,.T.);
#5308=FACETED_PRIMITIVE_FACE('',(#5307));
#5309=POLY_LOOP('',(#2335,#2342,#2453));
#5310=FACE_OUTER_BOUND('',#5309,.T.);
#5311=FACETED_PRIMITIVE_FACE('',(#5310));
#5312=POLY_LOOP('',(#2322,#2467,#2484));
#5313=FACE_OUTER_BOUND('',#5312,.T.);
#5314=FACETED_PRIMITIVE_FACE('',(#5313));
#5315=POLY_LOOP('',(#2322,#2335,#2467));
#5316=FACE_OUTER_BOUND('',#5315,.T.);
#5317=FACETED_PRIMITIVE_FACE('',(#5316));
#5318=POLY_LOOP('',(#2321,#2484,#2495));
#5319=FACE_OUTER_BOUND('',#5318,.T.);
#5320=FACETED_PRIMITIVE_FACE('',(#5319));
#5321=POLY_LOOP('',(#2321,#2322,#2484));
#5322=FACE_OUTER_BOUND('',#5321,.T.);
#5323=FACETED_PRIMITIVE_FACE('',(#5322));
#5324=POLY_LOOP('',(#2311,#2321,#2495));
#5325=FACE_OUTER_BOUND('',#5324,.T.);
#5326=FACETED_PRIMITIVE_FACE('',(#5325));
#5327=POLY_LOOP('',(#2488,#2311,#2495));
#5328=FACE_OUTER_BOUND('',#5327,.T.);
#5329=FACETED_PRIMITIVE_FACE('',(#5328));
#5330=POLY_LOOP('',(#2477,#2310,#2311));
#5331=FACE_OUTER_BOUND('',#5330,.T.);
#5332=FACETED_PRIMITIVE_FACE('',(#5331));
#5333=POLY_LOOP('',(#2477,#2311,#2488));
#5334=FACE_OUTER_BOUND('',#5333,.T.);
#5335=FACETED_PRIMITIVE_FACE('',(#5334));
#5336=POLY_LOOP('',(#2460,#2303,#2310));
#5337=FACE_OUTER_BOUND('',#5336,.T.);
#5338=FACETED_PRIMITIVE_FACE('',(#5337));
#5339=POLY_LOOP('',(#2460,#2293,#2303));
#5340=FACE_OUTER_BOUND('',#5339,.T.);
#5341=FACETED_PRIMITIVE_FACE('',(#5340));
#5342=POLY_LOOP('',(#2460,#2310,#2477));
#5343=FACE_OUTER_BOUND('',#5342,.T.);
#5344=FACETED_PRIMITIVE_FACE('',(#5343));
#5345=POLY_LOOP('',(#2449,#2280,#2293));
#5346=FACE_OUTER_BOUND('',#5345,.T.);
#5347=FACETED_PRIMITIVE_FACE('',(#5346));
#5348=POLY_LOOP('',(#2449,#2293,#2460));
#5349=FACE_OUTER_BOUND('',#5348,.T.);
#5350=FACETED_PRIMITIVE_FACE('',(#5349));
#5351=POLY_LOOP('',(#2432,#2280,#2449));
#5352=FACE_OUTER_BOUND('',#5351,.T.);
#5353=FACETED_PRIMITIVE_FACE('',(#5352));
#5354=POLY_LOOP('',(#2428,#2280,#2432));
#5355=FACE_OUTER_BOUND('',#5354,.T.);
#5356=FACETED_PRIMITIVE_FACE('',(#5355));
#5357=POLY_LOOP('',(#2428,#2279,#2280));
#5358=FACE_OUTER_BOUND('',#5357,.T.);
#5359=FACETED_PRIMITIVE_FACE('',(#5358));
#5360=POLY_LOOP('',(#2362,#1977,#1982));
#5361=FACE_OUTER_BOUND('',#5360,.T.);
#5362=FACETED_PRIMITIVE_FACE('',(#5361));
#5363=POLY_LOOP('',(#2362,#2219,#2223));
#5364=FACE_OUTER_BOUND('',#5363,.T.);
#5365=FACETED_PRIMITIVE_FACE('',(#5364));
#5366=POLY_LOOP('',(#2362,#1982,#2219));
#5367=FACE_OUTER_BOUND('',#5366,.T.);
#5368=FACETED_PRIMITIVE_FACE('',(#5367));
#5369=POLY_LOOP('',(#2418,#2266,#2279));
#5370=FACE_OUTER_BOUND('',#5369,.T.);
#5371=FACETED_PRIMITIVE_FACE('',(#5370));
#5372=POLY_LOOP('',(#2418,#2279,#2428));
#5373=FACE_OUTER_BOUND('',#5372,.T.);
#5374=FACETED_PRIMITIVE_FACE('',(#5373));
#5375=POLY_LOOP('',(#2366,#2362,#2223));
#5376=FACE_OUTER_BOUND('',#5375,.T.);
#5377=FACETED_PRIMITIVE_FACE('',(#5376));
#5378=POLY_LOOP('',(#2411,#2266,#2418));
#5379=FACE_OUTER_BOUND('',#5378,.T.);
#5380=FACETED_PRIMITIVE_FACE('',(#5379));
#5381=POLY_LOOP('',(#2411,#2265,#2266));
#5382=FACE_OUTER_BOUND('',#5381,.T.);
#5383=FACETED_PRIMITIVE_FACE('',(#5382));
#5384=POLY_LOOP('',(#2373,#2223,#2224));
#5385=FACE_OUTER_BOUND('',#5384,.T.);
#5386=FACETED_PRIMITIVE_FACE('',(#5385));
#5387=POLY_LOOP('',(#2373,#2366,#2223));
#5388=FACE_OUTER_BOUND('',#5387,.T.);
#5389=FACETED_PRIMITIVE_FACE('',(#5388));
#5390=POLY_LOOP('',(#2404,#2258,#2265));
#5391=FACE_OUTER_BOUND('',#5390,.T.);
#5392=FACETED_PRIMITIVE_FACE('',(#5391));
#5393=POLY_LOOP('',(#2404,#2245,#2258));
#5394=FACE_OUTER_BOUND('',#5393,.T.);
#5395=FACETED_PRIMITIVE_FACE('',(#5394));
#5396=POLY_LOOP('',(#2404,#2265,#2411));
#5397=FACE_OUTER_BOUND('',#5396,.T.);
#5398=FACETED_PRIMITIVE_FACE('',(#5397));
#5399=POLY_LOOP('',(#2380,#2373,#2224));
#5400=FACE_OUTER_BOUND('',#5399,.T.);
#5401=FACETED_PRIMITIVE_FACE('',(#5400));
#5402=POLY_LOOP('',(#2380,#2224,#2237));
#5403=FACE_OUTER_BOUND('',#5402,.T.);
#5404=FACETED_PRIMITIVE_FACE('',(#5403));
#5405=POLY_LOOP('',(#2397,#2245,#2404));
#5406=FACE_OUTER_BOUND('',#5405,.T.);
#5407=FACETED_PRIMITIVE_FACE('',(#5406));
#5408=POLY_LOOP('',(#2390,#2380,#2237));
#5409=FACE_OUTER_BOUND('',#5408,.T.);
#5410=FACETED_PRIMITIVE_FACE('',(#5409));
#5411=POLY_LOOP('',(#2390,#2245,#2397));
#5412=FACE_OUTER_BOUND('',#5411,.T.);
#5413=FACETED_PRIMITIVE_FACE('',(#5412));
#5414=POLY_LOOP('',(#2390,#2244,#2245));
#5415=FACE_OUTER_BOUND('',#5414,.T.);
#5416=FACETED_PRIMITIVE_FACE('',(#5415));
#5417=POLY_LOOP('',(#2390,#2237,#2244));
#5418=FACE_OUTER_BOUND('',#5417,.T.);
#5419=FACETED_PRIMITIVE_FACE('',(#5418));
#5420=POLY_LOOP('',(#2219,#1982,#5195));
#5421=FACE_OUTER_BOUND('',#5420,.T.);
#5422=FACETED_PRIMITIVE_FACE('',(#5421));
#5424=POLY_LOOP('',(#2219,#5195,#5423));
#5425=FACE_OUTER_BOUND('',#5424,.T.);
#5426=FACETED_PRIMITIVE_FACE('',(#5425));
#5428=POLY_LOOP('',(#2223,#5423,#5427));
#5429=FACE_OUTER_BOUND('',#5428,.T.);
#5430=FACETED_PRIMITIVE_FACE('',(#5429));
#5431=POLY_LOOP('',(#2223,#2219,#5423));
#5432=FACE_OUTER_BOUND('',#5431,.T.);
#5433=FACETED_PRIMITIVE_FACE('',(#5432));
#5436=POLY_LOOP('',(#2224,#5434,#5435));
#5437=FACE_OUTER_BOUND('',#5436,.T.);
#5438=FACETED_PRIMITIVE_FACE('',(#5437));
#5439=POLY_LOOP('',(#2224,#5427,#5434));
#5440=FACE_OUTER_BOUND('',#5439,.T.);
#5441=FACETED_PRIMITIVE_FACE('',(#5440));
#5442=POLY_LOOP('',(#2224,#2223,#5427));
#5443=FACE_OUTER_BOUND('',#5442,.T.);
#5444=FACETED_PRIMITIVE_FACE('',(#5443));
#5445=POLY_LOOP('',(#2237,#2224,#5435));
#5446=FACE_OUTER_BOUND('',#5445,.T.);
#5447=FACETED_PRIMITIVE_FACE('',(#5446));
#5449=POLY_LOOP('',(#2244,#5435,#5448));
#5450=FACE_OUTER_BOUND('',#5449,.T.);
#5451=FACETED_PRIMITIVE_FACE('',(#5450));
#5452=POLY_LOOP('',(#2244,#2237,#5435));
#5453=FACE_OUTER_BOUND('',#5452,.T.);
#5454=FACETED_PRIMITIVE_FACE('',(#5453));
#5456=POLY_LOOP('',(#2245,#5448,#5455));
#5457=FACE_OUTER_BOUND('',#5456,.T.);
#5458=FACETED_PRIMITIVE_FACE('',(#5457));
#5459=POLY_LOOP('',(#2245,#2244,#5448));
#5460=FACE_OUTER_BOUND('',#5459,.T.);
#5461=FACETED_PRIMITIVE_FACE('',(#5460));
#5463=POLY_LOOP('',(#2258,#5455,#5462));
#5464=FACE_OUTER_BOUND('',#5463,.T.);
#5465=FACETED_PRIMITIVE_FACE('',(#5464));
#5466=POLY_LOOP('',(#2258,#2245,#5455));
#5467=FACE_OUTER_BOUND('',#5466,.T.);
#5468=FACETED_PRIMITIVE_FACE('',(#5467));
#5471=POLY_LOOP('',(#2265,#5469,#5470));
#5472=FACE_OUTER_BOUND('',#5471,.T.);
#5473=FACETED_PRIMITIVE_FACE('',(#5472));
#5474=POLY_LOOP('',(#2265,#5462,#5469));
#5475=FACE_OUTER_BOUND('',#5474,.T.);
#5476=FACETED_PRIMITIVE_FACE('',(#5475));
#5477=POLY_LOOP('',(#2265,#2258,#5462));
#5478=FACE_OUTER_BOUND('',#5477,.T.);
#5479=FACETED_PRIMITIVE_FACE('',(#5478));
#5480=POLY_LOOP('',(#2266,#2265,#5470));
#5481=FACE_OUTER_BOUND('',#5480,.T.);
#5482=FACETED_PRIMITIVE_FACE('',(#5481));
#5485=POLY_LOOP('',(#2279,#5483,#5484));
#5486=FACE_OUTER_BOUND('',#5485,.T.);
#5487=FACETED_PRIMITIVE_FACE('',(#5486));
#5488=POLY_LOOP('',(#2279,#5470,#5483));
#5489=FACE_OUTER_BOUND('',#5488,.T.);
#5490=FACETED_PRIMITIVE_FACE('',(#5489));
#5491=POLY_LOOP('',(#2279,#2266,#5470));
#5492=FACE_OUTER_BOUND('',#5491,.T.);
#5493=FACETED_PRIMITIVE_FACE('',(#5492));
#5494=POLY_LOOP('',(#2280,#2279,#5484));
#5495=FACE_OUTER_BOUND('',#5494,.T.);
#5496=FACETED_PRIMITIVE_FACE('',(#5495));
#5498=POLY_LOOP('',(#2293,#5484,#5497));
#5499=FACE_OUTER_BOUND('',#5498,.T.);
#5500=FACETED_PRIMITIVE_FACE('',(#5499));
#5501=POLY_LOOP('',(#2293,#2280,#5484));
#5502=FACE_OUTER_BOUND('',#5501,.T.);
#5503=FACETED_PRIMITIVE_FACE('',(#5502));
#5504=POLY_LOOP('',(#2303,#2293,#5497));
#5505=FACE_OUTER_BOUND('',#5504,.T.);
#5506=FACETED_PRIMITIVE_FACE('',(#5505));
#5509=POLY_LOOP('',(#2303,#5507,#5508));
#5510=FACE_OUTER_BOUND('',#5509,.T.);
#5511=FACETED_PRIMITIVE_FACE('',(#5510));
#5512=POLY_LOOP('',(#2303,#5497,#5507));
#5513=FACE_OUTER_BOUND('',#5512,.T.);
#5514=FACETED_PRIMITIVE_FACE('',(#5513));
#5515=POLY_LOOP('',(#2310,#2303,#5508));
#5516=FACE_OUTER_BOUND('',#5515,.T.);
#5517=FACETED_PRIMITIVE_FACE('',(#5516));
#5518=POLY_LOOP('',(#2311,#2310,#5508));
#5519=FACE_OUTER_BOUND('',#5518,.T.);
#5520=FACETED_PRIMITIVE_FACE('',(#5519));
#5522=POLY_LOOP('',(#2311,#5508,#5521));
#5523=FACE_OUTER_BOUND('',#5522,.T.);
#5524=FACETED_PRIMITIVE_FACE('',(#5523));
#5526=POLY_LOOP('',(#2321,#5521,#5525));
#5527=FACE_OUTER_BOUND('',#5526,.T.);
#5528=FACETED_PRIMITIVE_FACE('',(#5527));
#5529=POLY_LOOP('',(#2321,#2311,#5521));
#5530=FACE_OUTER_BOUND('',#5529,.T.);
#5531=FACETED_PRIMITIVE_FACE('',(#5530));
#5532=POLY_LOOP('',(#2322,#2321,#5525));
#5533=FACE_OUTER_BOUND('',#5532,.T.);
#5534=FACETED_PRIMITIVE_FACE('',(#5533));
#5536=POLY_LOOP('',(#2322,#5525,#5535));
#5537=FACE_OUTER_BOUND('',#5536,.T.);
#5538=FACETED_PRIMITIVE_FACE('',(#5537));
#5540=POLY_LOOP('',(#2335,#5535,#5539));
#5541=FACE_OUTER_BOUND('',#5540,.T.);
#5542=FACETED_PRIMITIVE_FACE('',(#5541));
#5543=POLY_LOOP('',(#2335,#2322,#5535));
#5544=FACE_OUTER_BOUND('',#5543,.T.);
#5545=FACETED_PRIMITIVE_FACE('',(#5544));
#5547=POLY_LOOP('',(#2342,#5539,#5546));
#5548=FACE_OUTER_BOUND('',#5547,.T.);
#5549=FACETED_PRIMITIVE_FACE('',(#5548));
#5550=POLY_LOOP('',(#2342,#2335,#5539));
#5551=FACE_OUTER_BOUND('',#5550,.T.);
#5552=FACETED_PRIMITIVE_FACE('',(#5551));
#5554=POLY_LOOP('',(#2343,#5546,#5553));
#5555=FACE_OUTER_BOUND('',#5554,.T.);
#5556=FACETED_PRIMITIVE_FACE('',(#5555));
#5557=POLY_LOOP('',(#2343,#2342,#5546));
#5558=FACE_OUTER_BOUND('',#5557,.T.);
#5559=FACETED_PRIMITIVE_FACE('',(#5558));
#5560=POLY_LOOP('',(#1711,#5553,#4937));
#5561=FACE_OUTER_BOUND('',#5560,.T.);
#5562=FACETED_PRIMITIVE_FACE('',(#5561));
#5563=POLY_LOOP('',(#1711,#2343,#5553));
#5564=FACE_OUTER_BOUND('',#5563,.T.);
#5565=FACETED_PRIMITIVE_FACE('',(#5564));
#5567=POLY_LOOP('',(#5195,#5206,#5566));
#5568=FACE_OUTER_BOUND('',#5567,.T.);
#5569=FACETED_PRIMITIVE_FACE('',(#5568));
#5571=POLY_LOOP('',(#5423,#5566,#5570));
#5572=FACE_OUTER_BOUND('',#5571,.T.);
#5573=FACETED_PRIMITIVE_FACE('',(#5572));
#5574=POLY_LOOP('',(#5423,#5195,#5566));
#5575=FACE_OUTER_BOUND('',#5574,.T.);
#5576=FACETED_PRIMITIVE_FACE('',(#5575));
#5578=POLY_LOOP('',(#5427,#5570,#5577));
#5579=FACE_OUTER_BOUND('',#5578,.T.);
#5580=FACETED_PRIMITIVE_FACE('',(#5579));
#5581=POLY_LOOP('',(#5427,#5423,#5570));
#5582=FACE_OUTER_BOUND('',#5581,.T.);
#5583=FACETED_PRIMITIVE_FACE('',(#5582));
#5585=POLY_LOOP('',(#5434,#5577,#5584));
#5586=FACE_OUTER_BOUND('',#5585,.T.);
#5587=FACETED_PRIMITIVE_FACE('',(#5586));
#5588=POLY_LOOP('',(#5434,#5427,#5577));
#5589=FACE_OUTER_BOUND('',#5588,.T.);
#5590=FACETED_PRIMITIVE_FACE('',(#5589));
#5591=POLY_LOOP('',(#5435,#5434,#5584));
#5592=FACE_OUTER_BOUND('',#5591,.T.);
#5593=FACETED_PRIMITIVE_FACE('',(#5592));
#5595=POLY_LOOP('',(#5594,#5435,#5584));
#5596=FACE_OUTER_BOUND('',#5595,.T.);
#5597=FACETED_PRIMITIVE_FACE('',(#5596));
#5598=POLY_LOOP('',(#5448,#5435,#5594));
#5599=FACE_OUTER_BOUND('',#5598,.T.);
#5600=FACETED_PRIMITIVE_FACE('',(#5599));
#5602=POLY_LOOP('',(#5601,#5455,#5448));
#5603=FACE_OUTER_BOUND('',#5602,.T.);
#5604=FACETED_PRIMITIVE_FACE('',(#5603));
#5605=POLY_LOOP('',(#5601,#5448,#5594));
#5606=FACE_OUTER_BOUND('',#5605,.T.);
#5607=FACETED_PRIMITIVE_FACE('',(#5606));
#5609=POLY_LOOP('',(#5608,#5462,#5455));
#5610=FACE_OUTER_BOUND('',#5609,.T.);
#5611=FACETED_PRIMITIVE_FACE('',(#5610));
#5612=POLY_LOOP('',(#5608,#5455,#5601));
#5613=FACE_OUTER_BOUND('',#5612,.T.);
#5614=FACETED_PRIMITIVE_FACE('',(#5613));
#5616=POLY_LOOP('',(#5615,#5469,#5462));
#5617=FACE_OUTER_BOUND('',#5616,.T.);
#5618=FACETED_PRIMITIVE_FACE('',(#5617));
#5619=POLY_LOOP('',(#5615,#5462,#5608));
#5620=FACE_OUTER_BOUND('',#5619,.T.);
#5621=FACETED_PRIMITIVE_FACE('',(#5620));
#5623=POLY_LOOP('',(#5622,#5483,#5470));
#5624=FACE_OUTER_BOUND('',#5623,.T.);
#5625=FACETED_PRIMITIVE_FACE('',(#5624));
#5626=POLY_LOOP('',(#5622,#5470,#5469));
#5627=FACE_OUTER_BOUND('',#5626,.T.);
#5628=FACETED_PRIMITIVE_FACE('',(#5627));
#5629=POLY_LOOP('',(#5622,#5469,#5615));
#5630=FACE_OUTER_BOUND('',#5629,.T.);
#5631=FACETED_PRIMITIVE_FACE('',(#5630));
#5633=POLY_LOOP('',(#5632,#5483,#5622));
#5634=FACE_OUTER_BOUND('',#5633,.T.);
#5635=FACETED_PRIMITIVE_FACE('',(#5634));
#5637=POLY_LOOP('',(#5636,#5483,#5632));
#5638=FACE_OUTER_BOUND('',#5637,.T.);
#5639=FACETED_PRIMITIVE_FACE('',(#5638));
#5640=POLY_LOOP('',(#5636,#5497,#5484));
#5641=FACE_OUTER_BOUND('',#5640,.T.);
#5642=FACETED_PRIMITIVE_FACE('',(#5641));
#5643=POLY_LOOP('',(#5636,#5484,#5483));
#5644=FACE_OUTER_BOUND('',#5643,.T.);
#5645=FACETED_PRIMITIVE_FACE('',(#5644));
#5647=POLY_LOOP('',(#5646,#4937,#5553));
#5648=FACE_OUTER_BOUND('',#5647,.T.);
#5649=FACETED_PRIMITIVE_FACE('',(#5648));
#5650=POLY_LOOP('',(#5646,#4930,#4937));
#5651=FACE_OUTER_BOUND('',#5650,.T.);
#5652=FACETED_PRIMITIVE_FACE('',(#5651));
#5654=POLY_LOOP('',(#5653,#5497,#5636));
#5655=FACE_OUTER_BOUND('',#5654,.T.);
#5656=FACETED_PRIMITIVE_FACE('',(#5655));
#5658=POLY_LOOP('',(#5657,#5646,#5553));
#5659=FACE_OUTER_BOUND('',#5658,.T.);
#5660=FACETED_PRIMITIVE_FACE('',(#5659));
#5661=POLY_LOOP('',(#5657,#5553,#5546));
#5662=FACE_OUTER_BOUND('',#5661,.T.);
#5663=FACETED_PRIMITIVE_FACE('',(#5662));
#5665=POLY_LOOP('',(#5664,#5497,#5653));
#5666=FACE_OUTER_BOUND('',#5665,.T.);
#5667=FACETED_PRIMITIVE_FACE('',(#5666));
#5668=POLY_LOOP('',(#5664,#5507,#5497));
#5669=FACE_OUTER_BOUND('',#5668,.T.);
#5670=FACETED_PRIMITIVE_FACE('',(#5669));
#5672=POLY_LOOP('',(#5671,#5546,#5539));
#5673=FACE_OUTER_BOUND('',#5672,.T.);
#5674=FACETED_PRIMITIVE_FACE('',(#5673));
#5675=POLY_LOOP('',(#5671,#5539,#5535));
#5676=FACE_OUTER_BOUND('',#5675,.T.);
#5677=FACETED_PRIMITIVE_FACE('',(#5676));
#5678=POLY_LOOP('',(#5671,#5657,#5546));
#5679=FACE_OUTER_BOUND('',#5678,.T.);
#5680=FACETED_PRIMITIVE_FACE('',(#5679));
#5682=POLY_LOOP('',(#5681,#5507,#5664));
#5683=FACE_OUTER_BOUND('',#5682,.T.);
#5684=FACETED_PRIMITIVE_FACE('',(#5683));
#5685=POLY_LOOP('',(#5681,#5508,#5507));
#5686=FACE_OUTER_BOUND('',#5685,.T.);
#5687=FACETED_PRIMITIVE_FACE('',(#5686));
#5689=POLY_LOOP('',(#5688,#5671,#5535));
#5690=FACE_OUTER_BOUND('',#5689,.T.);
#5691=FACETED_PRIMITIVE_FACE('',(#5690));
#5693=POLY_LOOP('',(#5692,#5521,#5508));
#5694=FACE_OUTER_BOUND('',#5693,.T.);
#5695=FACETED_PRIMITIVE_FACE('',(#5694));
#5696=POLY_LOOP('',(#5692,#5508,#5681));
#5697=FACE_OUTER_BOUND('',#5696,.T.);
#5698=FACETED_PRIMITIVE_FACE('',(#5697));
#5700=POLY_LOOP('',(#5699,#5535,#5525));
#5701=FACE_OUTER_BOUND('',#5700,.T.);
#5702=FACETED_PRIMITIVE_FACE('',(#5701));
#5703=POLY_LOOP('',(#5699,#5525,#5521));
#5704=FACE_OUTER_BOUND('',#5703,.T.);
#5705=FACETED_PRIMITIVE_FACE('',(#5704));
#5706=POLY_LOOP('',(#5699,#5521,#5692));
#5707=FACE_OUTER_BOUND('',#5706,.T.);
#5708=FACETED_PRIMITIVE_FACE('',(#5707));
#5709=POLY_LOOP('',(#5699,#5688,#5535));
#5710=FACE_OUTER_BOUND('',#5709,.T.);
#5711=FACETED_PRIMITIVE_FACE('',(#5710));
#5712=POLY_LOOP('',(#5566,#5206,#5220));
#5713=FACE_OUTER_BOUND('',#5712,.T.);
#5714=FACETED_PRIMITIVE_FACE('',(#5713));
#5715=POLY_LOOP('',(#5566,#5220,#5227));
#5716=FACE_OUTER_BOUND('',#5715,.T.);
#5717=FACETED_PRIMITIVE_FACE('',(#5716));
#5718=POLY_LOOP('',(#5566,#5227,#5241));
#5719=FACE_OUTER_BOUND('',#5718,.T.);
#5720=FACETED_PRIMITIVE_FACE('',(#5719));
#5721=POLY_LOOP('',(#5245,#5566,#5241));
#5722=FACE_OUTER_BOUND('',#5721,.T.);
#5723=FACETED_PRIMITIVE_FACE('',(#5722));
#5725=POLY_LOOP('',(#5724,#5116,#5109));
#5726=FACE_OUTER_BOUND('',#5725,.T.);
#5727=FACETED_PRIMITIVE_FACE('',(#5726));
#5728=POLY_LOOP('',(#5724,#5109,#5102));
#5729=FACE_OUTER_BOUND('',#5728,.T.);
#5730=FACETED_PRIMITIVE_FACE('',(#5729));
#5731=POLY_LOOP('',(#5724,#5102,#5092));
#5732=FACE_OUTER_BOUND('',#5731,.T.);
#5733=FACETED_PRIMITIVE_FACE('',(#5732));
#5734=POLY_LOOP('',(#5724,#5092,#5091));
#5735=FACE_OUTER_BOUND('',#5734,.T.);
#5736=FACETED_PRIMITIVE_FACE('',(#5735));
#5737=POLY_LOOP('',(#4923,#4930,#5646));
#5738=FACE_OUTER_BOUND('',#5737,.T.);
#5739=FACETED_PRIMITIVE_FACE('',(#5738));
#5740=POLY_LOOP('',(#4916,#4923,#5646));
#5741=FACE_OUTER_BOUND('',#5740,.T.);
#5742=FACETED_PRIMITIVE_FACE('',(#5741));
#5743=POLY_LOOP('',(#4912,#4916,#5646));
#5744=FACE_OUTER_BOUND('',#5743,.T.);
#5745=FACETED_PRIMITIVE_FACE('',(#5744));
#5746=POLY_LOOP('',(#4905,#4912,#5646));
#5747=FACE_OUTER_BOUND('',#5746,.T.);
#5748=FACETED_PRIMITIVE_FACE('',(#5747));
#5749=POLY_LOOP('',(#4898,#4905,#5646));
#5750=FACE_OUTER_BOUND('',#5749,.T.);
#5751=FACETED_PRIMITIVE_FACE('',(#5750));
#5752=POLY_LOOP('',(#4898,#5646,#5657));
#5753=FACE_OUTER_BOUND('',#5752,.T.);
#5754=FACETED_PRIMITIVE_FACE('',(#5753));
#5756=POLY_LOOP('',(#5755,#4762,#4748));
#5757=FACE_OUTER_BOUND('',#5756,.T.);
#5758=FACETED_PRIMITIVE_FACE('',(#5757));
#5760=POLY_LOOP('',(#5755,#4748,#5759));
#5761=FACE_OUTER_BOUND('',#5760,.T.);
#5762=FACETED_PRIMITIVE_FACE('',(#5761));
#5763=POLY_LOOP('',(#4779,#4762,#5755));
#5764=FACE_OUTER_BOUND('',#5763,.T.);
#5765=FACETED_PRIMITIVE_FACE('',(#5764));
#5766=POLY_LOOP('',(#4796,#4779,#5755));
#5767=FACE_OUTER_BOUND('',#5766,.T.);
#5768=FACETED_PRIMITIVE_FACE('',(#5767));
#5769=POLY_LOOP('',(#4803,#4796,#5755));
#5770=FACE_OUTER_BOUND('',#5769,.T.);
#5771=FACETED_PRIMITIVE_FACE('',(#5770));
#5772=POLY_LOOP('',(#4814,#4803,#5755));
#5773=FACE_OUTER_BOUND('',#5772,.T.);
#5774=FACETED_PRIMITIVE_FACE('',(#5773));
#5776=POLY_LOOP('',(#5775,#5570,#5566));
#5777=FACE_OUTER_BOUND('',#5776,.T.);
#5778=FACETED_PRIMITIVE_FACE('',(#5777));
#5779=POLY_LOOP('',(#5775,#5577,#5570));
#5780=FACE_OUTER_BOUND('',#5779,.T.);
#5781=FACETED_PRIMITIVE_FACE('',(#5780));
#5782=POLY_LOOP('',(#5775,#5566,#5245));
#5783=FACE_OUTER_BOUND('',#5782,.T.);
#5784=FACETED_PRIMITIVE_FACE('',(#5783));
#5785=POLY_LOOP('',(#5775,#5245,#5259));
#5786=FACE_OUTER_BOUND('',#5785,.T.);
#5787=FACETED_PRIMITIVE_FACE('',(#5786));
#5788=POLY_LOOP('',(#5775,#5259,#5273));
#5789=FACE_OUTER_BOUND('',#5788,.T.);
#5790=FACETED_PRIMITIVE_FACE('',(#5789));
#5792=POLY_LOOP('',(#5791,#5775,#5273));
#5793=FACE_OUTER_BOUND('',#5792,.T.);
#5794=FACETED_PRIMITIVE_FACE('',(#5793));
#5795=POLY_LOOP('',(#5791,#5273,#5277));
#5796=FACE_OUTER_BOUND('',#5795,.T.);
#5797=FACETED_PRIMITIVE_FACE('',(#5796));
#5798=POLY_LOOP('',(#5791,#5277,#5284));
#5799=FACE_OUTER_BOUND('',#5798,.T.);
#5800=FACETED_PRIMITIVE_FACE('',(#5799));
#5802=POLY_LOOP('',(#5801,#5584,#5577));
#5803=FACE_OUTER_BOUND('',#5802,.T.);
#5804=FACETED_PRIMITIVE_FACE('',(#5803));
#5805=POLY_LOOP('',(#5801,#5594,#5584));
#5806=FACE_OUTER_BOUND('',#5805,.T.);
#5807=FACETED_PRIMITIVE_FACE('',(#5806));
#5808=POLY_LOOP('',(#5801,#5577,#5775));
#5809=FACE_OUTER_BOUND('',#5808,.T.);
#5810=FACETED_PRIMITIVE_FACE('',(#5809));
#5812=POLY_LOOP('',(#5811,#5791,#5284));
#5813=FACE_OUTER_BOUND('',#5812,.T.);
#5814=FACETED_PRIMITIVE_FACE('',(#5813));
#5815=POLY_LOOP('',(#5811,#5284,#5266));
#5816=FACE_OUTER_BOUND('',#5815,.T.);
#5817=FACETED_PRIMITIVE_FACE('',(#5816));
#5818=POLY_LOOP('',(#5811,#5266,#5252));
#5819=FACE_OUTER_BOUND('',#5818,.T.);
#5820=FACETED_PRIMITIVE_FACE('',(#5819));
#5822=POLY_LOOP('',(#5821,#5775,#5791));
#5823=FACE_OUTER_BOUND('',#5822,.T.);
#5824=FACETED_PRIMITIVE_FACE('',(#5823));
#5825=POLY_LOOP('',(#5821,#5801,#5775));
#5826=FACE_OUTER_BOUND('',#5825,.T.);
#5827=FACETED_PRIMITIVE_FACE('',(#5826));
#5829=POLY_LOOP('',(#5828,#5811,#5252));
#5830=FACE_OUTER_BOUND('',#5829,.T.);
#5831=FACETED_PRIMITIVE_FACE('',(#5830));
#5832=POLY_LOOP('',(#5828,#5252,#5234));
#5833=FACE_OUTER_BOUND('',#5832,.T.);
#5834=FACETED_PRIMITIVE_FACE('',(#5833));
#5835=POLY_LOOP('',(#5828,#5234,#5213));
#5836=FACE_OUTER_BOUND('',#5835,.T.);
#5837=FACETED_PRIMITIVE_FACE('',(#5836));
#5839=POLY_LOOP('',(#5838,#5601,#5594));
#5840=FACE_OUTER_BOUND('',#5839,.T.);
#5841=FACETED_PRIMITIVE_FACE('',(#5840));
#5842=POLY_LOOP('',(#5838,#5608,#5601));
#5843=FACE_OUTER_BOUND('',#5842,.T.);
#5844=FACETED_PRIMITIVE_FACE('',(#5843));
#5845=POLY_LOOP('',(#5838,#5594,#5801));
#5846=FACE_OUTER_BOUND('',#5845,.T.);
#5847=FACETED_PRIMITIVE_FACE('',(#5846));
#5849=POLY_LOOP('',(#5848,#5821,#5791));
#5850=FACE_OUTER_BOUND('',#5849,.T.);
#5851=FACETED_PRIMITIVE_FACE('',(#5850));
#5852=POLY_LOOP('',(#5848,#5791,#5811));
#5853=FACE_OUTER_BOUND('',#5852,.T.);
#5854=FACETED_PRIMITIVE_FACE('',(#5853));
#5856=POLY_LOOP('',(#5855,#5828,#5213));
#5857=FACE_OUTER_BOUND('',#5856,.T.);
#5858=FACETED_PRIMITIVE_FACE('',(#5857));
#5859=POLY_LOOP('',(#5855,#5213,#5199));
#5860=FACE_OUTER_BOUND('',#5859,.T.);
#5861=FACETED_PRIMITIVE_FACE('',(#5860));
#5862=POLY_LOOP('',(#5855,#5199,#5188));
#5863=FACE_OUTER_BOUND('',#5862,.T.);
#5864=FACETED_PRIMITIVE_FACE('',(#5863));
#5866=POLY_LOOP('',(#5865,#5801,#5821));
#5867=FACE_OUTER_BOUND('',#5866,.T.);
#5868=FACETED_PRIMITIVE_FACE('',(#5867));
#5869=POLY_LOOP('',(#5865,#5838,#5801));
#5870=FACE_OUTER_BOUND('',#5869,.T.);
#5871=FACETED_PRIMITIVE_FACE('',(#5870));
#5873=POLY_LOOP('',(#5872,#5811,#5828));
#5874=FACE_OUTER_BOUND('',#5873,.T.);
#5875=FACETED_PRIMITIVE_FACE('',(#5874));
#5876=POLY_LOOP('',(#5872,#5848,#5811));
#5877=FACE_OUTER_BOUND('',#5876,.T.);
#5878=FACETED_PRIMITIVE_FACE('',(#5877));
#5880=POLY_LOOP('',(#5879,#5855,#5188));
#5881=FACE_OUTER_BOUND('',#5880,.T.);
#5882=FACETED_PRIMITIVE_FACE('',(#5881));
#5883=POLY_LOOP('',(#5879,#5188,#5181));
#5884=FACE_OUTER_BOUND('',#5883,.T.);
#5885=FACETED_PRIMITIVE_FACE('',(#5884));
#5886=POLY_LOOP('',(#5879,#5181,#5174));
#5887=FACE_OUTER_BOUND('',#5886,.T.);
#5888=FACETED_PRIMITIVE_FACE('',(#5887));
#5890=POLY_LOOP('',(#5889,#5615,#5608));
#5891=FACE_OUTER_BOUND('',#5890,.T.);
#5892=FACETED_PRIMITIVE_FACE('',(#5891));
#5893=POLY_LOOP('',(#5889,#5622,#5615));
#5894=FACE_OUTER_BOUND('',#5893,.T.);
#5895=FACETED_PRIMITIVE_FACE('',(#5894));
#5896=POLY_LOOP('',(#5889,#5838,#5865));
#5897=FACE_OUTER_BOUND('',#5896,.T.);
#5898=FACETED_PRIMITIVE_FACE('',(#5897));
#5899=POLY_LOOP('',(#5889,#5608,#5838));
#5900=FACE_OUTER_BOUND('',#5899,.T.);
#5901=FACETED_PRIMITIVE_FACE('',(#5900));
#5903=POLY_LOOP('',(#5902,#5865,#5821));
#5904=FACE_OUTER_BOUND('',#5903,.T.);
#5905=FACETED_PRIMITIVE_FACE('',(#5904));
#5906=POLY_LOOP('',(#5902,#5821,#5848));
#5907=FACE_OUTER_BOUND('',#5906,.T.);
#5908=FACETED_PRIMITIVE_FACE('',(#5907));
#5910=POLY_LOOP('',(#5909,#5828,#5855));
#5911=FACE_OUTER_BOUND('',#5910,.T.);
#5912=FACETED_PRIMITIVE_FACE('',(#5911));
#5913=POLY_LOOP('',(#5909,#5855,#5879));
#5914=FACE_OUTER_BOUND('',#5913,.T.);
#5915=FACETED_PRIMITIVE_FACE('',(#5914));
#5916=POLY_LOOP('',(#5909,#5872,#5828));
#5917=FACE_OUTER_BOUND('',#5916,.T.);
#5918=FACETED_PRIMITIVE_FACE('',(#5917));
#5920=POLY_LOOP('',(#5919,#5879,#5174));
#5921=FACE_OUTER_BOUND('',#5920,.T.);
#5922=FACETED_PRIMITIVE_FACE('',(#5921));
#5923=POLY_LOOP('',(#5919,#5174,#5167));
#5924=FACE_OUTER_BOUND('',#5923,.T.);
#5925=FACETED_PRIMITIVE_FACE('',(#5924));
#5926=POLY_LOOP('',(#5919,#5167,#5160));
#5927=FACE_OUTER_BOUND('',#5926,.T.);
#5928=FACETED_PRIMITIVE_FACE('',(#5927));
#5930=POLY_LOOP('',(#5929,#5889,#5865));
#5931=FACE_OUTER_BOUND('',#5930,.T.);
#5932=FACETED_PRIMITIVE_FACE('',(#5931));
#5934=POLY_LOOP('',(#5933,#5902,#5848));
#5935=FACE_OUTER_BOUND('',#5934,.T.);
#5936=FACETED_PRIMITIVE_FACE('',(#5935));
#5937=POLY_LOOP('',(#5933,#5848,#5872));
#5938=FACE_OUTER_BOUND('',#5937,.T.);
#5939=FACETED_PRIMITIVE_FACE('',(#5938));
#5941=POLY_LOOP('',(#5940,#5909,#5879));
#5942=FACE_OUTER_BOUND('',#5941,.T.);
#5943=FACETED_PRIMITIVE_FACE('',(#5942));
#5944=POLY_LOOP('',(#5940,#5879,#5919));
#5945=FACE_OUTER_BOUND('',#5944,.T.);
#5946=FACETED_PRIMITIVE_FACE('',(#5945));
#5948=POLY_LOOP('',(#5947,#5632,#5622));
#5949=FACE_OUTER_BOUND('',#5948,.T.);
#5950=FACETED_PRIMITIVE_FACE('',(#5949));
#5951=POLY_LOOP('',(#5947,#5636,#5632));
#5952=FACE_OUTER_BOUND('',#5951,.T.);
#5953=FACETED_PRIMITIVE_FACE('',(#5952));
#5954=POLY_LOOP('',(#5947,#5889,#5929));
#5955=FACE_OUTER_BOUND('',#5954,.T.);
#5956=FACETED_PRIMITIVE_FACE('',(#5955));
#5957=POLY_LOOP('',(#5947,#5622,#5889));
#5958=FACE_OUTER_BOUND('',#5957,.T.);
#5959=FACETED_PRIMITIVE_FACE('',(#5958));
#5961=POLY_LOOP('',(#5960,#5919,#5160));
#5962=FACE_OUTER_BOUND('',#5961,.T.);
#5963=FACETED_PRIMITIVE_FACE('',(#5962));
#5964=POLY_LOOP('',(#5960,#5160,#5153));
#5965=FACE_OUTER_BOUND('',#5964,.T.);
#5966=FACETED_PRIMITIVE_FACE('',(#5965));
#5967=POLY_LOOP('',(#5960,#5153,#5143));
#5968=FACE_OUTER_BOUND('',#5967,.T.);
#5969=FACETED_PRIMITIVE_FACE('',(#5968));
#5971=POLY_LOOP('',(#5970,#5902,#5933));
#5972=FACE_OUTER_BOUND('',#5971,.T.);
#5973=FACETED_PRIMITIVE_FACE('',(#5972));
#5974=POLY_LOOP('',(#5970,#5929,#5865));
#5975=FACE_OUTER_BOUND('',#5974,.T.);
#5976=FACETED_PRIMITIVE_FACE('',(#5975));
#5977=POLY_LOOP('',(#5970,#5865,#5902));
#5978=FACE_OUTER_BOUND('',#5977,.T.);
#5979=FACETED_PRIMITIVE_FACE('',(#5978));
#5981=POLY_LOOP('',(#5980,#5872,#5909));
#5982=FACE_OUTER_BOUND('',#5981,.T.);
#5983=FACETED_PRIMITIVE_FACE('',(#5982));
#5984=POLY_LOOP('',(#5980,#5933,#5872));
#5985=FACE_OUTER_BOUND('',#5984,.T.);
#5986=FACETED_PRIMITIVE_FACE('',(#5985));
#5988=POLY_LOOP('',(#5987,#5940,#5919));
#5989=FACE_OUTER_BOUND('',#5988,.T.);
#5990=FACETED_PRIMITIVE_FACE('',(#5989));
#5992=POLY_LOOP('',(#5991,#5947,#5929));
#5993=FACE_OUTER_BOUND('',#5992,.T.);
#5994=FACETED_PRIMITIVE_FACE('',(#5993));
#5996=POLY_LOOP('',(#5995,#5960,#5143));
#5997=FACE_OUTER_BOUND('',#5996,.T.);
#5998=FACETED_PRIMITIVE_FACE('',(#5997));
#5999=POLY_LOOP('',(#5995,#5143,#5136));
#6000=FACE_OUTER_BOUND('',#5999,.T.);
#6001=FACETED_PRIMITIVE_FACE('',(#6000));
#6002=POLY_LOOP('',(#5995,#5136,#5126));
#6003=FACE_OUTER_BOUND('',#6002,.T.);
#6004=FACETED_PRIMITIVE_FACE('',(#6003));
#6006=POLY_LOOP('',(#6005,#5933,#5980));
#6007=FACE_OUTER_BOUND('',#6006,.T.);
#6008=FACETED_PRIMITIVE_FACE('',(#6007));
#6009=POLY_LOOP('',(#6005,#5970,#5933));
#6010=FACE_OUTER_BOUND('',#6009,.T.);
#6011=FACETED_PRIMITIVE_FACE('',(#6010));
#6013=POLY_LOOP('',(#6012,#5980,#5909));
#6014=FACE_OUTER_BOUND('',#6013,.T.);
#6015=FACETED_PRIMITIVE_FACE('',(#6014));
#6016=POLY_LOOP('',(#6012,#5909,#5940));
#6017=FACE_OUTER_BOUND('',#6016,.T.);
#6018=FACETED_PRIMITIVE_FACE('',(#6017));
#6020=POLY_LOOP('',(#6019,#5653,#5636));
#6021=FACE_OUTER_BOUND('',#6020,.T.);
#6022=FACETED_PRIMITIVE_FACE('',(#6021));
#6023=POLY_LOOP('',(#6019,#5636,#5947));
#6024=FACE_OUTER_BOUND('',#6023,.T.);
#6025=FACETED_PRIMITIVE_FACE('',(#6024));
#6026=POLY_LOOP('',(#6019,#5664,#5653));
#6027=FACE_OUTER_BOUND('',#6026,.T.);
#6028=FACETED_PRIMITIVE_FACE('',(#6027));
#6030=POLY_LOOP('',(#6029,#5987,#5919));
#6031=FACE_OUTER_BOUND('',#6030,.T.);
#6032=FACETED_PRIMITIVE_FACE('',(#6031));
#6033=POLY_LOOP('',(#6029,#5919,#5960));
#6034=FACE_OUTER_BOUND('',#6033,.T.);
#6035=FACETED_PRIMITIVE_FACE('',(#6034));
#6037=POLY_LOOP('',(#6036,#5929,#5970));
#6038=FACE_OUTER_BOUND('',#6037,.T.);
#6039=FACETED_PRIMITIVE_FACE('',(#6038));
#6040=POLY_LOOP('',(#6036,#5970,#6005));
#6041=FACE_OUTER_BOUND('',#6040,.T.);
#6042=FACETED_PRIMITIVE_FACE('',(#6041));
#6043=POLY_LOOP('',(#6036,#5991,#5929));
#6044=FACE_OUTER_BOUND('',#6043,.T.);
#6045=FACETED_PRIMITIVE_FACE('',(#6044));
#6047=POLY_LOOP('',(#6046,#5995,#5126));
#6048=FACE_OUTER_BOUND('',#6047,.T.);
#6049=FACETED_PRIMITIVE_FACE('',(#6048));
#6051=POLY_LOOP('',(#6046,#5724,#6050));
#6052=FACE_OUTER_BOUND('',#6051,.T.);
#6053=FACETED_PRIMITIVE_FACE('',(#6052));
#6055=POLY_LOOP('',(#6046,#6050,#6054));
#6056=FACE_OUTER_BOUND('',#6055,.T.);
#6057=FACETED_PRIMITIVE_FACE('',(#6056));
#6058=POLY_LOOP('',(#6046,#5116,#5724));
#6059=FACE_OUTER_BOUND('',#6058,.T.);
#6060=FACETED_PRIMITIVE_FACE('',(#6059));
#6061=POLY_LOOP('',(#6046,#5126,#5116));
#6062=FACE_OUTER_BOUND('',#6061,.T.);
#6063=FACETED_PRIMITIVE_FACE('',(#6062));
#6065=POLY_LOOP('',(#6064,#6005,#5980));
#6066=FACE_OUTER_BOUND('',#6065,.T.);
#6067=FACETED_PRIMITIVE_FACE('',(#6066));
#6068=POLY_LOOP('',(#6064,#5980,#6012));
#6069=FACE_OUTER_BOUND('',#6068,.T.);
#6070=FACETED_PRIMITIVE_FACE('',(#6069));
#6072=POLY_LOOP('',(#6071,#5940,#5987));
#6073=FACE_OUTER_BOUND('',#6072,.T.);
#6074=FACETED_PRIMITIVE_FACE('',(#6073));
#6075=POLY_LOOP('',(#6071,#6012,#5940));
#6076=FACE_OUTER_BOUND('',#6075,.T.);
#6077=FACETED_PRIMITIVE_FACE('',(#6076));
#6079=POLY_LOOP('',(#6078,#5947,#5991));
#6080=FACE_OUTER_BOUND('',#6079,.T.);
#6081=FACETED_PRIMITIVE_FACE('',(#6080));
#6082=POLY_LOOP('',(#6078,#5991,#6036));
#6083=FACE_OUTER_BOUND('',#6082,.T.);
#6084=FACETED_PRIMITIVE_FACE('',(#6083));
#6085=POLY_LOOP('',(#6078,#6019,#5947));
#6086=FACE_OUTER_BOUND('',#6085,.T.);
#6087=FACETED_PRIMITIVE_FACE('',(#6086));
#6089=POLY_LOOP('',(#6088,#6029,#5960));
#6090=FACE_OUTER_BOUND('',#6089,.T.);
#6091=FACETED_PRIMITIVE_FACE('',(#6090));
#6092=POLY_LOOP('',(#6088,#5960,#5995));
#6093=FACE_OUTER_BOUND('',#6092,.T.);
#6094=FACETED_PRIMITIVE_FACE('',(#6093));
#6096=POLY_LOOP('',(#6095,#6036,#6005));
#6097=FACE_OUTER_BOUND('',#6096,.T.);
#6098=FACETED_PRIMITIVE_FACE('',(#6097));
#6100=POLY_LOOP('',(#6099,#6064,#6012));
#6101=FACE_OUTER_BOUND('',#6100,.T.);
#6102=FACETED_PRIMITIVE_FACE('',(#6101));
#6104=POLY_LOOP('',(#6103,#5681,#5664));
#6105=FACE_OUTER_BOUND('',#6104,.T.);
#6106=FACETED_PRIMITIVE_FACE('',(#6105));
#6107=POLY_LOOP('',(#6103,#5692,#5681));
#6108=FACE_OUTER_BOUND('',#6107,.T.);
#6109=FACETED_PRIMITIVE_FACE('',(#6108));
#6110=POLY_LOOP('',(#6103,#5664,#6019));
#6111=FACE_OUTER_BOUND('',#6110,.T.);
#6112=FACETED_PRIMITIVE_FACE('',(#6111));
#6114=POLY_LOOP('',(#6113,#5987,#6029));
#6115=FACE_OUTER_BOUND('',#6114,.T.);
#6116=FACETED_PRIMITIVE_FACE('',(#6115));
#6117=POLY_LOOP('',(#6113,#6071,#5987));
#6118=FACE_OUTER_BOUND('',#6117,.T.);
#6119=FACETED_PRIMITIVE_FACE('',(#6118));
#6121=POLY_LOOP('',(#6120,#6078,#6036));
#6122=FACE_OUTER_BOUND('',#6121,.T.);
#6123=FACETED_PRIMITIVE_FACE('',(#6122));
#6125=POLY_LOOP('',(#6124,#6088,#5995));
#6126=FACE_OUTER_BOUND('',#6125,.T.);
#6127=FACETED_PRIMITIVE_FACE('',(#6126));
#6128=POLY_LOOP('',(#6124,#5995,#6046));
#6129=FACE_OUTER_BOUND('',#6128,.T.);
#6130=FACETED_PRIMITIVE_FACE('',(#6129));
#6131=POLY_LOOP('',(#6124,#6046,#6054));
#6132=FACE_OUTER_BOUND('',#6131,.T.);
#6133=FACETED_PRIMITIVE_FACE('',(#6132));
#6135=POLY_LOOP('',(#6124,#6054,#6134));
#6136=FACE_OUTER_BOUND('',#6135,.T.);
#6137=FACETED_PRIMITIVE_FACE('',(#6136));
#6139=POLY_LOOP('',(#6124,#6134,#6138));
#6140=FACE_OUTER_BOUND('',#6139,.T.);
#6141=FACETED_PRIMITIVE_FACE('',(#6140));
#6143=POLY_LOOP('',(#6142,#6064,#6099));
#6144=FACE_OUTER_BOUND('',#6143,.T.);
#6145=FACETED_PRIMITIVE_FACE('',(#6144));
#6146=POLY_LOOP('',(#6142,#6005,#6064));
#6147=FACE_OUTER_BOUND('',#6146,.T.);
#6148=FACETED_PRIMITIVE_FACE('',(#6147));
#6149=POLY_LOOP('',(#6142,#6095,#6005));
#6150=FACE_OUTER_BOUND('',#6149,.T.);
#6151=FACETED_PRIMITIVE_FACE('',(#6150));
#6153=POLY_LOOP('',(#6152,#6099,#6012));
#6154=FACE_OUTER_BOUND('',#6153,.T.);
#6155=FACETED_PRIMITIVE_FACE('',(#6154));
#6156=POLY_LOOP('',(#6152,#6012,#6071));
#6157=FACE_OUTER_BOUND('',#6156,.T.);
#6158=FACETED_PRIMITIVE_FACE('',(#6157));
#6159=POLY_LOOP('',(#6152,#6071,#6113));
#6160=FACE_OUTER_BOUND('',#6159,.T.);
#6161=FACETED_PRIMITIVE_FACE('',(#6160));
#6163=POLY_LOOP('',(#6162,#6103,#6019));
#6164=FACE_OUTER_BOUND('',#6163,.T.);
#6165=FACETED_PRIMITIVE_FACE('',(#6164));
#6166=POLY_LOOP('',(#6162,#6019,#6078));
#6167=FACE_OUTER_BOUND('',#6166,.T.);
#6168=FACETED_PRIMITIVE_FACE('',(#6167));
#6170=POLY_LOOP('',(#6169,#6088,#6124));
#6171=FACE_OUTER_BOUND('',#6170,.T.);
#6172=FACETED_PRIMITIVE_FACE('',(#6171));
#6173=POLY_LOOP('',(#6169,#6113,#6029));
#6174=FACE_OUTER_BOUND('',#6173,.T.);
#6175=FACETED_PRIMITIVE_FACE('',(#6174));
#6176=POLY_LOOP('',(#6169,#6029,#6088));
#6177=FACE_OUTER_BOUND('',#6176,.T.);
#6178=FACETED_PRIMITIVE_FACE('',(#6177));
#6180=POLY_LOOP('',(#6179,#6120,#6036));
#6181=FACE_OUTER_BOUND('',#6180,.T.);
#6182=FACETED_PRIMITIVE_FACE('',(#6181));
#6183=POLY_LOOP('',(#6179,#6036,#6095));
#6184=FACE_OUTER_BOUND('',#6183,.T.);
#6185=FACETED_PRIMITIVE_FACE('',(#6184));
#6187=POLY_LOOP('',(#6186,#6099,#6152));
#6188=FACE_OUTER_BOUND('',#6187,.T.);
#6189=FACETED_PRIMITIVE_FACE('',(#6188));
#6190=POLY_LOOP('',(#6186,#6142,#6099));
#6191=FACE_OUTER_BOUND('',#6190,.T.);
#6192=FACETED_PRIMITIVE_FACE('',(#6191));
#6194=POLY_LOOP('',(#6193,#5699,#5692));
#6195=FACE_OUTER_BOUND('',#6194,.T.);
#6196=FACETED_PRIMITIVE_FACE('',(#6195));
#6197=POLY_LOOP('',(#6193,#5688,#5699));
#6198=FACE_OUTER_BOUND('',#6197,.T.);
#6199=FACETED_PRIMITIVE_FACE('',(#6198));
#6200=POLY_LOOP('',(#6193,#5692,#6103));
#6201=FACE_OUTER_BOUND('',#6200,.T.);
#6202=FACETED_PRIMITIVE_FACE('',(#6201));
#6204=POLY_LOOP('',(#6203,#6152,#6113));
#6205=FACE_OUTER_BOUND('',#6204,.T.);
#6206=FACETED_PRIMITIVE_FACE('',(#6205));
#6208=POLY_LOOP('',(#6207,#6162,#6078));
#6209=FACE_OUTER_BOUND('',#6208,.T.);
#6210=FACETED_PRIMITIVE_FACE('',(#6209));
#6211=POLY_LOOP('',(#6207,#6078,#6120));
#6212=FACE_OUTER_BOUND('',#6211,.T.);
#6213=FACETED_PRIMITIVE_FACE('',(#6212));
#6215=POLY_LOOP('',(#6214,#6124,#6138));
#6216=FACE_OUTER_BOUND('',#6215,.T.);
#6217=FACETED_PRIMITIVE_FACE('',(#6216));
#6218=POLY_LOOP('',(#6214,#6169,#6124));
#6219=FACE_OUTER_BOUND('',#6218,.T.);
#6220=FACETED_PRIMITIVE_FACE('',(#6219));
#6222=POLY_LOOP('',(#6214,#6138,#6221));
#6223=FACE_OUTER_BOUND('',#6222,.T.);
#6224=FACETED_PRIMITIVE_FACE('',(#6223));
#6226=POLY_LOOP('',(#6214,#6221,#6225));
#6227=FACE_OUTER_BOUND('',#6226,.T.);
#6228=FACETED_PRIMITIVE_FACE('',(#6227));
#6230=POLY_LOOP('',(#6229,#6179,#6095));
#6231=FACE_OUTER_BOUND('',#6230,.T.);
#6232=FACETED_PRIMITIVE_FACE('',(#6231));
#6233=POLY_LOOP('',(#6229,#6142,#6186));
#6234=FACE_OUTER_BOUND('',#6233,.T.);
#6235=FACETED_PRIMITIVE_FACE('',(#6234));
#6236=POLY_LOOP('',(#6229,#6095,#6142));
#6237=FACE_OUTER_BOUND('',#6236,.T.);
#6238=FACETED_PRIMITIVE_FACE('',(#6237));
#6240=POLY_LOOP('',(#6239,#6186,#6152));
#6241=FACE_OUTER_BOUND('',#6240,.T.);
#6242=FACETED_PRIMITIVE_FACE('',(#6241));
#6244=POLY_LOOP('',(#6243,#6193,#6103));
#6245=FACE_OUTER_BOUND('',#6244,.T.);
#6246=FACETED_PRIMITIVE_FACE('',(#6245));
#6247=POLY_LOOP('',(#6243,#6103,#6162));
#6248=FACE_OUTER_BOUND('',#6247,.T.);
#6249=FACETED_PRIMITIVE_FACE('',(#6248));
#6251=POLY_LOOP('',(#6250,#6113,#6169));
#6252=FACE_OUTER_BOUND('',#6251,.T.);
#6253=FACETED_PRIMITIVE_FACE('',(#6252));
#6254=POLY_LOOP('',(#6250,#6203,#6113));
#6255=FACE_OUTER_BOUND('',#6254,.T.);
#6256=FACETED_PRIMITIVE_FACE('',(#6255));
#6258=POLY_LOOP('',(#6257,#6207,#6120));
#6259=FACE_OUTER_BOUND('',#6258,.T.);
#6260=FACETED_PRIMITIVE_FACE('',(#6259));
#6261=POLY_LOOP('',(#6257,#6120,#6179));
#6262=FACE_OUTER_BOUND('',#6261,.T.);
#6263=FACETED_PRIMITIVE_FACE('',(#6262));
#6265=POLY_LOOP('',(#6264,#6229,#6186));
#6266=FACE_OUTER_BOUND('',#6265,.T.);
#6267=FACETED_PRIMITIVE_FACE('',(#6266));
#6269=POLY_LOOP('',(#6268,#4898,#5657));
#6270=FACE_OUTER_BOUND('',#6269,.T.);
#6271=FACETED_PRIMITIVE_FACE('',(#6270));
#6272=POLY_LOOP('',(#6268,#5671,#5688));
#6273=FACE_OUTER_BOUND('',#6272,.T.);
#6274=FACETED_PRIMITIVE_FACE('',(#6273));
#6275=POLY_LOOP('',(#6268,#5657,#5671));
#6276=FACE_OUTER_BOUND('',#6275,.T.);
#6277=FACETED_PRIMITIVE_FACE('',(#6276));
#6278=POLY_LOOP('',(#6268,#4894,#4898));
#6279=FACE_OUTER_BOUND('',#6278,.T.);
#6280=FACETED_PRIMITIVE_FACE('',(#6279));
#6281=POLY_LOOP('',(#6268,#5688,#6193));
#6282=FACE_OUTER_BOUND('',#6281,.T.);
#6283=FACETED_PRIMITIVE_FACE('',(#6282));
#6285=POLY_LOOP('',(#6284,#6152,#6203));
#6286=FACE_OUTER_BOUND('',#6285,.T.);
#6287=FACETED_PRIMITIVE_FACE('',(#6286));
#6288=POLY_LOOP('',(#6284,#6239,#6152));
#6289=FACE_OUTER_BOUND('',#6288,.T.);
#6290=FACETED_PRIMITIVE_FACE('',(#6289));
#6291=POLY_LOOP('',(#6284,#6203,#6250));
#6292=FACE_OUTER_BOUND('',#6291,.T.);
#6293=FACETED_PRIMITIVE_FACE('',(#6292));
#6295=POLY_LOOP('',(#6294,#6162,#6207));
#6296=FACE_OUTER_BOUND('',#6295,.T.);
#6297=FACETED_PRIMITIVE_FACE('',(#6296));
#6298=POLY_LOOP('',(#6294,#6243,#6162));
#6299=FACE_OUTER_BOUND('',#6298,.T.);
#6300=FACETED_PRIMITIVE_FACE('',(#6299));
#6302=POLY_LOOP('',(#6301,#6250,#6169));
#6303=FACE_OUTER_BOUND('',#6302,.T.);
#6304=FACETED_PRIMITIVE_FACE('',(#6303));
#6305=POLY_LOOP('',(#6301,#6214,#6225));
#6306=FACE_OUTER_BOUND('',#6305,.T.);
#6307=FACETED_PRIMITIVE_FACE('',(#6306));
#6309=POLY_LOOP('',(#6301,#6225,#6308));
#6310=FACE_OUTER_BOUND('',#6309,.T.);
#6311=FACETED_PRIMITIVE_FACE('',(#6310));
#6313=POLY_LOOP('',(#6301,#6308,#6312));
#6314=FACE_OUTER_BOUND('',#6313,.T.);
#6315=FACETED_PRIMITIVE_FACE('',(#6314));
#6316=POLY_LOOP('',(#6301,#6169,#6214));
#6317=FACE_OUTER_BOUND('',#6316,.T.);
#6318=FACETED_PRIMITIVE_FACE('',(#6317));
#6320=POLY_LOOP('',(#6319,#6179,#6229));
#6321=FACE_OUTER_BOUND('',#6320,.T.);
#6322=FACETED_PRIMITIVE_FACE('',(#6321));
#6323=POLY_LOOP('',(#6319,#6229,#6264));
#6324=FACE_OUTER_BOUND('',#6323,.T.);
#6325=FACETED_PRIMITIVE_FACE('',(#6324));
#6326=POLY_LOOP('',(#6319,#6257,#6179));
#6327=FACE_OUTER_BOUND('',#6326,.T.);
#6328=FACETED_PRIMITIVE_FACE('',(#6327));
#6330=POLY_LOOP('',(#6329,#6186,#6239));
#6331=FACE_OUTER_BOUND('',#6330,.T.);
#6332=FACETED_PRIMITIVE_FACE('',(#6331));
#6333=POLY_LOOP('',(#6329,#6264,#6186));
#6334=FACE_OUTER_BOUND('',#6333,.T.);
#6335=FACETED_PRIMITIVE_FACE('',(#6334));
#6337=POLY_LOOP('',(#6336,#6193,#6243));
#6338=FACE_OUTER_BOUND('',#6337,.T.);
#6339=FACETED_PRIMITIVE_FACE('',(#6338));
#6340=POLY_LOOP('',(#6336,#4887,#4894));
#6341=FACE_OUTER_BOUND('',#6340,.T.);
#6342=FACETED_PRIMITIVE_FACE('',(#6341));
#6343=POLY_LOOP('',(#6336,#4880,#4887));
#6344=FACE_OUTER_BOUND('',#6343,.T.);
#6345=FACETED_PRIMITIVE_FACE('',(#6344));
#6346=POLY_LOOP('',(#6336,#6268,#6193));
#6347=FACE_OUTER_BOUND('',#6346,.T.);
#6348=FACETED_PRIMITIVE_FACE('',(#6347));
#6349=POLY_LOOP('',(#6336,#4894,#6268));
#6350=FACE_OUTER_BOUND('',#6349,.T.);
#6351=FACETED_PRIMITIVE_FACE('',(#6350));
#6353=POLY_LOOP('',(#6352,#6284,#6250));
#6354=FACE_OUTER_BOUND('',#6353,.T.);
#6355=FACETED_PRIMITIVE_FACE('',(#6354));
#6357=POLY_LOOP('',(#6356,#6294,#6207));
#6358=FACE_OUTER_BOUND('',#6357,.T.);
#6359=FACETED_PRIMITIVE_FACE('',(#6358));
#6360=POLY_LOOP('',(#6356,#6207,#6257));
#6361=FACE_OUTER_BOUND('',#6360,.T.);
#6362=FACETED_PRIMITIVE_FACE('',(#6361));
#6364=POLY_LOOP('',(#6363,#6319,#6264));
#6365=FACE_OUTER_BOUND('',#6364,.T.);
#6366=FACETED_PRIMITIVE_FACE('',(#6365));
#6368=POLY_LOOP('',(#6367,#6239,#6284));
#6369=FACE_OUTER_BOUND('',#6368,.T.);
#6370=FACETED_PRIMITIVE_FACE('',(#6369));
#6371=POLY_LOOP('',(#6367,#6329,#6239));
#6372=FACE_OUTER_BOUND('',#6371,.T.);
#6373=FACETED_PRIMITIVE_FACE('',(#6372));
#6375=POLY_LOOP('',(#6374,#6243,#6294));
#6376=FACE_OUTER_BOUND('',#6375,.T.);
#6377=FACETED_PRIMITIVE_FACE('',(#6376));
#6378=POLY_LOOP('',(#6374,#6336,#6243));
#6379=FACE_OUTER_BOUND('',#6378,.T.);
#6380=FACETED_PRIMITIVE_FACE('',(#6379));
#6381=POLY_LOOP('',(#6374,#4873,#4880));
#6382=FACE_OUTER_BOUND('',#6381,.T.);
#6383=FACETED_PRIMITIVE_FACE('',(#6382));
#6384=POLY_LOOP('',(#6374,#4856,#4873));
#6385=FACE_OUTER_BOUND('',#6384,.T.);
#6386=FACETED_PRIMITIVE_FACE('',(#6385));
#6387=POLY_LOOP('',(#6374,#4880,#6336));
#6388=FACE_OUTER_BOUND('',#6387,.T.);
#6389=FACETED_PRIMITIVE_FACE('',(#6388));
#6391=POLY_LOOP('',(#6390,#6250,#6301));
#6392=FACE_OUTER_BOUND('',#6391,.T.);
#6393=FACETED_PRIMITIVE_FACE('',(#6392));
#6395=POLY_LOOP('',(#6390,#6312,#6394));
#6396=FACE_OUTER_BOUND('',#6395,.T.);
#6397=FACETED_PRIMITIVE_FACE('',(#6396));
#6399=POLY_LOOP('',(#6390,#6394,#6398));
#6400=FACE_OUTER_BOUND('',#6399,.T.);
#6401=FACETED_PRIMITIVE_FACE('',(#6400));
#6402=POLY_LOOP('',(#6390,#6352,#6250));
#6403=FACE_OUTER_BOUND('',#6402,.T.);
#6404=FACETED_PRIMITIVE_FACE('',(#6403));
#6405=POLY_LOOP('',(#6390,#6301,#6312));
#6406=FACE_OUTER_BOUND('',#6405,.T.);
#6407=FACETED_PRIMITIVE_FACE('',(#6406));
#6409=POLY_LOOP('',(#6408,#6356,#6257));
#6410=FACE_OUTER_BOUND('',#6409,.T.);
#6411=FACETED_PRIMITIVE_FACE('',(#6410));
#6412=POLY_LOOP('',(#6408,#6257,#6319));
#6413=FACE_OUTER_BOUND('',#6412,.T.);
#6414=FACETED_PRIMITIVE_FACE('',(#6413));
#6415=POLY_LOOP('',(#6408,#6319,#6363));
#6416=FACE_OUTER_BOUND('',#6415,.T.);
#6417=FACETED_PRIMITIVE_FACE('',(#6416));
#6419=POLY_LOOP('',(#6418,#6264,#6329));
#6420=FACE_OUTER_BOUND('',#6419,.T.);
#6421=FACETED_PRIMITIVE_FACE('',(#6420));
#6422=POLY_LOOP('',(#6418,#6363,#6264));
#6423=FACE_OUTER_BOUND('',#6422,.T.);
#6424=FACETED_PRIMITIVE_FACE('',(#6423));
#6425=POLY_LOOP('',(#6418,#6329,#6367));
#6426=FACE_OUTER_BOUND('',#6425,.T.);
#6427=FACETED_PRIMITIVE_FACE('',(#6426));
#6429=POLY_LOOP('',(#6428,#6284,#6352));
#6430=FACE_OUTER_BOUND('',#6429,.T.);
#6431=FACETED_PRIMITIVE_FACE('',(#6430));
#6432=POLY_LOOP('',(#6428,#6367,#6284));
#6433=FACE_OUTER_BOUND('',#6432,.T.);
#6434=FACETED_PRIMITIVE_FACE('',(#6433));
#6436=POLY_LOOP('',(#6435,#4852,#4856));
#6437=FACE_OUTER_BOUND('',#6436,.T.);
#6438=FACETED_PRIMITIVE_FACE('',(#6437));
#6439=POLY_LOOP('',(#6435,#4842,#4852));
#6440=FACE_OUTER_BOUND('',#6439,.T.);
#6441=FACETED_PRIMITIVE_FACE('',(#6440));
#6442=POLY_LOOP('',(#6435,#4856,#6374));
#6443=FACE_OUTER_BOUND('',#6442,.T.);
#6444=FACETED_PRIMITIVE_FACE('',(#6443));
#6445=POLY_LOOP('',(#6435,#6294,#6356));
#6446=FACE_OUTER_BOUND('',#6445,.T.);
#6447=FACETED_PRIMITIVE_FACE('',(#6446));
#6448=POLY_LOOP('',(#6435,#6356,#6408));
#6449=FACE_OUTER_BOUND('',#6448,.T.);
#6450=FACETED_PRIMITIVE_FACE('',(#6449));
#6451=POLY_LOOP('',(#6435,#6374,#6294));
#6452=FACE_OUTER_BOUND('',#6451,.T.);
#6453=FACETED_PRIMITIVE_FACE('',(#6452));
#6455=POLY_LOOP('',(#6454,#6408,#6363));
#6456=FACE_OUTER_BOUND('',#6455,.T.);
#6457=FACETED_PRIMITIVE_FACE('',(#6456));
#6459=POLY_LOOP('',(#6458,#6418,#6367));
#6460=FACE_OUTER_BOUND('',#6459,.T.);
#6461=FACETED_PRIMITIVE_FACE('',(#6460));
#6463=POLY_LOOP('',(#6462,#6428,#6352));
#6464=FACE_OUTER_BOUND('',#6463,.T.);
#6465=FACETED_PRIMITIVE_FACE('',(#6464));
#6467=POLY_LOOP('',(#6462,#6398,#6466));
#6468=FACE_OUTER_BOUND('',#6467,.T.);
#6469=FACETED_PRIMITIVE_FACE('',(#6468));
#6471=POLY_LOOP('',(#6462,#6466,#6470));
#6472=FACE_OUTER_BOUND('',#6471,.T.);
#6473=FACETED_PRIMITIVE_FACE('',(#6472));
#6474=POLY_LOOP('',(#6462,#6390,#6398));
#6475=FACE_OUTER_BOUND('',#6474,.T.);
#6476=FACETED_PRIMITIVE_FACE('',(#6475));
#6477=POLY_LOOP('',(#6462,#6352,#6390));
#6478=FACE_OUTER_BOUND('',#6477,.T.);
#6479=FACETED_PRIMITIVE_FACE('',(#6478));
#6481=POLY_LOOP('',(#6480,#4835,#4842));
#6482=FACE_OUTER_BOUND('',#6481,.T.);
#6483=FACETED_PRIMITIVE_FACE('',(#6482));
#6484=POLY_LOOP('',(#6480,#4831,#4835));
#6485=FACE_OUTER_BOUND('',#6484,.T.);
#6486=FACETED_PRIMITIVE_FACE('',(#6485));
#6487=POLY_LOOP('',(#6480,#6435,#6408));
#6488=FACE_OUTER_BOUND('',#6487,.T.);
#6489=FACETED_PRIMITIVE_FACE('',(#6488));
#6490=POLY_LOOP('',(#6480,#4842,#6435));
#6491=FACE_OUTER_BOUND('',#6490,.T.);
#6492=FACETED_PRIMITIVE_FACE('',(#6491));
#6494=POLY_LOOP('',(#6493,#6454,#6363));
#6495=FACE_OUTER_BOUND('',#6494,.T.);
#6496=FACETED_PRIMITIVE_FACE('',(#6495));
#6497=POLY_LOOP('',(#6493,#6363,#6418));
#6498=FACE_OUTER_BOUND('',#6497,.T.);
#6499=FACETED_PRIMITIVE_FACE('',(#6498));
#6501=POLY_LOOP('',(#6500,#6367,#6428));
#6502=FACE_OUTER_BOUND('',#6501,.T.);
#6503=FACETED_PRIMITIVE_FACE('',(#6502));
#6504=POLY_LOOP('',(#6500,#6458,#6367));
#6505=FACE_OUTER_BOUND('',#6504,.T.);
#6506=FACETED_PRIMITIVE_FACE('',(#6505));
#6508=POLY_LOOP('',(#6507,#6408,#6454));
#6509=FACE_OUTER_BOUND('',#6508,.T.);
#6510=FACETED_PRIMITIVE_FACE('',(#6509));
#6511=POLY_LOOP('',(#6507,#4824,#4831));
#6512=FACE_OUTER_BOUND('',#6511,.T.);
#6513=FACETED_PRIMITIVE_FACE('',(#6512));
#6514=POLY_LOOP('',(#6507,#4807,#4824));
#6515=FACE_OUTER_BOUND('',#6514,.T.);
#6516=FACETED_PRIMITIVE_FACE('',(#6515));
#6517=POLY_LOOP('',(#6507,#6480,#6408));
#6518=FACE_OUTER_BOUND('',#6517,.T.);
#6519=FACETED_PRIMITIVE_FACE('',(#6518));
#6520=POLY_LOOP('',(#6507,#4831,#6480));
#6521=FACE_OUTER_BOUND('',#6520,.T.);
#6522=FACETED_PRIMITIVE_FACE('',(#6521));
#6524=POLY_LOOP('',(#6523,#6493,#6418));
#6525=FACE_OUTER_BOUND('',#6524,.T.);
#6526=FACETED_PRIMITIVE_FACE('',(#6525));
#6527=POLY_LOOP('',(#6523,#6458,#6500));
#6528=FACE_OUTER_BOUND('',#6527,.T.);
#6529=FACETED_PRIMITIVE_FACE('',(#6528));
#6530=POLY_LOOP('',(#6523,#6418,#6458));
#6531=FACE_OUTER_BOUND('',#6530,.T.);
#6532=FACETED_PRIMITIVE_FACE('',(#6531));
#6534=POLY_LOOP('',(#6533,#6462,#6470));
#6535=FACE_OUTER_BOUND('',#6534,.T.);
#6536=FACETED_PRIMITIVE_FACE('',(#6535));
#6537=POLY_LOOP('',(#6533,#6500,#6428));
#6538=FACE_OUTER_BOUND('',#6537,.T.);
#6539=FACETED_PRIMITIVE_FACE('',(#6538));
#6541=POLY_LOOP('',(#6533,#6470,#6540));
#6542=FACE_OUTER_BOUND('',#6541,.T.);
#6543=FACETED_PRIMITIVE_FACE('',(#6542));
#6545=POLY_LOOP('',(#6533,#6540,#6544));
#6546=FACE_OUTER_BOUND('',#6545,.T.);
#6547=FACETED_PRIMITIVE_FACE('',(#6546));
#6548=POLY_LOOP('',(#6533,#6428,#6462));
#6549=FACE_OUTER_BOUND('',#6548,.T.);
#6550=FACETED_PRIMITIVE_FACE('',(#6549));
#6552=POLY_LOOP('',(#6551,#6493,#6523));
#6553=FACE_OUTER_BOUND('',#6552,.T.);
#6554=FACETED_PRIMITIVE_FACE('',(#6553));
#6555=POLY_LOOP('',(#6551,#6454,#6493));
#6556=FACE_OUTER_BOUND('',#6555,.T.);
#6557=FACETED_PRIMITIVE_FACE('',(#6556));
#6558=POLY_LOOP('',(#6551,#4807,#6507));
#6559=FACE_OUTER_BOUND('',#6558,.T.);
#6560=FACETED_PRIMITIVE_FACE('',(#6559));
#6561=POLY_LOOP('',(#6551,#6507,#6454));
#6562=FACE_OUTER_BOUND('',#6561,.T.);
#6563=FACETED_PRIMITIVE_FACE('',(#6562));
#6564=POLY_LOOP('',(#6551,#4786,#4807));
#6565=FACE_OUTER_BOUND('',#6564,.T.);
#6566=FACETED_PRIMITIVE_FACE('',(#6565));
#6567=POLY_LOOP('',(#6551,#4769,#4786));
#6568=FACE_OUTER_BOUND('',#6567,.T.);
#6569=FACETED_PRIMITIVE_FACE('',(#6568));
#6571=POLY_LOOP('',(#6570,#6500,#6533));
#6572=FACE_OUTER_BOUND('',#6571,.T.);
#6573=FACETED_PRIMITIVE_FACE('',(#6572));
#6574=POLY_LOOP('',(#6570,#6523,#6500));
#6575=FACE_OUTER_BOUND('',#6574,.T.);
#6576=FACETED_PRIMITIVE_FACE('',(#6575));
#6578=POLY_LOOP('',(#6577,#6551,#6523));
#6579=FACE_OUTER_BOUND('',#6578,.T.);
#6580=FACETED_PRIMITIVE_FACE('',(#6579));
#6581=POLY_LOOP('',(#6577,#4755,#4769));
#6582=FACE_OUTER_BOUND('',#6581,.T.);
#6583=FACETED_PRIMITIVE_FACE('',(#6582));
#6584=POLY_LOOP('',(#6577,#4740,#4755));
#6585=FACE_OUTER_BOUND('',#6584,.T.);
#6586=FACETED_PRIMITIVE_FACE('',(#6585));
#6587=POLY_LOOP('',(#6577,#4769,#6551));
#6588=FACE_OUTER_BOUND('',#6587,.T.);
#6589=FACETED_PRIMITIVE_FACE('',(#6588));
#6591=POLY_LOOP('',(#6590,#6570,#6533));
#6592=FACE_OUTER_BOUND('',#6591,.T.);
#6593=FACETED_PRIMITIVE_FACE('',(#6592));
#6594=POLY_LOOP('',(#6590,#6533,#6544));
#6595=FACE_OUTER_BOUND('',#6594,.T.);
#6596=FACETED_PRIMITIVE_FACE('',(#6595));
#6598=POLY_LOOP('',(#6590,#6544,#6597));
#6599=FACE_OUTER_BOUND('',#6598,.T.);
#6600=FACETED_PRIMITIVE_FACE('',(#6599));
#6602=POLY_LOOP('',(#6590,#6597,#6601));
#6603=FACE_OUTER_BOUND('',#6602,.T.);
#6604=FACETED_PRIMITIVE_FACE('',(#6603));
#6606=POLY_LOOP('',(#6605,#6577,#6523));
#6607=FACE_OUTER_BOUND('',#6606,.T.);
#6608=FACETED_PRIMITIVE_FACE('',(#6607));
#6609=POLY_LOOP('',(#6605,#4740,#6577));
#6610=FACE_OUTER_BOUND('',#6609,.T.);
#6611=FACETED_PRIMITIVE_FACE('',(#6610));
#6612=POLY_LOOP('',(#6605,#6570,#6590));
#6613=FACE_OUTER_BOUND('',#6612,.T.);
#6614=FACETED_PRIMITIVE_FACE('',(#6613));
#6615=POLY_LOOP('',(#6605,#4741,#4740));
#6616=FACE_OUTER_BOUND('',#6615,.T.);
#6617=FACETED_PRIMITIVE_FACE('',(#6616));
#6618=POLY_LOOP('',(#6605,#4748,#4741));
#6619=FACE_OUTER_BOUND('',#6618,.T.);
#6620=FACETED_PRIMITIVE_FACE('',(#6619));
#6621=POLY_LOOP('',(#6605,#6523,#6570));
#6622=FACE_OUTER_BOUND('',#6621,.T.);
#6623=FACETED_PRIMITIVE_FACE('',(#6622));
#6625=POLY_LOOP('',(#6624,#6605,#6590));
#6626=FACE_OUTER_BOUND('',#6625,.T.);
#6627=FACETED_PRIMITIVE_FACE('',(#6626));
#6628=POLY_LOOP('',(#6624,#6590,#6601));
#6629=FACE_OUTER_BOUND('',#6628,.T.);
#6630=FACETED_PRIMITIVE_FACE('',(#6629));
#6632=POLY_LOOP('',(#6624,#6601,#6631));
#6633=FACE_OUTER_BOUND('',#6632,.T.);
#6634=FACETED_PRIMITIVE_FACE('',(#6633));
#6635=POLY_LOOP('',(#6624,#6631,#5759));
#6636=FACE_OUTER_BOUND('',#6635,.T.);
#6637=FACETED_PRIMITIVE_FACE('',(#6636));
#6638=POLY_LOOP('',(#6624,#4748,#6605));
#6639=FACE_OUTER_BOUND('',#6638,.T.);
#6640=FACETED_PRIMITIVE_FACE('',(#6639));
#6641=POLY_LOOP('',(#6624,#5759,#4748));
#6642=FACE_OUTER_BOUND('',#6641,.T.);
#6643=FACETED_PRIMITIVE_FACE('',(#6642));
#6644=POLY_LOOP('',(#5078,#4814,#5755));
#6645=FACE_OUTER_BOUND('',#6644,.T.);
#6646=FACETED_PRIMITIVE_FACE('',(#6645));
#6647=POLY_LOOP('',(#5078,#4863,#4814));
#6648=FACE_OUTER_BOUND('',#6647,.T.);
#6649=FACETED_PRIMITIVE_FACE('',(#6648));
#6650=POLY_LOOP('',(#5071,#5755,#5759));
#6651=FACE_OUTER_BOUND('',#6650,.T.);
#6652=FACETED_PRIMITIVE_FACE('',(#6651));
#6653=POLY_LOOP('',(#5071,#5078,#5755));
#6654=FACE_OUTER_BOUND('',#6653,.T.);
#6655=FACETED_PRIMITIVE_FACE('',(#6654));
#6656=POLY_LOOP('',(#5064,#5759,#6631));
#6657=FACE_OUTER_BOUND('',#6656,.T.);
#6658=FACETED_PRIMITIVE_FACE('',(#6657));
#6659=POLY_LOOP('',(#5064,#5071,#5759));
#6660=FACE_OUTER_BOUND('',#6659,.T.);
#6661=FACETED_PRIMITIVE_FACE('',(#6660));
#6662=POLY_LOOP('',(#5057,#6631,#6601));
#6663=FACE_OUTER_BOUND('',#6662,.T.);
#6664=FACETED_PRIMITIVE_FACE('',(#6663));
#6665=POLY_LOOP('',(#5057,#5064,#6631));
#6666=FACE_OUTER_BOUND('',#6665,.T.);
#6667=FACETED_PRIMITIVE_FACE('',(#6666));
#6668=POLY_LOOP('',(#5050,#6601,#6597));
#6669=FACE_OUTER_BOUND('',#6668,.T.);
#6670=FACETED_PRIMITIVE_FACE('',(#6669));
#6671=POLY_LOOP('',(#5050,#5057,#6601));
#6672=FACE_OUTER_BOUND('',#6671,.T.);
#6673=FACETED_PRIMITIVE_FACE('',(#6672));
#6674=POLY_LOOP('',(#5043,#5050,#6597));
#6675=FACE_OUTER_BOUND('',#6674,.T.);
#6676=FACETED_PRIMITIVE_FACE('',(#6675));
#6677=POLY_LOOP('',(#6544,#5043,#6597));
#6678=FACE_OUTER_BOUND('',#6677,.T.);
#6679=FACETED_PRIMITIVE_FACE('',(#6678));
#6680=POLY_LOOP('',(#6540,#5039,#5043));
#6681=FACE_OUTER_BOUND('',#6680,.T.);
#6682=FACETED_PRIMITIVE_FACE('',(#6681));
#6683=POLY_LOOP('',(#6540,#5043,#6544));
#6684=FACE_OUTER_BOUND('',#6683,.T.);
#6685=FACETED_PRIMITIVE_FACE('',(#6684));
#6686=POLY_LOOP('',(#6470,#5029,#5039));
#6687=FACE_OUTER_BOUND('',#6686,.T.);
#6688=FACETED_PRIMITIVE_FACE('',(#6687));
#6689=POLY_LOOP('',(#6470,#5022,#5029));
#6690=FACE_OUTER_BOUND('',#6689,.T.);
#6691=FACETED_PRIMITIVE_FACE('',(#6690));
#6692=POLY_LOOP('',(#6470,#5039,#6540));
#6693=FACE_OUTER_BOUND('',#6692,.T.);
#6694=FACETED_PRIMITIVE_FACE('',(#6693));
#6695=POLY_LOOP('',(#6466,#5018,#5022));
#6696=FACE_OUTER_BOUND('',#6695,.T.);
#6697=FACETED_PRIMITIVE_FACE('',(#6696));
#6698=POLY_LOOP('',(#6466,#5022,#6470));
#6699=FACE_OUTER_BOUND('',#6698,.T.);
#6700=FACETED_PRIMITIVE_FACE('',(#6699));
#6701=POLY_LOOP('',(#6398,#5018,#6466));
#6702=FACE_OUTER_BOUND('',#6701,.T.);
#6703=FACETED_PRIMITIVE_FACE('',(#6702));
#6704=POLY_LOOP('',(#6394,#5018,#6398));
#6705=FACE_OUTER_BOUND('',#6704,.T.);
#6706=FACETED_PRIMITIVE_FACE('',(#6705));
#6707=POLY_LOOP('',(#6394,#5008,#5018));
#6708=FACE_OUTER_BOUND('',#6707,.T.);
#6709=FACETED_PRIMITIVE_FACE('',(#6708));
#6710=POLY_LOOP('',(#5724,#5091,#4945));
#6711=FACE_OUTER_BOUND('',#6710,.T.);
#6712=FACETED_PRIMITIVE_FACE('',(#6711));
#6713=POLY_LOOP('',(#5724,#4944,#4952));
#6714=FACE_OUTER_BOUND('',#6713,.T.);
#6715=FACETED_PRIMITIVE_FACE('',(#6714));
#6716=POLY_LOOP('',(#5724,#4945,#4944));
#6717=FACE_OUTER_BOUND('',#6716,.T.);
#6718=FACETED_PRIMITIVE_FACE('',(#6717));
#6719=POLY_LOOP('',(#6312,#5004,#5008));
#6720=FACE_OUTER_BOUND('',#6719,.T.);
#6721=FACETED_PRIMITIVE_FACE('',(#6720));
#6722=POLY_LOOP('',(#6312,#5008,#6394));
#6723=FACE_OUTER_BOUND('',#6722,.T.);
#6724=FACETED_PRIMITIVE_FACE('',(#6723));
#6725=POLY_LOOP('',(#6050,#5724,#4952));
#6726=FACE_OUTER_BOUND('',#6725,.T.);
#6727=FACETED_PRIMITIVE_FACE('',(#6726));
#6728=POLY_LOOP('',(#6308,#5004,#6312));
#6729=FACE_OUTER_BOUND('',#6728,.T.);
#6730=FACETED_PRIMITIVE_FACE('',(#6729));
#6731=POLY_LOOP('',(#6308,#4994,#5004));
#6732=FACE_OUTER_BOUND('',#6731,.T.);
#6733=FACETED_PRIMITIVE_FACE('',(#6732));
#6734=POLY_LOOP('',(#6054,#4952,#4959));
#6735=FACE_OUTER_BOUND('',#6734,.T.);
#6736=FACETED_PRIMITIVE_FACE('',(#6735));
#6737=POLY_LOOP('',(#6054,#6050,#4952));
#6738=FACE_OUTER_BOUND('',#6737,.T.);
#6739=FACETED_PRIMITIVE_FACE('',(#6738));
#6740=POLY_LOOP('',(#6225,#4987,#4994));
#6741=FACE_OUTER_BOUND('',#6740,.T.);
#6742=FACETED_PRIMITIVE_FACE('',(#6741));
#6743=POLY_LOOP('',(#6225,#4980,#4987));
#6744=FACE_OUTER_BOUND('',#6743,.T.);
#6745=FACETED_PRIMITIVE_FACE('',(#6744));
#6746=POLY_LOOP('',(#6225,#4994,#6308));
#6747=FACE_OUTER_BOUND('',#6746,.T.);
#6748=FACETED_PRIMITIVE_FACE('',(#6747));
#6749=POLY_LOOP('',(#6134,#6054,#4959));
#6750=FACE_OUTER_BOUND('',#6749,.T.);
#6751=FACETED_PRIMITIVE_FACE('',(#6750));
#6752=POLY_LOOP('',(#6134,#4959,#4969));
#6753=FACE_OUTER_BOUND('',#6752,.T.);
#6754=FACETED_PRIMITIVE_FACE('',(#6753));
#6755=POLY_LOOP('',(#6221,#4980,#6225));
#6756=FACE_OUTER_BOUND('',#6755,.T.);
#6757=FACETED_PRIMITIVE_FACE('',(#6756));
#6758=POLY_LOOP('',(#6138,#6134,#4969));
#6759=FACE_OUTER_BOUND('',#6758,.T.);
#6760=FACETED_PRIMITIVE_FACE('',(#6759));
#6761=POLY_LOOP('',(#6138,#4980,#6221));
#6762=FACE_OUTER_BOUND('',#6761,.T.);
#6763=FACETED_PRIMITIVE_FACE('',(#6762));
#6764=POLY_LOOP('',(#6138,#4973,#4980));
#6765=FACE_OUTER_BOUND('',#6764,.T.);
#6766=FACETED_PRIMITIVE_FACE('',(#6765));
#6767=POLY_LOOP('',(#6138,#4969,#4973));
#6768=FACE_OUTER_BOUND('',#6767,.T.);
#6769=FACETED_PRIMITIVE_FACE('',(#6768));
#6770=POLY_LOOP('',(#4945,#5091,#5724));
#6771=FACE_OUTER_BOUND('',#6770,.T.);
#6772=FACETED_PRIMITIVE_FACE('',(#6771));
#6773=POLY_LOOP('',(#4944,#5724,#6050));
#6774=FACE_OUTER_BOUND('',#6773,.T.);
#6775=FACETED_PRIMITIVE_FACE('',(#6774));
#6776=POLY_LOOP('',(#4944,#4945,#5724));
#6777=FACE_OUTER_BOUND('',#6776,.T.);
#6778=FACETED_PRIMITIVE_FACE('',(#6777));
#6779=POLY_LOOP('',(#4952,#6050,#6054));
#6780=FACE_OUTER_BOUND('',#6779,.T.);
#6781=FACETED_PRIMITIVE_FACE('',(#6780));
#6782=POLY_LOOP('',(#4952,#4944,#6050));
#6783=FACE_OUTER_BOUND('',#6782,.T.);
#6784=FACETED_PRIMITIVE_FACE('',(#6783));
#6785=POLY_LOOP('',(#4959,#6054,#6134));
#6786=FACE_OUTER_BOUND('',#6785,.T.);
#6787=FACETED_PRIMITIVE_FACE('',(#6786));
#6788=POLY_LOOP('',(#4959,#4952,#6054));
#6789=FACE_OUTER_BOUND('',#6788,.T.);
#6790=FACETED_PRIMITIVE_FACE('',(#6789));
#6791=POLY_LOOP('',(#4969,#4959,#6134));
#6792=FACE_OUTER_BOUND('',#6791,.T.);
#6793=FACETED_PRIMITIVE_FACE('',(#6792));
#6794=POLY_LOOP('',(#6138,#4969,#6134));
#6795=FACE_OUTER_BOUND('',#6794,.T.);
#6796=FACETED_PRIMITIVE_FACE('',(#6795));
#6797=POLY_LOOP('',(#4973,#4969,#6138));
#6798=FACE_OUTER_BOUND('',#6797,.T.);
#6799=FACETED_PRIMITIVE_FACE('',(#6798));
#6800=POLY_LOOP('',(#6221,#4980,#4973));
#6801=FACE_OUTER_BOUND('',#6800,.T.);
#6802=FACETED_PRIMITIVE_FACE('',(#6801));
#6803=POLY_LOOP('',(#6221,#4973,#6138));
#6804=FACE_OUTER_BOUND('',#6803,.T.);
#6805=FACETED_PRIMITIVE_FACE('',(#6804));
#6806=POLY_LOOP('',(#6225,#4987,#4980));
#6807=FACE_OUTER_BOUND('',#6806,.T.);
#6808=FACETED_PRIMITIVE_FACE('',(#6807));
#6809=POLY_LOOP('',(#6225,#4980,#6221));
#6810=FACE_OUTER_BOUND('',#6809,.T.);
#6811=FACETED_PRIMITIVE_FACE('',(#6810));
#6812=POLY_LOOP('',(#6308,#4994,#4987));
#6813=FACE_OUTER_BOUND('',#6812,.T.);
#6814=FACETED_PRIMITIVE_FACE('',(#6813));
#6815=POLY_LOOP('',(#6308,#4987,#6225));
#6816=FACE_OUTER_BOUND('',#6815,.T.);
#6817=FACETED_PRIMITIVE_FACE('',(#6816));
#6818=POLY_LOOP('',(#6312,#5008,#5004));
#6819=FACE_OUTER_BOUND('',#6818,.T.);
#6820=FACETED_PRIMITIVE_FACE('',(#6819));
#6821=POLY_LOOP('',(#6312,#5004,#4994));
#6822=FACE_OUTER_BOUND('',#6821,.T.);
#6823=FACETED_PRIMITIVE_FACE('',(#6822));
#6824=POLY_LOOP('',(#6312,#4994,#6308));
#6825=FACE_OUTER_BOUND('',#6824,.T.);
#6826=FACETED_PRIMITIVE_FACE('',(#6825));
#6827=POLY_LOOP('',(#6394,#5008,#6312));
#6828=FACE_OUTER_BOUND('',#6827,.T.);
#6829=FACETED_PRIMITIVE_FACE('',(#6828));
#6830=POLY_LOOP('',(#6398,#5008,#6394));
#6831=FACE_OUTER_BOUND('',#6830,.T.);
#6832=FACETED_PRIMITIVE_FACE('',(#6831));
#6833=POLY_LOOP('',(#6398,#5022,#5018));
#6834=FACE_OUTER_BOUND('',#6833,.T.);
#6835=FACETED_PRIMITIVE_FACE('',(#6834));
#6836=POLY_LOOP('',(#6398,#5018,#5008));
#6837=FACE_OUTER_BOUND('',#6836,.T.);
#6838=FACETED_PRIMITIVE_FACE('',(#6837));
#6839=POLY_LOOP('',(#5755,#4863,#5078));
#6840=FACE_OUTER_BOUND('',#6839,.T.);
#6841=FACETED_PRIMITIVE_FACE('',(#6840));
#6842=POLY_LOOP('',(#5755,#4814,#4863));
#6843=FACE_OUTER_BOUND('',#6842,.T.);
#6844=FACETED_PRIMITIVE_FACE('',(#6843));
#6845=POLY_LOOP('',(#6466,#5022,#6398));
#6846=FACE_OUTER_BOUND('',#6845,.T.);
#6847=FACETED_PRIMITIVE_FACE('',(#6846));
#6848=POLY_LOOP('',(#5759,#5755,#5078));
#6849=FACE_OUTER_BOUND('',#6848,.T.);
#6850=FACETED_PRIMITIVE_FACE('',(#6849));
#6851=POLY_LOOP('',(#5759,#5078,#5071));
#6852=FACE_OUTER_BOUND('',#6851,.T.);
#6853=FACETED_PRIMITIVE_FACE('',(#6852));
#6854=POLY_LOOP('',(#6470,#5022,#6466));
#6855=FACE_OUTER_BOUND('',#6854,.T.);
#6856=FACETED_PRIMITIVE_FACE('',(#6855));
#6857=POLY_LOOP('',(#6470,#5029,#5022));
#6858=FACE_OUTER_BOUND('',#6857,.T.);
#6859=FACETED_PRIMITIVE_FACE('',(#6858));
#6860=POLY_LOOP('',(#6631,#5071,#5064));
#6861=FACE_OUTER_BOUND('',#6860,.T.);
#6862=FACETED_PRIMITIVE_FACE('',(#6861));
#6863=POLY_LOOP('',(#6631,#5064,#5057));
#6864=FACE_OUTER_BOUND('',#6863,.T.);
#6865=FACETED_PRIMITIVE_FACE('',(#6864));
#6866=POLY_LOOP('',(#6631,#5759,#5071));
#6867=FACE_OUTER_BOUND('',#6866,.T.);
#6868=FACETED_PRIMITIVE_FACE('',(#6867));
#6869=POLY_LOOP('',(#6540,#5029,#6470));
#6870=FACE_OUTER_BOUND('',#6869,.T.);
#6871=FACETED_PRIMITIVE_FACE('',(#6870));
#6872=POLY_LOOP('',(#6540,#5039,#5029));
#6873=FACE_OUTER_BOUND('',#6872,.T.);
#6874=FACETED_PRIMITIVE_FACE('',(#6873));
#6875=POLY_LOOP('',(#6601,#6631,#5057));
#6876=FACE_OUTER_BOUND('',#6875,.T.);
#6877=FACETED_PRIMITIVE_FACE('',(#6876));
#6878=POLY_LOOP('',(#6544,#5043,#5039));
#6879=FACE_OUTER_BOUND('',#6878,.T.);
#6880=FACETED_PRIMITIVE_FACE('',(#6879));
#6881=POLY_LOOP('',(#6544,#5039,#6540));
#6882=FACE_OUTER_BOUND('',#6881,.T.);
#6883=FACETED_PRIMITIVE_FACE('',(#6882));
#6884=POLY_LOOP('',(#6597,#5057,#5050));
#6885=FACE_OUTER_BOUND('',#6884,.T.);
#6886=FACETED_PRIMITIVE_FACE('',(#6885));
#6887=POLY_LOOP('',(#6597,#5050,#5043));
#6888=FACE_OUTER_BOUND('',#6887,.T.);
#6889=FACETED_PRIMITIVE_FACE('',(#6888));
#6890=POLY_LOOP('',(#6597,#5043,#6544));
#6891=FACE_OUTER_BOUND('',#6890,.T.);
#6892=FACETED_PRIMITIVE_FACE('',(#6891));
#6893=POLY_LOOP('',(#6597,#6601,#5057));
#6894=FACE_OUTER_BOUND('',#6893,.T.);
#6895=FACETED_PRIMITIVE_FACE('',(#6894));
#6897=POLY_LOOP('',(#5724,#5091,#6896));
#6898=FACE_OUTER_BOUND('',#6897,.T.);
#6899=FACETED_PRIMITIVE_FACE('',(#6898));
#6901=POLY_LOOP('',(#5724,#6896,#6900));
#6902=FACE_OUTER_BOUND('',#6901,.T.);
#6903=FACETED_PRIMITIVE_FACE('',(#6902));
#6905=POLY_LOOP('',(#5724,#6900,#6904));
#6906=FACE_OUTER_BOUND('',#6905,.T.);
#6907=FACETED_PRIMITIVE_FACE('',(#6906));
#6909=POLY_LOOP('',(#6908,#5724,#6904));
#6910=FACE_OUTER_BOUND('',#6909,.T.);
#6911=FACETED_PRIMITIVE_FACE('',(#6910));
#6914=POLY_LOOP('',(#5566,#6912,#6913));
#6915=FACE_OUTER_BOUND('',#6914,.T.);
#6916=FACETED_PRIMITIVE_FACE('',(#6915));
#6918=POLY_LOOP('',(#5566,#6913,#6917));
#6919=FACE_OUTER_BOUND('',#6918,.T.);
#6920=FACETED_PRIMITIVE_FACE('',(#6919));
#6922=POLY_LOOP('',(#5566,#6917,#6921));
#6923=FACE_OUTER_BOUND('',#6922,.T.);
#6924=FACETED_PRIMITIVE_FACE('',(#6923));
#6925=POLY_LOOP('',(#5566,#6921,#5206));
#6926=FACE_OUTER_BOUND('',#6925,.T.);
#6927=FACETED_PRIMITIVE_FACE('',(#6926));
#6929=POLY_LOOP('',(#6928,#4814,#5755));
#6930=FACE_OUTER_BOUND('',#6929,.T.);
#6931=FACETED_PRIMITIVE_FACE('',(#6930));
#6933=POLY_LOOP('',(#6932,#6928,#5755));
#6934=FACE_OUTER_BOUND('',#6933,.T.);
#6935=FACETED_PRIMITIVE_FACE('',(#6934));
#6937=POLY_LOOP('',(#6936,#6932,#5755));
#6938=FACE_OUTER_BOUND('',#6937,.T.);
#6939=FACETED_PRIMITIVE_FACE('',(#6938));
#6941=POLY_LOOP('',(#6940,#6936,#5755));
#6942=FACE_OUTER_BOUND('',#6941,.T.);
#6943=FACETED_PRIMITIVE_FACE('',(#6942));
#6945=POLY_LOOP('',(#6944,#6940,#5755));
#6946=FACE_OUTER_BOUND('',#6945,.T.);
#6947=FACETED_PRIMITIVE_FACE('',(#6946));
#6948=POLY_LOOP('',(#6944,#5755,#5759));
#6949=FACE_OUTER_BOUND('',#6948,.T.);
#6950=FACETED_PRIMITIVE_FACE('',(#6949));
#6953=POLY_LOOP('',(#5646,#6951,#6952));
#6954=FACE_OUTER_BOUND('',#6953,.T.);
#6955=FACETED_PRIMITIVE_FACE('',(#6954));
#6956=POLY_LOOP('',(#5646,#6952,#5657));
#6957=FACE_OUTER_BOUND('',#6956,.T.);
#6958=FACETED_PRIMITIVE_FACE('',(#6957));
#6960=POLY_LOOP('',(#6959,#6951,#5646));
#6961=FACE_OUTER_BOUND('',#6960,.T.);
#6962=FACETED_PRIMITIVE_FACE('',(#6961));
#6964=POLY_LOOP('',(#6963,#6959,#5646));
#6965=FACE_OUTER_BOUND('',#6964,.T.);
#6966=FACETED_PRIMITIVE_FACE('',(#6965));
#6968=POLY_LOOP('',(#6967,#6963,#5646));
#6969=FACE_OUTER_BOUND('',#6968,.T.);
#6970=FACETED_PRIMITIVE_FACE('',(#6969));
#6971=POLY_LOOP('',(#4930,#6967,#5646));
#6972=FACE_OUTER_BOUND('',#6971,.T.);
#6973=FACETED_PRIMITIVE_FACE('',(#6972));
#6975=POLY_LOOP('',(#6974,#6050,#5724));
#6976=FACE_OUTER_BOUND('',#6975,.T.);
#6977=FACETED_PRIMITIVE_FACE('',(#6976));
#6978=POLY_LOOP('',(#6974,#6054,#6050));
#6979=FACE_OUTER_BOUND('',#6978,.T.);
#6980=FACETED_PRIMITIVE_FACE('',(#6979));
#6981=POLY_LOOP('',(#6974,#5724,#6908));
#6982=FACE_OUTER_BOUND('',#6981,.T.);
#6983=FACETED_PRIMITIVE_FACE('',(#6982));
#6985=POLY_LOOP('',(#6974,#6908,#6984));
#6986=FACE_OUTER_BOUND('',#6985,.T.);
#6987=FACETED_PRIMITIVE_FACE('',(#6986));
#6989=POLY_LOOP('',(#6974,#6984,#6988));
#6990=FACE_OUTER_BOUND('',#6989,.T.);
#6991=FACETED_PRIMITIVE_FACE('',(#6990));
#6993=POLY_LOOP('',(#6992,#6974,#6988));
#6994=FACE_OUTER_BOUND('',#6993,.T.);
#6995=FACETED_PRIMITIVE_FACE('',(#6994));
#6997=POLY_LOOP('',(#6992,#6988,#6996));
#6998=FACE_OUTER_BOUND('',#6997,.T.);
#6999=FACETED_PRIMITIVE_FACE('',(#6998));
#7001=POLY_LOOP('',(#6992,#6996,#7000));
#7002=FACE_OUTER_BOUND('',#7001,.T.);
#7003=FACETED_PRIMITIVE_FACE('',(#7002));
#7005=POLY_LOOP('',(#7004,#6134,#6054));
#7006=FACE_OUTER_BOUND('',#7005,.T.);
#7007=FACETED_PRIMITIVE_FACE('',(#7006));
#7008=POLY_LOOP('',(#7004,#6138,#6134));
#7009=FACE_OUTER_BOUND('',#7008,.T.);
#7010=FACETED_PRIMITIVE_FACE('',(#7009));
#7011=POLY_LOOP('',(#7004,#6054,#6974));
#7012=FACE_OUTER_BOUND('',#7011,.T.);
#7013=FACETED_PRIMITIVE_FACE('',(#7012));
#7015=POLY_LOOP('',(#7014,#6992,#7000));
#7016=FACE_OUTER_BOUND('',#7015,.T.);
#7017=FACETED_PRIMITIVE_FACE('',(#7016));
#7019=POLY_LOOP('',(#7014,#7000,#7018));
#7020=FACE_OUTER_BOUND('',#7019,.T.);
#7021=FACETED_PRIMITIVE_FACE('',(#7020));
#7023=POLY_LOOP('',(#7014,#7018,#7022));
#7024=FACE_OUTER_BOUND('',#7023,.T.);
#7025=FACETED_PRIMITIVE_FACE('',(#7024));
#7027=POLY_LOOP('',(#7026,#6974,#6992));
#7028=FACE_OUTER_BOUND('',#7027,.T.);
#7029=FACETED_PRIMITIVE_FACE('',(#7028));
#7030=POLY_LOOP('',(#7026,#7004,#6974));
#7031=FACE_OUTER_BOUND('',#7030,.T.);
#7032=FACETED_PRIMITIVE_FACE('',(#7031));
#7033=POLY_LOOP('',(#7026,#6992,#7014));
#7034=FACE_OUTER_BOUND('',#7033,.T.);
#7035=FACETED_PRIMITIVE_FACE('',(#7034));
#7037=POLY_LOOP('',(#7036,#7014,#7022));
#7038=FACE_OUTER_BOUND('',#7037,.T.);
#7039=FACETED_PRIMITIVE_FACE('',(#7038));
#7041=POLY_LOOP('',(#7036,#7022,#7040));
#7042=FACE_OUTER_BOUND('',#7041,.T.);
#7043=FACETED_PRIMITIVE_FACE('',(#7042));
#7045=POLY_LOOP('',(#7036,#7040,#7044));
#7046=FACE_OUTER_BOUND('',#7045,.T.);
#7047=FACETED_PRIMITIVE_FACE('',(#7046));
#7049=POLY_LOOP('',(#7048,#6221,#6138));
#7050=FACE_OUTER_BOUND('',#7049,.T.);
#7051=FACETED_PRIMITIVE_FACE('',(#7050));
#7052=POLY_LOOP('',(#7048,#6225,#6221));
#7053=FACE_OUTER_BOUND('',#7052,.T.);
#7054=FACETED_PRIMITIVE_FACE('',(#7053));
#7055=POLY_LOOP('',(#7048,#6138,#7004));
#7056=FACE_OUTER_BOUND('',#7055,.T.);
#7057=FACETED_PRIMITIVE_FACE('',(#7056));
#7059=POLY_LOOP('',(#7058,#7026,#7014));
#7060=FACE_OUTER_BOUND('',#7059,.T.);
#7061=FACETED_PRIMITIVE_FACE('',(#7060));
#7062=POLY_LOOP('',(#7058,#7014,#7036));
#7063=FACE_OUTER_BOUND('',#7062,.T.);
#7064=FACETED_PRIMITIVE_FACE('',(#7063));
#7066=POLY_LOOP('',(#7065,#7036,#7044));
#7067=FACE_OUTER_BOUND('',#7066,.T.);
#7068=FACETED_PRIMITIVE_FACE('',(#7067));
#7070=POLY_LOOP('',(#7065,#7044,#7069));
#7071=FACE_OUTER_BOUND('',#7070,.T.);
#7072=FACETED_PRIMITIVE_FACE('',(#7071));
#7074=POLY_LOOP('',(#7065,#7069,#7073));
#7075=FACE_OUTER_BOUND('',#7074,.T.);
#7076=FACETED_PRIMITIVE_FACE('',(#7075));
#7078=POLY_LOOP('',(#7077,#7004,#7026));
#7079=FACE_OUTER_BOUND('',#7078,.T.);
#7080=FACETED_PRIMITIVE_FACE('',(#7079));
#7081=POLY_LOOP('',(#7077,#7048,#7004));
#7082=FACE_OUTER_BOUND('',#7081,.T.);
#7083=FACETED_PRIMITIVE_FACE('',(#7082));
#7085=POLY_LOOP('',(#7084,#7058,#7036));
#7086=FACE_OUTER_BOUND('',#7085,.T.);
#7087=FACETED_PRIMITIVE_FACE('',(#7086));
#7089=POLY_LOOP('',(#7088,#7065,#7073));
#7090=FACE_OUTER_BOUND('',#7089,.T.);
#7091=FACETED_PRIMITIVE_FACE('',(#7090));
#7093=POLY_LOOP('',(#7088,#7073,#7092));
#7094=FACE_OUTER_BOUND('',#7093,.T.);
#7095=FACETED_PRIMITIVE_FACE('',(#7094));
#7097=POLY_LOOP('',(#7088,#7092,#7096));
#7098=FACE_OUTER_BOUND('',#7097,.T.);
#7099=FACETED_PRIMITIVE_FACE('',(#7098));
#7101=POLY_LOOP('',(#7100,#6308,#6225));
#7102=FACE_OUTER_BOUND('',#7101,.T.);
#7103=FACETED_PRIMITIVE_FACE('',(#7102));
#7104=POLY_LOOP('',(#7100,#6312,#6308));
#7105=FACE_OUTER_BOUND('',#7104,.T.);
#7106=FACETED_PRIMITIVE_FACE('',(#7105));
#7107=POLY_LOOP('',(#7100,#6225,#7048));
#7108=FACE_OUTER_BOUND('',#7107,.T.);
#7109=FACETED_PRIMITIVE_FACE('',(#7108));
#7111=POLY_LOOP('',(#7110,#7026,#7058));
#7112=FACE_OUTER_BOUND('',#7111,.T.);
#7113=FACETED_PRIMITIVE_FACE('',(#7112));
#7114=POLY_LOOP('',(#7110,#7077,#7026));
#7115=FACE_OUTER_BOUND('',#7114,.T.);
#7116=FACETED_PRIMITIVE_FACE('',(#7115));
#7118=POLY_LOOP('',(#7117,#7036,#7065));
#7119=FACE_OUTER_BOUND('',#7118,.T.);
#7120=FACETED_PRIMITIVE_FACE('',(#7119));
#7121=POLY_LOOP('',(#7117,#7084,#7036));
#7122=FACE_OUTER_BOUND('',#7121,.T.);
#7123=FACETED_PRIMITIVE_FACE('',(#7122));
#7125=POLY_LOOP('',(#7124,#7088,#7096));
#7126=FACE_OUTER_BOUND('',#7125,.T.);
#7127=FACETED_PRIMITIVE_FACE('',(#7126));
#7129=POLY_LOOP('',(#7124,#7096,#7128));
#7130=FACE_OUTER_BOUND('',#7129,.T.);
#7131=FACETED_PRIMITIVE_FACE('',(#7130));
#7133=POLY_LOOP('',(#7124,#7128,#7132));
#7134=FACE_OUTER_BOUND('',#7133,.T.);
#7135=FACETED_PRIMITIVE_FACE('',(#7134));
#7137=POLY_LOOP('',(#7136,#7048,#7077));
#7138=FACE_OUTER_BOUND('',#7137,.T.);
#7139=FACETED_PRIMITIVE_FACE('',(#7138));
#7140=POLY_LOOP('',(#7136,#7077,#7110));
#7141=FACE_OUTER_BOUND('',#7140,.T.);
#7142=FACETED_PRIMITIVE_FACE('',(#7141));
#7143=POLY_LOOP('',(#7136,#7100,#7048));
#7144=FACE_OUTER_BOUND('',#7143,.T.);
#7145=FACETED_PRIMITIVE_FACE('',(#7144));
#7147=POLY_LOOP('',(#7146,#7058,#7084));
#7148=FACE_OUTER_BOUND('',#7147,.T.);
#7149=FACETED_PRIMITIVE_FACE('',(#7148));
#7150=POLY_LOOP('',(#7146,#7110,#7058));
#7151=FACE_OUTER_BOUND('',#7150,.T.);
#7152=FACETED_PRIMITIVE_FACE('',(#7151));
#7154=POLY_LOOP('',(#7153,#7065,#7088));
#7155=FACE_OUTER_BOUND('',#7154,.T.);
#7156=FACETED_PRIMITIVE_FACE('',(#7155));
#7157=POLY_LOOP('',(#7153,#7117,#7065));
#7158=FACE_OUTER_BOUND('',#7157,.T.);
#7159=FACETED_PRIMITIVE_FACE('',(#7158));
#7160=POLY_LOOP('',(#7153,#7088,#7124));
#7161=FACE_OUTER_BOUND('',#7160,.T.);
#7162=FACETED_PRIMITIVE_FACE('',(#7161));
#7164=POLY_LOOP('',(#7163,#6312,#7100));
#7165=FACE_OUTER_BOUND('',#7164,.T.);
#7166=FACETED_PRIMITIVE_FACE('',(#7165));
#7167=POLY_LOOP('',(#7163,#6394,#6312));
#7168=FACE_OUTER_BOUND('',#7167,.T.);
#7169=FACETED_PRIMITIVE_FACE('',(#7168));
#7170=POLY_LOOP('',(#7163,#6398,#6394));
#7171=FACE_OUTER_BOUND('',#7170,.T.);
#7172=FACETED_PRIMITIVE_FACE('',(#7171));
#7175=POLY_LOOP('',(#7173,#7132,#7174));
#7176=FACE_OUTER_BOUND('',#7175,.T.);
#7177=FACETED_PRIMITIVE_FACE('',(#7176));
#7179=POLY_LOOP('',(#7173,#7174,#7178));
#7180=FACE_OUTER_BOUND('',#7179,.T.);
#7181=FACETED_PRIMITIVE_FACE('',(#7180));
#7182=POLY_LOOP('',(#7173,#7124,#7132));
#7183=FACE_OUTER_BOUND('',#7182,.T.);
#7184=FACETED_PRIMITIVE_FACE('',(#7183));
#7186=POLY_LOOP('',(#7185,#7136,#7110));
#7187=FACE_OUTER_BOUND('',#7186,.T.);
#7188=FACETED_PRIMITIVE_FACE('',(#7187));
#7190=POLY_LOOP('',(#7189,#7084,#7117));
#7191=FACE_OUTER_BOUND('',#7190,.T.);
#7192=FACETED_PRIMITIVE_FACE('',(#7191));
#7193=POLY_LOOP('',(#7189,#7146,#7084));
#7194=FACE_OUTER_BOUND('',#7193,.T.);
#7195=FACETED_PRIMITIVE_FACE('',(#7194));
#7197=POLY_LOOP('',(#7196,#7153,#7124));
#7198=FACE_OUTER_BOUND('',#7197,.T.);
#7199=FACETED_PRIMITIVE_FACE('',(#7198));
#7201=POLY_LOOP('',(#7200,#7163,#7100));
#7202=FACE_OUTER_BOUND('',#7201,.T.);
#7203=FACETED_PRIMITIVE_FACE('',(#7202));
#7204=POLY_LOOP('',(#7200,#7136,#7185));
#7205=FACE_OUTER_BOUND('',#7204,.T.);
#7206=FACETED_PRIMITIVE_FACE('',(#7205));
#7207=POLY_LOOP('',(#7200,#7100,#7136));
#7208=FACE_OUTER_BOUND('',#7207,.T.);
#7209=FACETED_PRIMITIVE_FACE('',(#7208));
#7212=POLY_LOOP('',(#7210,#7178,#7211));
#7213=FACE_OUTER_BOUND('',#7212,.T.);
#7214=FACETED_PRIMITIVE_FACE('',(#7213));
#7216=POLY_LOOP('',(#7210,#7211,#7215));
#7217=FACE_OUTER_BOUND('',#7216,.T.);
#7218=FACETED_PRIMITIVE_FACE('',(#7217));
#7219=POLY_LOOP('',(#7210,#7173,#7178));
#7220=FACE_OUTER_BOUND('',#7219,.T.);
#7221=FACETED_PRIMITIVE_FACE('',(#7220));
#7223=POLY_LOOP('',(#7222,#7146,#7189));
#7224=FACE_OUTER_BOUND('',#7223,.T.);
#7225=FACETED_PRIMITIVE_FACE('',(#7224));
#7226=POLY_LOOP('',(#7222,#7185,#7110));
#7227=FACE_OUTER_BOUND('',#7226,.T.);
#7228=FACETED_PRIMITIVE_FACE('',(#7227));
#7229=POLY_LOOP('',(#7222,#7110,#7146));
#7230=FACE_OUTER_BOUND('',#7229,.T.);
#7231=FACETED_PRIMITIVE_FACE('',(#7230));
#7233=POLY_LOOP('',(#7232,#7189,#7117));
#7234=FACE_OUTER_BOUND('',#7233,.T.);
#7235=FACETED_PRIMITIVE_FACE('',(#7234));
#7236=POLY_LOOP('',(#7232,#7117,#7153));
#7237=FACE_OUTER_BOUND('',#7236,.T.);
#7238=FACETED_PRIMITIVE_FACE('',(#7237));
#7240=POLY_LOOP('',(#7239,#6466,#6398));
#7241=FACE_OUTER_BOUND('',#7240,.T.);
#7242=FACETED_PRIMITIVE_FACE('',(#7241));
#7243=POLY_LOOP('',(#7239,#6470,#6466));
#7244=FACE_OUTER_BOUND('',#7243,.T.);
#7245=FACETED_PRIMITIVE_FACE('',(#7244));
#7246=POLY_LOOP('',(#7239,#6398,#7163));
#7247=FACE_OUTER_BOUND('',#7246,.T.);
#7248=FACETED_PRIMITIVE_FACE('',(#7247));
#7250=POLY_LOOP('',(#7249,#7124,#7173));
#7251=FACE_OUTER_BOUND('',#7250,.T.);
#7252=FACETED_PRIMITIVE_FACE('',(#7251));
#7253=POLY_LOOP('',(#7249,#7173,#7210));
#7254=FACE_OUTER_BOUND('',#7253,.T.);
#7255=FACETED_PRIMITIVE_FACE('',(#7254));
#7256=POLY_LOOP('',(#7249,#7196,#7124));
#7257=FACE_OUTER_BOUND('',#7256,.T.);
#7258=FACETED_PRIMITIVE_FACE('',(#7257));
#7260=POLY_LOOP('',(#7259,#7200,#7185));
#7261=FACE_OUTER_BOUND('',#7260,.T.);
#7262=FACETED_PRIMITIVE_FACE('',(#7261));
#7263=POLY_LOOP('',(#7259,#7185,#7222));
#7264=FACE_OUTER_BOUND('',#7263,.T.);
#7265=FACETED_PRIMITIVE_FACE('',(#7264));
#7267=POLY_LOOP('',(#7266,#7210,#7215));
#7268=FACE_OUTER_BOUND('',#7267,.T.);
#7269=FACETED_PRIMITIVE_FACE('',(#7268));
#7270=POLY_LOOP('',(#7266,#5566,#5570));
#7271=FACE_OUTER_BOUND('',#7270,.T.);
#7272=FACETED_PRIMITIVE_FACE('',(#7271));
#7273=POLY_LOOP('',(#7266,#5570,#5577));
#7274=FACE_OUTER_BOUND('',#7273,.T.);
#7275=FACETED_PRIMITIVE_FACE('',(#7274));
#7276=POLY_LOOP('',(#7266,#6912,#5566));
#7277=FACE_OUTER_BOUND('',#7276,.T.);
#7278=FACETED_PRIMITIVE_FACE('',(#7277));
#7279=POLY_LOOP('',(#7266,#7215,#6912));
#7280=FACE_OUTER_BOUND('',#7279,.T.);
#7281=FACETED_PRIMITIVE_FACE('',(#7280));
#7283=POLY_LOOP('',(#7282,#7189,#7232));
#7284=FACE_OUTER_BOUND('',#7283,.T.);
#7285=FACETED_PRIMITIVE_FACE('',(#7284));
#7286=POLY_LOOP('',(#7282,#7222,#7189));
#7287=FACE_OUTER_BOUND('',#7286,.T.);
#7288=FACETED_PRIMITIVE_FACE('',(#7287));
#7290=POLY_LOOP('',(#7289,#7196,#7249));
#7291=FACE_OUTER_BOUND('',#7290,.T.);
#7292=FACETED_PRIMITIVE_FACE('',(#7291));
#7293=POLY_LOOP('',(#7289,#7153,#7196));
#7294=FACE_OUTER_BOUND('',#7293,.T.);
#7295=FACETED_PRIMITIVE_FACE('',(#7294));
#7296=POLY_LOOP('',(#7289,#7232,#7153));
#7297=FACE_OUTER_BOUND('',#7296,.T.);
#7298=FACETED_PRIMITIVE_FACE('',(#7297));
#7300=POLY_LOOP('',(#7299,#7163,#7200));
#7301=FACE_OUTER_BOUND('',#7300,.T.);
#7302=FACETED_PRIMITIVE_FACE('',(#7301));
#7303=POLY_LOOP('',(#7299,#7239,#7163));
#7304=FACE_OUTER_BOUND('',#7303,.T.);
#7305=FACETED_PRIMITIVE_FACE('',(#7304));
#7307=POLY_LOOP('',(#7306,#7249,#7210));
#7308=FACE_OUTER_BOUND('',#7307,.T.);
#7309=FACETED_PRIMITIVE_FACE('',(#7308));
#7311=POLY_LOOP('',(#7310,#7259,#7222));
#7312=FACE_OUTER_BOUND('',#7311,.T.);
#7313=FACETED_PRIMITIVE_FACE('',(#7312));
#7315=POLY_LOOP('',(#7314,#7282,#7232));
#7316=FACE_OUTER_BOUND('',#7315,.T.);
#7317=FACETED_PRIMITIVE_FACE('',(#7316));
#7318=POLY_LOOP('',(#7314,#7232,#7289));
#7319=FACE_OUTER_BOUND('',#7318,.T.);
#7320=FACETED_PRIMITIVE_FACE('',(#7319));
#7322=POLY_LOOP('',(#7321,#6540,#6470));
#7323=FACE_OUTER_BOUND('',#7322,.T.);
#7324=FACETED_PRIMITIVE_FACE('',(#7323));
#7325=POLY_LOOP('',(#7321,#6544,#6540));
#7326=FACE_OUTER_BOUND('',#7325,.T.);
#7327=FACETED_PRIMITIVE_FACE('',(#7326));
#7328=POLY_LOOP('',(#7321,#6470,#7239));
#7329=FACE_OUTER_BOUND('',#7328,.T.);
#7330=FACETED_PRIMITIVE_FACE('',(#7329));
#7332=POLY_LOOP('',(#7331,#7289,#7249));
#7333=FACE_OUTER_BOUND('',#7332,.T.);
#7334=FACETED_PRIMITIVE_FACE('',(#7333));
#7336=POLY_LOOP('',(#7335,#7200,#7259));
#7337=FACE_OUTER_BOUND('',#7336,.T.);
#7338=FACETED_PRIMITIVE_FACE('',(#7337));
#7339=POLY_LOOP('',(#7335,#7299,#7200));
#7340=FACE_OUTER_BOUND('',#7339,.T.);
#7341=FACETED_PRIMITIVE_FACE('',(#7340));
#7343=POLY_LOOP('',(#7342,#7266,#5577));
#7344=FACE_OUTER_BOUND('',#7343,.T.);
#7345=FACETED_PRIMITIVE_FACE('',(#7344));
#7346=POLY_LOOP('',(#7342,#7306,#7210));
#7347=FACE_OUTER_BOUND('',#7346,.T.);
#7348=FACETED_PRIMITIVE_FACE('',(#7347));
#7349=POLY_LOOP('',(#7342,#7210,#7266));
#7350=FACE_OUTER_BOUND('',#7349,.T.);
#7351=FACETED_PRIMITIVE_FACE('',(#7350));
#7352=POLY_LOOP('',(#7342,#5577,#5584));
#7353=FACE_OUTER_BOUND('',#7352,.T.);
#7354=FACETED_PRIMITIVE_FACE('',(#7353));
#7355=POLY_LOOP('',(#7342,#5584,#5594));
#7356=FACE_OUTER_BOUND('',#7355,.T.);
#7357=FACETED_PRIMITIVE_FACE('',(#7356));
#7359=POLY_LOOP('',(#7358,#7222,#7282));
#7360=FACE_OUTER_BOUND('',#7359,.T.);
#7361=FACETED_PRIMITIVE_FACE('',(#7360));
#7362=POLY_LOOP('',(#7358,#7310,#7222));
#7363=FACE_OUTER_BOUND('',#7362,.T.);
#7364=FACETED_PRIMITIVE_FACE('',(#7363));
#7366=POLY_LOOP('',(#7365,#7314,#7289));
#7367=FACE_OUTER_BOUND('',#7366,.T.);
#7368=FACETED_PRIMITIVE_FACE('',(#7367));
#7370=POLY_LOOP('',(#7369,#7321,#7239));
#7371=FACE_OUTER_BOUND('',#7370,.T.);
#7372=FACETED_PRIMITIVE_FACE('',(#7371));
#7373=POLY_LOOP('',(#7369,#7239,#7299));
#7374=FACE_OUTER_BOUND('',#7373,.T.);
#7375=FACETED_PRIMITIVE_FACE('',(#7374));
#7377=POLY_LOOP('',(#7376,#7249,#7306));
#7378=FACE_OUTER_BOUND('',#7377,.T.);
#7379=FACETED_PRIMITIVE_FACE('',(#7378));
#7380=POLY_LOOP('',(#7376,#7331,#7249));
#7381=FACE_OUTER_BOUND('',#7380,.T.);
#7382=FACETED_PRIMITIVE_FACE('',(#7381));
#7384=POLY_LOOP('',(#7383,#7335,#7259));
#7385=FACE_OUTER_BOUND('',#7384,.T.);
#7386=FACETED_PRIMITIVE_FACE('',(#7385));
#7387=POLY_LOOP('',(#7383,#7259,#7310));
#7388=FACE_OUTER_BOUND('',#7387,.T.);
#7389=FACETED_PRIMITIVE_FACE('',(#7388));
#7391=POLY_LOOP('',(#7390,#7282,#7314));
#7392=FACE_OUTER_BOUND('',#7391,.T.);
#7393=FACETED_PRIMITIVE_FACE('',(#7392));
#7394=POLY_LOOP('',(#7390,#7358,#7282));
#7395=FACE_OUTER_BOUND('',#7394,.T.);
#7396=FACETED_PRIMITIVE_FACE('',(#7395));
#7397=POLY_LOOP('',(#7390,#7314,#7365));
#7398=FACE_OUTER_BOUND('',#7397,.T.);
#7399=FACETED_PRIMITIVE_FACE('',(#7398));
#7401=POLY_LOOP('',(#7400,#6597,#6544));
#7402=FACE_OUTER_BOUND('',#7401,.T.);
#7403=FACETED_PRIMITIVE_FACE('',(#7402));
#7404=POLY_LOOP('',(#7400,#6601,#6597));
#7405=FACE_OUTER_BOUND('',#7404,.T.);
#7406=FACETED_PRIMITIVE_FACE('',(#7405));
#7407=POLY_LOOP('',(#7400,#6544,#7321));
#7408=FACE_OUTER_BOUND('',#7407,.T.);
#7409=FACETED_PRIMITIVE_FACE('',(#7408));
#7410=POLY_LOOP('',(#7400,#7321,#7369));
#7411=FACE_OUTER_BOUND('',#7410,.T.);
#7412=FACETED_PRIMITIVE_FACE('',(#7411));
#7414=POLY_LOOP('',(#7413,#7331,#7376));
#7415=FACE_OUTER_BOUND('',#7414,.T.);
#7416=FACETED_PRIMITIVE_FACE('',(#7415));
#7417=POLY_LOOP('',(#7413,#7365,#7289));
#7418=FACE_OUTER_BOUND('',#7417,.T.);
#7419=FACETED_PRIMITIVE_FACE('',(#7418));
#7420=POLY_LOOP('',(#7413,#7289,#7331));
#7421=FACE_OUTER_BOUND('',#7420,.T.);
#7422=FACETED_PRIMITIVE_FACE('',(#7421));
#7424=POLY_LOOP('',(#7423,#7369,#7299));
#7425=FACE_OUTER_BOUND('',#7424,.T.);
#7426=FACETED_PRIMITIVE_FACE('',(#7425));
#7427=POLY_LOOP('',(#7423,#7335,#7383));
#7428=FACE_OUTER_BOUND('',#7427,.T.);
#7429=FACETED_PRIMITIVE_FACE('',(#7428));
#7430=POLY_LOOP('',(#7423,#7299,#7335));
#7431=FACE_OUTER_BOUND('',#7430,.T.);
#7432=FACETED_PRIMITIVE_FACE('',(#7431));
#7434=POLY_LOOP('',(#7433,#7376,#7306));
#7435=FACE_OUTER_BOUND('',#7434,.T.);
#7436=FACETED_PRIMITIVE_FACE('',(#7435));
#7437=POLY_LOOP('',(#7433,#7342,#5594));
#7438=FACE_OUTER_BOUND('',#7437,.T.);
#7439=FACETED_PRIMITIVE_FACE('',(#7438));
#7440=POLY_LOOP('',(#7433,#5594,#5601));
#7441=FACE_OUTER_BOUND('',#7440,.T.);
#7442=FACETED_PRIMITIVE_FACE('',(#7441));
#7443=POLY_LOOP('',(#7433,#5601,#5608));
#7444=FACE_OUTER_BOUND('',#7443,.T.);
#7445=FACETED_PRIMITIVE_FACE('',(#7444));
#7446=POLY_LOOP('',(#7433,#7306,#7342));
#7447=FACE_OUTER_BOUND('',#7446,.T.);
#7448=FACETED_PRIMITIVE_FACE('',(#7447));
#7450=POLY_LOOP('',(#7449,#7383,#7310));
#7451=FACE_OUTER_BOUND('',#7450,.T.);
#7452=FACETED_PRIMITIVE_FACE('',(#7451));
#7453=POLY_LOOP('',(#7449,#7310,#7358));
#7454=FACE_OUTER_BOUND('',#7453,.T.);
#7455=FACETED_PRIMITIVE_FACE('',(#7454));
#7456=POLY_LOOP('',(#7449,#7358,#7390));
#7457=FACE_OUTER_BOUND('',#7456,.T.);
#7458=FACETED_PRIMITIVE_FACE('',(#7457));
#7460=POLY_LOOP('',(#7459,#7390,#7365));
#7461=FACE_OUTER_BOUND('',#7460,.T.);
#7462=FACETED_PRIMITIVE_FACE('',(#7461));
#7464=POLY_LOOP('',(#7463,#7400,#7369));
#7465=FACE_OUTER_BOUND('',#7464,.T.);
#7466=FACETED_PRIMITIVE_FACE('',(#7465));
#7468=POLY_LOOP('',(#7467,#7413,#7376));
#7469=FACE_OUTER_BOUND('',#7468,.T.);
#7470=FACETED_PRIMITIVE_FACE('',(#7469));
#7471=POLY_LOOP('',(#7467,#7376,#7433));
#7472=FACE_OUTER_BOUND('',#7471,.T.);
#7473=FACETED_PRIMITIVE_FACE('',(#7472));
#7475=POLY_LOOP('',(#7474,#7423,#7383));
#7476=FACE_OUTER_BOUND('',#7475,.T.);
#7477=FACETED_PRIMITIVE_FACE('',(#7476));
#7479=POLY_LOOP('',(#7478,#7449,#7390));
#7480=FACE_OUTER_BOUND('',#7479,.T.);
#7481=FACETED_PRIMITIVE_FACE('',(#7480));
#7482=POLY_LOOP('',(#7478,#7390,#7459));
#7483=FACE_OUTER_BOUND('',#7482,.T.);
#7484=FACETED_PRIMITIVE_FACE('',(#7483));
#7486=POLY_LOOP('',(#7485,#6631,#6601));
#7487=FACE_OUTER_BOUND('',#7486,.T.);
#7488=FACETED_PRIMITIVE_FACE('',(#7487));
#7489=POLY_LOOP('',(#7485,#5759,#6631));
#7490=FACE_OUTER_BOUND('',#7489,.T.);
#7491=FACETED_PRIMITIVE_FACE('',(#7490));
#7492=POLY_LOOP('',(#7485,#6944,#5759));
#7493=FACE_OUTER_BOUND('',#7492,.T.);
#7494=FACETED_PRIMITIVE_FACE('',(#7493));
#7496=POLY_LOOP('',(#7485,#7495,#6944));
#7497=FACE_OUTER_BOUND('',#7496,.T.);
#7498=FACETED_PRIMITIVE_FACE('',(#7497));
#7499=POLY_LOOP('',(#7485,#6601,#7400));
#7500=FACE_OUTER_BOUND('',#7499,.T.);
#7501=FACETED_PRIMITIVE_FACE('',(#7500));
#7503=POLY_LOOP('',(#7502,#7365,#7413));
#7504=FACE_OUTER_BOUND('',#7503,.T.);
#7505=FACETED_PRIMITIVE_FACE('',(#7504));
#7506=POLY_LOOP('',(#7502,#7459,#7365));
#7507=FACE_OUTER_BOUND('',#7506,.T.);
#7508=FACETED_PRIMITIVE_FACE('',(#7507));
#7510=POLY_LOOP('',(#7509,#7463,#7369));
#7511=FACE_OUTER_BOUND('',#7510,.T.);
#7512=FACETED_PRIMITIVE_FACE('',(#7511));
#7513=POLY_LOOP('',(#7509,#7369,#7423));
#7514=FACE_OUTER_BOUND('',#7513,.T.);
#7515=FACETED_PRIMITIVE_FACE('',(#7514));
#7517=POLY_LOOP('',(#7516,#7433,#5608));
#7518=FACE_OUTER_BOUND('',#7517,.T.);
#7519=FACETED_PRIMITIVE_FACE('',(#7518));
#7520=POLY_LOOP('',(#7516,#7467,#7433));
#7521=FACE_OUTER_BOUND('',#7520,.T.);
#7522=FACETED_PRIMITIVE_FACE('',(#7521));
#7523=POLY_LOOP('',(#7516,#5608,#5615));
#7524=FACE_OUTER_BOUND('',#7523,.T.);
#7525=FACETED_PRIMITIVE_FACE('',(#7524));
#7526=POLY_LOOP('',(#7516,#5615,#5622));
#7527=FACE_OUTER_BOUND('',#7526,.T.);
#7528=FACETED_PRIMITIVE_FACE('',(#7527));
#7530=POLY_LOOP('',(#7529,#7383,#7449));
#7531=FACE_OUTER_BOUND('',#7530,.T.);
#7532=FACETED_PRIMITIVE_FACE('',(#7531));
#7533=POLY_LOOP('',(#7529,#7474,#7383));
#7534=FACE_OUTER_BOUND('',#7533,.T.);
#7535=FACETED_PRIMITIVE_FACE('',(#7534));
#7536=POLY_LOOP('',(#7529,#7449,#7478));
#7537=FACE_OUTER_BOUND('',#7536,.T.);
#7538=FACETED_PRIMITIVE_FACE('',(#7537));
#7540=POLY_LOOP('',(#7539,#7478,#7459));
#7541=FACE_OUTER_BOUND('',#7540,.T.);
#7542=FACETED_PRIMITIVE_FACE('',(#7541));
#7545=POLY_LOOP('',(#7543,#7544,#7495));
#7546=FACE_OUTER_BOUND('',#7545,.T.);
#7547=FACETED_PRIMITIVE_FACE('',(#7546));
#7548=POLY_LOOP('',(#7543,#7495,#7485));
#7549=FACE_OUTER_BOUND('',#7548,.T.);
#7550=FACETED_PRIMITIVE_FACE('',(#7549));
#7552=POLY_LOOP('',(#7543,#7551,#7544));
#7553=FACE_OUTER_BOUND('',#7552,.T.);
#7554=FACETED_PRIMITIVE_FACE('',(#7553));
#7555=POLY_LOOP('',(#7543,#7400,#7463));
#7556=FACE_OUTER_BOUND('',#7555,.T.);
#7557=FACETED_PRIMITIVE_FACE('',(#7556));
#7558=POLY_LOOP('',(#7543,#7485,#7400));
#7559=FACE_OUTER_BOUND('',#7558,.T.);
#7560=FACETED_PRIMITIVE_FACE('',(#7559));
#7562=POLY_LOOP('',(#7561,#7413,#7467));
#7563=FACE_OUTER_BOUND('',#7562,.T.);
#7564=FACETED_PRIMITIVE_FACE('',(#7563));
#7565=POLY_LOOP('',(#7561,#7502,#7413));
#7566=FACE_OUTER_BOUND('',#7565,.T.);
#7567=FACETED_PRIMITIVE_FACE('',(#7566));
#7569=POLY_LOOP('',(#7568,#7423,#7474));
#7570=FACE_OUTER_BOUND('',#7569,.T.);
#7571=FACETED_PRIMITIVE_FACE('',(#7570));
#7572=POLY_LOOP('',(#7568,#7474,#7529));
#7573=FACE_OUTER_BOUND('',#7572,.T.);
#7574=FACETED_PRIMITIVE_FACE('',(#7573));
#7575=POLY_LOOP('',(#7568,#7509,#7423));
#7576=FACE_OUTER_BOUND('',#7575,.T.);
#7577=FACETED_PRIMITIVE_FACE('',(#7576));
#7579=POLY_LOOP('',(#7578,#7529,#7478));
#7580=FACE_OUTER_BOUND('',#7579,.T.);
#7581=FACETED_PRIMITIVE_FACE('',(#7580));
#7583=POLY_LOOP('',(#7582,#7459,#7502));
#7584=FACE_OUTER_BOUND('',#7583,.T.);
#7585=FACETED_PRIMITIVE_FACE('',(#7584));
#7586=POLY_LOOP('',(#7582,#7539,#7459));
#7587=FACE_OUTER_BOUND('',#7586,.T.);
#7588=FACETED_PRIMITIVE_FACE('',(#7587));
#7591=POLY_LOOP('',(#7589,#7590,#7551));
#7592=FACE_OUTER_BOUND('',#7591,.T.);
#7593=FACETED_PRIMITIVE_FACE('',(#7592));
#7594=POLY_LOOP('',(#7589,#7551,#7543));
#7595=FACE_OUTER_BOUND('',#7594,.T.);
#7596=FACETED_PRIMITIVE_FACE('',(#7595));
#7598=POLY_LOOP('',(#7589,#7597,#7590));
#7599=FACE_OUTER_BOUND('',#7598,.T.);
#7600=FACETED_PRIMITIVE_FACE('',(#7599));
#7601=POLY_LOOP('',(#7589,#7463,#7509));
#7602=FACE_OUTER_BOUND('',#7601,.T.);
#7603=FACETED_PRIMITIVE_FACE('',(#7602));
#7604=POLY_LOOP('',(#7589,#7543,#7463));
#7605=FACE_OUTER_BOUND('',#7604,.T.);
#7606=FACETED_PRIMITIVE_FACE('',(#7605));
#7608=POLY_LOOP('',(#7607,#7467,#7516));
#7609=FACE_OUTER_BOUND('',#7608,.T.);
#7610=FACETED_PRIMITIVE_FACE('',(#7609));
#7611=POLY_LOOP('',(#7607,#5622,#5632));
#7612=FACE_OUTER_BOUND('',#7611,.T.);
#7613=FACETED_PRIMITIVE_FACE('',(#7612));
#7614=POLY_LOOP('',(#7607,#5632,#5636));
#7615=FACE_OUTER_BOUND('',#7614,.T.);
#7616=FACETED_PRIMITIVE_FACE('',(#7615));
#7617=POLY_LOOP('',(#7607,#7561,#7467));
#7618=FACE_OUTER_BOUND('',#7617,.T.);
#7619=FACETED_PRIMITIVE_FACE('',(#7618));
#7620=POLY_LOOP('',(#7607,#7516,#5622));
#7621=FACE_OUTER_BOUND('',#7620,.T.);
#7622=FACETED_PRIMITIVE_FACE('',(#7621));
#7624=POLY_LOOP('',(#7623,#7568,#7529));
#7625=FACE_OUTER_BOUND('',#7624,.T.);
#7626=FACETED_PRIMITIVE_FACE('',(#7625));
#7628=POLY_LOOP('',(#7627,#7478,#7539));
#7629=FACE_OUTER_BOUND('',#7628,.T.);
#7630=FACETED_PRIMITIVE_FACE('',(#7629));
#7631=POLY_LOOP('',(#7627,#7578,#7478));
#7632=FACE_OUTER_BOUND('',#7631,.T.);
#7633=FACETED_PRIMITIVE_FACE('',(#7632));
#7635=POLY_LOOP('',(#7634,#7502,#7561));
#7636=FACE_OUTER_BOUND('',#7635,.T.);
#7637=FACETED_PRIMITIVE_FACE('',(#7636));
#7638=POLY_LOOP('',(#7634,#7582,#7502));
#7639=FACE_OUTER_BOUND('',#7638,.T.);
#7640=FACETED_PRIMITIVE_FACE('',(#7639));
#7641=POLY_LOOP('',(#7634,#7561,#7607));
#7642=FACE_OUTER_BOUND('',#7641,.T.);
#7643=FACETED_PRIMITIVE_FACE('',(#7642));
#7646=POLY_LOOP('',(#7644,#7645,#7597));
#7647=FACE_OUTER_BOUND('',#7646,.T.);
#7648=FACETED_PRIMITIVE_FACE('',(#7647));
#7650=POLY_LOOP('',(#7644,#7649,#7645));
#7651=FACE_OUTER_BOUND('',#7650,.T.);
#7652=FACETED_PRIMITIVE_FACE('',(#7651));
#7653=POLY_LOOP('',(#7644,#7597,#7589));
#7654=FACE_OUTER_BOUND('',#7653,.T.);
#7655=FACETED_PRIMITIVE_FACE('',(#7654));
#7656=POLY_LOOP('',(#7644,#7509,#7568));
#7657=FACE_OUTER_BOUND('',#7656,.T.);
#7658=FACETED_PRIMITIVE_FACE('',(#7657));
#7659=POLY_LOOP('',(#7644,#7589,#7509));
#7660=FACE_OUTER_BOUND('',#7659,.T.);
#7661=FACETED_PRIMITIVE_FACE('',(#7660));
#7663=POLY_LOOP('',(#7662,#7623,#7529));
#7664=FACE_OUTER_BOUND('',#7663,.T.);
#7665=FACETED_PRIMITIVE_FACE('',(#7664));
#7666=POLY_LOOP('',(#7662,#7529,#7578));
#7667=FACE_OUTER_BOUND('',#7666,.T.);
#7668=FACETED_PRIMITIVE_FACE('',(#7667));
#7670=POLY_LOOP('',(#7669,#7627,#7539));
#7671=FACE_OUTER_BOUND('',#7670,.T.);
#7672=FACETED_PRIMITIVE_FACE('',(#7671));
#7673=POLY_LOOP('',(#7669,#7582,#7634));
#7674=FACE_OUTER_BOUND('',#7673,.T.);
#7675=FACETED_PRIMITIVE_FACE('',(#7674));
#7676=POLY_LOOP('',(#7669,#7539,#7582));
#7677=FACE_OUTER_BOUND('',#7676,.T.);
#7678=FACETED_PRIMITIVE_FACE('',(#7677));
#7680=POLY_LOOP('',(#7679,#7634,#7607));
#7681=FACE_OUTER_BOUND('',#7680,.T.);
#7682=FACETED_PRIMITIVE_FACE('',(#7681));
#7683=POLY_LOOP('',(#7679,#5636,#5653));
#7684=FACE_OUTER_BOUND('',#7683,.T.);
#7685=FACETED_PRIMITIVE_FACE('',(#7684));
#7686=POLY_LOOP('',(#7679,#5653,#5664));
#7687=FACE_OUTER_BOUND('',#7686,.T.);
#7688=FACETED_PRIMITIVE_FACE('',(#7687));
#7689=POLY_LOOP('',(#7679,#7607,#5636));
#7690=FACE_OUTER_BOUND('',#7689,.T.);
#7691=FACETED_PRIMITIVE_FACE('',(#7690));
#7693=POLY_LOOP('',(#7692,#7644,#7568));
#7694=FACE_OUTER_BOUND('',#7693,.T.);
#7695=FACETED_PRIMITIVE_FACE('',(#7694));
#7697=POLY_LOOP('',(#7692,#7696,#7649));
#7698=FACE_OUTER_BOUND('',#7697,.T.);
#7699=FACETED_PRIMITIVE_FACE('',(#7698));
#7701=POLY_LOOP('',(#7692,#7700,#7696));
#7702=FACE_OUTER_BOUND('',#7701,.T.);
#7703=FACETED_PRIMITIVE_FACE('',(#7702));
#7704=POLY_LOOP('',(#7692,#7649,#7644));
#7705=FACE_OUTER_BOUND('',#7704,.T.);
#7706=FACETED_PRIMITIVE_FACE('',(#7705));
#7707=POLY_LOOP('',(#7692,#7568,#7623));
#7708=FACE_OUTER_BOUND('',#7707,.T.);
#7709=FACETED_PRIMITIVE_FACE('',(#7708));
#7711=POLY_LOOP('',(#7710,#7662,#7578));
#7712=FACE_OUTER_BOUND('',#7711,.T.);
#7713=FACETED_PRIMITIVE_FACE('',(#7712));
#7714=POLY_LOOP('',(#7710,#7578,#7627));
#7715=FACE_OUTER_BOUND('',#7714,.T.);
#7716=FACETED_PRIMITIVE_FACE('',(#7715));
#7718=POLY_LOOP('',(#7717,#7669,#7634));
#7719=FACE_OUTER_BOUND('',#7718,.T.);
#7720=FACETED_PRIMITIVE_FACE('',(#7719));
#7722=POLY_LOOP('',(#7721,#7692,#7623));
#7723=FACE_OUTER_BOUND('',#7722,.T.);
#7724=FACETED_PRIMITIVE_FACE('',(#7723));
#7725=POLY_LOOP('',(#7721,#7623,#7662));
#7726=FACE_OUTER_BOUND('',#7725,.T.);
#7727=FACETED_PRIMITIVE_FACE('',(#7726));
#7729=POLY_LOOP('',(#7721,#7728,#7700));
#7730=FACE_OUTER_BOUND('',#7729,.T.);
#7731=FACETED_PRIMITIVE_FACE('',(#7730));
#7733=POLY_LOOP('',(#7721,#7732,#7728));
#7734=FACE_OUTER_BOUND('',#7733,.T.);
#7735=FACETED_PRIMITIVE_FACE('',(#7734));
#7736=POLY_LOOP('',(#7721,#7662,#7710));
#7737=FACE_OUTER_BOUND('',#7736,.T.);
#7738=FACETED_PRIMITIVE_FACE('',(#7737));
#7739=POLY_LOOP('',(#7721,#7700,#7692));
#7740=FACE_OUTER_BOUND('',#7739,.T.);
#7741=FACETED_PRIMITIVE_FACE('',(#7740));
#7743=POLY_LOOP('',(#7742,#7710,#7627));
#7744=FACE_OUTER_BOUND('',#7743,.T.);
#7745=FACETED_PRIMITIVE_FACE('',(#7744));
#7746=POLY_LOOP('',(#7742,#7627,#7669));
#7747=FACE_OUTER_BOUND('',#7746,.T.);
#7748=FACETED_PRIMITIVE_FACE('',(#7747));
#7750=POLY_LOOP('',(#7749,#7634,#7679));
#7751=FACE_OUTER_BOUND('',#7750,.T.);
#7752=FACETED_PRIMITIVE_FACE('',(#7751));
#7753=POLY_LOOP('',(#7749,#7717,#7634));
#7754=FACE_OUTER_BOUND('',#7753,.T.);
#7755=FACETED_PRIMITIVE_FACE('',(#7754));
#7756=POLY_LOOP('',(#7749,#7679,#5664));
#7757=FACE_OUTER_BOUND('',#7756,.T.);
#7758=FACETED_PRIMITIVE_FACE('',(#7757));
#7759=POLY_LOOP('',(#7749,#5664,#5681));
#7760=FACE_OUTER_BOUND('',#7759,.T.);
#7761=FACETED_PRIMITIVE_FACE('',(#7760));
#7762=POLY_LOOP('',(#7749,#5681,#5692));
#7763=FACE_OUTER_BOUND('',#7762,.T.);
#7764=FACETED_PRIMITIVE_FACE('',(#7763));
#7766=POLY_LOOP('',(#7765,#7732,#7721));
#7767=FACE_OUTER_BOUND('',#7766,.T.);
#7768=FACETED_PRIMITIVE_FACE('',(#7767));
#7769=POLY_LOOP('',(#7765,#7710,#7742));
#7770=FACE_OUTER_BOUND('',#7769,.T.);
#7771=FACETED_PRIMITIVE_FACE('',(#7770));
#7772=POLY_LOOP('',(#7765,#7721,#7710));
#7773=FACE_OUTER_BOUND('',#7772,.T.);
#7774=FACETED_PRIMITIVE_FACE('',(#7773));
#7776=POLY_LOOP('',(#7765,#7775,#7732));
#7777=FACE_OUTER_BOUND('',#7776,.T.);
#7778=FACETED_PRIMITIVE_FACE('',(#7777));
#7780=POLY_LOOP('',(#7765,#7779,#7775));
#7781=FACE_OUTER_BOUND('',#7780,.T.);
#7782=FACETED_PRIMITIVE_FACE('',(#7781));
#7784=POLY_LOOP('',(#7783,#7669,#7717));
#7785=FACE_OUTER_BOUND('',#7784,.T.);
#7786=FACETED_PRIMITIVE_FACE('',(#7785));
#7787=POLY_LOOP('',(#7783,#7717,#7749));
#7788=FACE_OUTER_BOUND('',#7787,.T.);
#7789=FACETED_PRIMITIVE_FACE('',(#7788));
#7790=POLY_LOOP('',(#7783,#7742,#7669));
#7791=FACE_OUTER_BOUND('',#7790,.T.);
#7792=FACETED_PRIMITIVE_FACE('',(#7791));
#7794=POLY_LOOP('',(#7793,#7765,#7742));
#7795=FACE_OUTER_BOUND('',#7794,.T.);
#7796=FACETED_PRIMITIVE_FACE('',(#7795));
#7797=POLY_LOOP('',(#7793,#7742,#7783));
#7798=FACE_OUTER_BOUND('',#7797,.T.);
#7799=FACETED_PRIMITIVE_FACE('',(#7798));
#7801=POLY_LOOP('',(#7793,#7800,#7779));
#7802=FACE_OUTER_BOUND('',#7801,.T.);
#7803=FACETED_PRIMITIVE_FACE('',(#7802));
#7805=POLY_LOOP('',(#7793,#7804,#7800));
#7806=FACE_OUTER_BOUND('',#7805,.T.);
#7807=FACETED_PRIMITIVE_FACE('',(#7806));
#7808=POLY_LOOP('',(#7793,#7779,#7765));
#7809=FACE_OUTER_BOUND('',#7808,.T.);
#7810=FACETED_PRIMITIVE_FACE('',(#7809));
#7812=POLY_LOOP('',(#7811,#7783,#7749));
#7813=FACE_OUTER_BOUND('',#7812,.T.);
#7814=FACETED_PRIMITIVE_FACE('',(#7813));
#7815=POLY_LOOP('',(#7811,#7749,#5692));
#7816=FACE_OUTER_BOUND('',#7815,.T.);
#7817=FACETED_PRIMITIVE_FACE('',(#7816));
#7818=POLY_LOOP('',(#7811,#5692,#5699));
#7819=FACE_OUTER_BOUND('',#7818,.T.);
#7820=FACETED_PRIMITIVE_FACE('',(#7819));
#7821=POLY_LOOP('',(#7811,#5699,#5688));
#7822=FACE_OUTER_BOUND('',#7821,.T.);
#7823=FACETED_PRIMITIVE_FACE('',(#7822));
#7825=POLY_LOOP('',(#7824,#7793,#7783));
#7826=FACE_OUTER_BOUND('',#7825,.T.);
#7827=FACETED_PRIMITIVE_FACE('',(#7826));
#7829=POLY_LOOP('',(#7824,#7828,#7804));
#7830=FACE_OUTER_BOUND('',#7829,.T.);
#7831=FACETED_PRIMITIVE_FACE('',(#7830));
#7832=POLY_LOOP('',(#7824,#6952,#7828));
#7833=FACE_OUTER_BOUND('',#7832,.T.);
#7834=FACETED_PRIMITIVE_FACE('',(#7833));
#7835=POLY_LOOP('',(#7824,#7804,#7793));
#7836=FACE_OUTER_BOUND('',#7835,.T.);
#7837=FACETED_PRIMITIVE_FACE('',(#7836));
#7839=POLY_LOOP('',(#7838,#7783,#7811));
#7840=FACE_OUTER_BOUND('',#7839,.T.);
#7841=FACETED_PRIMITIVE_FACE('',(#7840));
#7842=POLY_LOOP('',(#7838,#7824,#7783));
#7843=FACE_OUTER_BOUND('',#7842,.T.);
#7844=FACETED_PRIMITIVE_FACE('',(#7843));
#7845=POLY_LOOP('',(#7838,#7811,#5688));
#7846=FACE_OUTER_BOUND('',#7845,.T.);
#7847=FACETED_PRIMITIVE_FACE('',(#7846));
#7848=POLY_LOOP('',(#7838,#5688,#5671));
#7849=FACE_OUTER_BOUND('',#7848,.T.);
#7850=FACETED_PRIMITIVE_FACE('',(#7849));
#7851=POLY_LOOP('',(#7838,#5671,#5657));
#7852=FACE_OUTER_BOUND('',#7851,.T.);
#7853=FACETED_PRIMITIVE_FACE('',(#7852));
#7854=POLY_LOOP('',(#7838,#6952,#7824));
#7855=FACE_OUTER_BOUND('',#7854,.T.);
#7856=FACETED_PRIMITIVE_FACE('',(#7855));
#7857=POLY_LOOP('',(#7838,#5657,#6952));
#7858=FACE_OUTER_BOUND('',#7857,.T.);
#7859=FACETED_PRIMITIVE_FACE('',(#7858));
#7862=POLY_LOOP('',(#7551,#7860,#7861));
#7863=FACE_OUTER_BOUND('',#7862,.T.);
#7864=FACETED_PRIMITIVE_FACE('',(#7863));
#7865=POLY_LOOP('',(#7544,#7551,#7861));
#7866=FACE_OUTER_BOUND('',#7865,.T.);
#7867=FACETED_PRIMITIVE_FACE('',(#7866));
#7869=POLY_LOOP('',(#7495,#7861,#7868));
#7870=FACE_OUTER_BOUND('',#7869,.T.);
#7871=FACETED_PRIMITIVE_FACE('',(#7870));
#7872=POLY_LOOP('',(#7495,#7544,#7861));
#7873=FACE_OUTER_BOUND('',#7872,.T.);
#7874=FACETED_PRIMITIVE_FACE('',(#7873));
#7876=POLY_LOOP('',(#7590,#7875,#7860));
#7877=FACE_OUTER_BOUND('',#7876,.T.);
#7878=FACETED_PRIMITIVE_FACE('',(#7877));
#7879=POLY_LOOP('',(#7590,#7860,#7551));
#7880=FACE_OUTER_BOUND('',#7879,.T.);
#7881=FACETED_PRIMITIVE_FACE('',(#7880));
#7882=POLY_LOOP('',(#6944,#7495,#7868));
#7883=FACE_OUTER_BOUND('',#7882,.T.);
#7884=FACETED_PRIMITIVE_FACE('',(#7883));
#7886=POLY_LOOP('',(#7885,#6944,#7868));
#7887=FACE_OUTER_BOUND('',#7886,.T.);
#7888=FACETED_PRIMITIVE_FACE('',(#7887));
#7890=POLY_LOOP('',(#7597,#7889,#7875));
#7891=FACE_OUTER_BOUND('',#7890,.T.);
#7892=FACETED_PRIMITIVE_FACE('',(#7891));
#7893=POLY_LOOP('',(#7597,#7875,#7590));
#7894=FACE_OUTER_BOUND('',#7893,.T.);
#7895=FACETED_PRIMITIVE_FACE('',(#7894));
#7896=POLY_LOOP('',(#6940,#6944,#7885));
#7897=FACE_OUTER_BOUND('',#7896,.T.);
#7898=FACETED_PRIMITIVE_FACE('',(#7897));
#7900=POLY_LOOP('',(#6936,#7885,#7899));
#7901=FACE_OUTER_BOUND('',#7900,.T.);
#7902=FACETED_PRIMITIVE_FACE('',(#7901));
#7903=POLY_LOOP('',(#6936,#6940,#7885));
#7904=FACE_OUTER_BOUND('',#7903,.T.);
#7905=FACETED_PRIMITIVE_FACE('',(#7904));
#7907=POLY_LOOP('',(#7645,#7906,#7889));
#7908=FACE_OUTER_BOUND('',#7907,.T.);
#7909=FACETED_PRIMITIVE_FACE('',(#7908));
#7910=POLY_LOOP('',(#7645,#7889,#7597));
#7911=FACE_OUTER_BOUND('',#7910,.T.);
#7912=FACETED_PRIMITIVE_FACE('',(#7911));
#7913=POLY_LOOP('',(#6932,#6936,#7899));
#7914=FACE_OUTER_BOUND('',#7913,.T.);
#7915=FACETED_PRIMITIVE_FACE('',(#7914));
#7917=POLY_LOOP('',(#7916,#6932,#7899));
#7918=FACE_OUTER_BOUND('',#7917,.T.);
#7919=FACETED_PRIMITIVE_FACE('',(#7918));
#7920=POLY_LOOP('',(#6928,#6932,#7916));
#7921=FACE_OUTER_BOUND('',#7920,.T.);
#7922=FACETED_PRIMITIVE_FACE('',(#7921));
#7924=POLY_LOOP('',(#7649,#7923,#7906));
#7925=FACE_OUTER_BOUND('',#7924,.T.);
#7926=FACETED_PRIMITIVE_FACE('',(#7925));
#7927=POLY_LOOP('',(#7649,#7906,#7645));
#7928=FACE_OUTER_BOUND('',#7927,.T.);
#7929=FACETED_PRIMITIVE_FACE('',(#7928));
#7931=POLY_LOOP('',(#7930,#6928,#7916));
#7932=FACE_OUTER_BOUND('',#7931,.T.);
#7933=FACETED_PRIMITIVE_FACE('',(#7932));
#7934=POLY_LOOP('',(#4814,#6928,#7930));
#7935=FACE_OUTER_BOUND('',#7934,.T.);
#7936=FACETED_PRIMITIVE_FACE('',(#7935));
#7937=POLY_LOOP('',(#7696,#7923,#7649));
#7938=FACE_OUTER_BOUND('',#7937,.T.);
#7939=FACETED_PRIMITIVE_FACE('',(#7938));
#7941=POLY_LOOP('',(#7696,#7940,#7923));
#7942=FACE_OUTER_BOUND('',#7941,.T.);
#7943=FACETED_PRIMITIVE_FACE('',(#7942));
#7944=POLY_LOOP('',(#7700,#7940,#7696));
#7945=FACE_OUTER_BOUND('',#7944,.T.);
#7946=FACETED_PRIMITIVE_FACE('',(#7945));
#7948=POLY_LOOP('',(#7700,#7947,#7940));
#7949=FACE_OUTER_BOUND('',#7948,.T.);
#7950=FACETED_PRIMITIVE_FACE('',(#7949));
#7951=POLY_LOOP('',(#7728,#7947,#7700));
#7952=FACE_OUTER_BOUND('',#7951,.T.);
#7953=FACETED_PRIMITIVE_FACE('',(#7952));
#7955=POLY_LOOP('',(#7954,#7947,#7728));
#7956=FACE_OUTER_BOUND('',#7955,.T.);
#7957=FACETED_PRIMITIVE_FACE('',(#7956));
#7958=POLY_LOOP('',(#7732,#7954,#7728));
#7959=FACE_OUTER_BOUND('',#7958,.T.);
#7960=FACETED_PRIMITIVE_FACE('',(#7959));
#7962=POLY_LOOP('',(#7961,#7954,#7732));
#7963=FACE_OUTER_BOUND('',#7962,.T.);
#7964=FACETED_PRIMITIVE_FACE('',(#7963));
#7965=POLY_LOOP('',(#7775,#7961,#7732));
#7966=FACE_OUTER_BOUND('',#7965,.T.);
#7967=FACETED_PRIMITIVE_FACE('',(#7966));
#7969=POLY_LOOP('',(#7968,#7961,#7775));
#7970=FACE_OUTER_BOUND('',#7969,.T.);
#7971=FACETED_PRIMITIVE_FACE('',(#7970));
#7972=POLY_LOOP('',(#7779,#7968,#7775));
#7973=FACE_OUTER_BOUND('',#7972,.T.);
#7974=FACETED_PRIMITIVE_FACE('',(#7973));
#7975=POLY_LOOP('',(#4863,#4814,#7930));
#7976=FACE_OUTER_BOUND('',#7975,.T.);
#7977=FACETED_PRIMITIVE_FACE('',(#7976));
#7978=POLY_LOOP('',(#4863,#7930,#102));
#7979=FACE_OUTER_BOUND('',#7978,.T.);
#7980=FACETED_PRIMITIVE_FACE('',(#7979));
#7982=POLY_LOOP('',(#7981,#7968,#7779));
#7983=FACE_OUTER_BOUND('',#7982,.T.);
#7984=FACETED_PRIMITIVE_FACE('',(#7983));
#7985=POLY_LOOP('',(#7800,#7981,#7779));
#7986=FACE_OUTER_BOUND('',#7985,.T.);
#7987=FACETED_PRIMITIVE_FACE('',(#7986));
#7989=POLY_LOOP('',(#7988,#7981,#7800));
#7990=FACE_OUTER_BOUND('',#7989,.T.);
#7991=FACETED_PRIMITIVE_FACE('',(#7990));
#7992=POLY_LOOP('',(#7804,#7988,#7800));
#7993=FACE_OUTER_BOUND('',#7992,.T.);
#7994=FACETED_PRIMITIVE_FACE('',(#7993));
#7996=POLY_LOOP('',(#7995,#7988,#7804));
#7997=FACE_OUTER_BOUND('',#7996,.T.);
#7998=FACETED_PRIMITIVE_FACE('',(#7997));
#7999=POLY_LOOP('',(#7828,#7995,#7804));
#8000=FACE_OUTER_BOUND('',#7999,.T.);
#8001=FACETED_PRIMITIVE_FACE('',(#8000));
#8003=POLY_LOOP('',(#8002,#7995,#7828));
#8004=FACE_OUTER_BOUND('',#8003,.T.);
#8005=FACETED_PRIMITIVE_FACE('',(#8004));
#8007=POLY_LOOP('',(#8006,#8002,#7828));
#8008=FACE_OUTER_BOUND('',#8007,.T.);
#8009=FACETED_PRIMITIVE_FACE('',(#8008));
#8010=POLY_LOOP('',(#6952,#8006,#7828));
#8011=FACE_OUTER_BOUND('',#8010,.T.);
#8012=FACETED_PRIMITIVE_FACE('',(#8011));
#8014=POLY_LOOP('',(#8013,#8006,#6952));
#8015=FACE_OUTER_BOUND('',#8014,.T.);
#8016=FACETED_PRIMITIVE_FACE('',(#8015));
#8017=POLY_LOOP('',(#6951,#8013,#6952));
#8018=FACE_OUTER_BOUND('',#8017,.T.);
#8019=FACETED_PRIMITIVE_FACE('',(#8018));
#8021=POLY_LOOP('',(#8020,#8013,#6951));
#8022=FACE_OUTER_BOUND('',#8021,.T.);
#8023=FACETED_PRIMITIVE_FACE('',(#8022));
#8025=POLY_LOOP('',(#8024,#8020,#6951));
#8026=FACE_OUTER_BOUND('',#8025,.T.);
#8027=FACETED_PRIMITIVE_FACE('',(#8026));
#8028=POLY_LOOP('',(#6959,#8024,#6951));
#8029=FACE_OUTER_BOUND('',#8028,.T.);
#8030=FACETED_PRIMITIVE_FACE('',(#8029));
#8032=POLY_LOOP('',(#8031,#8024,#6959));
#8033=FACE_OUTER_BOUND('',#8032,.T.);
#8034=FACETED_PRIMITIVE_FACE('',(#8033));
#8035=POLY_LOOP('',(#6963,#8031,#6959));
#8036=FACE_OUTER_BOUND('',#8035,.T.);
#8037=FACETED_PRIMITIVE_FACE('',(#8036));
#8039=POLY_LOOP('',(#8038,#8031,#6963));
#8040=FACE_OUTER_BOUND('',#8039,.T.);
#8041=FACETED_PRIMITIVE_FACE('',(#8040));
#8042=POLY_LOOP('',(#6967,#8038,#6963));
#8043=FACE_OUTER_BOUND('',#8042,.T.);
#8044=FACETED_PRIMITIVE_FACE('',(#8043));
#8046=POLY_LOOP('',(#8045,#6967,#4930));
#8047=FACE_OUTER_BOUND('',#8046,.T.);
#8048=FACETED_PRIMITIVE_FACE('',(#8047));
#8049=POLY_LOOP('',(#8045,#8038,#6967));
#8050=FACE_OUTER_BOUND('',#8049,.T.);
#8051=FACETED_PRIMITIVE_FACE('',(#8050));
#8052=POLY_LOOP('',(#4937,#8045,#4930));
#8053=FACE_OUTER_BOUND('',#8052,.T.);
#8054=FACETED_PRIMITIVE_FACE('',(#8053));
#8055=POLY_LOOP('',(#40,#8045,#4937));
#8056=FACE_OUTER_BOUND('',#8055,.T.);
#8057=FACETED_PRIMITIVE_FACE('',(#8056));
#8058=POLY_LOOP('',(#149,#103,#4945));
#8059=FACE_OUTER_BOUND('',#8058,.T.);
#8060=FACETED_PRIMITIVE_FACE('',(#8059));
#8061=POLY_LOOP('',(#149,#4945,#4944));
#8062=FACE_OUTER_BOUND('',#8061,.T.);
#8063=FACETED_PRIMITIVE_FACE('',(#8062));
#8064=POLY_LOOP('',(#148,#4952,#4959));
#8065=FACE_OUTER_BOUND('',#8064,.T.);
#8066=FACETED_PRIMITIVE_FACE('',(#8065));
#8067=POLY_LOOP('',(#148,#4944,#4952));
#8068=FACE_OUTER_BOUND('',#8067,.T.);
#8069=FACETED_PRIMITIVE_FACE('',(#8068));
#8070=POLY_LOOP('',(#148,#149,#4944));
#8071=FACE_OUTER_BOUND('',#8070,.T.);
#8072=FACETED_PRIMITIVE_FACE('',(#8071));
#8073=POLY_LOOP('',(#179,#148,#4959));
#8074=FACE_OUTER_BOUND('',#8073,.T.);
#8075=FACETED_PRIMITIVE_FACE('',(#8074));
#8076=POLY_LOOP('',(#183,#4959,#4969));
#8077=FACE_OUTER_BOUND('',#8076,.T.);
#8078=FACETED_PRIMITIVE_FACE('',(#8077));
#8079=POLY_LOOP('',(#183,#179,#4959));
#8080=FACE_OUTER_BOUND('',#8079,.T.);
#8081=FACETED_PRIMITIVE_FACE('',(#8080));
#8082=POLY_LOOP('',(#178,#4973,#4980));
#8083=FACE_OUTER_BOUND('',#8082,.T.);
#8084=FACETED_PRIMITIVE_FACE('',(#8083));
#8085=POLY_LOOP('',(#178,#4969,#4973));
#8086=FACE_OUTER_BOUND('',#8085,.T.);
#8087=FACETED_PRIMITIVE_FACE('',(#8086));
#8088=POLY_LOOP('',(#178,#183,#4969));
#8089=FACE_OUTER_BOUND('',#8088,.T.);
#8090=FACETED_PRIMITIVE_FACE('',(#8089));
#8091=POLY_LOOP('',(#171,#178,#4980));
#8092=FACE_OUTER_BOUND('',#8091,.T.);
#8093=FACETED_PRIMITIVE_FACE('',(#8092));
#8094=POLY_LOOP('',(#162,#4980,#4987));
#8095=FACE_OUTER_BOUND('',#8094,.T.);
#8096=FACETED_PRIMITIVE_FACE('',(#8095));
#8097=POLY_LOOP('',(#162,#171,#4980));
#8098=FACE_OUTER_BOUND('',#8097,.T.);
#8099=FACETED_PRIMITIVE_FACE('',(#8098));
#8100=POLY_LOOP('',(#164,#4994,#5004));
#8101=FACE_OUTER_BOUND('',#8100,.T.);
#8102=FACETED_PRIMITIVE_FACE('',(#8101));
#8103=POLY_LOOP('',(#164,#4987,#4994));
#8104=FACE_OUTER_BOUND('',#8103,.T.);
#8105=FACETED_PRIMITIVE_FACE('',(#8104));
#8106=POLY_LOOP('',(#164,#162,#4987));
#8107=FACE_OUTER_BOUND('',#8106,.T.);
#8108=FACETED_PRIMITIVE_FACE('',(#8107));
#8109=POLY_LOOP('',(#163,#164,#5004));
#8110=FACE_OUTER_BOUND('',#8109,.T.);
#8111=FACETED_PRIMITIVE_FACE('',(#8110));
#8112=POLY_LOOP('',(#144,#5008,#5018));
#8113=FACE_OUTER_BOUND('',#8112,.T.);
#8114=FACETED_PRIMITIVE_FACE('',(#8113));
#8115=POLY_LOOP('',(#144,#5004,#5008));
#8116=FACE_OUTER_BOUND('',#8115,.T.);
#8117=FACETED_PRIMITIVE_FACE('',(#8116));
#8118=POLY_LOOP('',(#144,#163,#5004));
#8119=FACE_OUTER_BOUND('',#8118,.T.);
#8120=FACETED_PRIMITIVE_FACE('',(#8119));
#8121=POLY_LOOP('',(#132,#144,#5018));
#8122=FACE_OUTER_BOUND('',#8121,.T.);
#8123=FACETED_PRIMITIVE_FACE('',(#8122));
#8124=POLY_LOOP('',(#134,#5018,#5022));
#8125=FACE_OUTER_BOUND('',#8124,.T.);
#8126=FACETED_PRIMITIVE_FACE('',(#8125));
#8127=POLY_LOOP('',(#134,#132,#5018));
#8128=FACE_OUTER_BOUND('',#8127,.T.);
#8129=FACETED_PRIMITIVE_FACE('',(#8128));
#8130=POLY_LOOP('',(#133,#134,#5022));
#8131=FACE_OUTER_BOUND('',#8130,.T.);
#8132=FACETED_PRIMITIVE_FACE('',(#8131));
#8133=POLY_LOOP('',(#133,#5022,#5029));
#8134=FACE_OUTER_BOUND('',#8133,.T.);
#8135=FACETED_PRIMITIVE_FACE('',(#8134));
#8136=POLY_LOOP('',(#125,#133,#5029));
#8137=FACE_OUTER_BOUND('',#8136,.T.);
#8138=FACETED_PRIMITIVE_FACE('',(#8137));
#8139=POLY_LOOP('',(#125,#5039,#5043));
#8140=FACE_OUTER_BOUND('',#8139,.T.);
#8141=FACETED_PRIMITIVE_FACE('',(#8140));
#8142=POLY_LOOP('',(#125,#5029,#5039));
#8143=FACE_OUTER_BOUND('',#8142,.T.);
#8144=FACETED_PRIMITIVE_FACE('',(#8143));
#8145=POLY_LOOP('',(#120,#125,#5043));
#8146=FACE_OUTER_BOUND('',#8145,.T.);
#8147=FACETED_PRIMITIVE_FACE('',(#8146));
#8148=POLY_LOOP('',(#121,#5050,#5057));
#8149=FACE_OUTER_BOUND('',#8148,.T.);
#8150=FACETED_PRIMITIVE_FACE('',(#8149));
#8151=POLY_LOOP('',(#121,#5043,#5050));
#8152=FACE_OUTER_BOUND('',#8151,.T.);
#8153=FACETED_PRIMITIVE_FACE('',(#8152));
#8154=POLY_LOOP('',(#121,#120,#5043));
#8155=FACE_OUTER_BOUND('',#8154,.T.);
#8156=FACETED_PRIMITIVE_FACE('',(#8155));
#8157=POLY_LOOP('',(#116,#121,#5057));
#8158=FACE_OUTER_BOUND('',#8157,.T.);
#8159=FACETED_PRIMITIVE_FACE('',(#8158));
#8160=POLY_LOOP('',(#110,#5057,#5064));
#8161=FACE_OUTER_BOUND('',#8160,.T.);
#8162=FACETED_PRIMITIVE_FACE('',(#8161));
#8163=POLY_LOOP('',(#110,#116,#5057));
#8164=FACE_OUTER_BOUND('',#8163,.T.);
#8165=FACETED_PRIMITIVE_FACE('',(#8164));
#8166=POLY_LOOP('',(#112,#5071,#5078));
#8167=FACE_OUTER_BOUND('',#8166,.T.);
#8168=FACETED_PRIMITIVE_FACE('',(#8167));
#8169=POLY_LOOP('',(#112,#5064,#5071));
#8170=FACE_OUTER_BOUND('',#8169,.T.);
#8171=FACETED_PRIMITIVE_FACE('',(#8170));
#8172=POLY_LOOP('',(#112,#110,#5064));
#8173=FACE_OUTER_BOUND('',#8172,.T.);
#8174=FACETED_PRIMITIVE_FACE('',(#8173));
#8175=POLY_LOOP('',(#111,#112,#5078));
#8176=FACE_OUTER_BOUND('',#8175,.T.);
#8177=FACETED_PRIMITIVE_FACE('',(#8176));
#8178=POLY_LOOP('',(#102,#5078,#4863));
#8179=FACE_OUTER_BOUND('',#8178,.T.);
#8180=FACETED_PRIMITIVE_FACE('',(#8179));
#8181=POLY_LOOP('',(#102,#111,#5078));
#8182=FACE_OUTER_BOUND('',#8181,.T.);
#8183=FACETED_PRIMITIVE_FACE('',(#8182));
#8185=POLY_LOOP('',(#5091,#103,#8184));
#8186=FACE_OUTER_BOUND('',#8185,.T.);
#8187=FACETED_PRIMITIVE_FACE('',(#8186));
#8188=POLY_LOOP('',(#5091,#4945,#103));
#8189=FACE_OUTER_BOUND('',#8188,.T.);
#8190=FACETED_PRIMITIVE_FACE('',(#8189));
#8192=POLY_LOOP('',(#6896,#8184,#8191));
#8193=FACE_OUTER_BOUND('',#8192,.T.);
#8194=FACETED_PRIMITIVE_FACE('',(#8193));
#8195=POLY_LOOP('',(#6896,#5091,#8184));
#8196=FACE_OUTER_BOUND('',#8195,.T.);
#8197=FACETED_PRIMITIVE_FACE('',(#8196));
#8198=POLY_LOOP('',(#6900,#6896,#8191));
#8199=FACE_OUTER_BOUND('',#8198,.T.);
#8200=FACETED_PRIMITIVE_FACE('',(#8199));
#8202=POLY_LOOP('',(#8201,#6900,#8191));
#8203=FACE_OUTER_BOUND('',#8202,.T.);
#8204=FACETED_PRIMITIVE_FACE('',(#8203));
#8205=POLY_LOOP('',(#6904,#6900,#8201));
#8206=FACE_OUTER_BOUND('',#8205,.T.);
#8207=FACETED_PRIMITIVE_FACE('',(#8206));
#8209=POLY_LOOP('',(#8208,#6904,#8201));
#8210=FACE_OUTER_BOUND('',#8209,.T.);
#8211=FACETED_PRIMITIVE_FACE('',(#8210));
#8212=POLY_LOOP('',(#6908,#6904,#8208));
#8213=FACE_OUTER_BOUND('',#8212,.T.);
#8214=FACETED_PRIMITIVE_FACE('',(#8213));
#8215=POLY_LOOP('',(#6984,#6908,#8208));
#8216=FACE_OUTER_BOUND('',#8215,.T.);
#8217=FACETED_PRIMITIVE_FACE('',(#8216));
#8219=POLY_LOOP('',(#8218,#6984,#8208));
#8220=FACE_OUTER_BOUND('',#8219,.T.);
#8221=FACETED_PRIMITIVE_FACE('',(#8220));
#8222=POLY_LOOP('',(#6988,#6984,#8218));
#8223=FACE_OUTER_BOUND('',#8222,.T.);
#8224=FACETED_PRIMITIVE_FACE('',(#8223));
#8226=POLY_LOOP('',(#8225,#6988,#8218));
#8227=FACE_OUTER_BOUND('',#8226,.T.);
#8228=FACETED_PRIMITIVE_FACE('',(#8227));
#8229=POLY_LOOP('',(#6996,#6988,#8225));
#8230=FACE_OUTER_BOUND('',#8229,.T.);
#8231=FACETED_PRIMITIVE_FACE('',(#8230));
#8232=POLY_LOOP('',(#7000,#6996,#8225));
#8233=FACE_OUTER_BOUND('',#8232,.T.);
#8234=FACETED_PRIMITIVE_FACE('',(#8233));
#8236=POLY_LOOP('',(#8235,#7000,#8225));
#8237=FACE_OUTER_BOUND('',#8236,.T.);
#8238=FACETED_PRIMITIVE_FACE('',(#8237));
#8239=POLY_LOOP('',(#7018,#7000,#8235));
#8240=FACE_OUTER_BOUND('',#8239,.T.);
#8241=FACETED_PRIMITIVE_FACE('',(#8240));
#8243=POLY_LOOP('',(#8242,#7018,#8235));
#8244=FACE_OUTER_BOUND('',#8243,.T.);
#8245=FACETED_PRIMITIVE_FACE('',(#8244));
#8246=POLY_LOOP('',(#7022,#7018,#8242));
#8247=FACE_OUTER_BOUND('',#8246,.T.);
#8248=FACETED_PRIMITIVE_FACE('',(#8247));
#8250=POLY_LOOP('',(#8249,#7022,#8242));
#8251=FACE_OUTER_BOUND('',#8250,.T.);
#8252=FACETED_PRIMITIVE_FACE('',(#8251));
#8253=POLY_LOOP('',(#7040,#7022,#8249));
#8254=FACE_OUTER_BOUND('',#8253,.T.);
#8255=FACETED_PRIMITIVE_FACE('',(#8254));
#8257=POLY_LOOP('',(#8256,#7040,#8249));
#8258=FACE_OUTER_BOUND('',#8257,.T.);
#8259=FACETED_PRIMITIVE_FACE('',(#8258));
#8260=POLY_LOOP('',(#7044,#7040,#8256));
#8261=FACE_OUTER_BOUND('',#8260,.T.);
#8262=FACETED_PRIMITIVE_FACE('',(#8261));
#8264=POLY_LOOP('',(#8263,#7044,#8256));
#8265=FACE_OUTER_BOUND('',#8264,.T.);
#8266=FACETED_PRIMITIVE_FACE('',(#8265));
#8267=POLY_LOOP('',(#7069,#7044,#8263));
#8268=FACE_OUTER_BOUND('',#8267,.T.);
#8269=FACETED_PRIMITIVE_FACE('',(#8268));
#8271=POLY_LOOP('',(#8270,#7069,#8263));
#8272=FACE_OUTER_BOUND('',#8271,.T.);
#8273=FACETED_PRIMITIVE_FACE('',(#8272));
#8274=POLY_LOOP('',(#7073,#7069,#8270));
#8275=FACE_OUTER_BOUND('',#8274,.T.);
#8276=FACETED_PRIMITIVE_FACE('',(#8275));
#8278=POLY_LOOP('',(#8277,#7073,#8270));
#8279=FACE_OUTER_BOUND('',#8278,.T.);
#8280=FACETED_PRIMITIVE_FACE('',(#8279));
#8281=POLY_LOOP('',(#7092,#7073,#8277));
#8282=FACE_OUTER_BOUND('',#8281,.T.);
#8283=FACETED_PRIMITIVE_FACE('',(#8282));
#8285=POLY_LOOP('',(#8284,#7092,#8277));
#8286=FACE_OUTER_BOUND('',#8285,.T.);
#8287=FACETED_PRIMITIVE_FACE('',(#8286));
#8288=POLY_LOOP('',(#5206,#41,#5195));
#8289=FACE_OUTER_BOUND('',#8288,.T.);
#8290=FACETED_PRIMITIVE_FACE('',(#8289));
#8292=POLY_LOOP('',(#8291,#41,#5206));
#8293=FACE_OUTER_BOUND('',#8292,.T.);
#8294=FACETED_PRIMITIVE_FACE('',(#8293));
#8295=POLY_LOOP('',(#6921,#8291,#5206));
#8296=FACE_OUTER_BOUND('',#8295,.T.);
#8297=FACETED_PRIMITIVE_FACE('',(#8296));
#8298=POLY_LOOP('',(#7096,#7092,#8284));
#8299=FACE_OUTER_BOUND('',#8298,.T.);
#8300=FACETED_PRIMITIVE_FACE('',(#8299));
#8302=POLY_LOOP('',(#8301,#8291,#6921));
#8303=FACE_OUTER_BOUND('',#8302,.T.);
#8304=FACETED_PRIMITIVE_FACE('',(#8303));
#8305=POLY_LOOP('',(#8301,#6921,#6917));
#8306=FACE_OUTER_BOUND('',#8305,.T.);
#8307=FACETED_PRIMITIVE_FACE('',(#8306));
#8309=POLY_LOOP('',(#8308,#7096,#8284));
#8310=FACE_OUTER_BOUND('',#8309,.T.);
#8311=FACETED_PRIMITIVE_FACE('',(#8310));
#8312=POLY_LOOP('',(#7128,#7096,#8308));
#8313=FACE_OUTER_BOUND('',#8312,.T.);
#8314=FACETED_PRIMITIVE_FACE('',(#8313));
#8316=POLY_LOOP('',(#8315,#6917,#6913));
#8317=FACE_OUTER_BOUND('',#8316,.T.);
#8318=FACETED_PRIMITIVE_FACE('',(#8317));
#8319=POLY_LOOP('',(#8315,#8301,#6917));
#8320=FACE_OUTER_BOUND('',#8319,.T.);
#8321=FACETED_PRIMITIVE_FACE('',(#8320));
#8323=POLY_LOOP('',(#8322,#7128,#8308));
#8324=FACE_OUTER_BOUND('',#8323,.T.);
#8325=FACETED_PRIMITIVE_FACE('',(#8324));
#8327=POLY_LOOP('',(#8326,#8315,#6913));
#8328=FACE_OUTER_BOUND('',#8327,.T.);
#8329=FACETED_PRIMITIVE_FACE('',(#8328));
#8330=POLY_LOOP('',(#6912,#8326,#6913));
#8331=FACE_OUTER_BOUND('',#8330,.T.);
#8332=FACETED_PRIMITIVE_FACE('',(#8331));
#8333=POLY_LOOP('',(#7132,#7128,#8322));
#8334=FACE_OUTER_BOUND('',#8333,.T.);
#8335=FACETED_PRIMITIVE_FACE('',(#8334));
#8337=POLY_LOOP('',(#8336,#8326,#6912));
#8338=FACE_OUTER_BOUND('',#8337,.T.);
#8339=FACETED_PRIMITIVE_FACE('',(#8338));
#8341=POLY_LOOP('',(#8340,#7132,#8322));
#8342=FACE_OUTER_BOUND('',#8341,.T.);
#8343=FACETED_PRIMITIVE_FACE('',(#8342));
#8344=POLY_LOOP('',(#7174,#7132,#8340));
#8345=FACE_OUTER_BOUND('',#8344,.T.);
#8346=FACETED_PRIMITIVE_FACE('',(#8345));
#8348=POLY_LOOP('',(#8347,#6912,#7215));
#8349=FACE_OUTER_BOUND('',#8348,.T.);
#8350=FACETED_PRIMITIVE_FACE('',(#8349));
#8351=POLY_LOOP('',(#8347,#8336,#6912));
#8352=FACE_OUTER_BOUND('',#8351,.T.);
#8353=FACETED_PRIMITIVE_FACE('',(#8352));
#8355=POLY_LOOP('',(#8354,#7215,#7211));
#8356=FACE_OUTER_BOUND('',#8355,.T.);
#8357=FACETED_PRIMITIVE_FACE('',(#8356));
#8358=POLY_LOOP('',(#8354,#8347,#7215));
#8359=FACE_OUTER_BOUND('',#8358,.T.);
#8360=FACETED_PRIMITIVE_FACE('',(#8359));
#8362=POLY_LOOP('',(#8361,#7178,#7174));
#8363=FACE_OUTER_BOUND('',#8362,.T.);
#8364=FACETED_PRIMITIVE_FACE('',(#8363));
#8365=POLY_LOOP('',(#8361,#7174,#8340));
#8366=FACE_OUTER_BOUND('',#8365,.T.);
#8367=FACETED_PRIMITIVE_FACE('',(#8366));
#8369=POLY_LOOP('',(#8368,#8354,#7211));
#8370=FACE_OUTER_BOUND('',#8369,.T.);
#8371=FACETED_PRIMITIVE_FACE('',(#8370));
#8373=POLY_LOOP('',(#8372,#7211,#7178));
#8374=FACE_OUTER_BOUND('',#8373,.T.);
#8375=FACETED_PRIMITIVE_FACE('',(#8374));
#8376=POLY_LOOP('',(#8372,#7178,#8361));
#8377=FACE_OUTER_BOUND('',#8376,.T.);
#8378=FACETED_PRIMITIVE_FACE('',(#8377));
#8379=POLY_LOOP('',(#8372,#8368,#7211));
#8380=FACE_OUTER_BOUND('',#8379,.T.);
#8381=FACETED_PRIMITIVE_FACE('',(#8380));
#8382=POLY_LOOP('',(#5553,#4930,#5646));
#8383=FACE_OUTER_BOUND('',#8382,.T.);
#8384=FACETED_PRIMITIVE_FACE('',(#8383));
#8385=POLY_LOOP('',(#5553,#4937,#4930));
#8386=FACE_OUTER_BOUND('',#8385,.T.);
#8387=FACETED_PRIMITIVE_FACE('',(#8386));
#8388=POLY_LOOP('',(#5546,#5646,#5657));
#8389=FACE_OUTER_BOUND('',#8388,.T.);
#8390=FACETED_PRIMITIVE_FACE('',(#8389));
#8391=POLY_LOOP('',(#5546,#5553,#5646));
#8392=FACE_OUTER_BOUND('',#8391,.T.);
#8393=FACETED_PRIMITIVE_FACE('',(#8392));
#8394=POLY_LOOP('',(#5539,#5657,#5671));
#8395=FACE_OUTER_BOUND('',#8394,.T.);
#8396=FACETED_PRIMITIVE_FACE('',(#8395));
#8397=POLY_LOOP('',(#5539,#5546,#5657));
#8398=FACE_OUTER_BOUND('',#8397,.T.);
#8399=FACETED_PRIMITIVE_FACE('',(#8398));
#8400=POLY_LOOP('',(#5535,#5671,#5688));
#8401=FACE_OUTER_BOUND('',#8400,.T.);
#8402=FACETED_PRIMITIVE_FACE('',(#8401));
#8403=POLY_LOOP('',(#5535,#5539,#5671));
#8404=FACE_OUTER_BOUND('',#8403,.T.);
#8405=FACETED_PRIMITIVE_FACE('',(#8404));
#8406=POLY_LOOP('',(#5525,#5688,#5699));
#8407=FACE_OUTER_BOUND('',#8406,.T.);
#8408=FACETED_PRIMITIVE_FACE('',(#8407));
#8409=POLY_LOOP('',(#5525,#5535,#5688));
#8410=FACE_OUTER_BOUND('',#8409,.T.);
#8411=FACETED_PRIMITIVE_FACE('',(#8410));
#8412=POLY_LOOP('',(#5521,#5525,#5699));
#8413=FACE_OUTER_BOUND('',#8412,.T.);
#8414=FACETED_PRIMITIVE_FACE('',(#8413));
#8415=POLY_LOOP('',(#5692,#5521,#5699));
#8416=FACE_OUTER_BOUND('',#8415,.T.);
#8417=FACETED_PRIMITIVE_FACE('',(#8416));
#8418=POLY_LOOP('',(#5681,#5508,#5521));
#8419=FACE_OUTER_BOUND('',#8418,.T.);
#8420=FACETED_PRIMITIVE_FACE('',(#8419));
#8421=POLY_LOOP('',(#5681,#5521,#5692));
#8422=FACE_OUTER_BOUND('',#8421,.T.);
#8423=FACETED_PRIMITIVE_FACE('',(#8422));
#8424=POLY_LOOP('',(#5664,#5507,#5508));
#8425=FACE_OUTER_BOUND('',#8424,.T.);
#8426=FACETED_PRIMITIVE_FACE('',(#8425));
#8427=POLY_LOOP('',(#5664,#5497,#5507));
#8428=FACE_OUTER_BOUND('',#8427,.T.);
#8429=FACETED_PRIMITIVE_FACE('',(#8428));
#8430=POLY_LOOP('',(#5664,#5508,#5681));
#8431=FACE_OUTER_BOUND('',#8430,.T.);
#8432=FACETED_PRIMITIVE_FACE('',(#8431));
#8433=POLY_LOOP('',(#5653,#5484,#5497));
#8434=FACE_OUTER_BOUND('',#8433,.T.);
#8435=FACETED_PRIMITIVE_FACE('',(#8434));
#8436=POLY_LOOP('',(#5653,#5497,#5664));
#8437=FACE_OUTER_BOUND('',#8436,.T.);
#8438=FACETED_PRIMITIVE_FACE('',(#8437));
#8439=POLY_LOOP('',(#5636,#5484,#5653));
#8440=FACE_OUTER_BOUND('',#8439,.T.);
#8441=FACETED_PRIMITIVE_FACE('',(#8440));
#8442=POLY_LOOP('',(#5632,#5484,#5636));
#8443=FACE_OUTER_BOUND('',#8442,.T.);
#8444=FACETED_PRIMITIVE_FACE('',(#8443));
#8445=POLY_LOOP('',(#5632,#5483,#5484));
#8446=FACE_OUTER_BOUND('',#8445,.T.);
#8447=FACETED_PRIMITIVE_FACE('',(#8446));
#8448=POLY_LOOP('',(#5566,#5206,#5195));
#8449=FACE_OUTER_BOUND('',#8448,.T.);
#8450=FACETED_PRIMITIVE_FACE('',(#8449));
#8451=POLY_LOOP('',(#5566,#5423,#5427));
#8452=FACE_OUTER_BOUND('',#8451,.T.);
#8453=FACETED_PRIMITIVE_FACE('',(#8452));
#8454=POLY_LOOP('',(#5566,#5195,#5423));
#8455=FACE_OUTER_BOUND('',#8454,.T.);
#8456=FACETED_PRIMITIVE_FACE('',(#8455));
#8457=POLY_LOOP('',(#5622,#5470,#5483));
#8458=FACE_OUTER_BOUND('',#8457,.T.);
#8459=FACETED_PRIMITIVE_FACE('',(#8458));
#8460=POLY_LOOP('',(#5622,#5483,#5632));
#8461=FACE_OUTER_BOUND('',#8460,.T.);
#8462=FACETED_PRIMITIVE_FACE('',(#8461));
#8463=POLY_LOOP('',(#5570,#5566,#5427));
#8464=FACE_OUTER_BOUND('',#8463,.T.);
#8465=FACETED_PRIMITIVE_FACE('',(#8464));
#8466=POLY_LOOP('',(#5615,#5470,#5622));
#8467=FACE_OUTER_BOUND('',#8466,.T.);
#8468=FACETED_PRIMITIVE_FACE('',(#8467));
#8469=POLY_LOOP('',(#5615,#5469,#5470));
#8470=FACE_OUTER_BOUND('',#8469,.T.);
#8471=FACETED_PRIMITIVE_FACE('',(#8470));
#8472=POLY_LOOP('',(#5577,#5427,#5434));
#8473=FACE_OUTER_BOUND('',#8472,.T.);
#8474=FACETED_PRIMITIVE_FACE('',(#8473));
#8475=POLY_LOOP('',(#5577,#5570,#5427));
#8476=FACE_OUTER_BOUND('',#8475,.T.);
#8477=FACETED_PRIMITIVE_FACE('',(#8476));
#8478=POLY_LOOP('',(#5608,#5462,#5469));
#8479=FACE_OUTER_BOUND('',#8478,.T.);
#8480=FACETED_PRIMITIVE_FACE('',(#8479));
#8481=POLY_LOOP('',(#5608,#5455,#5462));
#8482=FACE_OUTER_BOUND('',#8481,.T.);
#8483=FACETED_PRIMITIVE_FACE('',(#8482));
#8484=POLY_LOOP('',(#5608,#5469,#5615));
#8485=FACE_OUTER_BOUND('',#8484,.T.);
#8486=FACETED_PRIMITIVE_FACE('',(#8485));
#8487=POLY_LOOP('',(#5584,#5577,#5434));
#8488=FACE_OUTER_BOUND('',#8487,.T.);
#8489=FACETED_PRIMITIVE_FACE('',(#8488));
#8490=POLY_LOOP('',(#5584,#5434,#5435));
#8491=FACE_OUTER_BOUND('',#8490,.T.);
#8492=FACETED_PRIMITIVE_FACE('',(#8491));
#8493=POLY_LOOP('',(#5601,#5455,#5608));
#8494=FACE_OUTER_BOUND('',#8493,.T.);
#8495=FACETED_PRIMITIVE_FACE('',(#8494));
#8496=POLY_LOOP('',(#5594,#5584,#5435));
#8497=FACE_OUTER_BOUND('',#8496,.T.);
#8498=FACETED_PRIMITIVE_FACE('',(#8497));
#8499=POLY_LOOP('',(#5594,#5455,#5601));
#8500=FACE_OUTER_BOUND('',#8499,.T.);
#8501=FACETED_PRIMITIVE_FACE('',(#8500));
#8502=POLY_LOOP('',(#5594,#5448,#5455));
#8503=FACE_OUTER_BOUND('',#8502,.T.);
#8504=FACETED_PRIMITIVE_FACE('',(#8503));
#8505=POLY_LOOP('',(#5594,#5435,#5448));
#8506=FACE_OUTER_BOUND('',#8505,.T.);
#8507=FACETED_PRIMITIVE_FACE('',(#8506));
#8508=POLY_LOOP('',(#5423,#5195,#41));
#8509=FACE_OUTER_BOUND('',#8508,.T.);
#8510=FACETED_PRIMITIVE_FACE('',(#8509));
#8511=POLY_LOOP('',(#5423,#41,#42));
#8512=FACE_OUTER_BOUND('',#8511,.T.);
#8513=FACETED_PRIMITIVE_FACE('',(#8512));
#8514=POLY_LOOP('',(#5427,#47,#21));
#8515=FACE_OUTER_BOUND('',#8514,.T.);
#8516=FACETED_PRIMITIVE_FACE('',(#8515));
#8517=POLY_LOOP('',(#5427,#42,#47));
#8518=FACE_OUTER_BOUND('',#8517,.T.);
#8519=FACETED_PRIMITIVE_FACE('',(#8518));
#8520=POLY_LOOP('',(#5427,#5423,#42));
#8521=FACE_OUTER_BOUND('',#8520,.T.);
#8522=FACETED_PRIMITIVE_FACE('',(#8521));
#8523=POLY_LOOP('',(#5434,#5427,#21));
#8524=FACE_OUTER_BOUND('',#8523,.T.);
#8525=FACETED_PRIMITIVE_FACE('',(#8524));
#8526=POLY_LOOP('',(#5435,#21,#22));
#8527=FACE_OUTER_BOUND('',#8526,.T.);
#8528=FACETED_PRIMITIVE_FACE('',(#8527));
#8529=POLY_LOOP('',(#5435,#5434,#21));
#8530=FACE_OUTER_BOUND('',#8529,.T.);
#8531=FACETED_PRIMITIVE_FACE('',(#8530));
#8532=POLY_LOOP('',(#5448,#26,#20));
#8533=FACE_OUTER_BOUND('',#8532,.T.);
#8534=FACETED_PRIMITIVE_FACE('',(#8533));
#8535=POLY_LOOP('',(#5448,#22,#26));
#8536=FACE_OUTER_BOUND('',#8535,.T.);
#8537=FACETED_PRIMITIVE_FACE('',(#8536));
#8538=POLY_LOOP('',(#5448,#5435,#22));
#8539=FACE_OUTER_BOUND('',#8538,.T.);
#8540=FACETED_PRIMITIVE_FACE('',(#8539));
#8541=POLY_LOOP('',(#5455,#5448,#20));
#8542=FACE_OUTER_BOUND('',#8541,.T.);
#8543=FACETED_PRIMITIVE_FACE('',(#8542));
#8544=POLY_LOOP('',(#5462,#20,#31));
#8545=FACE_OUTER_BOUND('',#8544,.T.);
#8546=FACETED_PRIMITIVE_FACE('',(#8545));
#8547=POLY_LOOP('',(#5462,#5455,#20));
#8548=FACE_OUTER_BOUND('',#8547,.T.);
#8549=FACETED_PRIMITIVE_FACE('',(#8548));
#8550=POLY_LOOP('',(#5469,#32,#36));
#8551=FACE_OUTER_BOUND('',#8550,.T.);
#8552=FACETED_PRIMITIVE_FACE('',(#8551));
#8553=POLY_LOOP('',(#5469,#31,#32));
#8554=FACE_OUTER_BOUND('',#8553,.T.);
#8555=FACETED_PRIMITIVE_FACE('',(#8554));
#8556=POLY_LOOP('',(#5469,#5462,#31));
#8557=FACE_OUTER_BOUND('',#8556,.T.);
#8558=FACETED_PRIMITIVE_FACE('',(#8557));
#8559=POLY_LOOP('',(#5470,#5469,#36));
#8560=FACE_OUTER_BOUND('',#8559,.T.);
#8561=FACETED_PRIMITIVE_FACE('',(#8560));
#8562=POLY_LOOP('',(#5483,#30,#46));
#8563=FACE_OUTER_BOUND('',#8562,.T.);
#8564=FACETED_PRIMITIVE_FACE('',(#8563));
#8565=POLY_LOOP('',(#5483,#36,#30));
#8566=FACE_OUTER_BOUND('',#8565,.T.);
#8567=FACETED_PRIMITIVE_FACE('',(#8566));
#8568=POLY_LOOP('',(#5483,#5470,#36));
#8569=FACE_OUTER_BOUND('',#8568,.T.);
#8570=FACETED_PRIMITIVE_FACE('',(#8569));
#8571=POLY_LOOP('',(#5484,#5483,#46));
#8572=FACE_OUTER_BOUND('',#8571,.T.);
#8573=FACETED_PRIMITIVE_FACE('',(#8572));
#8574=POLY_LOOP('',(#5497,#46,#61));
#8575=FACE_OUTER_BOUND('',#8574,.T.);
#8576=FACETED_PRIMITIVE_FACE('',(#8575));
#8577=POLY_LOOP('',(#5497,#5484,#46));
#8578=FACE_OUTER_BOUND('',#8577,.T.);
#8579=FACETED_PRIMITIVE_FACE('',(#8578));
#8580=POLY_LOOP('',(#5507,#5497,#61));
#8581=FACE_OUTER_BOUND('',#8580,.T.);
#8582=FACETED_PRIMITIVE_FACE('',(#8581));
#8583=POLY_LOOP('',(#5507,#61,#60));
#8584=FACE_OUTER_BOUND('',#8583,.T.);
#8585=FACETED_PRIMITIVE_FACE('',(#8584));
#8586=POLY_LOOP('',(#5508,#5507,#60));
#8587=FACE_OUTER_BOUND('',#8586,.T.);
#8588=FACETED_PRIMITIVE_FACE('',(#8587));
#8589=POLY_LOOP('',(#5508,#71,#92));
#8590=FACE_OUTER_BOUND('',#8589,.T.);
#8591=FACETED_PRIMITIVE_FACE('',(#8590));
#8592=POLY_LOOP('',(#5508,#60,#71));
#8593=FACE_OUTER_BOUND('',#8592,.T.);
#8594=FACETED_PRIMITIVE_FACE('',(#8593));
#8595=POLY_LOOP('',(#5521,#5508,#92));
#8596=FACE_OUTER_BOUND('',#8595,.T.);
#8597=FACETED_PRIMITIVE_FACE('',(#8596));
#8598=POLY_LOOP('',(#5525,#91,#75));
#8599=FACE_OUTER_BOUND('',#8598,.T.);
#8600=FACETED_PRIMITIVE_FACE('',(#8599));
#8601=POLY_LOOP('',(#5525,#92,#91));
#8602=FACE_OUTER_BOUND('',#8601,.T.);
#8603=FACETED_PRIMITIVE_FACE('',(#8602));
#8604=POLY_LOOP('',(#5525,#5521,#92));
#8605=FACE_OUTER_BOUND('',#8604,.T.);
#8606=FACETED_PRIMITIVE_FACE('',(#8605));
#8607=POLY_LOOP('',(#5535,#5525,#75));
#8608=FACE_OUTER_BOUND('',#8607,.T.);
#8609=FACETED_PRIMITIVE_FACE('',(#8608));
#8610=POLY_LOOP('',(#5539,#75,#65));
#8611=FACE_OUTER_BOUND('',#8610,.T.);
#8612=FACETED_PRIMITIVE_FACE('',(#8611));
#8613=POLY_LOOP('',(#5539,#5535,#75));
#8614=FACE_OUTER_BOUND('',#8613,.T.);
#8615=FACETED_PRIMITIVE_FACE('',(#8614));
#8616=POLY_LOOP('',(#5546,#66,#67));
#8617=FACE_OUTER_BOUND('',#8616,.T.);
#8618=FACETED_PRIMITIVE_FACE('',(#8617));
#8619=POLY_LOOP('',(#5546,#65,#66));
#8620=FACE_OUTER_BOUND('',#8619,.T.);
#8621=FACETED_PRIMITIVE_FACE('',(#8620));
#8622=POLY_LOOP('',(#5546,#5539,#65));
#8623=FACE_OUTER_BOUND('',#8622,.T.);
#8624=FACETED_PRIMITIVE_FACE('',(#8623));
#8625=POLY_LOOP('',(#5553,#5546,#67));
#8626=FACE_OUTER_BOUND('',#8625,.T.);
#8627=FACETED_PRIMITIVE_FACE('',(#8626));
#8628=POLY_LOOP('',(#4937,#67,#40));
#8629=FACE_OUTER_BOUND('',#8628,.T.);
#8630=FACETED_PRIMITIVE_FACE('',(#8629));
#8631=POLY_LOOP('',(#4937,#5553,#67));
#8632=FACE_OUTER_BOUND('',#8631,.T.);
#8633=FACETED_PRIMITIVE_FACE('',(#8632));
#8635=POLY_LOOP('',(#41,#8291,#8634));
#8636=FACE_OUTER_BOUND('',#8635,.T.);
#8637=FACETED_PRIMITIVE_FACE('',(#8636));
#8639=POLY_LOOP('',(#42,#8634,#8638));
#8640=FACE_OUTER_BOUND('',#8639,.T.);
#8641=FACETED_PRIMITIVE_FACE('',(#8640));
#8642=POLY_LOOP('',(#42,#41,#8634));
#8643=FACE_OUTER_BOUND('',#8642,.T.);
#8644=FACETED_PRIMITIVE_FACE('',(#8643));
#8646=POLY_LOOP('',(#47,#8638,#8645));
#8647=FACE_OUTER_BOUND('',#8646,.T.);
#8648=FACETED_PRIMITIVE_FACE('',(#8647));
#8649=POLY_LOOP('',(#47,#42,#8638));
#8650=FACE_OUTER_BOUND('',#8649,.T.);
#8651=FACETED_PRIMITIVE_FACE('',(#8650));
#8653=POLY_LOOP('',(#21,#8645,#8652));
#8654=FACE_OUTER_BOUND('',#8653,.T.);
#8655=FACETED_PRIMITIVE_FACE('',(#8654));
#8656=POLY_LOOP('',(#21,#47,#8645));
#8657=FACE_OUTER_BOUND('',#8656,.T.);
#8658=FACETED_PRIMITIVE_FACE('',(#8657));
#8659=POLY_LOOP('',(#22,#21,#8652));
#8660=FACE_OUTER_BOUND('',#8659,.T.);
#8661=FACETED_PRIMITIVE_FACE('',(#8660));
#8663=POLY_LOOP('',(#8662,#22,#8652));
#8664=FACE_OUTER_BOUND('',#8663,.T.);
#8665=FACETED_PRIMITIVE_FACE('',(#8664));
#8666=POLY_LOOP('',(#26,#22,#8662));
#8667=FACE_OUTER_BOUND('',#8666,.T.);
#8668=FACETED_PRIMITIVE_FACE('',(#8667));
#8670=POLY_LOOP('',(#8669,#20,#26));
#8671=FACE_OUTER_BOUND('',#8670,.T.);
#8672=FACETED_PRIMITIVE_FACE('',(#8671));
#8673=POLY_LOOP('',(#8669,#26,#8662));
#8674=FACE_OUTER_BOUND('',#8673,.T.);
#8675=FACETED_PRIMITIVE_FACE('',(#8674));
#8677=POLY_LOOP('',(#8676,#31,#20));
#8678=FACE_OUTER_BOUND('',#8677,.T.);
#8679=FACETED_PRIMITIVE_FACE('',(#8678));
#8680=POLY_LOOP('',(#8676,#20,#8669));
#8681=FACE_OUTER_BOUND('',#8680,.T.);
#8682=FACETED_PRIMITIVE_FACE('',(#8681));
#8684=POLY_LOOP('',(#8683,#32,#31));
#8685=FACE_OUTER_BOUND('',#8684,.T.);
#8686=FACETED_PRIMITIVE_FACE('',(#8685));
#8687=POLY_LOOP('',(#8683,#31,#8676));
#8688=FACE_OUTER_BOUND('',#8687,.T.);
#8689=FACETED_PRIMITIVE_FACE('',(#8688));
#8691=POLY_LOOP('',(#8690,#30,#36));
#8692=FACE_OUTER_BOUND('',#8691,.T.);
#8693=FACETED_PRIMITIVE_FACE('',(#8692));
#8694=POLY_LOOP('',(#8690,#36,#32));
#8695=FACE_OUTER_BOUND('',#8694,.T.);
#8696=FACETED_PRIMITIVE_FACE('',(#8695));
#8697=POLY_LOOP('',(#8690,#32,#8683));
#8698=FACE_OUTER_BOUND('',#8697,.T.);
#8699=FACETED_PRIMITIVE_FACE('',(#8698));
#8701=POLY_LOOP('',(#8700,#30,#8690));
#8702=FACE_OUTER_BOUND('',#8701,.T.);
#8703=FACETED_PRIMITIVE_FACE('',(#8702));
#8705=POLY_LOOP('',(#8704,#30,#8700));
#8706=FACE_OUTER_BOUND('',#8705,.T.);
#8707=FACETED_PRIMITIVE_FACE('',(#8706));
#8708=POLY_LOOP('',(#8704,#61,#46));
#8709=FACE_OUTER_BOUND('',#8708,.T.);
#8710=FACETED_PRIMITIVE_FACE('',(#8709));
#8711=POLY_LOOP('',(#8704,#46,#30));
#8712=FACE_OUTER_BOUND('',#8711,.T.);
#8713=FACETED_PRIMITIVE_FACE('',(#8712));
#8715=POLY_LOOP('',(#8714,#40,#67));
#8716=FACE_OUTER_BOUND('',#8715,.T.);
#8717=FACETED_PRIMITIVE_FACE('',(#8716));
#8718=POLY_LOOP('',(#8714,#8045,#40));
#8719=FACE_OUTER_BOUND('',#8718,.T.);
#8720=FACETED_PRIMITIVE_FACE('',(#8719));
#8722=POLY_LOOP('',(#8721,#61,#8704));
#8723=FACE_OUTER_BOUND('',#8722,.T.);
#8724=FACETED_PRIMITIVE_FACE('',(#8723));
#8726=POLY_LOOP('',(#8725,#8714,#67));
#8727=FACE_OUTER_BOUND('',#8726,.T.);
#8728=FACETED_PRIMITIVE_FACE('',(#8727));
#8729=POLY_LOOP('',(#8725,#67,#66));
#8730=FACE_OUTER_BOUND('',#8729,.T.);
#8731=FACETED_PRIMITIVE_FACE('',(#8730));
#8733=POLY_LOOP('',(#8732,#61,#8721));
#8734=FACE_OUTER_BOUND('',#8733,.T.);
#8735=FACETED_PRIMITIVE_FACE('',(#8734));
#8736=POLY_LOOP('',(#8732,#60,#61));
#8737=FACE_OUTER_BOUND('',#8736,.T.);
#8738=FACETED_PRIMITIVE_FACE('',(#8737));
#8740=POLY_LOOP('',(#8739,#66,#65));
#8741=FACE_OUTER_BOUND('',#8740,.T.);
#8742=FACETED_PRIMITIVE_FACE('',(#8741));
#8743=POLY_LOOP('',(#8739,#65,#75));
#8744=FACE_OUTER_BOUND('',#8743,.T.);
#8745=FACETED_PRIMITIVE_FACE('',(#8744));
#8746=POLY_LOOP('',(#8739,#8725,#66));
#8747=FACE_OUTER_BOUND('',#8746,.T.);
#8748=FACETED_PRIMITIVE_FACE('',(#8747));
#8750=POLY_LOOP('',(#8749,#60,#8732));
#8751=FACE_OUTER_BOUND('',#8750,.T.);
#8752=FACETED_PRIMITIVE_FACE('',(#8751));
#8753=POLY_LOOP('',(#8749,#71,#60));
#8754=FACE_OUTER_BOUND('',#8753,.T.);
#8755=FACETED_PRIMITIVE_FACE('',(#8754));
#8757=POLY_LOOP('',(#8756,#8739,#75));
#8758=FACE_OUTER_BOUND('',#8757,.T.);
#8759=FACETED_PRIMITIVE_FACE('',(#8758));
#8761=POLY_LOOP('',(#8760,#92,#71));
#8762=FACE_OUTER_BOUND('',#8761,.T.);
#8763=FACETED_PRIMITIVE_FACE('',(#8762));
#8764=POLY_LOOP('',(#8760,#71,#8749));
#8765=FACE_OUTER_BOUND('',#8764,.T.);
#8766=FACETED_PRIMITIVE_FACE('',(#8765));
#8768=POLY_LOOP('',(#8767,#75,#91));
#8769=FACE_OUTER_BOUND('',#8768,.T.);
#8770=FACETED_PRIMITIVE_FACE('',(#8769));
#8771=POLY_LOOP('',(#8767,#91,#92));
#8772=FACE_OUTER_BOUND('',#8771,.T.);
#8773=FACETED_PRIMITIVE_FACE('',(#8772));
#8774=POLY_LOOP('',(#8767,#92,#8760));
#8775=FACE_OUTER_BOUND('',#8774,.T.);
#8776=FACETED_PRIMITIVE_FACE('',(#8775));
#8777=POLY_LOOP('',(#8767,#8756,#75));
#8778=FACE_OUTER_BOUND('',#8777,.T.);
#8779=FACETED_PRIMITIVE_FACE('',(#8778));
#8780=POLY_LOOP('',(#8634,#8291,#8301));
#8781=FACE_OUTER_BOUND('',#8780,.T.);
#8782=FACETED_PRIMITIVE_FACE('',(#8781));
#8783=POLY_LOOP('',(#8634,#8301,#8315));
#8784=FACE_OUTER_BOUND('',#8783,.T.);
#8785=FACETED_PRIMITIVE_FACE('',(#8784));
#8786=POLY_LOOP('',(#8634,#8315,#8326));
#8787=FACE_OUTER_BOUND('',#8786,.T.);
#8788=FACETED_PRIMITIVE_FACE('',(#8787));
#8789=POLY_LOOP('',(#8336,#8634,#8326));
#8790=FACE_OUTER_BOUND('',#8789,.T.);
#8791=FACETED_PRIMITIVE_FACE('',(#8790));
#8793=POLY_LOOP('',(#8792,#8208,#8201));
#8794=FACE_OUTER_BOUND('',#8793,.T.);
#8795=FACETED_PRIMITIVE_FACE('',(#8794));
#8796=POLY_LOOP('',(#8792,#8201,#8191));
#8797=FACE_OUTER_BOUND('',#8796,.T.);
#8798=FACETED_PRIMITIVE_FACE('',(#8797));
#8799=POLY_LOOP('',(#8792,#8191,#8184));
#8800=FACE_OUTER_BOUND('',#8799,.T.);
#8801=FACETED_PRIMITIVE_FACE('',(#8800));
#8802=POLY_LOOP('',(#8038,#8045,#8714));
#8803=FACE_OUTER_BOUND('',#8802,.T.);
#8804=FACETED_PRIMITIVE_FACE('',(#8803));
#8805=POLY_LOOP('',(#8031,#8038,#8714));
#8806=FACE_OUTER_BOUND('',#8805,.T.);
#8807=FACETED_PRIMITIVE_FACE('',(#8806));
#8808=POLY_LOOP('',(#8024,#8031,#8714));
#8809=FACE_OUTER_BOUND('',#8808,.T.);
#8810=FACETED_PRIMITIVE_FACE('',(#8809));
#8811=POLY_LOOP('',(#8020,#8024,#8714));
#8812=FACE_OUTER_BOUND('',#8811,.T.);
#8813=FACETED_PRIMITIVE_FACE('',(#8812));
#8814=POLY_LOOP('',(#8013,#8020,#8714));
#8815=FACE_OUTER_BOUND('',#8814,.T.);
#8816=FACETED_PRIMITIVE_FACE('',(#8815));
#8817=POLY_LOOP('',(#8013,#8714,#8725));
#8818=FACE_OUTER_BOUND('',#8817,.T.);
#8819=FACETED_PRIMITIVE_FACE('',(#8818));
#8821=POLY_LOOP('',(#8820,#7885,#7868));
#8822=FACE_OUTER_BOUND('',#8821,.T.);
#8823=FACETED_PRIMITIVE_FACE('',(#8822));
#8825=POLY_LOOP('',(#8820,#7868,#8824));
#8826=FACE_OUTER_BOUND('',#8825,.T.);
#8827=FACETED_PRIMITIVE_FACE('',(#8826));
#8828=POLY_LOOP('',(#7899,#7885,#8820));
#8829=FACE_OUTER_BOUND('',#8828,.T.);
#8830=FACETED_PRIMITIVE_FACE('',(#8829));
#8831=POLY_LOOP('',(#7916,#7899,#8820));
#8832=FACE_OUTER_BOUND('',#8831,.T.);
#8833=FACETED_PRIMITIVE_FACE('',(#8832));
#8834=POLY_LOOP('',(#7930,#7916,#8820));
#8835=FACE_OUTER_BOUND('',#8834,.T.);
#8836=FACETED_PRIMITIVE_FACE('',(#8835));
#8838=POLY_LOOP('',(#8837,#8638,#8634));
#8839=FACE_OUTER_BOUND('',#8838,.T.);
#8840=FACETED_PRIMITIVE_FACE('',(#8839));
#8841=POLY_LOOP('',(#8837,#8645,#8638));
#8842=FACE_OUTER_BOUND('',#8841,.T.);
#8843=FACETED_PRIMITIVE_FACE('',(#8842));
#8844=POLY_LOOP('',(#8837,#8634,#8336));
#8845=FACE_OUTER_BOUND('',#8844,.T.);
#8846=FACETED_PRIMITIVE_FACE('',(#8845));
#8847=POLY_LOOP('',(#8837,#8336,#8347));
#8848=FACE_OUTER_BOUND('',#8847,.T.);
#8849=FACETED_PRIMITIVE_FACE('',(#8848));
#8850=POLY_LOOP('',(#8837,#8347,#8354));
#8851=FACE_OUTER_BOUND('',#8850,.T.);
#8852=FACETED_PRIMITIVE_FACE('',(#8851));
#8854=POLY_LOOP('',(#8853,#8837,#8354));
#8855=FACE_OUTER_BOUND('',#8854,.T.);
#8856=FACETED_PRIMITIVE_FACE('',(#8855));
#8857=POLY_LOOP('',(#8853,#8354,#8368));
#8858=FACE_OUTER_BOUND('',#8857,.T.);
#8859=FACETED_PRIMITIVE_FACE('',(#8858));
#8860=POLY_LOOP('',(#8853,#8368,#8372));
#8861=FACE_OUTER_BOUND('',#8860,.T.);
#8862=FACETED_PRIMITIVE_FACE('',(#8861));
#8864=POLY_LOOP('',(#8863,#8652,#8645));
#8865=FACE_OUTER_BOUND('',#8864,.T.);
#8866=FACETED_PRIMITIVE_FACE('',(#8865));
#8867=POLY_LOOP('',(#8863,#8662,#8652));
#8868=FACE_OUTER_BOUND('',#8867,.T.);
#8869=FACETED_PRIMITIVE_FACE('',(#8868));
#8870=POLY_LOOP('',(#8863,#8645,#8837));
#8871=FACE_OUTER_BOUND('',#8870,.T.);
#8872=FACETED_PRIMITIVE_FACE('',(#8871));
#8874=POLY_LOOP('',(#8873,#8853,#8372));
#8875=FACE_OUTER_BOUND('',#8874,.T.);
#8876=FACETED_PRIMITIVE_FACE('',(#8875));
#8877=POLY_LOOP('',(#8873,#8372,#8361));
#8878=FACE_OUTER_BOUND('',#8877,.T.);
#8879=FACETED_PRIMITIVE_FACE('',(#8878));
#8880=POLY_LOOP('',(#8873,#8361,#8340));
#8881=FACE_OUTER_BOUND('',#8880,.T.);
#8882=FACETED_PRIMITIVE_FACE('',(#8881));
#8884=POLY_LOOP('',(#8883,#8837,#8853));
#8885=FACE_OUTER_BOUND('',#8884,.T.);
#8886=FACETED_PRIMITIVE_FACE('',(#8885));
#8887=POLY_LOOP('',(#8883,#8853,#8873));
#8888=FACE_OUTER_BOUND('',#8887,.T.);
#8889=FACETED_PRIMITIVE_FACE('',(#8888));
#8890=POLY_LOOP('',(#8883,#8863,#8837));
#8891=FACE_OUTER_BOUND('',#8890,.T.);
#8892=FACETED_PRIMITIVE_FACE('',(#8891));
#8894=POLY_LOOP('',(#8893,#8340,#8322));
#8895=FACE_OUTER_BOUND('',#8894,.T.);
#8896=FACETED_PRIMITIVE_FACE('',(#8895));
#8897=POLY_LOOP('',(#8893,#8873,#8340));
#8898=FACE_OUTER_BOUND('',#8897,.T.);
#8899=FACETED_PRIMITIVE_FACE('',(#8898));
#8900=POLY_LOOP('',(#8893,#8322,#8308));
#8901=FACE_OUTER_BOUND('',#8900,.T.);
#8902=FACETED_PRIMITIVE_FACE('',(#8901));
#8904=POLY_LOOP('',(#8903,#8669,#8662));
#8905=FACE_OUTER_BOUND('',#8904,.T.);
#8906=FACETED_PRIMITIVE_FACE('',(#8905));
#8907=POLY_LOOP('',(#8903,#8676,#8669));
#8908=FACE_OUTER_BOUND('',#8907,.T.);
#8909=FACETED_PRIMITIVE_FACE('',(#8908));
#8910=POLY_LOOP('',(#8903,#8662,#8863));
#8911=FACE_OUTER_BOUND('',#8910,.T.);
#8912=FACETED_PRIMITIVE_FACE('',(#8911));
#8914=POLY_LOOP('',(#8913,#8883,#8873));
#8915=FACE_OUTER_BOUND('',#8914,.T.);
#8916=FACETED_PRIMITIVE_FACE('',(#8915));
#8918=POLY_LOOP('',(#8917,#8893,#8308));
#8919=FACE_OUTER_BOUND('',#8918,.T.);
#8920=FACETED_PRIMITIVE_FACE('',(#8919));
#8921=POLY_LOOP('',(#8917,#8308,#8284));
#8922=FACE_OUTER_BOUND('',#8921,.T.);
#8923=FACETED_PRIMITIVE_FACE('',(#8922));
#8924=POLY_LOOP('',(#8917,#8284,#8277));
#8925=FACE_OUTER_BOUND('',#8924,.T.);
#8926=FACETED_PRIMITIVE_FACE('',(#8925));
#8928=POLY_LOOP('',(#8927,#8863,#8883));
#8929=FACE_OUTER_BOUND('',#8928,.T.);
#8930=FACETED_PRIMITIVE_FACE('',(#8929));
#8931=POLY_LOOP('',(#8927,#8903,#8863));
#8932=FACE_OUTER_BOUND('',#8931,.T.);
#8933=FACETED_PRIMITIVE_FACE('',(#8932));
#8935=POLY_LOOP('',(#8934,#8873,#8893));
#8936=FACE_OUTER_BOUND('',#8935,.T.);
#8937=FACETED_PRIMITIVE_FACE('',(#8936));
#8938=POLY_LOOP('',(#8934,#8913,#8873));
#8939=FACE_OUTER_BOUND('',#8938,.T.);
#8940=FACETED_PRIMITIVE_FACE('',(#8939));
#8942=POLY_LOOP('',(#8941,#8917,#8277));
#8943=FACE_OUTER_BOUND('',#8942,.T.);
#8944=FACETED_PRIMITIVE_FACE('',(#8943));
#8945=POLY_LOOP('',(#8941,#8277,#8270));
#8946=FACE_OUTER_BOUND('',#8945,.T.);
#8947=FACETED_PRIMITIVE_FACE('',(#8946));
#8948=POLY_LOOP('',(#8941,#8270,#8263));
#8949=FACE_OUTER_BOUND('',#8948,.T.);
#8950=FACETED_PRIMITIVE_FACE('',(#8949));
#8952=POLY_LOOP('',(#8951,#8683,#8676));
#8953=FACE_OUTER_BOUND('',#8952,.T.);
#8954=FACETED_PRIMITIVE_FACE('',(#8953));
#8955=POLY_LOOP('',(#8951,#8690,#8683));
#8956=FACE_OUTER_BOUND('',#8955,.T.);
#8957=FACETED_PRIMITIVE_FACE('',(#8956));
#8958=POLY_LOOP('',(#8951,#8903,#8927));
#8959=FACE_OUTER_BOUND('',#8958,.T.);
#8960=FACETED_PRIMITIVE_FACE('',(#8959));
#8961=POLY_LOOP('',(#8951,#8676,#8903));
#8962=FACE_OUTER_BOUND('',#8961,.T.);
#8963=FACETED_PRIMITIVE_FACE('',(#8962));
#8965=POLY_LOOP('',(#8964,#8883,#8913));
#8966=FACE_OUTER_BOUND('',#8965,.T.);
#8967=FACETED_PRIMITIVE_FACE('',(#8966));
#8968=POLY_LOOP('',(#8964,#8927,#8883));
#8969=FACE_OUTER_BOUND('',#8968,.T.);
#8970=FACETED_PRIMITIVE_FACE('',(#8969));
#8972=POLY_LOOP('',(#8971,#8893,#8917));
#8973=FACE_OUTER_BOUND('',#8972,.T.);
#8974=FACETED_PRIMITIVE_FACE('',(#8973));
#8975=POLY_LOOP('',(#8971,#8934,#8893));
#8976=FACE_OUTER_BOUND('',#8975,.T.);
#8977=FACETED_PRIMITIVE_FACE('',(#8976));
#8979=POLY_LOOP('',(#8978,#8941,#8263));
#8980=FACE_OUTER_BOUND('',#8979,.T.);
#8981=FACETED_PRIMITIVE_FACE('',(#8980));
#8982=POLY_LOOP('',(#8978,#8263,#8256));
#8983=FACE_OUTER_BOUND('',#8982,.T.);
#8984=FACETED_PRIMITIVE_FACE('',(#8983));
#8985=POLY_LOOP('',(#8978,#8256,#8249));
#8986=FACE_OUTER_BOUND('',#8985,.T.);
#8987=FACETED_PRIMITIVE_FACE('',(#8986));
#8989=POLY_LOOP('',(#8988,#8951,#8927));
#8990=FACE_OUTER_BOUND('',#8989,.T.);
#8991=FACETED_PRIMITIVE_FACE('',(#8990));
#8992=POLY_LOOP('',(#8988,#8927,#8964));
#8993=FACE_OUTER_BOUND('',#8992,.T.);
#8994=FACETED_PRIMITIVE_FACE('',(#8993));
#8996=POLY_LOOP('',(#8995,#8964,#8913));
#8997=FACE_OUTER_BOUND('',#8996,.T.);
#8998=FACETED_PRIMITIVE_FACE('',(#8997));
#8999=POLY_LOOP('',(#8995,#8934,#8971));
#9000=FACE_OUTER_BOUND('',#8999,.T.);
#9001=FACETED_PRIMITIVE_FACE('',(#9000));
#9002=POLY_LOOP('',(#8995,#8913,#8934));
#9003=FACE_OUTER_BOUND('',#9002,.T.);
#9004=FACETED_PRIMITIVE_FACE('',(#9003));
#9006=POLY_LOOP('',(#9005,#8971,#8917));
#9007=FACE_OUTER_BOUND('',#9006,.T.);
#9008=FACETED_PRIMITIVE_FACE('',(#9007));
#9009=POLY_LOOP('',(#9005,#8917,#8941));
#9010=FACE_OUTER_BOUND('',#9009,.T.);
#9011=FACETED_PRIMITIVE_FACE('',(#9010));
#9013=POLY_LOOP('',(#9012,#8700,#8690));
#9014=FACE_OUTER_BOUND('',#9013,.T.);
#9015=FACETED_PRIMITIVE_FACE('',(#9014));
#9016=POLY_LOOP('',(#9012,#8704,#8700));
#9017=FACE_OUTER_BOUND('',#9016,.T.);
#9018=FACETED_PRIMITIVE_FACE('',(#9017));
#9019=POLY_LOOP('',(#9012,#8690,#8951));
#9020=FACE_OUTER_BOUND('',#9019,.T.);
#9021=FACETED_PRIMITIVE_FACE('',(#9020));
#9023=POLY_LOOP('',(#9022,#8978,#8249));
#9024=FACE_OUTER_BOUND('',#9023,.T.);
#9025=FACETED_PRIMITIVE_FACE('',(#9024));
#9026=POLY_LOOP('',(#9022,#8249,#8242));
#9027=FACE_OUTER_BOUND('',#9026,.T.);
#9028=FACETED_PRIMITIVE_FACE('',(#9027));
#9029=POLY_LOOP('',(#9022,#8242,#8235));
#9030=FACE_OUTER_BOUND('',#9029,.T.);
#9031=FACETED_PRIMITIVE_FACE('',(#9030));
#9033=POLY_LOOP('',(#9032,#8988,#8964));
#9034=FACE_OUTER_BOUND('',#9033,.T.);
#9035=FACETED_PRIMITIVE_FACE('',(#9034));
#9037=POLY_LOOP('',(#9036,#8971,#9005));
#9038=FACE_OUTER_BOUND('',#9037,.T.);
#9039=FACETED_PRIMITIVE_FACE('',(#9038));
#9040=POLY_LOOP('',(#9036,#8995,#8971));
#9041=FACE_OUTER_BOUND('',#9040,.T.);
#9042=FACETED_PRIMITIVE_FACE('',(#9041));
#9044=POLY_LOOP('',(#9043,#8978,#9022));
#9045=FACE_OUTER_BOUND('',#9044,.T.);
#9046=FACETED_PRIMITIVE_FACE('',(#9045));
#9047=POLY_LOOP('',(#9043,#9005,#8941));
#9048=FACE_OUTER_BOUND('',#9047,.T.);
#9049=FACETED_PRIMITIVE_FACE('',(#9048));
#9050=POLY_LOOP('',(#9043,#8941,#8978));
#9051=FACE_OUTER_BOUND('',#9050,.T.);
#9052=FACETED_PRIMITIVE_FACE('',(#9051));
#9054=POLY_LOOP('',(#9053,#9012,#8951));
#9055=FACE_OUTER_BOUND('',#9054,.T.);
#9056=FACETED_PRIMITIVE_FACE('',(#9055));
#9057=POLY_LOOP('',(#9053,#8951,#8988));
#9058=FACE_OUTER_BOUND('',#9057,.T.);
#9059=FACETED_PRIMITIVE_FACE('',(#9058));
#9061=POLY_LOOP('',(#9060,#9022,#8235));
#9062=FACE_OUTER_BOUND('',#9061,.T.);
#9063=FACETED_PRIMITIVE_FACE('',(#9062));
#9064=POLY_LOOP('',(#9060,#8235,#8225));
#9065=FACE_OUTER_BOUND('',#9064,.T.);
#9066=FACETED_PRIMITIVE_FACE('',(#9065));
#9067=POLY_LOOP('',(#9060,#8225,#8218));
#9068=FACE_OUTER_BOUND('',#9067,.T.);
#9069=FACETED_PRIMITIVE_FACE('',(#9068));
#9071=POLY_LOOP('',(#9070,#9032,#8964));
#9072=FACE_OUTER_BOUND('',#9071,.T.);
#9073=FACETED_PRIMITIVE_FACE('',(#9072));
#9074=POLY_LOOP('',(#9070,#8964,#8995));
#9075=FACE_OUTER_BOUND('',#9074,.T.);
#9076=FACETED_PRIMITIVE_FACE('',(#9075));
#9078=POLY_LOOP('',(#9077,#9036,#9005));
#9079=FACE_OUTER_BOUND('',#9078,.T.);
#9080=FACETED_PRIMITIVE_FACE('',(#9079));
#9082=POLY_LOOP('',(#9081,#8721,#8704));
#9083=FACE_OUTER_BOUND('',#9082,.T.);
#9084=FACETED_PRIMITIVE_FACE('',(#9083));
#9085=POLY_LOOP('',(#9081,#8732,#8721));
#9086=FACE_OUTER_BOUND('',#9085,.T.);
#9087=FACETED_PRIMITIVE_FACE('',(#9086));
#9088=POLY_LOOP('',(#9081,#8704,#9012));
#9089=FACE_OUTER_BOUND('',#9088,.T.);
#9090=FACETED_PRIMITIVE_FACE('',(#9089));
#9092=POLY_LOOP('',(#9091,#9043,#9022));
#9093=FACE_OUTER_BOUND('',#9092,.T.);
#9094=FACETED_PRIMITIVE_FACE('',(#9093));
#9096=POLY_LOOP('',(#9095,#8988,#9032));
#9097=FACE_OUTER_BOUND('',#9096,.T.);
#9098=FACETED_PRIMITIVE_FACE('',(#9097));
#9099=POLY_LOOP('',(#9095,#9053,#8988));
#9100=FACE_OUTER_BOUND('',#9099,.T.);
#9101=FACETED_PRIMITIVE_FACE('',(#9100));
#9103=POLY_LOOP('',(#9102,#9060,#8218));
#9104=FACE_OUTER_BOUND('',#9103,.T.);
#9105=FACETED_PRIMITIVE_FACE('',(#9104));
#9107=POLY_LOOP('',(#9102,#8792,#9106));
#9108=FACE_OUTER_BOUND('',#9107,.T.);
#9109=FACETED_PRIMITIVE_FACE('',(#9108));
#9110=POLY_LOOP('',(#9102,#8208,#8792));
#9111=FACE_OUTER_BOUND('',#9110,.T.);
#9112=FACETED_PRIMITIVE_FACE('',(#9111));
#9114=POLY_LOOP('',(#9102,#9106,#9113));
#9115=FACE_OUTER_BOUND('',#9114,.T.);
#9116=FACETED_PRIMITIVE_FACE('',(#9115));
#9117=POLY_LOOP('',(#9102,#8218,#8208));
#9118=FACE_OUTER_BOUND('',#9117,.T.);
#9119=FACETED_PRIMITIVE_FACE('',(#9118));
#9121=POLY_LOOP('',(#9120,#9070,#8995));
#9122=FACE_OUTER_BOUND('',#9121,.T.);
#9123=FACETED_PRIMITIVE_FACE('',(#9122));
#9124=POLY_LOOP('',(#9120,#8995,#9036));
#9125=FACE_OUTER_BOUND('',#9124,.T.);
#9126=FACETED_PRIMITIVE_FACE('',(#9125));
#9127=POLY_LOOP('',(#9120,#9036,#9077));
#9128=FACE_OUTER_BOUND('',#9127,.T.);
#9129=FACETED_PRIMITIVE_FACE('',(#9128));
#9131=POLY_LOOP('',(#9130,#9005,#9043));
#9132=FACE_OUTER_BOUND('',#9131,.T.);
#9133=FACETED_PRIMITIVE_FACE('',(#9132));
#9134=POLY_LOOP('',(#9130,#9077,#9005));
#9135=FACE_OUTER_BOUND('',#9134,.T.);
#9136=FACETED_PRIMITIVE_FACE('',(#9135));
#9138=POLY_LOOP('',(#9137,#9081,#9012));
#9139=FACE_OUTER_BOUND('',#9138,.T.);
#9140=FACETED_PRIMITIVE_FACE('',(#9139));
#9141=POLY_LOOP('',(#9137,#9012,#9053));
#9142=FACE_OUTER_BOUND('',#9141,.T.);
#9143=FACETED_PRIMITIVE_FACE('',(#9142));
#9145=POLY_LOOP('',(#9144,#9022,#9060));
#9146=FACE_OUTER_BOUND('',#9145,.T.);
#9147=FACETED_PRIMITIVE_FACE('',(#9146));
#9148=POLY_LOOP('',(#9144,#9091,#9022));
#9149=FACE_OUTER_BOUND('',#9148,.T.);
#9150=FACETED_PRIMITIVE_FACE('',(#9149));
#9152=POLY_LOOP('',(#9151,#9032,#9070));
#9153=FACE_OUTER_BOUND('',#9152,.T.);
#9154=FACETED_PRIMITIVE_FACE('',(#9153));
#9155=POLY_LOOP('',(#9151,#9095,#9032));
#9156=FACE_OUTER_BOUND('',#9155,.T.);
#9157=FACETED_PRIMITIVE_FACE('',(#9156));
#9159=POLY_LOOP('',(#9158,#9120,#9077));
#9160=FACE_OUTER_BOUND('',#9159,.T.);
#9161=FACETED_PRIMITIVE_FACE('',(#9160));
#9163=POLY_LOOP('',(#9162,#8749,#8732));
#9164=FACE_OUTER_BOUND('',#9163,.T.);
#9165=FACETED_PRIMITIVE_FACE('',(#9164));
#9166=POLY_LOOP('',(#9162,#8760,#8749));
#9167=FACE_OUTER_BOUND('',#9166,.T.);
#9168=FACETED_PRIMITIVE_FACE('',(#9167));
#9169=POLY_LOOP('',(#9162,#9081,#9137));
#9170=FACE_OUTER_BOUND('',#9169,.T.);
#9171=FACETED_PRIMITIVE_FACE('',(#9170));
#9172=POLY_LOOP('',(#9162,#8732,#9081));
#9173=FACE_OUTER_BOUND('',#9172,.T.);
#9174=FACETED_PRIMITIVE_FACE('',(#9173));
#9176=POLY_LOOP('',(#9175,#9130,#9043));
#9177=FACE_OUTER_BOUND('',#9176,.T.);
#9178=FACETED_PRIMITIVE_FACE('',(#9177));
#9179=POLY_LOOP('',(#9175,#9043,#9091));
#9180=FACE_OUTER_BOUND('',#9179,.T.);
#9181=FACETED_PRIMITIVE_FACE('',(#9180));
#9183=POLY_LOOP('',(#9182,#9053,#9095));
#9184=FACE_OUTER_BOUND('',#9183,.T.);
#9185=FACETED_PRIMITIVE_FACE('',(#9184));
#9186=POLY_LOOP('',(#9182,#9137,#9053));
#9187=FACE_OUTER_BOUND('',#9186,.T.);
#9188=FACETED_PRIMITIVE_FACE('',(#9187));
#9190=POLY_LOOP('',(#9189,#9060,#9102));
#9191=FACE_OUTER_BOUND('',#9190,.T.);
#9192=FACETED_PRIMITIVE_FACE('',(#9191));
#9193=POLY_LOOP('',(#9189,#9102,#9113));
#9194=FACE_OUTER_BOUND('',#9193,.T.);
#9195=FACETED_PRIMITIVE_FACE('',(#9194));
#9197=POLY_LOOP('',(#9189,#9113,#9196));
#9198=FACE_OUTER_BOUND('',#9197,.T.);
#9199=FACETED_PRIMITIVE_FACE('',(#9198));
#9201=POLY_LOOP('',(#9189,#9196,#9200));
#9202=FACE_OUTER_BOUND('',#9201,.T.);
#9203=FACETED_PRIMITIVE_FACE('',(#9202));
#9204=POLY_LOOP('',(#9189,#9144,#9060));
#9205=FACE_OUTER_BOUND('',#9204,.T.);
#9206=FACETED_PRIMITIVE_FACE('',(#9205));
#9208=POLY_LOOP('',(#9207,#9120,#9158));
#9209=FACE_OUTER_BOUND('',#9208,.T.);
#9210=FACETED_PRIMITIVE_FACE('',(#9209));
#9211=POLY_LOOP('',(#9207,#9070,#9120));
#9212=FACE_OUTER_BOUND('',#9211,.T.);
#9213=FACETED_PRIMITIVE_FACE('',(#9212));
#9214=POLY_LOOP('',(#9207,#9151,#9070));
#9215=FACE_OUTER_BOUND('',#9214,.T.);
#9216=FACETED_PRIMITIVE_FACE('',(#9215));
#9218=POLY_LOOP('',(#9217,#9077,#9130));
#9219=FACE_OUTER_BOUND('',#9218,.T.);
#9220=FACETED_PRIMITIVE_FACE('',(#9219));
#9221=POLY_LOOP('',(#9217,#9158,#9077));
#9222=FACE_OUTER_BOUND('',#9221,.T.);
#9223=FACETED_PRIMITIVE_FACE('',(#9222));
#9225=POLY_LOOP('',(#9224,#9162,#9137));
#9226=FACE_OUTER_BOUND('',#9225,.T.);
#9227=FACETED_PRIMITIVE_FACE('',(#9226));
#9229=POLY_LOOP('',(#9228,#9175,#9091));
#9230=FACE_OUTER_BOUND('',#9229,.T.);
#9231=FACETED_PRIMITIVE_FACE('',(#9230));
#9232=POLY_LOOP('',(#9228,#9091,#9144));
#9233=FACE_OUTER_BOUND('',#9232,.T.);
#9234=FACETED_PRIMITIVE_FACE('',(#9233));
#9236=POLY_LOOP('',(#9235,#9095,#9151));
#9237=FACE_OUTER_BOUND('',#9236,.T.);
#9238=FACETED_PRIMITIVE_FACE('',(#9237));
#9239=POLY_LOOP('',(#9235,#9182,#9095));
#9240=FACE_OUTER_BOUND('',#9239,.T.);
#9241=FACETED_PRIMITIVE_FACE('',(#9240));
#9243=POLY_LOOP('',(#9242,#9207,#9158));
#9244=FACE_OUTER_BOUND('',#9243,.T.);
#9245=FACETED_PRIMITIVE_FACE('',(#9244));
#9246=POLY_LOOP('',(#9242,#9158,#9217));
#9247=FACE_OUTER_BOUND('',#9246,.T.);
#9248=FACETED_PRIMITIVE_FACE('',(#9247));
#9250=POLY_LOOP('',(#9249,#8767,#8760));
#9251=FACE_OUTER_BOUND('',#9250,.T.);
#9252=FACETED_PRIMITIVE_FACE('',(#9251));
#9253=POLY_LOOP('',(#9249,#9162,#9224));
#9254=FACE_OUTER_BOUND('',#9253,.T.);
#9255=FACETED_PRIMITIVE_FACE('',(#9254));
#9256=POLY_LOOP('',(#9249,#8756,#8767));
#9257=FACE_OUTER_BOUND('',#9256,.T.);
#9258=FACETED_PRIMITIVE_FACE('',(#9257));
#9259=POLY_LOOP('',(#9249,#8760,#9162));
#9260=FACE_OUTER_BOUND('',#9259,.T.);
#9261=FACETED_PRIMITIVE_FACE('',(#9260));
#9263=POLY_LOOP('',(#9262,#9175,#9228));
#9264=FACE_OUTER_BOUND('',#9263,.T.);
#9265=FACETED_PRIMITIVE_FACE('',(#9264));
#9266=POLY_LOOP('',(#9262,#9217,#9130));
#9267=FACE_OUTER_BOUND('',#9266,.T.);
#9268=FACETED_PRIMITIVE_FACE('',(#9267));
#9269=POLY_LOOP('',(#9262,#9130,#9175));
#9270=FACE_OUTER_BOUND('',#9269,.T.);
#9271=FACETED_PRIMITIVE_FACE('',(#9270));
#9273=POLY_LOOP('',(#9272,#9137,#9182));
#9274=FACE_OUTER_BOUND('',#9273,.T.);
#9275=FACETED_PRIMITIVE_FACE('',(#9274));
#9276=POLY_LOOP('',(#9272,#9224,#9137));
#9277=FACE_OUTER_BOUND('',#9276,.T.);
#9278=FACETED_PRIMITIVE_FACE('',(#9277));
#9280=POLY_LOOP('',(#9279,#9189,#9200));
#9281=FACE_OUTER_BOUND('',#9280,.T.);
#9282=FACETED_PRIMITIVE_FACE('',(#9281));
#9283=POLY_LOOP('',(#9279,#9228,#9144));
#9284=FACE_OUTER_BOUND('',#9283,.T.);
#9285=FACETED_PRIMITIVE_FACE('',(#9284));
#9287=POLY_LOOP('',(#9279,#9200,#9286));
#9288=FACE_OUTER_BOUND('',#9287,.T.);
#9289=FACETED_PRIMITIVE_FACE('',(#9288));
#9291=POLY_LOOP('',(#9279,#9286,#9290));
#9292=FACE_OUTER_BOUND('',#9291,.T.);
#9293=FACETED_PRIMITIVE_FACE('',(#9292));
#9294=POLY_LOOP('',(#9279,#9144,#9189));
#9295=FACE_OUTER_BOUND('',#9294,.T.);
#9296=FACETED_PRIMITIVE_FACE('',(#9295));
#9298=POLY_LOOP('',(#9297,#9235,#9151));
#9299=FACE_OUTER_BOUND('',#9298,.T.);
#9300=FACETED_PRIMITIVE_FACE('',(#9299));
#9301=POLY_LOOP('',(#9297,#9207,#9242));
#9302=FACE_OUTER_BOUND('',#9301,.T.);
#9303=FACETED_PRIMITIVE_FACE('',(#9302));
#9304=POLY_LOOP('',(#9297,#9151,#9207));
#9305=FACE_OUTER_BOUND('',#9304,.T.);
#9306=FACETED_PRIMITIVE_FACE('',(#9305));
#9308=POLY_LOOP('',(#9307,#9242,#9217));
#9309=FACE_OUTER_BOUND('',#9308,.T.);
#9310=FACETED_PRIMITIVE_FACE('',(#9309));
#9312=POLY_LOOP('',(#9311,#9249,#9224));
#9313=FACE_OUTER_BOUND('',#9312,.T.);
#9314=FACETED_PRIMITIVE_FACE('',(#9313));
#9316=POLY_LOOP('',(#9315,#9262,#9228));
#9317=FACE_OUTER_BOUND('',#9316,.T.);
#9318=FACETED_PRIMITIVE_FACE('',(#9317));
#9320=POLY_LOOP('',(#9319,#9272,#9182));
#9321=FACE_OUTER_BOUND('',#9320,.T.);
#9322=FACETED_PRIMITIVE_FACE('',(#9321));
#9323=POLY_LOOP('',(#9319,#9182,#9235));
#9324=FACE_OUTER_BOUND('',#9323,.T.);
#9325=FACETED_PRIMITIVE_FACE('',(#9324));
#9327=POLY_LOOP('',(#9326,#9297,#9242));
#9328=FACE_OUTER_BOUND('',#9327,.T.);
#9329=FACETED_PRIMITIVE_FACE('',(#9328));
#9331=POLY_LOOP('',(#9330,#8739,#8756));
#9332=FACE_OUTER_BOUND('',#9331,.T.);
#9333=FACETED_PRIMITIVE_FACE('',(#9332));
#9334=POLY_LOOP('',(#9330,#8013,#8725));
#9335=FACE_OUTER_BOUND('',#9334,.T.);
#9336=FACETED_PRIMITIVE_FACE('',(#9335));
#9337=POLY_LOOP('',(#9330,#8725,#8739));
#9338=FACE_OUTER_BOUND('',#9337,.T.);
#9339=FACETED_PRIMITIVE_FACE('',(#9338));
#9340=POLY_LOOP('',(#9330,#8756,#9249));
#9341=FACE_OUTER_BOUND('',#9340,.T.);
#9342=FACETED_PRIMITIVE_FACE('',(#9341));
#9343=POLY_LOOP('',(#9330,#8006,#8013));
#9344=FACE_OUTER_BOUND('',#9343,.T.);
#9345=FACETED_PRIMITIVE_FACE('',(#9344));
#9347=POLY_LOOP('',(#9346,#9307,#9217));
#9348=FACE_OUTER_BOUND('',#9347,.T.);
#9349=FACETED_PRIMITIVE_FACE('',(#9348));
#9350=POLY_LOOP('',(#9346,#9217,#9262));
#9351=FACE_OUTER_BOUND('',#9350,.T.);
#9352=FACETED_PRIMITIVE_FACE('',(#9351));
#9354=POLY_LOOP('',(#9353,#9224,#9272));
#9355=FACE_OUTER_BOUND('',#9354,.T.);
#9356=FACETED_PRIMITIVE_FACE('',(#9355));
#9357=POLY_LOOP('',(#9353,#9272,#9319));
#9358=FACE_OUTER_BOUND('',#9357,.T.);
#9359=FACETED_PRIMITIVE_FACE('',(#9358));
#9360=POLY_LOOP('',(#9353,#9311,#9224));
#9361=FACE_OUTER_BOUND('',#9360,.T.);
#9362=FACETED_PRIMITIVE_FACE('',(#9361));
#9364=POLY_LOOP('',(#9363,#9279,#9290));
#9365=FACE_OUTER_BOUND('',#9364,.T.);
#9366=FACETED_PRIMITIVE_FACE('',(#9365));
#9367=POLY_LOOP('',(#9363,#9315,#9228));
#9368=FACE_OUTER_BOUND('',#9367,.T.);
#9369=FACETED_PRIMITIVE_FACE('',(#9368));
#9370=POLY_LOOP('',(#9363,#9228,#9279));
#9371=FACE_OUTER_BOUND('',#9370,.T.);
#9372=FACETED_PRIMITIVE_FACE('',(#9371));
#9374=POLY_LOOP('',(#9363,#9290,#9373));
#9375=FACE_OUTER_BOUND('',#9374,.T.);
#9376=FACETED_PRIMITIVE_FACE('',(#9375));
#9378=POLY_LOOP('',(#9363,#9373,#9377));
#9379=FACE_OUTER_BOUND('',#9378,.T.);
#9380=FACETED_PRIMITIVE_FACE('',(#9379));
#9382=POLY_LOOP('',(#9381,#9319,#9235));
#9383=FACE_OUTER_BOUND('',#9382,.T.);
#9384=FACETED_PRIMITIVE_FACE('',(#9383));
#9385=POLY_LOOP('',(#9381,#9235,#9297));
#9386=FACE_OUTER_BOUND('',#9385,.T.);
#9387=FACETED_PRIMITIVE_FACE('',(#9386));
#9389=POLY_LOOP('',(#9388,#9326,#9242));
#9390=FACE_OUTER_BOUND('',#9389,.T.);
#9391=FACETED_PRIMITIVE_FACE('',(#9390));
#9392=POLY_LOOP('',(#9388,#9307,#9346));
#9393=FACE_OUTER_BOUND('',#9392,.T.);
#9394=FACETED_PRIMITIVE_FACE('',(#9393));
#9395=POLY_LOOP('',(#9388,#9242,#9307));
#9396=FACE_OUTER_BOUND('',#9395,.T.);
#9397=FACETED_PRIMITIVE_FACE('',(#9396));
#9399=POLY_LOOP('',(#9398,#9330,#9249));
#9400=FACE_OUTER_BOUND('',#9399,.T.);
#9401=FACETED_PRIMITIVE_FACE('',(#9400));
#9402=POLY_LOOP('',(#9398,#8006,#9330));
#9403=FACE_OUTER_BOUND('',#9402,.T.);
#9404=FACETED_PRIMITIVE_FACE('',(#9403));
#9405=POLY_LOOP('',(#9398,#8002,#8006));
#9406=FACE_OUTER_BOUND('',#9405,.T.);
#9407=FACETED_PRIMITIVE_FACE('',(#9406));
#9408=POLY_LOOP('',(#9398,#7995,#8002));
#9409=FACE_OUTER_BOUND('',#9408,.T.);
#9410=FACETED_PRIMITIVE_FACE('',(#9409));
#9411=POLY_LOOP('',(#9398,#9249,#9311));
#9412=FACE_OUTER_BOUND('',#9411,.T.);
#9413=FACETED_PRIMITIVE_FACE('',(#9412));
#9415=POLY_LOOP('',(#9414,#9346,#9262));
#9416=FACE_OUTER_BOUND('',#9415,.T.);
#9417=FACETED_PRIMITIVE_FACE('',(#9416));
#9418=POLY_LOOP('',(#9414,#9262,#9315));
#9419=FACE_OUTER_BOUND('',#9418,.T.);
#9420=FACETED_PRIMITIVE_FACE('',(#9419));
#9422=POLY_LOOP('',(#9421,#9353,#9319));
#9423=FACE_OUTER_BOUND('',#9422,.T.);
#9424=FACETED_PRIMITIVE_FACE('',(#9423));
#9426=POLY_LOOP('',(#9425,#9297,#9326));
#9427=FACE_OUTER_BOUND('',#9426,.T.);
#9428=FACETED_PRIMITIVE_FACE('',(#9427));
#9429=POLY_LOOP('',(#9425,#9381,#9297));
#9430=FACE_OUTER_BOUND('',#9429,.T.);
#9431=FACETED_PRIMITIVE_FACE('',(#9430));
#9433=POLY_LOOP('',(#9432,#9388,#9346));
#9434=FACE_OUTER_BOUND('',#9433,.T.);
#9435=FACETED_PRIMITIVE_FACE('',(#9434));
#9437=POLY_LOOP('',(#9436,#7995,#9398));
#9438=FACE_OUTER_BOUND('',#9437,.T.);
#9439=FACETED_PRIMITIVE_FACE('',(#9438));
#9440=POLY_LOOP('',(#9436,#9353,#9421));
#9441=FACE_OUTER_BOUND('',#9440,.T.);
#9442=FACETED_PRIMITIVE_FACE('',(#9441));
#9443=POLY_LOOP('',(#9436,#7988,#7995));
#9444=FACE_OUTER_BOUND('',#9443,.T.);
#9445=FACETED_PRIMITIVE_FACE('',(#9444));
#9446=POLY_LOOP('',(#9436,#7981,#7988));
#9447=FACE_OUTER_BOUND('',#9446,.T.);
#9448=FACETED_PRIMITIVE_FACE('',(#9447));
#9449=POLY_LOOP('',(#9436,#9311,#9353));
#9450=FACE_OUTER_BOUND('',#9449,.T.);
#9451=FACETED_PRIMITIVE_FACE('',(#9450));
#9452=POLY_LOOP('',(#9436,#9398,#9311));
#9453=FACE_OUTER_BOUND('',#9452,.T.);
#9454=FACETED_PRIMITIVE_FACE('',(#9453));
#9456=POLY_LOOP('',(#9455,#9414,#9315));
#9457=FACE_OUTER_BOUND('',#9456,.T.);
#9458=FACETED_PRIMITIVE_FACE('',(#9457));
#9459=POLY_LOOP('',(#9455,#9315,#9363));
#9460=FACE_OUTER_BOUND('',#9459,.T.);
#9461=FACETED_PRIMITIVE_FACE('',(#9460));
#9463=POLY_LOOP('',(#9455,#9377,#9462));
#9464=FACE_OUTER_BOUND('',#9463,.T.);
#9465=FACETED_PRIMITIVE_FACE('',(#9464));
#9467=POLY_LOOP('',(#9455,#9462,#9466));
#9468=FACE_OUTER_BOUND('',#9467,.T.);
#9469=FACETED_PRIMITIVE_FACE('',(#9468));
#9470=POLY_LOOP('',(#9455,#9363,#9377));
#9471=FACE_OUTER_BOUND('',#9470,.T.);
#9472=FACETED_PRIMITIVE_FACE('',(#9471));
#9474=POLY_LOOP('',(#9473,#9319,#9381));
#9475=FACE_OUTER_BOUND('',#9474,.T.);
#9476=FACETED_PRIMITIVE_FACE('',(#9475));
#9477=POLY_LOOP('',(#9473,#9421,#9319));
#9478=FACE_OUTER_BOUND('',#9477,.T.);
#9479=FACETED_PRIMITIVE_FACE('',(#9478));
#9481=POLY_LOOP('',(#9480,#9425,#9326));
#9482=FACE_OUTER_BOUND('',#9481,.T.);
#9483=FACETED_PRIMITIVE_FACE('',(#9482));
#9484=POLY_LOOP('',(#9480,#9326,#9388));
#9485=FACE_OUTER_BOUND('',#9484,.T.);
#9486=FACETED_PRIMITIVE_FACE('',(#9485));
#9488=POLY_LOOP('',(#9487,#9346,#9414));
#9489=FACE_OUTER_BOUND('',#9488,.T.);
#9490=FACETED_PRIMITIVE_FACE('',(#9489));
#9491=POLY_LOOP('',(#9487,#9414,#9455));
#9492=FACE_OUTER_BOUND('',#9491,.T.);
#9493=FACETED_PRIMITIVE_FACE('',(#9492));
#9494=POLY_LOOP('',(#9487,#9432,#9346));
#9495=FACE_OUTER_BOUND('',#9494,.T.);
#9496=FACETED_PRIMITIVE_FACE('',(#9495));
#9498=POLY_LOOP('',(#9497,#7968,#7981));
#9499=FACE_OUTER_BOUND('',#9498,.T.);
#9500=FACETED_PRIMITIVE_FACE('',(#9499));
#9501=POLY_LOOP('',(#9497,#7961,#7968));
#9502=FACE_OUTER_BOUND('',#9501,.T.);
#9503=FACETED_PRIMITIVE_FACE('',(#9502));
#9504=POLY_LOOP('',(#9497,#9436,#9421));
#9505=FACE_OUTER_BOUND('',#9504,.T.);
#9506=FACETED_PRIMITIVE_FACE('',(#9505));
#9507=POLY_LOOP('',(#9497,#9421,#9473));
#9508=FACE_OUTER_BOUND('',#9507,.T.);
#9509=FACETED_PRIMITIVE_FACE('',(#9508));
#9510=POLY_LOOP('',(#9497,#7981,#9436));
#9511=FACE_OUTER_BOUND('',#9510,.T.);
#9512=FACETED_PRIMITIVE_FACE('',(#9511));
#9514=POLY_LOOP('',(#9513,#9425,#9480));
#9515=FACE_OUTER_BOUND('',#9514,.T.);
#9516=FACETED_PRIMITIVE_FACE('',(#9515));
#9517=POLY_LOOP('',(#9513,#9473,#9381));
#9518=FACE_OUTER_BOUND('',#9517,.T.);
#9519=FACETED_PRIMITIVE_FACE('',(#9518));
#9520=POLY_LOOP('',(#9513,#9381,#9425));
#9521=FACE_OUTER_BOUND('',#9520,.T.);
#9522=FACETED_PRIMITIVE_FACE('',(#9521));
#9524=POLY_LOOP('',(#9523,#9432,#9487));
#9525=FACE_OUTER_BOUND('',#9524,.T.);
#9526=FACETED_PRIMITIVE_FACE('',(#9525));
#9527=POLY_LOOP('',(#9523,#9388,#9432));
#9528=FACE_OUTER_BOUND('',#9527,.T.);
#9529=FACETED_PRIMITIVE_FACE('',(#9528));
#9530=POLY_LOOP('',(#9523,#9480,#9388));
#9531=FACE_OUTER_BOUND('',#9530,.T.);
#9532=FACETED_PRIMITIVE_FACE('',(#9531));
#9534=POLY_LOOP('',(#9533,#9487,#9455));
#9535=FACE_OUTER_BOUND('',#9534,.T.);
#9536=FACETED_PRIMITIVE_FACE('',(#9535));
#9538=POLY_LOOP('',(#9533,#9466,#9537));
#9539=FACE_OUTER_BOUND('',#9538,.T.);
#9540=FACETED_PRIMITIVE_FACE('',(#9539));
#9542=POLY_LOOP('',(#9533,#9537,#9541));
#9543=FACE_OUTER_BOUND('',#9542,.T.);
#9544=FACETED_PRIMITIVE_FACE('',(#9543));
#9545=POLY_LOOP('',(#9533,#9455,#9466));
#9546=FACE_OUTER_BOUND('',#9545,.T.);
#9547=FACETED_PRIMITIVE_FACE('',(#9546));
#9549=POLY_LOOP('',(#9548,#9497,#9473));
#9550=FACE_OUTER_BOUND('',#9549,.T.);
#9551=FACETED_PRIMITIVE_FACE('',(#9550));
#9552=POLY_LOOP('',(#9548,#7954,#7961));
#9553=FACE_OUTER_BOUND('',#9552,.T.);
#9554=FACETED_PRIMITIVE_FACE('',(#9553));
#9555=POLY_LOOP('',(#9548,#7947,#7954));
#9556=FACE_OUTER_BOUND('',#9555,.T.);
#9557=FACETED_PRIMITIVE_FACE('',(#9556));
#9558=POLY_LOOP('',(#9548,#7961,#9497));
#9559=FACE_OUTER_BOUND('',#9558,.T.);
#9560=FACETED_PRIMITIVE_FACE('',(#9559));
#9562=POLY_LOOP('',(#9561,#9513,#9480));
#9563=FACE_OUTER_BOUND('',#9562,.T.);
#9564=FACETED_PRIMITIVE_FACE('',(#9563));
#9566=POLY_LOOP('',(#9565,#9523,#9487));
#9567=FACE_OUTER_BOUND('',#9566,.T.);
#9568=FACETED_PRIMITIVE_FACE('',(#9567));
#9570=POLY_LOOP('',(#9569,#9473,#9513));
#9571=FACE_OUTER_BOUND('',#9570,.T.);
#9572=FACETED_PRIMITIVE_FACE('',(#9571));
#9573=POLY_LOOP('',(#9569,#7940,#7947));
#9574=FACE_OUTER_BOUND('',#9573,.T.);
#9575=FACETED_PRIMITIVE_FACE('',(#9574));
#9576=POLY_LOOP('',(#9569,#7923,#7940));
#9577=FACE_OUTER_BOUND('',#9576,.T.);
#9578=FACETED_PRIMITIVE_FACE('',(#9577));
#9579=POLY_LOOP('',(#9569,#7947,#9548));
#9580=FACE_OUTER_BOUND('',#9579,.T.);
#9581=FACETED_PRIMITIVE_FACE('',(#9580));
#9582=POLY_LOOP('',(#9569,#9548,#9473));
#9583=FACE_OUTER_BOUND('',#9582,.T.);
#9584=FACETED_PRIMITIVE_FACE('',(#9583));
#9586=POLY_LOOP('',(#9585,#9561,#9480));
#9587=FACE_OUTER_BOUND('',#9586,.T.);
#9588=FACETED_PRIMITIVE_FACE('',(#9587));
#9589=POLY_LOOP('',(#9585,#9480,#9523));
#9590=FACE_OUTER_BOUND('',#9589,.T.);
#9591=FACETED_PRIMITIVE_FACE('',(#9590));
#9593=POLY_LOOP('',(#9592,#9533,#9541));
#9594=FACE_OUTER_BOUND('',#9593,.T.);
#9595=FACETED_PRIMITIVE_FACE('',(#9594));
#9596=POLY_LOOP('',(#9592,#9565,#9487));
#9597=FACE_OUTER_BOUND('',#9596,.T.);
#9598=FACETED_PRIMITIVE_FACE('',(#9597));
#9600=POLY_LOOP('',(#9592,#9541,#9599));
#9601=FACE_OUTER_BOUND('',#9600,.T.);
#9602=FACETED_PRIMITIVE_FACE('',(#9601));
#9604=POLY_LOOP('',(#9592,#9599,#9603));
#9605=FACE_OUTER_BOUND('',#9604,.T.);
#9606=FACETED_PRIMITIVE_FACE('',(#9605));
#9607=POLY_LOOP('',(#9592,#9487,#9533));
#9608=FACE_OUTER_BOUND('',#9607,.T.);
#9609=FACETED_PRIMITIVE_FACE('',(#9608));
#9611=POLY_LOOP('',(#9610,#9569,#9513));
#9612=FACE_OUTER_BOUND('',#9611,.T.);
#9613=FACETED_PRIMITIVE_FACE('',(#9612));
#9614=POLY_LOOP('',(#9610,#9513,#9561));
#9615=FACE_OUTER_BOUND('',#9614,.T.);
#9616=FACETED_PRIMITIVE_FACE('',(#9615));
#9617=POLY_LOOP('',(#9610,#7906,#7923));
#9618=FACE_OUTER_BOUND('',#9617,.T.);
#9619=FACETED_PRIMITIVE_FACE('',(#9618));
#9620=POLY_LOOP('',(#9610,#7889,#7906));
#9621=FACE_OUTER_BOUND('',#9620,.T.);
#9622=FACETED_PRIMITIVE_FACE('',(#9621));
#9623=POLY_LOOP('',(#9610,#7923,#9569));
#9624=FACE_OUTER_BOUND('',#9623,.T.);
#9625=FACETED_PRIMITIVE_FACE('',(#9624));
#9627=POLY_LOOP('',(#9626,#9523,#9565));
#9628=FACE_OUTER_BOUND('',#9627,.T.);
#9629=FACETED_PRIMITIVE_FACE('',(#9628));
#9630=POLY_LOOP('',(#9626,#9585,#9523));
#9631=FACE_OUTER_BOUND('',#9630,.T.);
#9632=FACETED_PRIMITIVE_FACE('',(#9631));
#9634=POLY_LOOP('',(#9633,#9610,#9561));
#9635=FACE_OUTER_BOUND('',#9634,.T.);
#9636=FACETED_PRIMITIVE_FACE('',(#9635));
#9637=POLY_LOOP('',(#9633,#9561,#9585));
#9638=FACE_OUTER_BOUND('',#9637,.T.);
#9639=FACETED_PRIMITIVE_FACE('',(#9638));
#9640=POLY_LOOP('',(#9633,#7875,#7889));
#9641=FACE_OUTER_BOUND('',#9640,.T.);
#9642=FACETED_PRIMITIVE_FACE('',(#9641));
#9643=POLY_LOOP('',(#9633,#7860,#7875));
#9644=FACE_OUTER_BOUND('',#9643,.T.);
#9645=FACETED_PRIMITIVE_FACE('',(#9644));
#9646=POLY_LOOP('',(#9633,#7889,#9610));
#9647=FACE_OUTER_BOUND('',#9646,.T.);
#9648=FACETED_PRIMITIVE_FACE('',(#9647));
#9650=POLY_LOOP('',(#9649,#9626,#9565));
#9651=FACE_OUTER_BOUND('',#9650,.T.);
#9652=FACETED_PRIMITIVE_FACE('',(#9651));
#9653=POLY_LOOP('',(#9649,#9592,#9603));
#9654=FACE_OUTER_BOUND('',#9653,.T.);
#9655=FACETED_PRIMITIVE_FACE('',(#9654));
#9657=POLY_LOOP('',(#9649,#9603,#9656));
#9658=FACE_OUTER_BOUND('',#9657,.T.);
#9659=FACETED_PRIMITIVE_FACE('',(#9658));
#9661=POLY_LOOP('',(#9649,#9656,#9660));
#9662=FACE_OUTER_BOUND('',#9661,.T.);
#9663=FACETED_PRIMITIVE_FACE('',(#9662));
#9664=POLY_LOOP('',(#9649,#9565,#9592));
#9665=FACE_OUTER_BOUND('',#9664,.T.);
#9666=FACETED_PRIMITIVE_FACE('',(#9665));
#9668=POLY_LOOP('',(#9667,#9633,#9585));
#9669=FACE_OUTER_BOUND('',#9668,.T.);
#9670=FACETED_PRIMITIVE_FACE('',(#9669));
#9671=POLY_LOOP('',(#9667,#9626,#9649));
#9672=FACE_OUTER_BOUND('',#9671,.T.);
#9673=FACETED_PRIMITIVE_FACE('',(#9672));
#9674=POLY_LOOP('',(#9667,#7861,#7860));
#9675=FACE_OUTER_BOUND('',#9674,.T.);
#9676=FACETED_PRIMITIVE_FACE('',(#9675));
#9677=POLY_LOOP('',(#9667,#7868,#7861));
#9678=FACE_OUTER_BOUND('',#9677,.T.);
#9679=FACETED_PRIMITIVE_FACE('',(#9678));
#9680=POLY_LOOP('',(#9667,#7860,#9633));
#9681=FACE_OUTER_BOUND('',#9680,.T.);
#9682=FACETED_PRIMITIVE_FACE('',(#9681));
#9683=POLY_LOOP('',(#9667,#9585,#9626));
#9684=FACE_OUTER_BOUND('',#9683,.T.);
#9685=FACETED_PRIMITIVE_FACE('',(#9684));
#9687=POLY_LOOP('',(#9686,#7868,#9667));
#9688=FACE_OUTER_BOUND('',#9687,.T.);
#9689=FACETED_PRIMITIVE_FACE('',(#9688));
#9690=POLY_LOOP('',(#9686,#9667,#9649));
#9691=FACE_OUTER_BOUND('',#9690,.T.);
#9692=FACETED_PRIMITIVE_FACE('',(#9691));
#9693=POLY_LOOP('',(#9686,#9649,#9660));
#9694=FACE_OUTER_BOUND('',#9693,.T.);
#9695=FACETED_PRIMITIVE_FACE('',(#9694));
#9697=POLY_LOOP('',(#9686,#9660,#9696));
#9698=FACE_OUTER_BOUND('',#9697,.T.);
#9699=FACETED_PRIMITIVE_FACE('',(#9698));
#9700=POLY_LOOP('',(#9686,#9696,#8824));
#9701=FACE_OUTER_BOUND('',#9700,.T.);
#9702=FACETED_PRIMITIVE_FACE('',(#9701));
#9703=POLY_LOOP('',(#9686,#8824,#7868));
#9704=FACE_OUTER_BOUND('',#9703,.T.);
#9705=FACETED_PRIMITIVE_FACE('',(#9704));
#9706=POLY_LOOP('',(#111,#7930,#8820));
#9707=FACE_OUTER_BOUND('',#9706,.T.);
#9708=FACETED_PRIMITIVE_FACE('',(#9707));
#9709=POLY_LOOP('',(#111,#102,#7930));
#9710=FACE_OUTER_BOUND('',#9709,.T.);
#9711=FACETED_PRIMITIVE_FACE('',(#9710));
#9712=POLY_LOOP('',(#112,#8820,#8824));
#9713=FACE_OUTER_BOUND('',#9712,.T.);
#9714=FACETED_PRIMITIVE_FACE('',(#9713));
#9715=POLY_LOOP('',(#112,#111,#8820));
#9716=FACE_OUTER_BOUND('',#9715,.T.);
#9717=FACETED_PRIMITIVE_FACE('',(#9716));
#9718=POLY_LOOP('',(#110,#8824,#9696));
#9719=FACE_OUTER_BOUND('',#9718,.T.);
#9720=FACETED_PRIMITIVE_FACE('',(#9719));
#9721=POLY_LOOP('',(#110,#112,#8824));
#9722=FACE_OUTER_BOUND('',#9721,.T.);
#9723=FACETED_PRIMITIVE_FACE('',(#9722));
#9724=POLY_LOOP('',(#116,#9696,#9660));
#9725=FACE_OUTER_BOUND('',#9724,.T.);
#9726=FACETED_PRIMITIVE_FACE('',(#9725));
#9727=POLY_LOOP('',(#116,#110,#9696));
#9728=FACE_OUTER_BOUND('',#9727,.T.);
#9729=FACETED_PRIMITIVE_FACE('',(#9728));
#9730=POLY_LOOP('',(#121,#9660,#9656));
#9731=FACE_OUTER_BOUND('',#9730,.T.);
#9732=FACETED_PRIMITIVE_FACE('',(#9731));
#9733=POLY_LOOP('',(#121,#116,#9660));
#9734=FACE_OUTER_BOUND('',#9733,.T.);
#9735=FACETED_PRIMITIVE_FACE('',(#9734));
#9736=POLY_LOOP('',(#120,#121,#9656));
#9737=FACE_OUTER_BOUND('',#9736,.T.);
#9738=FACETED_PRIMITIVE_FACE('',(#9737));
#9739=POLY_LOOP('',(#9603,#120,#9656));
#9740=FACE_OUTER_BOUND('',#9739,.T.);
#9741=FACETED_PRIMITIVE_FACE('',(#9740));
#9742=POLY_LOOP('',(#9599,#125,#120));
#9743=FACE_OUTER_BOUND('',#9742,.T.);
#9744=FACETED_PRIMITIVE_FACE('',(#9743));
#9745=POLY_LOOP('',(#9599,#120,#9603));
#9746=FACE_OUTER_BOUND('',#9745,.T.);
#9747=FACETED_PRIMITIVE_FACE('',(#9746));
#9748=POLY_LOOP('',(#9541,#133,#125));
#9749=FACE_OUTER_BOUND('',#9748,.T.);
#9750=FACETED_PRIMITIVE_FACE('',(#9749));
#9751=POLY_LOOP('',(#9541,#134,#133));
#9752=FACE_OUTER_BOUND('',#9751,.T.);
#9753=FACETED_PRIMITIVE_FACE('',(#9752));
#9754=POLY_LOOP('',(#9541,#125,#9599));
#9755=FACE_OUTER_BOUND('',#9754,.T.);
#9756=FACETED_PRIMITIVE_FACE('',(#9755));
#9757=POLY_LOOP('',(#9537,#132,#134));
#9758=FACE_OUTER_BOUND('',#9757,.T.);
#9759=FACETED_PRIMITIVE_FACE('',(#9758));
#9760=POLY_LOOP('',(#9537,#134,#9541));
#9761=FACE_OUTER_BOUND('',#9760,.T.);
#9762=FACETED_PRIMITIVE_FACE('',(#9761));
#9763=POLY_LOOP('',(#9466,#132,#9537));
#9764=FACE_OUTER_BOUND('',#9763,.T.);
#9765=FACETED_PRIMITIVE_FACE('',(#9764));
#9766=POLY_LOOP('',(#9462,#132,#9466));
#9767=FACE_OUTER_BOUND('',#9766,.T.);
#9768=FACETED_PRIMITIVE_FACE('',(#9767));
#9769=POLY_LOOP('',(#9462,#144,#132));
#9770=FACE_OUTER_BOUND('',#9769,.T.);
#9771=FACETED_PRIMITIVE_FACE('',(#9770));
#9772=POLY_LOOP('',(#8792,#8184,#103));
#9773=FACE_OUTER_BOUND('',#9772,.T.);
#9774=FACETED_PRIMITIVE_FACE('',(#9773));
#9775=POLY_LOOP('',(#8792,#149,#148));
#9776=FACE_OUTER_BOUND('',#9775,.T.);
#9777=FACETED_PRIMITIVE_FACE('',(#9776));
#9778=POLY_LOOP('',(#8792,#103,#149));
#9779=FACE_OUTER_BOUND('',#9778,.T.);
#9780=FACETED_PRIMITIVE_FACE('',(#9779));
#9781=POLY_LOOP('',(#9377,#163,#144));
#9782=FACE_OUTER_BOUND('',#9781,.T.);
#9783=FACETED_PRIMITIVE_FACE('',(#9782));
#9784=POLY_LOOP('',(#9377,#144,#9462));
#9785=FACE_OUTER_BOUND('',#9784,.T.);
#9786=FACETED_PRIMITIVE_FACE('',(#9785));
#9787=POLY_LOOP('',(#9106,#8792,#148));
#9788=FACE_OUTER_BOUND('',#9787,.T.);
#9789=FACETED_PRIMITIVE_FACE('',(#9788));
#9790=POLY_LOOP('',(#9373,#163,#9377));
#9791=FACE_OUTER_BOUND('',#9790,.T.);
#9792=FACETED_PRIMITIVE_FACE('',(#9791));
#9793=POLY_LOOP('',(#9373,#164,#163));
#9794=FACE_OUTER_BOUND('',#9793,.T.);
#9795=FACETED_PRIMITIVE_FACE('',(#9794));
#9796=POLY_LOOP('',(#9113,#148,#179));
#9797=FACE_OUTER_BOUND('',#9796,.T.);
#9798=FACETED_PRIMITIVE_FACE('',(#9797));
#9799=POLY_LOOP('',(#9113,#9106,#148));
#9800=FACE_OUTER_BOUND('',#9799,.T.);
#9801=FACETED_PRIMITIVE_FACE('',(#9800));
#9802=POLY_LOOP('',(#9290,#162,#164));
#9803=FACE_OUTER_BOUND('',#9802,.T.);
#9804=FACETED_PRIMITIVE_FACE('',(#9803));
#9805=POLY_LOOP('',(#9290,#171,#162));
#9806=FACE_OUTER_BOUND('',#9805,.T.);
#9807=FACETED_PRIMITIVE_FACE('',(#9806));
#9808=POLY_LOOP('',(#9290,#164,#9373));
#9809=FACE_OUTER_BOUND('',#9808,.T.);
#9810=FACETED_PRIMITIVE_FACE('',(#9809));
#9811=POLY_LOOP('',(#9196,#9113,#179));
#9812=FACE_OUTER_BOUND('',#9811,.T.);
#9813=FACETED_PRIMITIVE_FACE('',(#9812));
#9814=POLY_LOOP('',(#9196,#179,#183));
#9815=FACE_OUTER_BOUND('',#9814,.T.);
#9816=FACETED_PRIMITIVE_FACE('',(#9815));
#9817=POLY_LOOP('',(#9286,#171,#9290));
#9818=FACE_OUTER_BOUND('',#9817,.T.);
#9819=FACETED_PRIMITIVE_FACE('',(#9818));
#9820=POLY_LOOP('',(#9200,#9196,#183));
#9821=FACE_OUTER_BOUND('',#9820,.T.);
#9822=FACETED_PRIMITIVE_FACE('',(#9821));
#9823=POLY_LOOP('',(#9200,#171,#9286));
#9824=FACE_OUTER_BOUND('',#9823,.T.);
#9825=FACETED_PRIMITIVE_FACE('',(#9824));
#9826=POLY_LOOP('',(#9200,#178,#171));
#9827=FACE_OUTER_BOUND('',#9826,.T.);
#9828=FACETED_PRIMITIVE_FACE('',(#9827));
#9829=POLY_LOOP('',(#9200,#183,#178));
#9830=FACE_OUTER_BOUND('',#9829,.T.);
#9831=FACETED_PRIMITIVE_FACE('',(#9830));
#9835=POLY_LOOP('',(#9832,#9833,#9834));
#9836=FACE_OUTER_BOUND('',#9835,.T.);
#9837=FACETED_PRIMITIVE_FACE('',(#9836));
#9839=POLY_LOOP('',(#9832,#9838,#9833));
#9840=FACE_OUTER_BOUND('',#9839,.T.);
#9841=FACETED_PRIMITIVE_FACE('',(#9840));
#9844=POLY_LOOP('',(#9832,#9842,#9843));
#9845=FACE_OUTER_BOUND('',#9844,.T.);
#9846=FACETED_PRIMITIVE_FACE('',(#9845));
#9848=POLY_LOOP('',(#9832,#9847,#9842));
#9849=FACE_OUTER_BOUND('',#9848,.T.);
#9850=FACETED_PRIMITIVE_FACE('',(#9849));
#9851=POLY_LOOP('',(#9832,#9834,#9847));
#9852=FACE_OUTER_BOUND('',#9851,.T.);
#9853=FACETED_PRIMITIVE_FACE('',(#9852));
#9857=POLY_LOOP('',(#9854,#9855,#9856));
#9858=FACE_OUTER_BOUND('',#9857,.T.);
#9859=FACETED_PRIMITIVE_FACE('',(#9858));
#9861=POLY_LOOP('',(#9860,#9855,#9854));
#9862=FACE_OUTER_BOUND('',#9861,.T.);
#9863=FACETED_PRIMITIVE_FACE('',(#9862));
#9866=POLY_LOOP('',(#9864,#9865,#9855));
#9867=FACE_OUTER_BOUND('',#9866,.T.);
#9868=FACETED_PRIMITIVE_FACE('',(#9867));
#9869=POLY_LOOP('',(#9864,#9855,#9860));
#9870=FACE_OUTER_BOUND('',#9869,.T.);
#9871=FACETED_PRIMITIVE_FACE('',(#9870));
#9874=POLY_LOOP('',(#9872,#9865,#9873));
#9875=FACE_OUTER_BOUND('',#9874,.T.);
#9876=FACETED_PRIMITIVE_FACE('',(#9875));
#9877=POLY_LOOP('',(#9855,#9865,#9872));
#9878=FACE_OUTER_BOUND('',#9877,.T.);
#9879=FACETED_PRIMITIVE_FACE('',(#9878));
#9881=POLY_LOOP('',(#9880,#9855,#9872));
#9882=FACE_OUTER_BOUND('',#9881,.T.);
#9883=FACETED_PRIMITIVE_FACE('',(#9882));
#9885=POLY_LOOP('',(#9884,#9855,#9880));
#9886=FACE_OUTER_BOUND('',#9885,.T.);
#9887=FACETED_PRIMITIVE_FACE('',(#9886));
#9889=POLY_LOOP('',(#9888,#9855,#9884));
#9890=FACE_OUTER_BOUND('',#9889,.T.);
#9891=FACETED_PRIMITIVE_FACE('',(#9890));
#9892=POLY_LOOP('',(#9856,#9855,#9888));
#9893=FACE_OUTER_BOUND('',#9892,.T.);
#9894=FACETED_PRIMITIVE_FACE('',(#9893));
#9898=POLY_LOOP('',(#9895,#9896,#9897));
#9899=FACE_OUTER_BOUND('',#9898,.T.);
#9900=FACETED_PRIMITIVE_FACE('',(#9899));
#9902=POLY_LOOP('',(#9895,#9832,#9901));
#9903=FACE_OUTER_BOUND('',#9902,.T.);
#9904=FACETED_PRIMITIVE_FACE('',(#9903));
#9906=POLY_LOOP('',(#9895,#9901,#9905));
#9907=FACE_OUTER_BOUND('',#9906,.T.);
#9908=FACETED_PRIMITIVE_FACE('',(#9907));
#9909=POLY_LOOP('',(#9895,#9838,#9832));
#9910=FACE_OUTER_BOUND('',#9909,.T.);
#9911=FACETED_PRIMITIVE_FACE('',(#9910));
#9912=POLY_LOOP('',(#9895,#9897,#9838));
#9913=FACE_OUTER_BOUND('',#9912,.T.);
#9914=FACETED_PRIMITIVE_FACE('',(#9913));
#9917=POLY_LOOP('',(#9915,#9916,#9896));
#9918=FACE_OUTER_BOUND('',#9917,.T.);
#9919=FACETED_PRIMITIVE_FACE('',(#9918));
#9921=POLY_LOOP('',(#9915,#9920,#9916));
#9922=FACE_OUTER_BOUND('',#9921,.T.);
#9923=FACETED_PRIMITIVE_FACE('',(#9922));
#9925=POLY_LOOP('',(#9915,#9924,#9920));
#9926=FACE_OUTER_BOUND('',#9925,.T.);
#9927=FACETED_PRIMITIVE_FACE('',(#9926));
#9928=POLY_LOOP('',(#9915,#9896,#9895));
#9929=FACE_OUTER_BOUND('',#9928,.T.);
#9930=FACETED_PRIMITIVE_FACE('',(#9929));
#9933=POLY_LOOP('',(#9931,#9905,#9932));
#9934=FACE_OUTER_BOUND('',#9933,.T.);
#9935=FACETED_PRIMITIVE_FACE('',(#9934));
#9937=POLY_LOOP('',(#9931,#9932,#9936));
#9938=FACE_OUTER_BOUND('',#9937,.T.);
#9939=FACETED_PRIMITIVE_FACE('',(#9938));
#9940=POLY_LOOP('',(#9931,#9895,#9905));
#9941=FACE_OUTER_BOUND('',#9940,.T.);
#9942=FACETED_PRIMITIVE_FACE('',(#9941));
#9945=POLY_LOOP('',(#9943,#9944,#9924));
#9946=FACE_OUTER_BOUND('',#9945,.T.);
#9947=FACETED_PRIMITIVE_FACE('',(#9946));
#9949=POLY_LOOP('',(#9943,#9948,#9944));
#9950=FACE_OUTER_BOUND('',#9949,.T.);
#9951=FACETED_PRIMITIVE_FACE('',(#9950));
#9952=POLY_LOOP('',(#9943,#9924,#9915));
#9953=FACE_OUTER_BOUND('',#9952,.T.);
#9954=FACETED_PRIMITIVE_FACE('',(#9953));
#9957=POLY_LOOP('',(#9955,#9956,#9948));
#9958=FACE_OUTER_BOUND('',#9957,.T.);
#9959=FACETED_PRIMITIVE_FACE('',(#9958));
#9961=POLY_LOOP('',(#9955,#9960,#9956));
#9962=FACE_OUTER_BOUND('',#9961,.T.);
#9963=FACETED_PRIMITIVE_FACE('',(#9962));
#9965=POLY_LOOP('',(#9955,#9964,#9960));
#9966=FACE_OUTER_BOUND('',#9965,.T.);
#9967=FACETED_PRIMITIVE_FACE('',(#9966));
#9968=POLY_LOOP('',(#9955,#9948,#9943));
#9969=FACE_OUTER_BOUND('',#9968,.T.);
#9970=FACETED_PRIMITIVE_FACE('',(#9969));
#9972=POLY_LOOP('',(#9971,#9915,#9895));
#9973=FACE_OUTER_BOUND('',#9972,.T.);
#9974=FACETED_PRIMITIVE_FACE('',(#9973));
#9975=POLY_LOOP('',(#9971,#9895,#9931));
#9976=FACE_OUTER_BOUND('',#9975,.T.);
#9977=FACETED_PRIMITIVE_FACE('',(#9976));
#9980=POLY_LOOP('',(#9978,#9979,#9964));
#9981=FACE_OUTER_BOUND('',#9980,.T.);
#9982=FACETED_PRIMITIVE_FACE('',(#9981));
#9984=POLY_LOOP('',(#9978,#9983,#9979));
#9985=FACE_OUTER_BOUND('',#9984,.T.);
#9986=FACETED_PRIMITIVE_FACE('',(#9985));
#9988=POLY_LOOP('',(#9978,#9987,#9983));
#9989=FACE_OUTER_BOUND('',#9988,.T.);
#9990=FACETED_PRIMITIVE_FACE('',(#9989));
#9992=POLY_LOOP('',(#9978,#9991,#9987));
#9993=FACE_OUTER_BOUND('',#9992,.T.);
#9994=FACETED_PRIMITIVE_FACE('',(#9993));
#9995=POLY_LOOP('',(#9978,#9964,#9955));
#9996=FACE_OUTER_BOUND('',#9995,.T.);
#9997=FACETED_PRIMITIVE_FACE('',(#9996));
#10000=POLY_LOOP('',(#9998,#9999,#9991));
#10001=FACE_OUTER_BOUND('',#10000,.T.);
#10002=FACETED_PRIMITIVE_FACE('',(#10001));
#10004=POLY_LOOP('',(#9998,#10003,#9999));
#10005=FACE_OUTER_BOUND('',#10004,.T.);
#10006=FACETED_PRIMITIVE_FACE('',(#10005));
#10008=POLY_LOOP('',(#9998,#10007,#10003));
#10009=FACE_OUTER_BOUND('',#10008,.T.);
#10010=FACETED_PRIMITIVE_FACE('',(#10009));
#10012=POLY_LOOP('',(#9998,#10011,#10007));
#10013=FACE_OUTER_BOUND('',#10012,.T.);
#10014=FACETED_PRIMITIVE_FACE('',(#10013));
#10016=POLY_LOOP('',(#9998,#10015,#10011));
#10017=FACE_OUTER_BOUND('',#10016,.T.);
#10018=FACETED_PRIMITIVE_FACE('',(#10017));
#10019=POLY_LOOP('',(#9998,#9991,#9978));
#10020=FACE_OUTER_BOUND('',#10019,.T.);
#10021=FACETED_PRIMITIVE_FACE('',(#10020));
#10024=POLY_LOOP('',(#10022,#9936,#10023));
#10025=FACE_OUTER_BOUND('',#10024,.T.);
#10026=FACETED_PRIMITIVE_FACE('',(#10025));
#10028=POLY_LOOP('',(#10022,#10023,#10027));
#10029=FACE_OUTER_BOUND('',#10028,.T.);
#10030=FACETED_PRIMITIVE_FACE('',(#10029));
#10031=POLY_LOOP('',(#10022,#9931,#9936));
#10032=FACE_OUTER_BOUND('',#10031,.T.);
#10033=FACETED_PRIMITIVE_FACE('',(#10032));
#10035=POLY_LOOP('',(#10034,#9943,#9915));
#10036=FACE_OUTER_BOUND('',#10035,.T.);
#10037=FACETED_PRIMITIVE_FACE('',(#10036));
#10038=POLY_LOOP('',(#10034,#9915,#9971));
#10039=FACE_OUTER_BOUND('',#10038,.T.);
#10040=FACETED_PRIMITIVE_FACE('',(#10039));
#10043=POLY_LOOP('',(#10041,#10042,#10015));
#10044=FACE_OUTER_BOUND('',#10043,.T.);
#10045=FACETED_PRIMITIVE_FACE('',(#10044));
#10047=POLY_LOOP('',(#10041,#10046,#10042));
#10048=FACE_OUTER_BOUND('',#10047,.T.);
#10049=FACETED_PRIMITIVE_FACE('',(#10048));
#10051=POLY_LOOP('',(#10041,#10050,#10046));
#10052=FACE_OUTER_BOUND('',#10051,.T.);
#10053=FACETED_PRIMITIVE_FACE('',(#10052));
#10054=POLY_LOOP('',(#10041,#10015,#9998));
#10055=FACE_OUTER_BOUND('',#10054,.T.);
#10056=FACETED_PRIMITIVE_FACE('',(#10055));
#10058=POLY_LOOP('',(#10057,#9943,#10034));
#10059=FACE_OUTER_BOUND('',#10058,.T.);
#10060=FACETED_PRIMITIVE_FACE('',(#10059));
#10061=POLY_LOOP('',(#10057,#9955,#9943));
#10062=FACE_OUTER_BOUND('',#10061,.T.);
#10063=FACETED_PRIMITIVE_FACE('',(#10062));
#10065=POLY_LOOP('',(#10064,#9971,#9931));
#10066=FACE_OUTER_BOUND('',#10065,.T.);
#10067=FACETED_PRIMITIVE_FACE('',(#10066));
#10068=POLY_LOOP('',(#10064,#9931,#10022));
#10069=FACE_OUTER_BOUND('',#10068,.T.);
#10070=FACETED_PRIMITIVE_FACE('',(#10069));
#10071=POLY_LOOP('',(#10064,#10034,#9971));
#10072=FACE_OUTER_BOUND('',#10071,.T.);
#10073=FACETED_PRIMITIVE_FACE('',(#10072));
#10075=POLY_LOOP('',(#10074,#9998,#9978));
#10076=FACE_OUTER_BOUND('',#10075,.T.);
#10077=FACETED_PRIMITIVE_FACE('',(#10076));
#10078=POLY_LOOP('',(#10074,#9955,#10057));
#10079=FACE_OUTER_BOUND('',#10078,.T.);
#10080=FACETED_PRIMITIVE_FACE('',(#10079));
#10081=POLY_LOOP('',(#10074,#9978,#9955));
#10082=FACE_OUTER_BOUND('',#10081,.T.);
#10083=FACETED_PRIMITIVE_FACE('',(#10082));
#10085=POLY_LOOP('',(#10084,#10050,#10041));
#10086=FACE_OUTER_BOUND('',#10085,.T.);
#10087=FACETED_PRIMITIVE_FACE('',(#10086));
#10089=POLY_LOOP('',(#10084,#10088,#10050));
#10090=FACE_OUTER_BOUND('',#10089,.T.);
#10091=FACETED_PRIMITIVE_FACE('',(#10090));
#10093=POLY_LOOP('',(#10092,#10041,#9998));
#10094=FACE_OUTER_BOUND('',#10093,.T.);
#10095=FACETED_PRIMITIVE_FACE('',(#10094));
#10096=POLY_LOOP('',(#10092,#9998,#10074));
#10097=FACE_OUTER_BOUND('',#10096,.T.);
#10098=FACETED_PRIMITIVE_FACE('',(#10097));
#10101=POLY_LOOP('',(#10099,#10027,#10100));
#10102=FACE_OUTER_BOUND('',#10101,.T.);
#10103=FACETED_PRIMITIVE_FACE('',(#10102));
#10105=POLY_LOOP('',(#10099,#10100,#10104));
#10106=FACE_OUTER_BOUND('',#10105,.T.);
#10107=FACETED_PRIMITIVE_FACE('',(#10106));
#10108=POLY_LOOP('',(#10099,#10022,#10027));
#10109=FACE_OUTER_BOUND('',#10108,.T.);
#10110=FACETED_PRIMITIVE_FACE('',(#10109));
#10112=POLY_LOOP('',(#10111,#10034,#10064));
#10113=FACE_OUTER_BOUND('',#10112,.T.);
#10114=FACETED_PRIMITIVE_FACE('',(#10113));
#10117=POLY_LOOP('',(#10115,#10116,#10088));
#10118=FACE_OUTER_BOUND('',#10117,.T.);
#10119=FACETED_PRIMITIVE_FACE('',(#10118));
#10121=POLY_LOOP('',(#10115,#10120,#10116));
#10122=FACE_OUTER_BOUND('',#10121,.T.);
#10123=FACETED_PRIMITIVE_FACE('',(#10122));
#10124=POLY_LOOP('',(#10115,#10088,#10084));
#10125=FACE_OUTER_BOUND('',#10124,.T.);
#10126=FACETED_PRIMITIVE_FACE('',(#10125));
#10128=POLY_LOOP('',(#10127,#10041,#10092));
#10129=FACE_OUTER_BOUND('',#10128,.T.);
#10130=FACETED_PRIMITIVE_FACE('',(#10129));
#10131=POLY_LOOP('',(#10127,#10084,#10041));
#10132=FACE_OUTER_BOUND('',#10131,.T.);
#10133=FACETED_PRIMITIVE_FACE('',(#10132));
#10135=POLY_LOOP('',(#10134,#10057,#10034));
#10136=FACE_OUTER_BOUND('',#10135,.T.);
#10137=FACETED_PRIMITIVE_FACE('',(#10136));
#10138=POLY_LOOP('',(#10134,#10034,#10111));
#10139=FACE_OUTER_BOUND('',#10138,.T.);
#10140=FACETED_PRIMITIVE_FACE('',(#10139));
#10142=POLY_LOOP('',(#10141,#10064,#10022));
#10143=FACE_OUTER_BOUND('',#10142,.T.);
#10144=FACETED_PRIMITIVE_FACE('',(#10143));
#10145=POLY_LOOP('',(#10141,#10022,#10099));
#10146=FACE_OUTER_BOUND('',#10145,.T.);
#10147=FACETED_PRIMITIVE_FACE('',(#10146));
#10149=POLY_LOOP('',(#10148,#10120,#10115));
#10150=FACE_OUTER_BOUND('',#10149,.T.);
#10151=FACETED_PRIMITIVE_FACE('',(#10150));
#10153=POLY_LOOP('',(#10152,#10057,#10134));
#10154=FACE_OUTER_BOUND('',#10153,.T.);
#10155=FACETED_PRIMITIVE_FACE('',(#10154));
#10156=POLY_LOOP('',(#10152,#10074,#10057));
#10157=FACE_OUTER_BOUND('',#10156,.T.);
#10158=FACETED_PRIMITIVE_FACE('',(#10157));
#10159=POLY_LOOP('',(#10152,#10092,#10074));
#10160=FACE_OUTER_BOUND('',#10159,.T.);
#10161=FACETED_PRIMITIVE_FACE('',(#10160));
#10163=POLY_LOOP('',(#10162,#10084,#10127));
#10164=FACE_OUTER_BOUND('',#10163,.T.);
#10165=FACETED_PRIMITIVE_FACE('',(#10164));
#10167=POLY_LOOP('',(#10166,#10127,#10092));
#10168=FACE_OUTER_BOUND('',#10167,.T.);
#10169=FACETED_PRIMITIVE_FACE('',(#10168));
#10170=POLY_LOOP('',(#10166,#10092,#10152));
#10171=FACE_OUTER_BOUND('',#10170,.T.);
#10172=FACETED_PRIMITIVE_FACE('',(#10171));
#10175=POLY_LOOP('',(#10173,#10104,#10174));
#10176=FACE_OUTER_BOUND('',#10175,.T.);
#10177=FACETED_PRIMITIVE_FACE('',(#10176));
#10179=POLY_LOOP('',(#10173,#10174,#10178));
#10180=FACE_OUTER_BOUND('',#10179,.T.);
#10181=FACETED_PRIMITIVE_FACE('',(#10180));
#10182=POLY_LOOP('',(#10173,#10141,#10099));
#10183=FACE_OUTER_BOUND('',#10182,.T.);
#10184=FACETED_PRIMITIVE_FACE('',(#10183));
#10185=POLY_LOOP('',(#10173,#10099,#10104));
#10186=FACE_OUTER_BOUND('',#10185,.T.);
#10187=FACETED_PRIMITIVE_FACE('',(#10186));
#10189=POLY_LOOP('',(#10188,#10064,#10141));
#10190=FACE_OUTER_BOUND('',#10189,.T.);
#10191=FACETED_PRIMITIVE_FACE('',(#10190));
#10192=POLY_LOOP('',(#10188,#10111,#10064));
#10193=FACE_OUTER_BOUND('',#10192,.T.);
#10194=FACETED_PRIMITIVE_FACE('',(#10193));
#10196=POLY_LOOP('',(#10195,#10115,#10084));
#10197=FACE_OUTER_BOUND('',#10196,.T.);
#10198=FACETED_PRIMITIVE_FACE('',(#10197));
#10199=POLY_LOOP('',(#10195,#10084,#10162));
#10200=FACE_OUTER_BOUND('',#10199,.T.);
#10201=FACETED_PRIMITIVE_FACE('',(#10200));
#10203=POLY_LOOP('',(#10202,#10120,#10148));
#10204=FACE_OUTER_BOUND('',#10203,.T.);
#10205=FACETED_PRIMITIVE_FACE('',(#10204));
#10207=POLY_LOOP('',(#10202,#10206,#10120));
#10208=FACE_OUTER_BOUND('',#10207,.T.);
#10209=FACETED_PRIMITIVE_FACE('',(#10208));
#10211=POLY_LOOP('',(#10202,#10210,#10206));
#10212=FACE_OUTER_BOUND('',#10211,.T.);
#10213=FACETED_PRIMITIVE_FACE('',(#10212));
#10215=POLY_LOOP('',(#10214,#10127,#10166));
#10216=FACE_OUTER_BOUND('',#10215,.T.);
#10217=FACETED_PRIMITIVE_FACE('',(#10216));
#10219=POLY_LOOP('',(#10218,#10134,#10111));
#10220=FACE_OUTER_BOUND('',#10219,.T.);
#10221=FACETED_PRIMITIVE_FACE('',(#10220));
#10222=POLY_LOOP('',(#10218,#10111,#10188));
#10223=FACE_OUTER_BOUND('',#10222,.T.);
#10224=FACETED_PRIMITIVE_FACE('',(#10223));
#10225=POLY_LOOP('',(#10218,#10152,#10134));
#10226=FACE_OUTER_BOUND('',#10225,.T.);
#10227=FACETED_PRIMITIVE_FACE('',(#10226));
#10229=POLY_LOOP('',(#10228,#10141,#10173));
#10230=FACE_OUTER_BOUND('',#10229,.T.);
#10231=FACETED_PRIMITIVE_FACE('',(#10230));
#10233=POLY_LOOP('',(#10232,#10148,#10115));
#10234=FACE_OUTER_BOUND('',#10233,.T.);
#10235=FACETED_PRIMITIVE_FACE('',(#10234));
#10236=POLY_LOOP('',(#10232,#10115,#10195));
#10237=FACE_OUTER_BOUND('',#10236,.T.);
#10238=FACETED_PRIMITIVE_FACE('',(#10237));
#10240=POLY_LOOP('',(#10239,#10152,#10218));
#10241=FACE_OUTER_BOUND('',#10240,.T.);
#10242=FACETED_PRIMITIVE_FACE('',(#10241));
#10245=POLY_LOOP('',(#10243,#10244,#10210));
#10246=FACE_OUTER_BOUND('',#10245,.T.);
#10247=FACETED_PRIMITIVE_FACE('',(#10246));
#10249=POLY_LOOP('',(#10243,#10248,#10244));
#10250=FACE_OUTER_BOUND('',#10249,.T.);
#10251=FACETED_PRIMITIVE_FACE('',(#10250));
#10252=POLY_LOOP('',(#10243,#10210,#10202));
#10253=FACE_OUTER_BOUND('',#10252,.T.);
#10254=FACETED_PRIMITIVE_FACE('',(#10253));
#10256=POLY_LOOP('',(#10255,#10162,#10127));
#10257=FACE_OUTER_BOUND('',#10256,.T.);
#10258=FACETED_PRIMITIVE_FACE('',(#10257));
#10259=POLY_LOOP('',(#10255,#10127,#10214));
#10260=FACE_OUTER_BOUND('',#10259,.T.);
#10261=FACETED_PRIMITIVE_FACE('',(#10260));
#10263=POLY_LOOP('',(#10262,#10166,#10152));
#10264=FACE_OUTER_BOUND('',#10263,.T.);
#10265=FACETED_PRIMITIVE_FACE('',(#10264));
#10266=POLY_LOOP('',(#10262,#10152,#10239));
#10267=FACE_OUTER_BOUND('',#10266,.T.);
#10268=FACETED_PRIMITIVE_FACE('',(#10267));
#10271=POLY_LOOP('',(#10269,#10178,#10270));
#10272=FACE_OUTER_BOUND('',#10271,.T.);
#10273=FACETED_PRIMITIVE_FACE('',(#10272));
#10275=POLY_LOOP('',(#10269,#10270,#10274));
#10276=FACE_OUTER_BOUND('',#10275,.T.);
#10277=FACETED_PRIMITIVE_FACE('',(#10276));
#10278=POLY_LOOP('',(#10269,#10173,#10178));
#10279=FACE_OUTER_BOUND('',#10278,.T.);
#10280=FACETED_PRIMITIVE_FACE('',(#10279));
#10282=POLY_LOOP('',(#10281,#10188,#10141));
#10283=FACE_OUTER_BOUND('',#10282,.T.);
#10284=FACETED_PRIMITIVE_FACE('',(#10283));
#10285=POLY_LOOP('',(#10281,#10141,#10228));
#10286=FACE_OUTER_BOUND('',#10285,.T.);
#10287=FACETED_PRIMITIVE_FACE('',(#10286));
#10290=POLY_LOOP('',(#10288,#10289,#10248));
#10291=FACE_OUTER_BOUND('',#10290,.T.);
#10292=FACETED_PRIMITIVE_FACE('',(#10291));
#10294=POLY_LOOP('',(#10288,#10293,#10289));
#10295=FACE_OUTER_BOUND('',#10294,.T.);
#10296=FACETED_PRIMITIVE_FACE('',(#10295));
#10298=POLY_LOOP('',(#10288,#10297,#10293));
#10299=FACE_OUTER_BOUND('',#10298,.T.);
#10300=FACETED_PRIMITIVE_FACE('',(#10299));
#10302=POLY_LOOP('',(#10288,#10301,#10297));
#10303=FACE_OUTER_BOUND('',#10302,.T.);
#10304=FACETED_PRIMITIVE_FACE('',(#10303));
#10305=POLY_LOOP('',(#10288,#10248,#10243));
#10306=FACE_OUTER_BOUND('',#10305,.T.);
#10307=FACETED_PRIMITIVE_FACE('',(#10306));
#10309=POLY_LOOP('',(#10308,#10195,#10162));
#10310=FACE_OUTER_BOUND('',#10309,.T.);
#10311=FACETED_PRIMITIVE_FACE('',(#10310));
#10312=POLY_LOOP('',(#10308,#10162,#10255));
#10313=FACE_OUTER_BOUND('',#10312,.T.);
#10314=FACETED_PRIMITIVE_FACE('',(#10313));
#10316=POLY_LOOP('',(#10315,#10202,#10148));
#10317=FACE_OUTER_BOUND('',#10316,.T.);
#10318=FACETED_PRIMITIVE_FACE('',(#10317));
#10319=POLY_LOOP('',(#10315,#10148,#10232));
#10320=FACE_OUTER_BOUND('',#10319,.T.);
#10321=FACETED_PRIMITIVE_FACE('',(#10320));
#10322=POLY_LOOP('',(#10315,#10243,#10202));
#10323=FACE_OUTER_BOUND('',#10322,.T.);
#10324=FACETED_PRIMITIVE_FACE('',(#10323));
#10326=POLY_LOOP('',(#10325,#10214,#10166));
#10327=FACE_OUTER_BOUND('',#10326,.T.);
#10328=FACETED_PRIMITIVE_FACE('',(#10327));
#10329=POLY_LOOP('',(#10325,#10166,#10262));
#10330=FACE_OUTER_BOUND('',#10329,.T.);
#10331=FACETED_PRIMITIVE_FACE('',(#10330));
#10334=POLY_LOOP('',(#10332,#10333,#10301));
#10335=FACE_OUTER_BOUND('',#10334,.T.);
#10336=FACETED_PRIMITIVE_FACE('',(#10335));
#10338=POLY_LOOP('',(#10332,#10337,#10333));
#10339=FACE_OUTER_BOUND('',#10338,.T.);
#10340=FACETED_PRIMITIVE_FACE('',(#10339));
#10342=POLY_LOOP('',(#10332,#10341,#10337));
#10343=FACE_OUTER_BOUND('',#10342,.T.);
#10344=FACETED_PRIMITIVE_FACE('',(#10343));
#10345=POLY_LOOP('',(#10332,#10301,#10288));
#10346=FACE_OUTER_BOUND('',#10345,.T.);
#10347=FACETED_PRIMITIVE_FACE('',(#10346));
#10349=POLY_LOOP('',(#10348,#10188,#10281));
#10350=FACE_OUTER_BOUND('',#10349,.T.);
#10351=FACETED_PRIMITIVE_FACE('',(#10350));
#10352=POLY_LOOP('',(#10348,#10218,#10188));
#10353=FACE_OUTER_BOUND('',#10352,.T.);
#10354=FACETED_PRIMITIVE_FACE('',(#10353));
#10357=POLY_LOOP('',(#10355,#10356,#10341));
#10358=FACE_OUTER_BOUND('',#10357,.T.);
#10359=FACETED_PRIMITIVE_FACE('',(#10358));
#10361=POLY_LOOP('',(#10355,#10360,#10356));
#10362=FACE_OUTER_BOUND('',#10361,.T.);
#10363=FACETED_PRIMITIVE_FACE('',(#10362));
#10365=POLY_LOOP('',(#10355,#10364,#10360));
#10366=FACE_OUTER_BOUND('',#10365,.T.);
#10367=FACETED_PRIMITIVE_FACE('',(#10366));
#10369=POLY_LOOP('',(#10355,#10368,#10364));
#10370=FACE_OUTER_BOUND('',#10369,.T.);
#10371=FACETED_PRIMITIVE_FACE('',(#10370));
#10372=POLY_LOOP('',(#10355,#10341,#10332));
#10373=FACE_OUTER_BOUND('',#10372,.T.);
#10374=FACETED_PRIMITIVE_FACE('',(#10373));
#10376=POLY_LOOP('',(#10375,#10228,#10173));
#10377=FACE_OUTER_BOUND('',#10376,.T.);
#10378=FACETED_PRIMITIVE_FACE('',(#10377));
#10379=POLY_LOOP('',(#10375,#10281,#10228));
#10380=FACE_OUTER_BOUND('',#10379,.T.);
#10381=FACETED_PRIMITIVE_FACE('',(#10380));
#10382=POLY_LOOP('',(#10375,#10173,#10269));
#10383=FACE_OUTER_BOUND('',#10382,.T.);
#10384=FACETED_PRIMITIVE_FACE('',(#10383));
#10386=POLY_LOOP('',(#10385,#10232,#10195));
#10387=FACE_OUTER_BOUND('',#10386,.T.);
#10388=FACETED_PRIMITIVE_FACE('',(#10387));
#10389=POLY_LOOP('',(#10385,#10315,#10232));
#10390=FACE_OUTER_BOUND('',#10389,.T.);
#10391=FACETED_PRIMITIVE_FACE('',(#10390));
#10392=POLY_LOOP('',(#10385,#10195,#10308));
#10393=FACE_OUTER_BOUND('',#10392,.T.);
#10394=FACETED_PRIMITIVE_FACE('',(#10393));
#10396=POLY_LOOP('',(#10395,#10239,#10218));
#10397=FACE_OUTER_BOUND('',#10396,.T.);
#10398=FACETED_PRIMITIVE_FACE('',(#10397));
#10399=POLY_LOOP('',(#10395,#10218,#10348));
#10400=FACE_OUTER_BOUND('',#10399,.T.);
#10401=FACETED_PRIMITIVE_FACE('',(#10400));
#10403=POLY_LOOP('',(#10402,#10243,#10315));
#10404=FACE_OUTER_BOUND('',#10403,.T.);
#10405=FACETED_PRIMITIVE_FACE('',(#10404));
#10407=POLY_LOOP('',(#10406,#10255,#10214));
#10408=FACE_OUTER_BOUND('',#10407,.T.);
#10409=FACETED_PRIMITIVE_FACE('',(#10408));
#10410=POLY_LOOP('',(#10406,#10214,#10325));
#10411=FACE_OUTER_BOUND('',#10410,.T.);
#10412=FACETED_PRIMITIVE_FACE('',(#10411));
#10414=POLY_LOOP('',(#10413,#10368,#10355));
#10415=FACE_OUTER_BOUND('',#10414,.T.);
#10416=FACETED_PRIMITIVE_FACE('',(#10415));
#10418=POLY_LOOP('',(#10413,#10417,#10368));
#10419=FACE_OUTER_BOUND('',#10418,.T.);
#10420=FACETED_PRIMITIVE_FACE('',(#10419));
#10422=POLY_LOOP('',(#10413,#10421,#10417));
#10423=FACE_OUTER_BOUND('',#10422,.T.);
#10424=FACETED_PRIMITIVE_FACE('',(#10423));
#10426=POLY_LOOP('',(#10413,#10425,#10421));
#10427=FACE_OUTER_BOUND('',#10426,.T.);
#10428=FACETED_PRIMITIVE_FACE('',(#10427));
#10430=POLY_LOOP('',(#10413,#10429,#10425));
#10431=FACE_OUTER_BOUND('',#10430,.T.);
#10432=FACETED_PRIMITIVE_FACE('',(#10431));
#10434=POLY_LOOP('',(#10433,#10262,#10239));
#10435=FACE_OUTER_BOUND('',#10434,.T.);
#10436=FACETED_PRIMITIVE_FACE('',(#10435));
#10437=POLY_LOOP('',(#10433,#10239,#10395));
#10438=FACE_OUTER_BOUND('',#10437,.T.);
#10439=FACETED_PRIMITIVE_FACE('',(#10438));
#10440=POLY_LOOP('',(#10433,#10325,#10262));
#10441=FACE_OUTER_BOUND('',#10440,.T.);
#10442=FACETED_PRIMITIVE_FACE('',(#10441));
#10445=POLY_LOOP('',(#10443,#10274,#10444));
#10446=FACE_OUTER_BOUND('',#10445,.T.);
#10447=FACETED_PRIMITIVE_FACE('',(#10446));
#10449=POLY_LOOP('',(#10443,#10444,#10448));
#10450=FACE_OUTER_BOUND('',#10449,.T.);
#10451=FACETED_PRIMITIVE_FACE('',(#10450));
#10452=POLY_LOOP('',(#10443,#10269,#10274));
#10453=FACE_OUTER_BOUND('',#10452,.T.);
#10454=FACETED_PRIMITIVE_FACE('',(#10453));
#10456=POLY_LOOP('',(#10455,#10348,#10281));
#10457=FACE_OUTER_BOUND('',#10456,.T.);
#10458=FACETED_PRIMITIVE_FACE('',(#10457));
#10459=POLY_LOOP('',(#10455,#10281,#10375));
#10460=FACE_OUTER_BOUND('',#10459,.T.);
#10461=FACETED_PRIMITIVE_FACE('',(#10460));
#10463=POLY_LOOP('',(#10462,#10243,#10402));
#10464=FACE_OUTER_BOUND('',#10463,.T.);
#10465=FACETED_PRIMITIVE_FACE('',(#10464));
#10466=POLY_LOOP('',(#10462,#10288,#10243));
#10467=FACE_OUTER_BOUND('',#10466,.T.);
#10468=FACETED_PRIMITIVE_FACE('',(#10467));
#10470=POLY_LOOP('',(#10469,#10255,#10406));
#10471=FACE_OUTER_BOUND('',#10470,.T.);
#10472=FACETED_PRIMITIVE_FACE('',(#10471));
#10473=POLY_LOOP('',(#10469,#10385,#10308));
#10474=FACE_OUTER_BOUND('',#10473,.T.);
#10475=FACETED_PRIMITIVE_FACE('',(#10474));
#10476=POLY_LOOP('',(#10469,#10308,#10255));
#10477=FACE_OUTER_BOUND('',#10476,.T.);
#10478=FACETED_PRIMITIVE_FACE('',(#10477));
#10480=POLY_LOOP('',(#10479,#10315,#10385));
#10481=FACE_OUTER_BOUND('',#10480,.T.);
#10482=FACETED_PRIMITIVE_FACE('',(#10481));
#10484=POLY_LOOP('',(#10483,#10325,#10433));
#10485=FACE_OUTER_BOUND('',#10484,.T.);
#10486=FACETED_PRIMITIVE_FACE('',(#10485));
#10488=POLY_LOOP('',(#10487,#10288,#10462));
#10489=FACE_OUTER_BOUND('',#10488,.T.);
#10490=FACETED_PRIMITIVE_FACE('',(#10489));
#10491=POLY_LOOP('',(#10487,#10332,#10288));
#10492=FACE_OUTER_BOUND('',#10491,.T.);
#10493=FACETED_PRIMITIVE_FACE('',(#10492));
#10495=POLY_LOOP('',(#10494,#10348,#10455));
#10496=FACE_OUTER_BOUND('',#10495,.T.);
#10497=FACETED_PRIMITIVE_FACE('',(#10496));
#10499=POLY_LOOP('',(#10498,#10332,#10487));
#10500=FACE_OUTER_BOUND('',#10499,.T.);
#10501=FACETED_PRIMITIVE_FACE('',(#10500));
#10502=POLY_LOOP('',(#10498,#10355,#10332));
#10503=FACE_OUTER_BOUND('',#10502,.T.);
#10504=FACETED_PRIMITIVE_FACE('',(#10503));
#10506=POLY_LOOP('',(#10505,#10429,#10413));
#10507=FACE_OUTER_BOUND('',#10506,.T.);
#10508=FACETED_PRIMITIVE_FACE('',(#10507));
#10510=POLY_LOOP('',(#10505,#10509,#10429));
#10511=FACE_OUTER_BOUND('',#10510,.T.);
#10512=FACETED_PRIMITIVE_FACE('',(#10511));
#10514=POLY_LOOP('',(#10505,#10513,#10509));
#10515=FACE_OUTER_BOUND('',#10514,.T.);
#10516=FACETED_PRIMITIVE_FACE('',(#10515));
#10518=POLY_LOOP('',(#10505,#10517,#10513));
#10519=FACE_OUTER_BOUND('',#10518,.T.);
#10520=FACETED_PRIMITIVE_FACE('',(#10519));
#10522=POLY_LOOP('',(#10505,#10521,#10517));
#10523=FACE_OUTER_BOUND('',#10522,.T.);
#10524=FACETED_PRIMITIVE_FACE('',(#10523));
#10526=POLY_LOOP('',(#10525,#10269,#10443));
#10527=FACE_OUTER_BOUND('',#10526,.T.);
#10528=FACETED_PRIMITIVE_FACE('',(#10527));
#10529=POLY_LOOP('',(#10525,#10375,#10269));
#10530=FACE_OUTER_BOUND('',#10529,.T.);
#10531=FACETED_PRIMITIVE_FACE('',(#10530));
#10533=POLY_LOOP('',(#10532,#10385,#10469));
#10534=FACE_OUTER_BOUND('',#10533,.T.);
#10535=FACETED_PRIMITIVE_FACE('',(#10534));
#10537=POLY_LOOP('',(#10536,#10395,#10348));
#10538=FACE_OUTER_BOUND('',#10537,.T.);
#10539=FACETED_PRIMITIVE_FACE('',(#10538));
#10540=POLY_LOOP('',(#10536,#10348,#10494));
#10541=FACE_OUTER_BOUND('',#10540,.T.);
#10542=FACETED_PRIMITIVE_FACE('',(#10541));
#10544=POLY_LOOP('',(#10543,#10315,#10479));
#10545=FACE_OUTER_BOUND('',#10544,.T.);
#10546=FACETED_PRIMITIVE_FACE('',(#10545));
#10547=POLY_LOOP('',(#10543,#10402,#10315));
#10548=FACE_OUTER_BOUND('',#10547,.T.);
#10549=FACETED_PRIMITIVE_FACE('',(#10548));
#10551=POLY_LOOP('',(#10550,#10406,#10325));
#10552=FACE_OUTER_BOUND('',#10551,.T.);
#10553=FACETED_PRIMITIVE_FACE('',(#10552));
#10554=POLY_LOOP('',(#10550,#10325,#10483));
#10555=FACE_OUTER_BOUND('',#10554,.T.);
#10556=FACETED_PRIMITIVE_FACE('',(#10555));
#10558=POLY_LOOP('',(#10557,#10355,#10498));
#10559=FACE_OUTER_BOUND('',#10558,.T.);
#10560=FACETED_PRIMITIVE_FACE('',(#10559));
#10561=POLY_LOOP('',(#10557,#10413,#10355));
#10562=FACE_OUTER_BOUND('',#10561,.T.);
#10563=FACETED_PRIMITIVE_FACE('',(#10562));
#10565=POLY_LOOP('',(#10564,#10433,#10395));
#10566=FACE_OUTER_BOUND('',#10565,.T.);
#10567=FACETED_PRIMITIVE_FACE('',(#10566));
#10568=POLY_LOOP('',(#10564,#10395,#10536));
#10569=FACE_OUTER_BOUND('',#10568,.T.);
#10570=FACETED_PRIMITIVE_FACE('',(#10569));
#10573=POLY_LOOP('',(#10571,#10448,#10572));
#10574=FACE_OUTER_BOUND('',#10573,.T.);
#10575=FACETED_PRIMITIVE_FACE('',(#10574));
#10577=POLY_LOOP('',(#10571,#10572,#10576));
#10578=FACE_OUTER_BOUND('',#10577,.T.);
#10579=FACETED_PRIMITIVE_FACE('',(#10578));
#10580=POLY_LOOP('',(#10571,#10443,#10448));
#10581=FACE_OUTER_BOUND('',#10580,.T.);
#10582=FACETED_PRIMITIVE_FACE('',(#10581));
#10584=POLY_LOOP('',(#10583,#10494,#10455));
#10585=FACE_OUTER_BOUND('',#10584,.T.);
#10586=FACETED_PRIMITIVE_FACE('',(#10585));
#10587=POLY_LOOP('',(#10583,#10455,#10375));
#10588=FACE_OUTER_BOUND('',#10587,.T.);
#10589=FACETED_PRIMITIVE_FACE('',(#10588));
#10590=POLY_LOOP('',(#10583,#10375,#10525));
#10591=FACE_OUTER_BOUND('',#10590,.T.);
#10592=FACETED_PRIMITIVE_FACE('',(#10591));
#10594=POLY_LOOP('',(#10593,#10462,#10402));
#10595=FACE_OUTER_BOUND('',#10594,.T.);
#10596=FACETED_PRIMITIVE_FACE('',(#10595));
#10597=POLY_LOOP('',(#10593,#10487,#10462));
#10598=FACE_OUTER_BOUND('',#10597,.T.);
#10599=FACETED_PRIMITIVE_FACE('',(#10598));
#10600=POLY_LOOP('',(#10593,#10402,#10543));
#10601=FACE_OUTER_BOUND('',#10600,.T.);
#10602=FACETED_PRIMITIVE_FACE('',(#10601));
#10604=POLY_LOOP('',(#10603,#10469,#10406));
#10605=FACE_OUTER_BOUND('',#10604,.T.);
#10606=FACETED_PRIMITIVE_FACE('',(#10605));
#10607=POLY_LOOP('',(#10603,#10406,#10550));
#10608=FACE_OUTER_BOUND('',#10607,.T.);
#10609=FACETED_PRIMITIVE_FACE('',(#10608));
#10611=POLY_LOOP('',(#10610,#10521,#10505));
#10612=FACE_OUTER_BOUND('',#10611,.T.);
#10613=FACETED_PRIMITIVE_FACE('',(#10612));
#10615=POLY_LOOP('',(#10610,#10614,#10521));
#10616=FACE_OUTER_BOUND('',#10615,.T.);
#10617=FACETED_PRIMITIVE_FACE('',(#10616));
#10618=POLY_LOOP('',(#10610,#9843,#10614));
#10619=FACE_OUTER_BOUND('',#10618,.T.);
#10620=FACETED_PRIMITIVE_FACE('',(#10619));
#10621=POLY_LOOP('',(#10610,#9832,#9843));
#10622=FACE_OUTER_BOUND('',#10621,.T.);
#10623=FACETED_PRIMITIVE_FACE('',(#10622));
#10624=POLY_LOOP('',(#10610,#9901,#9832));
#10625=FACE_OUTER_BOUND('',#10624,.T.);
#10626=FACETED_PRIMITIVE_FACE('',(#10625));
#10627=POLY_LOOP('',(#10610,#9905,#9901));
#10628=FACE_OUTER_BOUND('',#10627,.T.);
#10629=FACETED_PRIMITIVE_FACE('',(#10628));
#10631=POLY_LOOP('',(#10630,#10479,#10385));
#10632=FACE_OUTER_BOUND('',#10631,.T.);
#10633=FACETED_PRIMITIVE_FACE('',(#10632));
#10634=POLY_LOOP('',(#10630,#10385,#10532));
#10635=FACE_OUTER_BOUND('',#10634,.T.);
#10636=FACETED_PRIMITIVE_FACE('',(#10635));
#10638=POLY_LOOP('',(#10637,#10483,#10433));
#10639=FACE_OUTER_BOUND('',#10638,.T.);
#10640=FACETED_PRIMITIVE_FACE('',(#10639));
#10641=POLY_LOOP('',(#10637,#10433,#10564));
#10642=FACE_OUTER_BOUND('',#10641,.T.);
#10643=FACETED_PRIMITIVE_FACE('',(#10642));
#10644=POLY_LOOP('',(#10637,#10550,#10483));
#10645=FACE_OUTER_BOUND('',#10644,.T.);
#10646=FACETED_PRIMITIVE_FACE('',(#10645));
#10648=POLY_LOOP('',(#10647,#10487,#10593));
#10649=FACE_OUTER_BOUND('',#10648,.T.);
#10650=FACETED_PRIMITIVE_FACE('',(#10649));
#10652=POLY_LOOP('',(#10651,#10494,#10583));
#10653=FACE_OUTER_BOUND('',#10652,.T.);
#10654=FACETED_PRIMITIVE_FACE('',(#10653));
#10656=POLY_LOOP('',(#10655,#10498,#10487));
#10657=FACE_OUTER_BOUND('',#10656,.T.);
#10658=FACETED_PRIMITIVE_FACE('',(#10657));
#10659=POLY_LOOP('',(#10655,#10487,#10647));
#10660=FACE_OUTER_BOUND('',#10659,.T.);
#10661=FACETED_PRIMITIVE_FACE('',(#10660));
#10663=POLY_LOOP('',(#10662,#10505,#10413));
#10664=FACE_OUTER_BOUND('',#10663,.T.);
#10665=FACETED_PRIMITIVE_FACE('',(#10664));
#10666=POLY_LOOP('',(#10662,#10413,#10557));
#10667=FACE_OUTER_BOUND('',#10666,.T.);
#10668=FACETED_PRIMITIVE_FACE('',(#10667));
#10670=POLY_LOOP('',(#10669,#10443,#10571));
#10671=FACE_OUTER_BOUND('',#10670,.T.);
#10672=FACETED_PRIMITIVE_FACE('',(#10671));
#10673=POLY_LOOP('',(#10669,#10525,#10443));
#10674=FACE_OUTER_BOUND('',#10673,.T.);
#10675=FACETED_PRIMITIVE_FACE('',(#10674));
#10677=POLY_LOOP('',(#10676,#10532,#10469));
#10678=FACE_OUTER_BOUND('',#10677,.T.);
#10679=FACETED_PRIMITIVE_FACE('',(#10678));
#10680=POLY_LOOP('',(#10676,#10469,#10603));
#10681=FACE_OUTER_BOUND('',#10680,.T.);
#10682=FACETED_PRIMITIVE_FACE('',(#10681));
#10683=POLY_LOOP('',(#10676,#10630,#10532));
#10684=FACE_OUTER_BOUND('',#10683,.T.);
#10685=FACETED_PRIMITIVE_FACE('',(#10684));
#10687=POLY_LOOP('',(#10686,#10494,#10651));
#10688=FACE_OUTER_BOUND('',#10687,.T.);
#10689=FACETED_PRIMITIVE_FACE('',(#10688));
#10690=POLY_LOOP('',(#10686,#10564,#10536));
#10691=FACE_OUTER_BOUND('',#10690,.T.);
#10692=FACETED_PRIMITIVE_FACE('',(#10691));
#10693=POLY_LOOP('',(#10686,#10536,#10494));
#10694=FACE_OUTER_BOUND('',#10693,.T.);
#10695=FACETED_PRIMITIVE_FACE('',(#10694));
#10697=POLY_LOOP('',(#10696,#10543,#10479));
#10698=FACE_OUTER_BOUND('',#10697,.T.);
#10699=FACETED_PRIMITIVE_FACE('',(#10698));
#10700=POLY_LOOP('',(#10696,#10479,#10630));
#10701=FACE_OUTER_BOUND('',#10700,.T.);
#10702=FACETED_PRIMITIVE_FACE('',(#10701));
#10704=POLY_LOOP('',(#10703,#10550,#10637));
#10705=FACE_OUTER_BOUND('',#10704,.T.);
#10706=FACETED_PRIMITIVE_FACE('',(#10705));
#10708=POLY_LOOP('',(#10707,#10557,#10498));
#10709=FACE_OUTER_BOUND('',#10708,.T.);
#10710=FACETED_PRIMITIVE_FACE('',(#10709));
#10711=POLY_LOOP('',(#10707,#10498,#10655));
#10712=FACE_OUTER_BOUND('',#10711,.T.);
#10713=FACETED_PRIMITIVE_FACE('',(#10712));
#10715=POLY_LOOP('',(#10714,#10637,#10564));
#10716=FACE_OUTER_BOUND('',#10715,.T.);
#10717=FACETED_PRIMITIVE_FACE('',(#10716));
#10718=POLY_LOOP('',(#10714,#10564,#10686));
#10719=FACE_OUTER_BOUND('',#10718,.T.);
#10720=FACETED_PRIMITIVE_FACE('',(#10719));
#10723=POLY_LOOP('',(#10721,#10576,#10722));
#10724=FACE_OUTER_BOUND('',#10723,.T.);
#10725=FACETED_PRIMITIVE_FACE('',(#10724));
#10726=POLY_LOOP('',(#10721,#10722,#9865));
#10727=FACE_OUTER_BOUND('',#10726,.T.);
#10728=FACETED_PRIMITIVE_FACE('',(#10727));
#10730=POLY_LOOP('',(#10721,#9864,#10729));
#10731=FACE_OUTER_BOUND('',#10730,.T.);
#10732=FACETED_PRIMITIVE_FACE('',(#10731));
#10733=POLY_LOOP('',(#10721,#10571,#10576));
#10734=FACE_OUTER_BOUND('',#10733,.T.);
#10735=FACETED_PRIMITIVE_FACE('',(#10734));
#10736=POLY_LOOP('',(#10721,#9865,#9864));
#10737=FACE_OUTER_BOUND('',#10736,.T.);
#10738=FACETED_PRIMITIVE_FACE('',(#10737));
#10740=POLY_LOOP('',(#10739,#10583,#10525));
#10741=FACE_OUTER_BOUND('',#10740,.T.);
#10742=FACETED_PRIMITIVE_FACE('',(#10741));
#10743=POLY_LOOP('',(#10739,#10525,#10669));
#10744=FACE_OUTER_BOUND('',#10743,.T.);
#10745=FACETED_PRIMITIVE_FACE('',(#10744));
#10747=POLY_LOOP('',(#10746,#10543,#10696));
#10748=FACE_OUTER_BOUND('',#10747,.T.);
#10749=FACETED_PRIMITIVE_FACE('',(#10748));
#10750=POLY_LOOP('',(#10746,#10593,#10543));
#10751=FACE_OUTER_BOUND('',#10750,.T.);
#10752=FACETED_PRIMITIVE_FACE('',(#10751));
#10754=POLY_LOOP('',(#10753,#10603,#10550));
#10755=FACE_OUTER_BOUND('',#10754,.T.);
#10756=FACETED_PRIMITIVE_FACE('',(#10755));
#10757=POLY_LOOP('',(#10753,#10550,#10703));
#10758=FACE_OUTER_BOUND('',#10757,.T.);
#10759=FACETED_PRIMITIVE_FACE('',(#10758));
#10761=POLY_LOOP('',(#10760,#9905,#10610));
#10762=FACE_OUTER_BOUND('',#10761,.T.);
#10763=FACETED_PRIMITIVE_FACE('',(#10762));
#10764=POLY_LOOP('',(#10760,#9932,#9905));
#10765=FACE_OUTER_BOUND('',#10764,.T.);
#10766=FACETED_PRIMITIVE_FACE('',(#10765));
#10767=POLY_LOOP('',(#10760,#9936,#9932));
#10768=FACE_OUTER_BOUND('',#10767,.T.);
#10769=FACETED_PRIMITIVE_FACE('',(#10768));
#10770=POLY_LOOP('',(#10760,#10505,#10662));
#10771=FACE_OUTER_BOUND('',#10770,.T.);
#10772=FACETED_PRIMITIVE_FACE('',(#10771));
#10773=POLY_LOOP('',(#10760,#10610,#10505));
#10774=FACE_OUTER_BOUND('',#10773,.T.);
#10775=FACETED_PRIMITIVE_FACE('',(#10774));
#10777=POLY_LOOP('',(#10776,#10630,#10676));
#10778=FACE_OUTER_BOUND('',#10777,.T.);
#10779=FACETED_PRIMITIVE_FACE('',(#10778));
#10780=POLY_LOOP('',(#10776,#10696,#10630));
#10781=FACE_OUTER_BOUND('',#10780,.T.);
#10782=FACETED_PRIMITIVE_FACE('',(#10781));
#10784=POLY_LOOP('',(#10783,#10637,#10714));
#10785=FACE_OUTER_BOUND('',#10784,.T.);
#10786=FACETED_PRIMITIVE_FACE('',(#10785));
#10788=POLY_LOOP('',(#10787,#10593,#10746));
#10789=FACE_OUTER_BOUND('',#10788,.T.);
#10790=FACETED_PRIMITIVE_FACE('',(#10789));
#10791=POLY_LOOP('',(#10787,#10647,#10593));
#10792=FACE_OUTER_BOUND('',#10791,.T.);
#10793=FACETED_PRIMITIVE_FACE('',(#10792));
#10795=POLY_LOOP('',(#10794,#10583,#10739));
#10796=FACE_OUTER_BOUND('',#10795,.T.);
#10797=FACETED_PRIMITIVE_FACE('',(#10796));
#10798=POLY_LOOP('',(#10794,#10651,#10583));
#10799=FACE_OUTER_BOUND('',#10798,.T.);
#10800=FACETED_PRIMITIVE_FACE('',(#10799));
#10802=POLY_LOOP('',(#10801,#10655,#10647));
#10803=FACE_OUTER_BOUND('',#10802,.T.);
#10804=FACETED_PRIMITIVE_FACE('',(#10803));
#10805=POLY_LOOP('',(#10801,#10707,#10655));
#10806=FACE_OUTER_BOUND('',#10805,.T.);
#10807=FACETED_PRIMITIVE_FACE('',(#10806));
#10808=POLY_LOOP('',(#10801,#10647,#10787));
#10809=FACE_OUTER_BOUND('',#10808,.T.);
#10810=FACETED_PRIMITIVE_FACE('',(#10809));
#10812=POLY_LOOP('',(#10811,#10557,#10707));
#10813=FACE_OUTER_BOUND('',#10812,.T.);
#10814=FACETED_PRIMITIVE_FACE('',(#10813));
#10815=POLY_LOOP('',(#10811,#10662,#10557));
#10816=FACE_OUTER_BOUND('',#10815,.T.);
#10817=FACETED_PRIMITIVE_FACE('',(#10816));
#10819=POLY_LOOP('',(#10818,#10571,#10721));
#10820=FACE_OUTER_BOUND('',#10819,.T.);
#10821=FACETED_PRIMITIVE_FACE('',(#10820));
#10822=POLY_LOOP('',(#10818,#10721,#10729));
#10823=FACE_OUTER_BOUND('',#10822,.T.);
#10824=FACETED_PRIMITIVE_FACE('',(#10823));
#10825=POLY_LOOP('',(#10818,#10669,#10571));
#10826=FACE_OUTER_BOUND('',#10825,.T.);
#10827=FACETED_PRIMITIVE_FACE('',(#10826));
#10829=POLY_LOOP('',(#10818,#10729,#10828));
#10830=FACE_OUTER_BOUND('',#10829,.T.);
#10831=FACETED_PRIMITIVE_FACE('',(#10830));
#10833=POLY_LOOP('',(#10818,#10828,#10832));
#10834=FACE_OUTER_BOUND('',#10833,.T.);
#10835=FACETED_PRIMITIVE_FACE('',(#10834));
#10837=POLY_LOOP('',(#10818,#10832,#10836));
#10838=FACE_OUTER_BOUND('',#10837,.T.);
#10839=FACETED_PRIMITIVE_FACE('',(#10838));
#10840=POLY_LOOP('',(#10818,#10739,#10669));
#10841=FACE_OUTER_BOUND('',#10840,.T.);
#10842=FACETED_PRIMITIVE_FACE('',(#10841));
#10844=POLY_LOOP('',(#10843,#10603,#10753));
#10845=FACE_OUTER_BOUND('',#10844,.T.);
#10846=FACETED_PRIMITIVE_FACE('',(#10845));
#10847=POLY_LOOP('',(#10843,#10676,#10603));
#10848=FACE_OUTER_BOUND('',#10847,.T.);
#10849=FACETED_PRIMITIVE_FACE('',(#10848));
#10851=POLY_LOOP('',(#10850,#10686,#10651));
#10852=FACE_OUTER_BOUND('',#10851,.T.);
#10853=FACETED_PRIMITIVE_FACE('',(#10852));
#10854=POLY_LOOP('',(#10850,#10651,#10794));
#10855=FACE_OUTER_BOUND('',#10854,.T.);
#10856=FACETED_PRIMITIVE_FACE('',(#10855));
#10858=POLY_LOOP('',(#10857,#10696,#10776));
#10859=FACE_OUTER_BOUND('',#10858,.T.);
#10860=FACETED_PRIMITIVE_FACE('',(#10859));
#10862=POLY_LOOP('',(#10861,#10703,#10637));
#10863=FACE_OUTER_BOUND('',#10862,.T.);
#10864=FACETED_PRIMITIVE_FACE('',(#10863));
#10865=POLY_LOOP('',(#10861,#10753,#10703));
#10866=FACE_OUTER_BOUND('',#10865,.T.);
#10867=FACETED_PRIMITIVE_FACE('',(#10866));
#10868=POLY_LOOP('',(#10861,#10637,#10783));
#10869=FACE_OUTER_BOUND('',#10868,.T.);
#10870=FACETED_PRIMITIVE_FACE('',(#10869));
#10872=POLY_LOOP('',(#10871,#10707,#10801));
#10873=FACE_OUTER_BOUND('',#10872,.T.);
#10874=FACETED_PRIMITIVE_FACE('',(#10873));
#10876=POLY_LOOP('',(#10875,#10686,#10850));
#10877=FACE_OUTER_BOUND('',#10876,.T.);
#10878=FACETED_PRIMITIVE_FACE('',(#10877));
#10879=POLY_LOOP('',(#10875,#10714,#10686));
#10880=FACE_OUTER_BOUND('',#10879,.T.);
#10881=FACETED_PRIMITIVE_FACE('',(#10880));
#10884=POLY_LOOP('',(#10882,#10836,#10883));
#10885=FACE_OUTER_BOUND('',#10884,.T.);
#10886=FACETED_PRIMITIVE_FACE('',(#10885));
#10888=POLY_LOOP('',(#10882,#10883,#10887));
#10889=FACE_OUTER_BOUND('',#10888,.T.);
#10890=FACETED_PRIMITIVE_FACE('',(#10889));
#10891=POLY_LOOP('',(#10882,#10818,#10836));
#10892=FACE_OUTER_BOUND('',#10891,.T.);
#10893=FACETED_PRIMITIVE_FACE('',(#10892));
#10894=POLY_LOOP('',(#10882,#10739,#10818));
#10895=FACE_OUTER_BOUND('',#10894,.T.);
#10896=FACETED_PRIMITIVE_FACE('',(#10895));
#10898=POLY_LOOP('',(#10897,#10746,#10696));
#10899=FACE_OUTER_BOUND('',#10898,.T.);
#10900=FACETED_PRIMITIVE_FACE('',(#10899));
#10901=POLY_LOOP('',(#10897,#10696,#10857));
#10902=FACE_OUTER_BOUND('',#10901,.T.);
#10903=FACETED_PRIMITIVE_FACE('',(#10902));
#10905=POLY_LOOP('',(#10904,#10753,#10861));
#10906=FACE_OUTER_BOUND('',#10905,.T.);
#10907=FACETED_PRIMITIVE_FACE('',(#10906));
#10909=POLY_LOOP('',(#10908,#10662,#10811));
#10910=FACE_OUTER_BOUND('',#10909,.T.);
#10911=FACETED_PRIMITIVE_FACE('',(#10910));
#10912=POLY_LOOP('',(#10908,#10760,#10662));
#10913=FACE_OUTER_BOUND('',#10912,.T.);
#10914=FACETED_PRIMITIVE_FACE('',(#10913));
#10915=POLY_LOOP('',(#10908,#9936,#10760));
#10916=FACE_OUTER_BOUND('',#10915,.T.);
#10917=FACETED_PRIMITIVE_FACE('',(#10916));
#10918=POLY_LOOP('',(#10908,#10023,#9936));
#10919=FACE_OUTER_BOUND('',#10918,.T.);
#10920=FACETED_PRIMITIVE_FACE('',(#10919));
#10921=POLY_LOOP('',(#10908,#10027,#10023));
#10922=FACE_OUTER_BOUND('',#10921,.T.);
#10923=FACETED_PRIMITIVE_FACE('',(#10922));
#10925=POLY_LOOP('',(#10924,#10676,#10843));
#10926=FACE_OUTER_BOUND('',#10925,.T.);
#10927=FACETED_PRIMITIVE_FACE('',(#10926));
#10928=POLY_LOOP('',(#10924,#10776,#10676));
#10929=FACE_OUTER_BOUND('',#10928,.T.);
#10930=FACETED_PRIMITIVE_FACE('',(#10929));
#10932=POLY_LOOP('',(#10931,#10714,#10875));
#10933=FACE_OUTER_BOUND('',#10932,.T.);
#10934=FACETED_PRIMITIVE_FACE('',(#10933));
#10935=POLY_LOOP('',(#10931,#10783,#10714));
#10936=FACE_OUTER_BOUND('',#10935,.T.);
#10937=FACETED_PRIMITIVE_FACE('',(#10936));
#10939=POLY_LOOP('',(#10938,#10746,#10897));
#10940=FACE_OUTER_BOUND('',#10939,.T.);
#10941=FACETED_PRIMITIVE_FACE('',(#10940));
#10942=POLY_LOOP('',(#10938,#10787,#10746));
#10943=FACE_OUTER_BOUND('',#10942,.T.);
#10944=FACETED_PRIMITIVE_FACE('',(#10943));
#10946=POLY_LOOP('',(#10945,#10739,#10882));
#10947=FACE_OUTER_BOUND('',#10946,.T.);
#10948=FACETED_PRIMITIVE_FACE('',(#10947));
#10949=POLY_LOOP('',(#10945,#10882,#10887));
#10950=FACE_OUTER_BOUND('',#10949,.T.);
#10951=FACETED_PRIMITIVE_FACE('',(#10950));
#10953=POLY_LOOP('',(#10945,#10887,#10952));
#10954=FACE_OUTER_BOUND('',#10953,.T.);
#10955=FACETED_PRIMITIVE_FACE('',(#10954));
#10957=POLY_LOOP('',(#10945,#10952,#10956));
#10958=FACE_OUTER_BOUND('',#10957,.T.);
#10959=FACETED_PRIMITIVE_FACE('',(#10958));
#10961=POLY_LOOP('',(#10945,#10956,#10960));
#10962=FACE_OUTER_BOUND('',#10961,.T.);
#10963=FACETED_PRIMITIVE_FACE('',(#10962));
#10964=POLY_LOOP('',(#10945,#10794,#10739));
#10965=FACE_OUTER_BOUND('',#10964,.T.);
#10966=FACETED_PRIMITIVE_FACE('',(#10965));
#10968=POLY_LOOP('',(#10967,#10787,#10938));
#10969=FACE_OUTER_BOUND('',#10968,.T.);
#10970=FACETED_PRIMITIVE_FACE('',(#10969));
#10971=POLY_LOOP('',(#10967,#10801,#10787));
#10972=FACE_OUTER_BOUND('',#10971,.T.);
#10973=FACETED_PRIMITIVE_FACE('',(#10972));
#10975=POLY_LOOP('',(#10974,#10811,#10707));
#10976=FACE_OUTER_BOUND('',#10975,.T.);
#10977=FACETED_PRIMITIVE_FACE('',(#10976));
#10978=POLY_LOOP('',(#10974,#10707,#10871));
#10979=FACE_OUTER_BOUND('',#10978,.T.);
#10980=FACETED_PRIMITIVE_FACE('',(#10979));
#10982=POLY_LOOP('',(#10981,#10843,#10753));
#10983=FACE_OUTER_BOUND('',#10982,.T.);
#10984=FACETED_PRIMITIVE_FACE('',(#10983));
#10985=POLY_LOOP('',(#10981,#10753,#10904));
#10986=FACE_OUTER_BOUND('',#10985,.T.);
#10987=FACETED_PRIMITIVE_FACE('',(#10986));
#10989=POLY_LOOP('',(#10988,#10850,#10794));
#10990=FACE_OUTER_BOUND('',#10989,.T.);
#10991=FACETED_PRIMITIVE_FACE('',(#10990));
#10992=POLY_LOOP('',(#10988,#10794,#10945));
#10993=FACE_OUTER_BOUND('',#10992,.T.);
#10994=FACETED_PRIMITIVE_FACE('',(#10993));
#10996=POLY_LOOP('',(#10988,#10960,#10995));
#10997=FACE_OUTER_BOUND('',#10996,.T.);
#10998=FACETED_PRIMITIVE_FACE('',(#10997));
#11000=POLY_LOOP('',(#10988,#10995,#10999));
#11001=FACE_OUTER_BOUND('',#11000,.T.);
#11002=FACETED_PRIMITIVE_FACE('',(#11001));
#11004=POLY_LOOP('',(#10988,#10999,#11003));
#11005=FACE_OUTER_BOUND('',#11004,.T.);
#11006=FACETED_PRIMITIVE_FACE('',(#11005));
#11008=POLY_LOOP('',(#10988,#11003,#11007));
#11009=FACE_OUTER_BOUND('',#11008,.T.);
#11010=FACETED_PRIMITIVE_FACE('',(#11009));
#11011=POLY_LOOP('',(#10988,#10945,#10960));
#11012=FACE_OUTER_BOUND('',#11011,.T.);
#11013=FACETED_PRIMITIVE_FACE('',(#11012));
#11015=POLY_LOOP('',(#11014,#10776,#10924));
#11016=FACE_OUTER_BOUND('',#11015,.T.);
#11017=FACETED_PRIMITIVE_FACE('',(#11016));
#11018=POLY_LOOP('',(#11014,#10857,#10776));
#11019=FACE_OUTER_BOUND('',#11018,.T.);
#11020=FACETED_PRIMITIVE_FACE('',(#11019));
#11021=POLY_LOOP('',(#11014,#10897,#10857));
#11022=FACE_OUTER_BOUND('',#11021,.T.);
#11023=FACETED_PRIMITIVE_FACE('',(#11022));
#11025=POLY_LOOP('',(#11024,#10783,#10931));
#11026=FACE_OUTER_BOUND('',#11025,.T.);
#11027=FACETED_PRIMITIVE_FACE('',(#11026));
#11028=POLY_LOOP('',(#11024,#10904,#10861));
#11029=FACE_OUTER_BOUND('',#11028,.T.);
#11030=FACETED_PRIMITIVE_FACE('',(#11029));
#11031=POLY_LOOP('',(#11024,#10861,#10783));
#11032=FACE_OUTER_BOUND('',#11031,.T.);
#11033=FACETED_PRIMITIVE_FACE('',(#11032));
#11035=POLY_LOOP('',(#11034,#10974,#10871));
#11036=FACE_OUTER_BOUND('',#11035,.T.);
#11037=FACETED_PRIMITIVE_FACE('',(#11036));
#11038=POLY_LOOP('',(#11034,#10801,#10967));
#11039=FACE_OUTER_BOUND('',#11038,.T.);
#11040=FACETED_PRIMITIVE_FACE('',(#11039));
#11041=POLY_LOOP('',(#11034,#10871,#10801));
#11042=FACE_OUTER_BOUND('',#11041,.T.);
#11043=FACETED_PRIMITIVE_FACE('',(#11042));
#11046=POLY_LOOP('',(#11044,#11007,#11045));
#11047=FACE_OUTER_BOUND('',#11046,.T.);
#11048=FACETED_PRIMITIVE_FACE('',(#11047));
#11050=POLY_LOOP('',(#11044,#11045,#11049));
#11051=FACE_OUTER_BOUND('',#11050,.T.);
#11052=FACETED_PRIMITIVE_FACE('',(#11051));
#11054=POLY_LOOP('',(#11044,#11049,#11053));
#11055=FACE_OUTER_BOUND('',#11054,.T.);
#11056=FACETED_PRIMITIVE_FACE('',(#11055));
#11058=POLY_LOOP('',(#11044,#11053,#11057));
#11059=FACE_OUTER_BOUND('',#11058,.T.);
#11060=FACETED_PRIMITIVE_FACE('',(#11059));
#11062=POLY_LOOP('',(#11044,#11057,#11061));
#11063=FACE_OUTER_BOUND('',#11062,.T.);
#11064=FACETED_PRIMITIVE_FACE('',(#11063));
#11065=POLY_LOOP('',(#11044,#10850,#10988));
#11066=FACE_OUTER_BOUND('',#11065,.T.);
#11067=FACETED_PRIMITIVE_FACE('',(#11066));
#11068=POLY_LOOP('',(#11044,#10875,#10850));
#11069=FACE_OUTER_BOUND('',#11068,.T.);
#11070=FACETED_PRIMITIVE_FACE('',(#11069));
#11071=POLY_LOOP('',(#11044,#10988,#11007));
#11072=FACE_OUTER_BOUND('',#11071,.T.);
#11073=FACETED_PRIMITIVE_FACE('',(#11072));
#11075=POLY_LOOP('',(#11074,#10938,#10897));
#11076=FACE_OUTER_BOUND('',#11075,.T.);
#11077=FACETED_PRIMITIVE_FACE('',(#11076));
#11078=POLY_LOOP('',(#11074,#10897,#11014));
#11079=FACE_OUTER_BOUND('',#11078,.T.);
#11080=FACETED_PRIMITIVE_FACE('',(#11079));
#11082=POLY_LOOP('',(#11081,#10904,#11024));
#11083=FACE_OUTER_BOUND('',#11082,.T.);
#11084=FACETED_PRIMITIVE_FACE('',(#11083));
#11086=POLY_LOOP('',(#11085,#10811,#10974));
#11087=FACE_OUTER_BOUND('',#11086,.T.);
#11088=FACETED_PRIMITIVE_FACE('',(#11087));
#11089=POLY_LOOP('',(#11085,#10027,#10908));
#11090=FACE_OUTER_BOUND('',#11089,.T.);
#11091=FACETED_PRIMITIVE_FACE('',(#11090));
#11092=POLY_LOOP('',(#11085,#10100,#10027));
#11093=FACE_OUTER_BOUND('',#11092,.T.);
#11094=FACETED_PRIMITIVE_FACE('',(#11093));
#11095=POLY_LOOP('',(#11085,#10104,#10100));
#11096=FACE_OUTER_BOUND('',#11095,.T.);
#11097=FACETED_PRIMITIVE_FACE('',(#11096));
#11098=POLY_LOOP('',(#11085,#10908,#10811));
#11099=FACE_OUTER_BOUND('',#11098,.T.);
#11100=FACETED_PRIMITIVE_FACE('',(#11099));
#11102=POLY_LOOP('',(#11101,#11014,#10924));
#11103=FACE_OUTER_BOUND('',#11102,.T.);
#11104=FACETED_PRIMITIVE_FACE('',(#11103));
#11105=POLY_LOOP('',(#11101,#10843,#10981));
#11106=FACE_OUTER_BOUND('',#11105,.T.);
#11107=FACETED_PRIMITIVE_FACE('',(#11106));
#11108=POLY_LOOP('',(#11101,#10924,#10843));
#11109=FACE_OUTER_BOUND('',#11108,.T.);
#11110=FACETED_PRIMITIVE_FACE('',(#11109));
#11112=POLY_LOOP('',(#11111,#11044,#11061));
#11113=FACE_OUTER_BOUND('',#11112,.T.);
#11114=FACETED_PRIMITIVE_FACE('',(#11113));
#11116=POLY_LOOP('',(#11111,#11061,#11115));
#11117=FACE_OUTER_BOUND('',#11116,.T.);
#11118=FACETED_PRIMITIVE_FACE('',(#11117));
#11120=POLY_LOOP('',(#11111,#11115,#11119));
#11121=FACE_OUTER_BOUND('',#11120,.T.);
#11122=FACETED_PRIMITIVE_FACE('',(#11121));
#11124=POLY_LOOP('',(#11111,#11119,#11123));
#11125=FACE_OUTER_BOUND('',#11124,.T.);
#11126=FACETED_PRIMITIVE_FACE('',(#11125));
#11127=POLY_LOOP('',(#11111,#10875,#11044));
#11128=FACE_OUTER_BOUND('',#11127,.T.);
#11129=FACETED_PRIMITIVE_FACE('',(#11128));
#11130=POLY_LOOP('',(#11111,#10931,#10875));
#11131=FACE_OUTER_BOUND('',#11130,.T.);
#11132=FACETED_PRIMITIVE_FACE('',(#11131));
#11134=POLY_LOOP('',(#11133,#10938,#11074));
#11135=FACE_OUTER_BOUND('',#11134,.T.);
#11136=FACETED_PRIMITIVE_FACE('',(#11135));
#11138=POLY_LOOP('',(#11137,#10967,#10938));
#11139=FACE_OUTER_BOUND('',#11138,.T.);
#11140=FACETED_PRIMITIVE_FACE('',(#11139));
#11141=POLY_LOOP('',(#11137,#11034,#10967));
#11142=FACE_OUTER_BOUND('',#11141,.T.);
#11143=FACETED_PRIMITIVE_FACE('',(#11142));
#11144=POLY_LOOP('',(#11137,#10938,#11133));
#11145=FACE_OUTER_BOUND('',#11144,.T.);
#11146=FACETED_PRIMITIVE_FACE('',(#11145));
#11148=POLY_LOOP('',(#11147,#10974,#11034));
#11149=FACE_OUTER_BOUND('',#11148,.T.);
#11150=FACETED_PRIMITIVE_FACE('',(#11149));
#11152=POLY_LOOP('',(#11151,#10904,#11081));
#11153=FACE_OUTER_BOUND('',#11152,.T.);
#11154=FACETED_PRIMITIVE_FACE('',(#11153));
#11155=POLY_LOOP('',(#11151,#11101,#10981));
#11156=FACE_OUTER_BOUND('',#11155,.T.);
#11157=FACETED_PRIMITIVE_FACE('',(#11156));
#11158=POLY_LOOP('',(#11151,#10981,#10904));
#11159=FACE_OUTER_BOUND('',#11158,.T.);
#11160=FACETED_PRIMITIVE_FACE('',(#11159));
#11162=POLY_LOOP('',(#11161,#11014,#11101));
#11163=FACE_OUTER_BOUND('',#11162,.T.);
#11164=FACETED_PRIMITIVE_FACE('',(#11163));
#11167=POLY_LOOP('',(#11165,#11123,#11166));
#11168=FACE_OUTER_BOUND('',#11167,.T.);
#11169=FACETED_PRIMITIVE_FACE('',(#11168));
#11170=POLY_LOOP('',(#11165,#11024,#10931));
#11171=FACE_OUTER_BOUND('',#11170,.T.);
#11172=FACETED_PRIMITIVE_FACE('',(#11171));
#11173=POLY_LOOP('',(#11165,#10931,#11111));
#11174=FACE_OUTER_BOUND('',#11173,.T.);
#11175=FACETED_PRIMITIVE_FACE('',(#11174));
#11176=POLY_LOOP('',(#11165,#11111,#11123));
#11177=FACE_OUTER_BOUND('',#11176,.T.);
#11178=FACETED_PRIMITIVE_FACE('',(#11177));
#11180=POLY_LOOP('',(#11179,#11034,#11137));
#11181=FACE_OUTER_BOUND('',#11180,.T.);
#11182=FACETED_PRIMITIVE_FACE('',(#11181));
#11184=POLY_LOOP('',(#11183,#11074,#11014));
#11185=FACE_OUTER_BOUND('',#11184,.T.);
#11186=FACETED_PRIMITIVE_FACE('',(#11185));
#11187=POLY_LOOP('',(#11183,#11014,#11161));
#11188=FACE_OUTER_BOUND('',#11187,.T.);
#11189=FACETED_PRIMITIVE_FACE('',(#11188));
#11192=POLY_LOOP('',(#11190,#11166,#11191));
#11193=FACE_OUTER_BOUND('',#11192,.T.);
#11194=FACETED_PRIMITIVE_FACE('',(#11193));
#11195=POLY_LOOP('',(#11190,#11151,#11081));
#11196=FACE_OUTER_BOUND('',#11195,.T.);
#11197=FACETED_PRIMITIVE_FACE('',(#11196));
#11198=POLY_LOOP('',(#11190,#11081,#11024));
#11199=FACE_OUTER_BOUND('',#11198,.T.);
#11200=FACETED_PRIMITIVE_FACE('',(#11199));
#11201=POLY_LOOP('',(#11190,#11165,#11166));
#11202=FACE_OUTER_BOUND('',#11201,.T.);
#11203=FACETED_PRIMITIVE_FACE('',(#11202));
#11204=POLY_LOOP('',(#11190,#11024,#11165));
#11205=FACE_OUTER_BOUND('',#11204,.T.);
#11206=FACETED_PRIMITIVE_FACE('',(#11205));
#11208=POLY_LOOP('',(#11207,#11085,#10974));
#11209=FACE_OUTER_BOUND('',#11208,.T.);
#11210=FACETED_PRIMITIVE_FACE('',(#11209));
#11211=POLY_LOOP('',(#11207,#10104,#11085));
#11212=FACE_OUTER_BOUND('',#11211,.T.);
#11213=FACETED_PRIMITIVE_FACE('',(#11212));
#11214=POLY_LOOP('',(#11207,#10174,#10104));
#11215=FACE_OUTER_BOUND('',#11214,.T.);
#11216=FACETED_PRIMITIVE_FACE('',(#11215));
#11217=POLY_LOOP('',(#11207,#10178,#10174));
#11218=FACE_OUTER_BOUND('',#11217,.T.);
#11219=FACETED_PRIMITIVE_FACE('',(#11218));
#11220=POLY_LOOP('',(#11207,#10974,#11147));
#11221=FACE_OUTER_BOUND('',#11220,.T.);
#11222=FACETED_PRIMITIVE_FACE('',(#11221));
#11224=POLY_LOOP('',(#11223,#11101,#11151));
#11225=FACE_OUTER_BOUND('',#11224,.T.);
#11226=FACETED_PRIMITIVE_FACE('',(#11225));
#11228=POLY_LOOP('',(#11227,#11137,#11133));
#11229=FACE_OUTER_BOUND('',#11228,.T.);
#11230=FACETED_PRIMITIVE_FACE('',(#11229));
#11231=POLY_LOOP('',(#11227,#11133,#11074));
#11232=FACE_OUTER_BOUND('',#11231,.T.);
#11233=FACETED_PRIMITIVE_FACE('',(#11232));
#11234=POLY_LOOP('',(#11227,#11074,#11183));
#11235=FACE_OUTER_BOUND('',#11234,.T.);
#11236=FACETED_PRIMITIVE_FACE('',(#11235));
#11238=POLY_LOOP('',(#11237,#11137,#11227));
#11239=FACE_OUTER_BOUND('',#11238,.T.);
#11240=FACETED_PRIMITIVE_FACE('',(#11239));
#11242=POLY_LOOP('',(#11241,#11147,#11034));
#11243=FACE_OUTER_BOUND('',#11242,.T.);
#11244=FACETED_PRIMITIVE_FACE('',(#11243));
#11245=POLY_LOOP('',(#11241,#11034,#11179));
#11246=FACE_OUTER_BOUND('',#11245,.T.);
#11247=FACETED_PRIMITIVE_FACE('',(#11246));
#11249=POLY_LOOP('',(#11248,#11190,#11191));
#11250=FACE_OUTER_BOUND('',#11249,.T.);
#11251=FACETED_PRIMITIVE_FACE('',(#11250));
#11253=POLY_LOOP('',(#11248,#11191,#11252));
#11254=FACE_OUTER_BOUND('',#11253,.T.);
#11255=FACETED_PRIMITIVE_FACE('',(#11254));
#11256=POLY_LOOP('',(#11248,#11151,#11190));
#11257=FACE_OUTER_BOUND('',#11256,.T.);
#11258=FACETED_PRIMITIVE_FACE('',(#11257));
#11260=POLY_LOOP('',(#11259,#11161,#11101));
#11261=FACE_OUTER_BOUND('',#11260,.T.);
#11262=FACETED_PRIMITIVE_FACE('',(#11261));
#11263=POLY_LOOP('',(#11259,#11101,#11223));
#11264=FACE_OUTER_BOUND('',#11263,.T.);
#11265=FACETED_PRIMITIVE_FACE('',(#11264));
#11267=POLY_LOOP('',(#11266,#11137,#11237));
#11268=FACE_OUTER_BOUND('',#11267,.T.);
#11269=FACETED_PRIMITIVE_FACE('',(#11268));
#11270=POLY_LOOP('',(#11266,#11179,#11137));
#11271=FACE_OUTER_BOUND('',#11270,.T.);
#11272=FACETED_PRIMITIVE_FACE('',(#11271));
#11274=POLY_LOOP('',(#11273,#11161,#11259));
#11275=FACE_OUTER_BOUND('',#11274,.T.);
#11276=FACETED_PRIMITIVE_FACE('',(#11275));
#11277=POLY_LOOP('',(#11273,#11183,#11161));
#11278=FACE_OUTER_BOUND('',#11277,.T.);
#11279=FACETED_PRIMITIVE_FACE('',(#11278));
#11281=POLY_LOOP('',(#11280,#10178,#11207));
#11282=FACE_OUTER_BOUND('',#11281,.T.);
#11283=FACETED_PRIMITIVE_FACE('',(#11282));
#11284=POLY_LOOP('',(#11280,#11147,#11241));
#11285=FACE_OUTER_BOUND('',#11284,.T.);
#11286=FACETED_PRIMITIVE_FACE('',(#11285));
#11287=POLY_LOOP('',(#11280,#11207,#11147));
#11288=FACE_OUTER_BOUND('',#11287,.T.);
#11289=FACETED_PRIMITIVE_FACE('',(#11288));
#11290=POLY_LOOP('',(#11280,#10270,#10178));
#11291=FACE_OUTER_BOUND('',#11290,.T.);
#11292=FACETED_PRIMITIVE_FACE('',(#11291));
#11293=POLY_LOOP('',(#11280,#10274,#10270));
#11294=FACE_OUTER_BOUND('',#11293,.T.);
#11295=FACETED_PRIMITIVE_FACE('',(#11294));
#11297=POLY_LOOP('',(#11296,#11151,#11248));
#11298=FACE_OUTER_BOUND('',#11297,.T.);
#11299=FACETED_PRIMITIVE_FACE('',(#11298));
#11301=POLY_LOOP('',(#11296,#11252,#11300));
#11302=FACE_OUTER_BOUND('',#11301,.T.);
#11303=FACETED_PRIMITIVE_FACE('',(#11302));
#11305=POLY_LOOP('',(#11296,#11300,#11304));
#11306=FACE_OUTER_BOUND('',#11305,.T.);
#11307=FACETED_PRIMITIVE_FACE('',(#11306));
#11308=POLY_LOOP('',(#11296,#11248,#11252));
#11309=FACE_OUTER_BOUND('',#11308,.T.);
#11310=FACETED_PRIMITIVE_FACE('',(#11309));
#11311=POLY_LOOP('',(#11296,#11223,#11151));
#11312=FACE_OUTER_BOUND('',#11311,.T.);
#11313=FACETED_PRIMITIVE_FACE('',(#11312));
#11315=POLY_LOOP('',(#11314,#11227,#11183));
#11316=FACE_OUTER_BOUND('',#11315,.T.);
#11317=FACETED_PRIMITIVE_FACE('',(#11316));
#11318=POLY_LOOP('',(#11314,#11183,#11273));
#11319=FACE_OUTER_BOUND('',#11318,.T.);
#11320=FACETED_PRIMITIVE_FACE('',(#11319));
#11321=POLY_LOOP('',(#11314,#11237,#11227));
#11322=FACE_OUTER_BOUND('',#11321,.T.);
#11323=FACETED_PRIMITIVE_FACE('',(#11322));
#11325=POLY_LOOP('',(#11324,#11237,#11314));
#11326=FACE_OUTER_BOUND('',#11325,.T.);
#11327=FACETED_PRIMITIVE_FACE('',(#11326));
#11329=POLY_LOOP('',(#11328,#11179,#11266));
#11330=FACE_OUTER_BOUND('',#11329,.T.);
#11331=FACETED_PRIMITIVE_FACE('',(#11330));
#11332=POLY_LOOP('',(#11328,#11241,#11179));
#11333=FACE_OUTER_BOUND('',#11332,.T.);
#11334=FACETED_PRIMITIVE_FACE('',(#11333));
#11336=POLY_LOOP('',(#11335,#11259,#11223));
#11337=FACE_OUTER_BOUND('',#11336,.T.);
#11338=FACETED_PRIMITIVE_FACE('',(#11337));
#11339=POLY_LOOP('',(#11335,#11296,#11304));
#11340=FACE_OUTER_BOUND('',#11339,.T.);
#11341=FACETED_PRIMITIVE_FACE('',(#11340));
#11343=POLY_LOOP('',(#11335,#11304,#11342));
#11344=FACE_OUTER_BOUND('',#11343,.T.);
#11345=FACETED_PRIMITIVE_FACE('',(#11344));
#11347=POLY_LOOP('',(#11335,#11342,#11346));
#11348=FACE_OUTER_BOUND('',#11347,.T.);
#11349=FACETED_PRIMITIVE_FACE('',(#11348));
#11350=POLY_LOOP('',(#11335,#11223,#11296));
#11351=FACE_OUTER_BOUND('',#11350,.T.);
#11352=FACETED_PRIMITIVE_FACE('',(#11351));
#11354=POLY_LOOP('',(#11353,#11237,#11324));
#11355=FACE_OUTER_BOUND('',#11354,.T.);
#11356=FACETED_PRIMITIVE_FACE('',(#11355));
#11357=POLY_LOOP('',(#11353,#11266,#11237));
#11358=FACE_OUTER_BOUND('',#11357,.T.);
#11359=FACETED_PRIMITIVE_FACE('',(#11358));
#11361=POLY_LOOP('',(#11360,#11273,#11259));
#11362=FACE_OUTER_BOUND('',#11361,.T.);
#11363=FACETED_PRIMITIVE_FACE('',(#11362));
#11364=POLY_LOOP('',(#11360,#11259,#11335));
#11365=FACE_OUTER_BOUND('',#11364,.T.);
#11366=FACETED_PRIMITIVE_FACE('',(#11365));
#11367=POLY_LOOP('',(#11360,#11335,#11346));
#11368=FACE_OUTER_BOUND('',#11367,.T.);
#11369=FACETED_PRIMITIVE_FACE('',(#11368));
#11371=POLY_LOOP('',(#11360,#11346,#11370));
#11372=FACE_OUTER_BOUND('',#11371,.T.);
#11373=FACETED_PRIMITIVE_FACE('',(#11372));
#11375=POLY_LOOP('',(#11360,#11370,#11374));
#11376=FACE_OUTER_BOUND('',#11375,.T.);
#11377=FACETED_PRIMITIVE_FACE('',(#11376));
#11379=POLY_LOOP('',(#11360,#11374,#11378));
#11380=FACE_OUTER_BOUND('',#11379,.T.);
#11381=FACETED_PRIMITIVE_FACE('',(#11380));
#11383=POLY_LOOP('',(#11360,#11378,#11382));
#11384=FACE_OUTER_BOUND('',#11383,.T.);
#11385=FACETED_PRIMITIVE_FACE('',(#11384));
#11387=POLY_LOOP('',(#11386,#10274,#11280));
#11388=FACE_OUTER_BOUND('',#11387,.T.);
#11389=FACETED_PRIMITIVE_FACE('',(#11388));
#11390=POLY_LOOP('',(#11386,#11241,#11328));
#11391=FACE_OUTER_BOUND('',#11390,.T.);
#11392=FACETED_PRIMITIVE_FACE('',(#11391));
#11393=POLY_LOOP('',(#11386,#10444,#10274));
#11394=FACE_OUTER_BOUND('',#11393,.T.);
#11395=FACETED_PRIMITIVE_FACE('',(#11394));
#11396=POLY_LOOP('',(#11386,#10448,#10444));
#11397=FACE_OUTER_BOUND('',#11396,.T.);
#11398=FACETED_PRIMITIVE_FACE('',(#11397));
#11399=POLY_LOOP('',(#11386,#11280,#11241));
#11400=FACE_OUTER_BOUND('',#11399,.T.);
#11401=FACETED_PRIMITIVE_FACE('',(#11400));
#11403=POLY_LOOP('',(#11402,#11360,#11382));
#11404=FACE_OUTER_BOUND('',#11403,.T.);
#11405=FACETED_PRIMITIVE_FACE('',(#11404));
#11406=POLY_LOOP('',(#11402,#11314,#11273));
#11407=FACE_OUTER_BOUND('',#11406,.T.);
#11408=FACETED_PRIMITIVE_FACE('',(#11407));
#11409=POLY_LOOP('',(#11402,#11273,#11360));
#11410=FACE_OUTER_BOUND('',#11409,.T.);
#11411=FACETED_PRIMITIVE_FACE('',(#11410));
#11413=POLY_LOOP('',(#11402,#11382,#11412));
#11414=FACE_OUTER_BOUND('',#11413,.T.);
#11415=FACETED_PRIMITIVE_FACE('',(#11414));
#11417=POLY_LOOP('',(#11402,#11412,#11416));
#11418=FACE_OUTER_BOUND('',#11417,.T.);
#11419=FACETED_PRIMITIVE_FACE('',(#11418));
#11421=POLY_LOOP('',(#11402,#11416,#11420));
#11422=FACE_OUTER_BOUND('',#11421,.T.);
#11423=FACETED_PRIMITIVE_FACE('',(#11422));
#11425=POLY_LOOP('',(#11424,#11324,#11314));
#11426=FACE_OUTER_BOUND('',#11425,.T.);
#11427=FACETED_PRIMITIVE_FACE('',(#11426));
#11428=POLY_LOOP('',(#11424,#11314,#11402));
#11429=FACE_OUTER_BOUND('',#11428,.T.);
#11430=FACETED_PRIMITIVE_FACE('',(#11429));
#11432=POLY_LOOP('',(#11424,#11420,#11431));
#11433=FACE_OUTER_BOUND('',#11432,.T.);
#11434=FACETED_PRIMITIVE_FACE('',(#11433));
#11436=POLY_LOOP('',(#11424,#11431,#11435));
#11437=FACE_OUTER_BOUND('',#11436,.T.);
#11438=FACETED_PRIMITIVE_FACE('',(#11437));
#11440=POLY_LOOP('',(#11424,#11435,#11439));
#11441=FACE_OUTER_BOUND('',#11440,.T.);
#11442=FACETED_PRIMITIVE_FACE('',(#11441));
#11444=POLY_LOOP('',(#11424,#11439,#11443));
#11445=FACE_OUTER_BOUND('',#11444,.T.);
#11446=FACETED_PRIMITIVE_FACE('',(#11445));
#11447=POLY_LOOP('',(#11424,#11402,#11420));
#11448=FACE_OUTER_BOUND('',#11447,.T.);
#11449=FACETED_PRIMITIVE_FACE('',(#11448));
#11451=POLY_LOOP('',(#11450,#11328,#11266));
#11452=FACE_OUTER_BOUND('',#11451,.T.);
#11453=FACETED_PRIMITIVE_FACE('',(#11452));
#11454=POLY_LOOP('',(#11450,#11266,#11353));
#11455=FACE_OUTER_BOUND('',#11454,.T.);
#11456=FACETED_PRIMITIVE_FACE('',(#11455));
#11457=POLY_LOOP('',(#11450,#11386,#11328));
#11458=FACE_OUTER_BOUND('',#11457,.T.);
#11459=FACETED_PRIMITIVE_FACE('',(#11458));
#11461=POLY_LOOP('',(#11460,#11353,#11324));
#11462=FACE_OUTER_BOUND('',#11461,.T.);
#11463=FACETED_PRIMITIVE_FACE('',(#11462));
#11464=POLY_LOOP('',(#11460,#11324,#11424));
#11465=FACE_OUTER_BOUND('',#11464,.T.);
#11466=FACETED_PRIMITIVE_FACE('',(#11465));
#11467=POLY_LOOP('',(#11460,#11424,#11443));
#11468=FACE_OUTER_BOUND('',#11467,.T.);
#11469=FACETED_PRIMITIVE_FACE('',(#11468));
#11470=POLY_LOOP('',(#11460,#11450,#11353));
#11471=FACE_OUTER_BOUND('',#11470,.T.);
#11472=FACETED_PRIMITIVE_FACE('',(#11471));
#11474=POLY_LOOP('',(#11460,#11443,#11473));
#11475=FACE_OUTER_BOUND('',#11474,.T.);
#11476=FACETED_PRIMITIVE_FACE('',(#11475));
#11478=POLY_LOOP('',(#11460,#11473,#11477));
#11479=FACE_OUTER_BOUND('',#11478,.T.);
#11480=FACETED_PRIMITIVE_FACE('',(#11479));
#11482=POLY_LOOP('',(#11460,#11477,#11481));
#11483=FACE_OUTER_BOUND('',#11482,.T.);
#11484=FACETED_PRIMITIVE_FACE('',(#11483));
#11486=POLY_LOOP('',(#11460,#11481,#11485));
#11487=FACE_OUTER_BOUND('',#11486,.T.);
#11488=FACETED_PRIMITIVE_FACE('',(#11487));
#11490=POLY_LOOP('',(#11489,#11386,#11450));
#11491=FACE_OUTER_BOUND('',#11490,.T.);
#11492=FACETED_PRIMITIVE_FACE('',(#11491));
#11493=POLY_LOOP('',(#11489,#10448,#11386));
#11494=FACE_OUTER_BOUND('',#11493,.T.);
#11495=FACETED_PRIMITIVE_FACE('',(#11494));
#11496=POLY_LOOP('',(#11489,#10572,#10448));
#11497=FACE_OUTER_BOUND('',#11496,.T.);
#11498=FACETED_PRIMITIVE_FACE('',(#11497));
#11499=POLY_LOOP('',(#11489,#10576,#10572));
#11500=FACE_OUTER_BOUND('',#11499,.T.);
#11501=FACETED_PRIMITIVE_FACE('',(#11500));
#11503=POLY_LOOP('',(#11502,#11450,#11460));
#11504=FACE_OUTER_BOUND('',#11503,.T.);
#11505=FACETED_PRIMITIVE_FACE('',(#11504));
#11507=POLY_LOOP('',(#11502,#11485,#11506));
#11508=FACE_OUTER_BOUND('',#11507,.T.);
#11509=FACETED_PRIMITIVE_FACE('',(#11508));
#11510=POLY_LOOP('',(#11502,#11460,#11485));
#11511=FACE_OUTER_BOUND('',#11510,.T.);
#11512=FACETED_PRIMITIVE_FACE('',(#11511));
#11514=POLY_LOOP('',(#11502,#11506,#11513));
#11515=FACE_OUTER_BOUND('',#11514,.T.);
#11516=FACETED_PRIMITIVE_FACE('',(#11515));
#11518=POLY_LOOP('',(#11502,#11513,#11517));
#11519=FACE_OUTER_BOUND('',#11518,.T.);
#11520=FACETED_PRIMITIVE_FACE('',(#11519));
#11521=POLY_LOOP('',(#11502,#11517,#9873));
#11522=FACE_OUTER_BOUND('',#11521,.T.);
#11523=FACETED_PRIMITIVE_FACE('',(#11522));
#11525=POLY_LOOP('',(#11524,#11502,#9873));
#11526=FACE_OUTER_BOUND('',#11525,.T.);
#11527=FACETED_PRIMITIVE_FACE('',(#11526));
#11528=POLY_LOOP('',(#11524,#9873,#9865));
#11529=FACE_OUTER_BOUND('',#11528,.T.);
#11530=FACETED_PRIMITIVE_FACE('',(#11529));
#11531=POLY_LOOP('',(#11524,#11489,#11450));
#11532=FACE_OUTER_BOUND('',#11531,.T.);
#11533=FACETED_PRIMITIVE_FACE('',(#11532));
#11534=POLY_LOOP('',(#11524,#11450,#11502));
#11535=FACE_OUTER_BOUND('',#11534,.T.);
#11536=FACETED_PRIMITIVE_FACE('',(#11535));
#11537=POLY_LOOP('',(#11524,#10576,#11489));
#11538=FACE_OUTER_BOUND('',#11537,.T.);
#11539=FACETED_PRIMITIVE_FACE('',(#11538));
#11540=POLY_LOOP('',(#11524,#10722,#10576));
#11541=FACE_OUTER_BOUND('',#11540,.T.);
#11542=FACETED_PRIMITIVE_FACE('',(#11541));
#11543=POLY_LOOP('',(#11524,#9865,#10722));
#11544=FACE_OUTER_BOUND('',#11543,.T.);
#11545=FACETED_PRIMITIVE_FACE('',(#11544));
#11546=POLY_LOOP('',(#9983,#9987,#9991));
#11547=FACE_OUTER_BOUND('',#11546,.T.);
#11548=FACETED_PRIMITIVE_FACE('',(#11547));
#11549=POLY_LOOP('',(#9979,#9991,#9999));
#11550=FACE_OUTER_BOUND('',#11549,.T.);
#11551=FACETED_PRIMITIVE_FACE('',(#11550));
#11552=POLY_LOOP('',(#9979,#9983,#9991));
#11553=FACE_OUTER_BOUND('',#11552,.T.);
#11554=FACETED_PRIMITIVE_FACE('',(#11553));
#11555=POLY_LOOP('',(#9964,#9999,#10003));
#11556=FACE_OUTER_BOUND('',#11555,.T.);
#11557=FACETED_PRIMITIVE_FACE('',(#11556));
#11558=POLY_LOOP('',(#9964,#9979,#9999));
#11559=FACE_OUTER_BOUND('',#11558,.T.);
#11560=FACETED_PRIMITIVE_FACE('',(#11559));
#11561=POLY_LOOP('',(#9960,#10003,#10007));
#11562=FACE_OUTER_BOUND('',#11561,.T.);
#11563=FACETED_PRIMITIVE_FACE('',(#11562));
#11564=POLY_LOOP('',(#9960,#10007,#10011));
#11565=FACE_OUTER_BOUND('',#11564,.T.);
#11566=FACETED_PRIMITIVE_FACE('',(#11565));
#11567=POLY_LOOP('',(#9960,#9964,#10003));
#11568=FACE_OUTER_BOUND('',#11567,.T.);
#11569=FACETED_PRIMITIVE_FACE('',(#11568));
#11570=POLY_LOOP('',(#9956,#10011,#10015));
#11571=FACE_OUTER_BOUND('',#11570,.T.);
#11572=FACETED_PRIMITIVE_FACE('',(#11571));
#11573=POLY_LOOP('',(#9956,#9960,#10011));
#11574=FACE_OUTER_BOUND('',#11573,.T.);
#11575=FACETED_PRIMITIVE_FACE('',(#11574));
#11576=POLY_LOOP('',(#9948,#10015,#10042));
#11577=FACE_OUTER_BOUND('',#11576,.T.);
#11578=FACETED_PRIMITIVE_FACE('',(#11577));
#11579=POLY_LOOP('',(#9948,#9956,#10015));
#11580=FACE_OUTER_BOUND('',#11579,.T.);
#11581=FACETED_PRIMITIVE_FACE('',(#11580));
#11582=POLY_LOOP('',(#9944,#10042,#10046));
#11583=FACE_OUTER_BOUND('',#11582,.T.);
#11584=FACETED_PRIMITIVE_FACE('',(#11583));
#11585=POLY_LOOP('',(#9944,#9948,#10042));
#11586=FACE_OUTER_BOUND('',#11585,.T.);
#11587=FACETED_PRIMITIVE_FACE('',(#11586));
#11588=POLY_LOOP('',(#9924,#10046,#10050));
#11589=FACE_OUTER_BOUND('',#11588,.T.);
#11590=FACETED_PRIMITIVE_FACE('',(#11589));
#11591=POLY_LOOP('',(#9924,#9944,#10046));
#11592=FACE_OUTER_BOUND('',#11591,.T.);
#11593=FACETED_PRIMITIVE_FACE('',(#11592));
#11594=POLY_LOOP('',(#9920,#10050,#10088));
#11595=FACE_OUTER_BOUND('',#11594,.T.);
#11596=FACETED_PRIMITIVE_FACE('',(#11595));
#11597=POLY_LOOP('',(#9920,#9924,#10050));
#11598=FACE_OUTER_BOUND('',#11597,.T.);
#11599=FACETED_PRIMITIVE_FACE('',(#11598));
#11600=POLY_LOOP('',(#9916,#9920,#10088));
#11601=FACE_OUTER_BOUND('',#11600,.T.);
#11602=FACETED_PRIMITIVE_FACE('',(#11601));
#11603=POLY_LOOP('',(#9896,#10088,#10116));
#11604=FACE_OUTER_BOUND('',#11603,.T.);
#11605=FACETED_PRIMITIVE_FACE('',(#11604));
#11606=POLY_LOOP('',(#9896,#9916,#10088));
#11607=FACE_OUTER_BOUND('',#11606,.T.);
#11608=FACETED_PRIMITIVE_FACE('',(#11607));
#11609=POLY_LOOP('',(#9897,#9896,#10116));
#11610=FACE_OUTER_BOUND('',#11609,.T.);
#11611=FACETED_PRIMITIVE_FACE('',(#11610));
#11612=POLY_LOOP('',(#9838,#9897,#10116));
#11613=FACE_OUTER_BOUND('',#11612,.T.);
#11614=FACETED_PRIMITIVE_FACE('',(#11613));
#11615=POLY_LOOP('',(#9833,#9838,#10116));
#11616=FACE_OUTER_BOUND('',#11615,.T.);
#11617=FACETED_PRIMITIVE_FACE('',(#11616));
#11618=POLY_LOOP('',(#9833,#10116,#10120));
#11619=FACE_OUTER_BOUND('',#11618,.T.);
#11620=FACETED_PRIMITIVE_FACE('',(#11619));
#11621=POLY_LOOP('',(#9834,#9833,#10120));
#11622=FACE_OUTER_BOUND('',#11621,.T.);
#11623=FACETED_PRIMITIVE_FACE('',(#11622));
#11624=POLY_LOOP('',(#9847,#9834,#10120));
#11625=FACE_OUTER_BOUND('',#11624,.T.);
#11626=FACETED_PRIMITIVE_FACE('',(#11625));
#11627=POLY_LOOP('',(#10333,#10297,#10301));
#11628=FACE_OUTER_BOUND('',#11627,.T.);
#11629=FACETED_PRIMITIVE_FACE('',(#11628));
#11630=POLY_LOOP('',(#9842,#9847,#10120));
#11631=FACE_OUTER_BOUND('',#11630,.T.);
#11632=FACETED_PRIMITIVE_FACE('',(#11631));
#11633=POLY_LOOP('',(#10337,#10297,#10333));
#11634=FACE_OUTER_BOUND('',#11633,.T.);
#11635=FACETED_PRIMITIVE_FACE('',(#11634));
#11636=POLY_LOOP('',(#10341,#10293,#10297));
#11637=FACE_OUTER_BOUND('',#11636,.T.);
#11638=FACETED_PRIMITIVE_FACE('',(#11637));
#11639=POLY_LOOP('',(#10341,#10297,#10337));
#11640=FACE_OUTER_BOUND('',#11639,.T.);
#11641=FACETED_PRIMITIVE_FACE('',(#11640));
#11642=POLY_LOOP('',(#9843,#9842,#10120));
#11643=FACE_OUTER_BOUND('',#11642,.T.);
#11644=FACETED_PRIMITIVE_FACE('',(#11643));
#11645=POLY_LOOP('',(#10356,#10289,#10293));
#11646=FACE_OUTER_BOUND('',#11645,.T.);
#11647=FACETED_PRIMITIVE_FACE('',(#11646));
#11648=POLY_LOOP('',(#10356,#10293,#10341));
#11649=FACE_OUTER_BOUND('',#11648,.T.);
#11650=FACETED_PRIMITIVE_FACE('',(#11649));
#11651=POLY_LOOP('',(#10360,#10248,#10289));
#11652=FACE_OUTER_BOUND('',#11651,.T.);
#11653=FACETED_PRIMITIVE_FACE('',(#11652));
#11654=POLY_LOOP('',(#10360,#10289,#10356));
#11655=FACE_OUTER_BOUND('',#11654,.T.);
#11656=FACETED_PRIMITIVE_FACE('',(#11655));
#11657=POLY_LOOP('',(#10614,#9843,#10120));
#11658=FACE_OUTER_BOUND('',#11657,.T.);
#11659=FACETED_PRIMITIVE_FACE('',(#11658));
#11660=POLY_LOOP('',(#10364,#10248,#10360));
#11661=FACE_OUTER_BOUND('',#11660,.T.);
#11662=FACETED_PRIMITIVE_FACE('',(#11661));
#11663=POLY_LOOP('',(#10368,#10244,#10248));
#11664=FACE_OUTER_BOUND('',#11663,.T.);
#11665=FACETED_PRIMITIVE_FACE('',(#11664));
#11666=POLY_LOOP('',(#10368,#10248,#10364));
#11667=FACE_OUTER_BOUND('',#11666,.T.);
#11668=FACETED_PRIMITIVE_FACE('',(#11667));
#11669=POLY_LOOP('',(#10521,#10614,#10120));
#11670=FACE_OUTER_BOUND('',#11669,.T.);
#11671=FACETED_PRIMITIVE_FACE('',(#11670));
#11672=POLY_LOOP('',(#10417,#10244,#10368));
#11673=FACE_OUTER_BOUND('',#11672,.T.);
#11674=FACETED_PRIMITIVE_FACE('',(#11673));
#11675=POLY_LOOP('',(#10517,#10120,#10206));
#11676=FACE_OUTER_BOUND('',#11675,.T.);
#11677=FACETED_PRIMITIVE_FACE('',(#11676));
#11678=POLY_LOOP('',(#10517,#10521,#10120));
#11679=FACE_OUTER_BOUND('',#11678,.T.);
#11680=FACETED_PRIMITIVE_FACE('',(#11679));
#11681=POLY_LOOP('',(#10421,#10210,#10244));
#11682=FACE_OUTER_BOUND('',#11681,.T.);
#11683=FACETED_PRIMITIVE_FACE('',(#11682));
#11684=POLY_LOOP('',(#10421,#10244,#10417));
#11685=FACE_OUTER_BOUND('',#11684,.T.);
#11686=FACETED_PRIMITIVE_FACE('',(#11685));
#11687=POLY_LOOP('',(#10513,#10517,#10206));
#11688=FACE_OUTER_BOUND('',#11687,.T.);
#11689=FACETED_PRIMITIVE_FACE('',(#11688));
#11690=POLY_LOOP('',(#10425,#10210,#10421));
#11691=FACE_OUTER_BOUND('',#11690,.T.);
#11692=FACETED_PRIMITIVE_FACE('',(#11691));
#11693=POLY_LOOP('',(#10509,#10513,#10206));
#11694=FACE_OUTER_BOUND('',#11693,.T.);
#11695=FACETED_PRIMITIVE_FACE('',(#11694));
#11696=POLY_LOOP('',(#10429,#10206,#10210));
#11697=FACE_OUTER_BOUND('',#11696,.T.);
#11698=FACETED_PRIMITIVE_FACE('',(#11697));
#11699=POLY_LOOP('',(#10429,#10509,#10206));
#11700=FACE_OUTER_BOUND('',#11699,.T.);
#11701=FACETED_PRIMITIVE_FACE('',(#11700));
#11702=POLY_LOOP('',(#10429,#10210,#10425));
#11703=FACE_OUTER_BOUND('',#11702,.T.);
#11704=FACETED_PRIMITIVE_FACE('',(#11703));
#11705=POLY_LOOP('',(#10999,#11007,#11003));
#11706=FACE_OUTER_BOUND('',#11705,.T.);
#11707=FACETED_PRIMITIVE_FACE('',(#11706));
#11708=POLY_LOOP('',(#10995,#11045,#11007));
#11709=FACE_OUTER_BOUND('',#11708,.T.);
#11710=FACETED_PRIMITIVE_FACE('',(#11709));
#11711=POLY_LOOP('',(#10995,#11007,#10999));
#11712=FACE_OUTER_BOUND('',#11711,.T.);
#11713=FACETED_PRIMITIVE_FACE('',(#11712));
#11714=POLY_LOOP('',(#10960,#11049,#11045));
#11715=FACE_OUTER_BOUND('',#11714,.T.);
#11716=FACETED_PRIMITIVE_FACE('',(#11715));
#11717=POLY_LOOP('',(#10960,#11045,#10995));
#11718=FACE_OUTER_BOUND('',#11717,.T.);
#11719=FACETED_PRIMITIVE_FACE('',(#11718));
#11720=POLY_LOOP('',(#10956,#11053,#11049));
#11721=FACE_OUTER_BOUND('',#11720,.T.);
#11722=FACETED_PRIMITIVE_FACE('',(#11721));
#11723=POLY_LOOP('',(#10956,#11057,#11053));
#11724=FACE_OUTER_BOUND('',#11723,.T.);
#11725=FACETED_PRIMITIVE_FACE('',(#11724));
#11726=POLY_LOOP('',(#10956,#11049,#10960));
#11727=FACE_OUTER_BOUND('',#11726,.T.);
#11728=FACETED_PRIMITIVE_FACE('',(#11727));
#11729=POLY_LOOP('',(#10952,#11061,#11057));
#11730=FACE_OUTER_BOUND('',#11729,.T.);
#11731=FACETED_PRIMITIVE_FACE('',(#11730));
#11732=POLY_LOOP('',(#10952,#11057,#10956));
#11733=FACE_OUTER_BOUND('',#11732,.T.);
#11734=FACETED_PRIMITIVE_FACE('',(#11733));
#11735=POLY_LOOP('',(#10887,#11115,#11061));
#11736=FACE_OUTER_BOUND('',#11735,.T.);
#11737=FACETED_PRIMITIVE_FACE('',(#11736));
#11738=POLY_LOOP('',(#10887,#11061,#10952));
#11739=FACE_OUTER_BOUND('',#11738,.T.);
#11740=FACETED_PRIMITIVE_FACE('',(#11739));
#11741=POLY_LOOP('',(#10883,#11119,#11115));
#11742=FACE_OUTER_BOUND('',#11741,.T.);
#11743=FACETED_PRIMITIVE_FACE('',(#11742));
#11744=POLY_LOOP('',(#10883,#11115,#10887));
#11745=FACE_OUTER_BOUND('',#11744,.T.);
#11746=FACETED_PRIMITIVE_FACE('',(#11745));
#11747=POLY_LOOP('',(#10836,#11123,#11119));
#11748=FACE_OUTER_BOUND('',#11747,.T.);
#11749=FACETED_PRIMITIVE_FACE('',(#11748));
#11750=POLY_LOOP('',(#10836,#11119,#10883));
#11751=FACE_OUTER_BOUND('',#11750,.T.);
#11752=FACETED_PRIMITIVE_FACE('',(#11751));
#11753=POLY_LOOP('',(#10832,#11166,#11123));
#11754=FACE_OUTER_BOUND('',#11753,.T.);
#11755=FACETED_PRIMITIVE_FACE('',(#11754));
#11756=POLY_LOOP('',(#10832,#11123,#10836));
#11757=FACE_OUTER_BOUND('',#11756,.T.);
#11758=FACETED_PRIMITIVE_FACE('',(#11757));
#11759=POLY_LOOP('',(#10828,#11166,#10832));
#11760=FACE_OUTER_BOUND('',#11759,.T.);
#11761=FACETED_PRIMITIVE_FACE('',(#11760));
#11762=POLY_LOOP('',(#10729,#11191,#11166));
#11763=FACE_OUTER_BOUND('',#11762,.T.);
#11764=FACETED_PRIMITIVE_FACE('',(#11763));
#11765=POLY_LOOP('',(#10729,#11166,#10828));
#11766=FACE_OUTER_BOUND('',#11765,.T.);
#11767=FACETED_PRIMITIVE_FACE('',(#11766));
#11768=POLY_LOOP('',(#9864,#11191,#10729));
#11769=FACE_OUTER_BOUND('',#11768,.T.);
#11770=FACETED_PRIMITIVE_FACE('',(#11769));
#11771=POLY_LOOP('',(#9860,#11191,#9864));
#11772=FACE_OUTER_BOUND('',#11771,.T.);
#11773=FACETED_PRIMITIVE_FACE('',(#11772));
#11774=POLY_LOOP('',(#9854,#11191,#9860));
#11775=FACE_OUTER_BOUND('',#11774,.T.);
#11776=FACETED_PRIMITIVE_FACE('',(#11775));
#11777=POLY_LOOP('',(#9854,#11252,#11191));
#11778=FACE_OUTER_BOUND('',#11777,.T.);
#11779=FACETED_PRIMITIVE_FACE('',(#11778));
#11780=POLY_LOOP('',(#9856,#11252,#9854));
#11781=FACE_OUTER_BOUND('',#11780,.T.);
#11782=FACETED_PRIMITIVE_FACE('',(#11781));
#11783=POLY_LOOP('',(#9888,#11252,#9856));
#11784=FACE_OUTER_BOUND('',#11783,.T.);
#11785=FACETED_PRIMITIVE_FACE('',(#11784));
#11786=POLY_LOOP('',(#11412,#11382,#11378));
#11787=FACE_OUTER_BOUND('',#11786,.T.);
#11788=FACETED_PRIMITIVE_FACE('',(#11787));
#11789=POLY_LOOP('',(#9884,#11252,#9888));
#11790=FACE_OUTER_BOUND('',#11789,.T.);
#11791=FACETED_PRIMITIVE_FACE('',(#11790));
#11792=POLY_LOOP('',(#11416,#11412,#11378));
#11793=FACE_OUTER_BOUND('',#11792,.T.);
#11794=FACETED_PRIMITIVE_FACE('',(#11793));
#11795=POLY_LOOP('',(#11420,#11378,#11374));
#11796=FACE_OUTER_BOUND('',#11795,.T.);
#11797=FACETED_PRIMITIVE_FACE('',(#11796));
#11798=POLY_LOOP('',(#11420,#11416,#11378));
#11799=FACE_OUTER_BOUND('',#11798,.T.);
#11800=FACETED_PRIMITIVE_FACE('',(#11799));
#11801=POLY_LOOP('',(#9880,#11252,#9884));
#11802=FACE_OUTER_BOUND('',#11801,.T.);
#11803=FACETED_PRIMITIVE_FACE('',(#11802));
#11804=POLY_LOOP('',(#11431,#11374,#11370));
#11805=FACE_OUTER_BOUND('',#11804,.T.);
#11806=FACETED_PRIMITIVE_FACE('',(#11805));
#11807=POLY_LOOP('',(#11431,#11420,#11374));
#11808=FACE_OUTER_BOUND('',#11807,.T.);
#11809=FACETED_PRIMITIVE_FACE('',(#11808));
#11810=POLY_LOOP('',(#11435,#11370,#11346));
#11811=FACE_OUTER_BOUND('',#11810,.T.);
#11812=FACETED_PRIMITIVE_FACE('',(#11811));
#11813=POLY_LOOP('',(#11435,#11431,#11370));
#11814=FACE_OUTER_BOUND('',#11813,.T.);
#11815=FACETED_PRIMITIVE_FACE('',(#11814));
#11816=POLY_LOOP('',(#9872,#11252,#9880));
#11817=FACE_OUTER_BOUND('',#11816,.T.);
#11818=FACETED_PRIMITIVE_FACE('',(#11817));
#11819=POLY_LOOP('',(#11439,#11435,#11346));
#11820=FACE_OUTER_BOUND('',#11819,.T.);
#11821=FACETED_PRIMITIVE_FACE('',(#11820));
#11822=POLY_LOOP('',(#11443,#11346,#11342));
#11823=FACE_OUTER_BOUND('',#11822,.T.);
#11824=FACETED_PRIMITIVE_FACE('',(#11823));
#11825=POLY_LOOP('',(#11443,#11439,#11346));
#11826=FACE_OUTER_BOUND('',#11825,.T.);
#11827=FACETED_PRIMITIVE_FACE('',(#11826));
#11828=POLY_LOOP('',(#9873,#11252,#9872));
#11829=FACE_OUTER_BOUND('',#11828,.T.);
#11830=FACETED_PRIMITIVE_FACE('',(#11829));
#11831=POLY_LOOP('',(#11473,#11443,#11342));
#11832=FACE_OUTER_BOUND('',#11831,.T.);
#11833=FACETED_PRIMITIVE_FACE('',(#11832));
#11834=POLY_LOOP('',(#11517,#11300,#11252));
#11835=FACE_OUTER_BOUND('',#11834,.T.);
#11836=FACETED_PRIMITIVE_FACE('',(#11835));
#11837=POLY_LOOP('',(#11517,#11252,#9873));
#11838=FACE_OUTER_BOUND('',#11837,.T.);
#11839=FACETED_PRIMITIVE_FACE('',(#11838));
#11840=POLY_LOOP('',(#11477,#11342,#11304));
#11841=FACE_OUTER_BOUND('',#11840,.T.);
#11842=FACETED_PRIMITIVE_FACE('',(#11841));
#11843=POLY_LOOP('',(#11477,#11473,#11342));
#11844=FACE_OUTER_BOUND('',#11843,.T.);
#11845=FACETED_PRIMITIVE_FACE('',(#11844));
#11846=POLY_LOOP('',(#11513,#11300,#11517));
#11847=FACE_OUTER_BOUND('',#11846,.T.);
#11848=FACETED_PRIMITIVE_FACE('',(#11847));
#11849=POLY_LOOP('',(#11481,#11477,#11304));
#11850=FACE_OUTER_BOUND('',#11849,.T.);
#11851=FACETED_PRIMITIVE_FACE('',(#11850));
#11852=POLY_LOOP('',(#11506,#11300,#11513));
#11853=FACE_OUTER_BOUND('',#11852,.T.);
#11854=FACETED_PRIMITIVE_FACE('',(#11853));
#11855=POLY_LOOP('',(#11485,#11304,#11300));
#11856=FACE_OUTER_BOUND('',#11855,.T.);
#11857=FACETED_PRIMITIVE_FACE('',(#11856));
#11858=POLY_LOOP('',(#11485,#11300,#11506));
#11859=FACE_OUTER_BOUND('',#11858,.T.);
#11860=FACETED_PRIMITIVE_FACE('',(#11859));
#11861=POLY_LOOP('',(#11485,#11481,#11304));
#11862=FACE_OUTER_BOUND('',#11861,.T.);
#11863=FACETED_PRIMITIVE_FACE('',(#11862));
#Microsoft.PowerShell=CLOSED_SHELL('',(#25,#29,#35,#39,#45,#50,#53,#56,#59,#64,#70,#74,#78,#81,#84,#87,#90,#95,#98,#101,#106,#109,#115,#119,#124,#128,#131,#137,#140,#143,#147,#152,#155,#158,#161,#167,#170,#174,#177,#182,#186,#189,#192,#195,#198,#201,#204,#207,#210,#213,#216,#219,#222,#225,#228,#231,#234,#237,#240,#243,#246,#249,#252,#255,#258,#261,#264,#267,#270,#273,#276,#279,#282,#285,#288,#291,#294,#297,#300,#303,#306,#309,#312,#315,#321,#326,#329,#334,#337,#342,#345,#349,#353,#357,#362,#365,#370,#373,#378,#381,#387,#390,#393,#397,#401,#406,#409,#415,#419,#423,#427,#431,#435,#439,#444,#448,#451,#455,#459,#463,#468,#471,#476,#479,#482,#485,#489,#493,#497,#501,#507,#511,#515,#519,#523,#529,#533,#536,#539,#543,#547,#551,#555,#559,#563,#567,#571,#575,#578,#581,#586,#590,#593,#597,#600,#604,#607,#611,#615,#619,#623,#626,#629,#632,#636,#639,#643,#647,#651,#655,#659,#662,#665,#669,#672,#676,#679,#682,#686,#690,#694,#698,#702,#705,#709,#712,#715,#719,#723,#727,#731,#734,#737,#741,#744,#747,#751,#754,#757,#760,#764,#768,#772,#776,#780,#784,#788,#792,#796,#800,#803,#806,#810,#813,#817,#820,#824,#827,#831,#834,#837,#840,#844,#847,#850,#854,#857,#861,#864,#868,#872,#875,#879,#882,#886,#890,#893,#897,#901,#904,#908,#911,#914,#918,#921,#924,#928,#931,#934,#938,#941,#945,#948,#951,#955,#958,#962,#966,#969,#973,#977,#980,#984,#988,#991,#994,#998,#1002,#1005,#1008,#1012,#1015,#1019,#1022,#1026,#1029,#1033,#1036,#1040,#1043,#1046,#1050,#1053,#1056,#1060,#1064,#1068,#1071,#1075,#1078,#1082,#1086,#1089,#1093,#1096,#1100,#1103,#1107,#1110,#1114,#1117,#1121,#1124,#1128,#1131,#1135,#1139,#1142,#1146,#1152,#1156,#1159,#1162,#1165,#1169,#1172,#1176,#1179,#1183,#1186,#1189,#1193,#1197,#1201,#1204,#1207,#1211,#1214,#1217,#1221,#1225,#1229,#1232,#1236,#1239,#1242,#1246,#1250,#1254,#1257,#1260,#1264,#1267,#1271,#1275,#1279,#1283,#1286,#1289,#1293,#1296,#1300,#1304,#1307,#1311,#1314,#1318,#1321,#1325,#1329,#1332,#1335,#1339,#1343,#1346,#1349,#1353,#1357,#1361,#1364,#1368,#1372,#1375,#1379,#1383,#1386,#1390,#1393,#1396,#1400,#1404,#1407,#1410,#1414,#1419,#1422,#1425,#1428,#1431,#1435,#1438,#1441,#1445,#1449,#1453,#1457,#1460,#1464,#1467,#1471,#1476,#1479,#1482,#1485,#1488,#1493,#1497,#1501,#1504,#1507,#1510,#1513,#1518,#1521,#1525,#1528,#1532,#1535,#1539,#1542,#1545,#1549,#1552,#1556,#1559,#1563,#1566,#1570,#1573,#1576,#1580,#1584,#1587,#1590,#1594,#1598,#1601,#1605,#1608,#1611,#1615,#1618,#1622,#1625,#1629,#1632,#1636,#1639,#1643,#1646,#1650,#1653,#1657,#1660,#1664,#1668,#1671,#1675,#1678,#1682,#1686,#1689,#1693,#1696,#1700,#1703,#1707,#1710,#1715,#1718,#1723,#1726,#1730,#1733,#1736,#1740,#1744,#1747,#1751,#1754,#1757,#1761,#1765,#1768,#1772,#1775,#1778,#1782,#1786,#1789,#1792,#1796,#1800,#1803,#1807,#1810,#1814,#1817,#1820,#1824,#1828,#1831,#1834,#1838,#1842,#1845,#1849,#1852,#1855,#1859,#1862,#1865,#1869,#1872,#1876,#1879,#1883,#1886,#1890,#1893,#1897,#1900,#1903,#1907,#1910,#1914,#1917,#1920,#1924,#1927,#1931,#1934,#1938,#1941,#1945,#1948,#1952,#1955,#1959,#1962,#1966,#1969,#1973,#1976,#1981,#1985,#1988,#1992,#1996,#1999,#2002,#2006,#2009,#2013,#2016,#2020,#2023,#2027,#2031,#2034,#2038,#2041,#2045,#2048,#2052,#2055,#2059,#2062,#2066,#2069,#2073,#2076,#2080,#2083,#2087,#2090,#2094,#2097,#2101,#2104,#2108,#2111,#2115,#2118,#2122,#2126,#2129,#2133,#2136,#2139,#2142,#2146,#2149,#2154,#2157,#2161,#2164,#2167,#2170,#2174,#2178,#2181,#2185,#2189,#2192,#2195,#2199,#2202,#2205,#2208,#2212,#2215,#2218,#2222,#2227,#2230,#2233,#2236,#2240,#2243,#2248,#2251,#2254,#2257,#2261,#2264,#2269,#2272,#2275,#2278,#2283,#2286,#2289,#2292,#2296,#2299,#2302,#2306,#2309,#2314,#2317,#2320,#2325,#2328,#2331,#2334,#2338,#2341,#2346,#2349,#2352,#2355,#2358,#2361,#2365,#2369,#2372,#2376,#2379,#2383,#2386,#2389,#2393,#2396,#2400,#2403,#2407,#2410,#2414,#2417,#2421,#2424,#2427,#2431,#2435,#2438,#2441,#2445,#2448,#2452,#2456,#2459,#2463,#2466,#2470,#2473,#2476,#2480,#2483,#2487,#2491,#2494,#2498,#2501,#2504,#2507,#2510,#2513,#2516,#2519,#2523,#2526,#2529,#2532,#2535,#2539,#2543,#2546,#2549,#2552,#2555,#2559,#2562,#2565,#2569,#2572,#2575,#2579,#2582,#2585,#2589,#2592,#2595,#2599,#2602,#2605,#2609,#2613,#2616,#2619,#2623,#2626,#2629,#2633,#2636,#2640,#2643,#2647,#2650,#2653,#2657,#2660,#2664,#2667,#2670,#2673,#2677,#2680,#2684,#2687,#2690,#2694,#2698,#2701,#2704,#2708,#2711,#2715,#2718,#2721,#2725,#2728,#2731,#2735,#2738,#2741,#2745,#2749,#2752,#2756,#2759,#2762,#2766,#2769,#2773,#2777,#2780,#2784,#2787,#2791,#2795,#2799,#2802,#2805,#2809,#2812,#2816,#2819,#2822,#2826,#2829,#2833,#2836,#2840,#2843,#2847,#2850,#2854,#2857,#2861,#2864,#2868,#2871,#2875,#2879,#2883,#2886,#2889,#2893,#2896,#2899,#2903,#2906,#2909,#2912,#2916,#2919,#2922,#2926,#2929,#2932,#2936,#2939,#2943,#2947,#2951,#2955,#2958,#2962,#2965,#2969,#2973,#2976,#2980,#2983,#2987,#2990,#2993,#2997,#3000,#3004,#3007,#3011,#3015,#3018,#3022,#3025,#3029,#3032,#3036,#3039,#3043,#3046,#3050,#3054,#3057,#3061,#3064,#3067,#3071,#3074,#3078,#3081,#3085,#3088,#3092,#3095,#3099,#3102,#3106,#3110,#3113,#3117,#3120,#3124,#3128,#3132,#3135,#3138,#3142,#3145,#3148,#3151,#3154,#3158,#3161,#3165,#3168,#3171,#3175,#3178,#3182,#3185,#3188,#3191,#3194,#3198,#3201,#3205,#3209,#3213,#3217,#3220,#3223,#3227,#3230,#3233,#3236,#3239,#3243,#3246,#3249,#3253,#3256,#3260,#3263,#3266,#3269,#3272,#3275,#3279,#3283,#3286,#3289,#3293,#3297,#3301,#3304,#3307,#3310,#3314,#3317,#3320,#3324,#3327,#3330,#3333,#3336,#3339,#3343,#3346,#3350,#3354,#3358,#3361,#3364,#3368,#3371,#3374,#3378,#3382,#3385,#3388,#3392,#3395,#3398,#3401,#3404,#3407,#3411,#3414,#3417,#3420,#3423,#3426,#3429,#3432,#3436,#3439,#3443,#3447,#3450,#3453,#3456,#3459,#3463,#3466,#3469,#3472,#3475,#3478,#3481,#3484,#3487,#3490,#3493,#3496,#3499,#3502,#3505,#3508,#3511,#3514,#3517,#3520,#3523,#3526,#3529,#3532,#3535,#3538,#3541,#3544,#3547,#3550,#3553,#3556,#3559,#3562,#3565,#3568,#3571,#3574,#3577,#3580,#3583,#3586,#3589,#3592,#3595,#3598,#3601,#3604,#3607,#3610,#3613,#3616,#3619,#3622,#3625,#3628,#3631,#3634,#3637,#3640,#3643,#3646,#3649,#3652,#3655,#3658,#3661,#3664,#3667,#3670,#3673,#3676,#3679,#3682,#3685,#3688,#3691,#3694,#3697,#3700,#3703,#3706,#3709,#3712,#3715,#3718,#3721,#3724,#3727,#3730,#3733,#3737,#3741,#3745,#3749,#3754,#3758,#3762,#3765,#3769,#3773,#3777,#3780,#3783,#3787,#3791,#3795,#3799,#3803,#3807,#3811,#3815,#3819,#3822,#3825,#3828,#3832,#3837,#3841,#3844,#3848,#3851,#3855,#3858,#3861,#3865,#3869,#3873,#3877,#3880,#3884,#3887,#3891,#3895,#3899,#3903,#3906,#3910,#3913,#3916,#3919,#3923,#3926,#3931,#3935,#3938,#3942,#3945,#3949,#3952,#3956,#3959,#3962,#3966,#3970,#3974,#3978,#3982,#3985,#3988,#3992,#3995,#3999,#4003,#4007,#4011,#4015,#4018,#4022,#4025,#4028,#4032,#4035,#4039,#4042,#4046,#4049,#4052,#4055,#4058,#4062,#4065,#4069,#4072,#4075,#4078,#4082,#4086,#4089,#4093,#4096,#4100,#4104,#4107,#4111,#4114,#4117,#4121,#4124,#4128,#4131,#4134,#4137,#4140,#4144,#4147,#4151,#4154,#4157,#4161,#4164,#4168,#4172,#4175,#4179,#4182,#4186,#4189,#4193,#4196,#4200,#4203,#4206,#4210,#4213,#4216,#4219,#4222,#4226,#4229,#4232,#4236,#4239,#4242,#4246,#4249,#4253,#4256,#4259,#4263,#4266,#4270,#4273,#4277,#4281,#4284,#4288,#4292,#4295,#4298,#4301,#4305,#4308,#4312,#4315,#4319,#4322,#4326,#4329,#4333,#4336,#4340,#4343,#4347,#4350,#4353,#4357,#4360,#4363,#4367,#4370,#4374,#4377,#4380,#4383,#4386,#4391,#4395,#4399,#4402,#4405,#4409,#4413,#4417,#4420,#4424,#4428,#4432,#4435,#4438,#4442,#4445,#4449,#4452,#4455,#4459,#4462,#4465,#4468,#4471,#4475,#4478,#4482,#4486,#4489,#4493,#4496,#4499,#4503,#4506,#4510,#4514,#4518,#4521,#4524,#4528,#4532,#4535,#4538,#4541,#4545,#4549,#4553,#4556,#4559,#4563,#4566,#4569,#4573,#4576,#4579,#4583,#4587,#4590,#4594,#4597,#4600,#4603,#4607,#4611,#4614,#4618,#4621,#4624,#4627,#4631,#4634,#4637,#4641,#4644,#4649,#4652,#4655,#4658,#4662,#4666,#4670,#4674,#4677,#4681,#4684,#4687,#4691,#4694,#4697,#4701,#4705,#4708,#4711,#4714,#4719,#4723,#4727,#4730,#4733,#4736,#4739,#4744,#4747,#4751,#4754,#4758,#4761,#4765,#4768,#4772,#4775,#4778,#4782,#4785,#4789,#4792,#4795,#4799,#4802,#4806,#4810,#4813,#4817,#4820,#4823,#4827,#4830,#4834,#4838,#4841,#4845,#4848,#4851,#4855,#4859,#4862,#4866,#4869,#4872,#4876,#4879,#4883,#4886,#4890,#4893,#4897,#4901,#4904,#4908,#4911,#4915,#4919,#4922,#4926,#4929,#4933,#4936,#4940,#4943,#4948,#4951,#4955,#4958,#4962,#4965,#4968,#4972,#4976,#4979,#4983,#4986,#4990,#4993,#4997,#5000,#5003,#5007,#5011,#5014,#5017,#5021,#5025,#5028,#5032,#5035,#5038,#5042,#5046,#5049,#5053,#5056,#5060,#5063,#5067,#5070,#5074,#5077,#5081,#5084,#5087,#5090,#5095,#5098,#5101,#5105,#5108,#5112,#5115,#5119,#5122,#5125,#5129,#5132,#5135,#5139,#5142,#5146,#5149,#5152,#5156,#5159,#5163,#5166,#5170,#5173,#5177,#5180,#5184,#5187,#5191,#5194,#5198,#5202,#5205,#5209,#5212,#5216,#5219,#5223,#5226,#5230,#5233,#5237,#5240,#5244,#5248,#5251,#5255,#5258,#5262,#5265,#5269,#5272,#5276,#5280,#5283,#5287,#5290,#5293,#5296,#5299,#5302,#5305,#5308,#5311,#5314,#5317,#5320,#5323,#5326,#5329,#5332,#5335,#5338,#5341,#5344,#5347,#5350,#5353,#5356,#5359,#5362,#5365,#5368,#5371,#5374,#5377,#5380,#5383,#5386,#5389,#5392,#5395,#5398,#5401,#5404,#5407,#5410,#5413,#5416,#5419,#5422,#5426,#5430,#5433,#5438,#5441,#5444,#5447,#5451,#5454,#5458,#5461,#5465,#5468,#5473,#5476,#5479,#5482,#5487,#5490,#5493,#5496,#5500,#5503,#5506,#5511,#5514,#5517,#5520,#5524,#5528,#5531,#5534,#5538,#5542,#5545,#5549,#5552,#5556,#5559,#5562,#5565,#5569,#5573,#5576,#5580,#5583,#5587,#5590,#5593,#5597,#5600,#5604,#5607,#5611,#5614,#5618,#5621,#5625,#5628,#5631,#5635,#5639,#5642,#5645,#5649,#5652,#5656,#5660,#5663,#5667,#5670,#5674,#5677,#5680,#5684,#5687,#5691,#5695,#5698,#5702,#5705,#5708,#5711,#5714,#5717,#5720,#5723,#5727,#5730,#5733,#5736,#5739,#5742,#5745,#5748,#5751,#5754,#5758,#5762,#5765,#5768,#5771,#5774,#5778,#5781,#5784,#5787,#5790,#5794,#5797,#5800,#5804,#5807,#5810,#5814,#5817,#5820,#5824,#5827,#5831,#5834,#5837,#5841,#5844,#5847,#5851,#5854,#5858,#5861,#5864,#5868,#5871,#5875,#5878,#5882,#5885,#5888,#5892,#5895,#5898,#5901,#5905,#5908,#5912,#5915,#5918,#5922,#5925,#5928,#5932,#5936,#5939,#5943,#5946,#5950,#5953,#5956,#5959,#5963,#5966,#5969,#5973,#5976,#5979,#5983,#5986,#5990,#5994,#5998,#6001,#6004,#6008,#6011,#6015,#6018,#6022,#6025,#6028,#6032,#6035,#6039,#6042,#6045,#6049,#6053,#6057,#6060,#6063,#6067,#6070,#6074,#6077,#6081,#6084,#6087,#6091,#6094,#6098,#6102,#6106,#6109,#6112,#6116,#6119,#6123,#6127,#6130,#6133,#6137,#6141,#6145,#6148,#6151,#6155,#6158,#6161,#6165,#6168,#6172,#6175,#6178,#6182,#6185,#6189,#6192,#6196,#6199,#6202,#6206,#6210,#6213,#6217,#6220,#6224,#6228,#6232,#6235,#6238,#6242,#6246,#6249,#6253,#6256,#6260,#6263,#6267,#6271,#6274,#6277,#6280,#6283,#6287,#6290,#6293,#6297,#6300,#6304,#6307,#6311,#6315,#6318,#6322,#6325,#6328,#6332,#6335,#6339,#6342,#6345,#6348,#6351,#6355,#6359,#6362,#6366,#6370,#6373,#6377,#6380,#6383,#6386,#6389,#6393,#6397,#6401,#6404,#6407,#6411,#6414,#6417,#6421,#6424,#6427,#6431,#6434,#6438,#6441,#6444,#6447,#6450,#6453,#6457,#6461,#6465,#6469,#6473,#6476,#6479,#6483,#6486,#6489,#6492,#6496,#6499,#6503,#6506,#6510,#6513,#6516,#6519,#6522,#6526,#6529,#6532,#6536,#6539,#6543,#6547,#6550,#6554,#6557,#6560,#6563,#6566,#6569,#6573,#6576,#6580,#6583,#6586,#6589,#6593,#6596,#6600,#6604,#6608,#6611,#6614,#6617,#6620,#6623,#6627,#6630,#6634,#6637,#6640,#6643,#6646,#6649,#6652,#6655,#6658,#6661,#6664,#6667,#6670,#6673,#6676,#6679,#6682,#6685,#6688,#6691,#6694,#6697,#6700,#6703,#6706,#6709,#6712,#6715,#6718,#6721,#6724,#6727,#6730,#6733,#6736,#6739,#6742,#6745,#6748,#6751,#6754,#6757,#6760,#6763,#6766,#6769,#6772,#6775,#6778,#6781,#6784,#6787,#6790,#6793,#6796,#6799,#6802,#6805,#6808,#6811,#6814,#6817,#6820,#6823,#6826,#6829,#6832,#6835,#6838,#6841,#6844,#6847,#6850,#6853,#6856,#6859,#6862,#6865,#6868,#6871,#6874,#6877,#6880,#6883,#6886,#6889,#6892,#6895,#6899,#6903,#6907,#6911,#6916,#6920,#6924,#6927,#6931,#6935,#6939,#6943,#6947,#6950,#6955,#6958,#6962,#6966,#6970,#6973,#6977,#6980,#6983,#6987,#6991,#6995,#6999,#7003,#7007,#7010,#7013,#7017,#7021,#7025,#7029,#7032,#7035,#7039,#7043,#7047,#7051,#7054,#7057,#7061,#7064,#7068,#7072,#7076,#7080,#7083,#7087,#7091,#7095,#7099,#7103,#7106,#7109,#7113,#7116,#7120,#7123,#7127,#7131,#7135,#7139,#7142,#7145,#7149,#7152,#7156,#7159,#7162,#7166,#7169,#7172,#7177,#7181,#7184,#7188,#7192,#7195,#7199,#7203,#7206,#7209,#7214,#7218,#7221,#7225,#7228,#7231,#7235,#7238,#7242,#7245,#7248,#7252,#7255,#7258,#7262,#7265,#7269,#7272,#7275,#7278,#7281,#7285,#7288,#7292,#7295,#7298,#7302,#7305,#7309,#7313,#7317,#7320,#7324,#7327,#7330,#7334,#7338,#7341,#7345,#7348,#7351,#7354,#7357,#7361,#7364,#7368,#7372,#7375,#7379,#7382,#7386,#7389,#7393,#7396,#7399,#7403,#7406,#7409,#7412,#7416,#7419,#7422,#7426,#7429,#7432,#7436,#7439,#7442,#7445,#7448,#7452,#7455,#7458,#7462,#7466,#7470,#7473,#7477,#7481,#7484,#7488,#7491,#7494,#7498,#7501,#7505,#7508,#7512,#7515,#7519,#7522,#7525,#7528,#7532,#7535,#7538,#7542,#7547,#7550,#7554,#7557,#7560,#7564,#7567,#7571,#7574,#7577,#7581,#7585,#7588,#7593,#7596,#7600,#7603,#7606,#7610,#7613,#7616,#7619,#7622,#7626,#7630,#7633,#7637,#7640,#7643,#7648,#7652,#7655,#7658,#7661,#7665,#7668,#7672,#7675,#7678,#7682,#7685,#7688,#7691,#7695,#7699,#7703,#7706,#7709,#7713,#7716,#7720,#7724,#7727,#7731,#7735,#7738,#7741,#7745,#7748,#7752,#7755,#7758,#7761,#7764,#7768,#7771,#7774,#7778,#7782,#7786,#7789,#7792,#7796,#7799,#7803,#7807,#7810,#7814,#7817,#7820,#7823,#7827,#7831,#7834,#7837,#7841,#7844,#7847,#7850,#7853,#7856,#7859,#7864,#7867,#7871,#7874,#7878,#7881,#7884,#7888,#7892,#7895,#7898,#7902,#7905,#7909,#7912,#7915,#7919,#7922,#7926,#7929,#7933,#7936,#7939,#7943,#7946,#7950,#7953,#7957,#7960,#7964,#7967,#7971,#7974,#7977,#7980,#7984,#7987,#7991,#7994,#7998,#8001,#8005,#8009,#8012,#8016,#8019,#8023,#8027,#8030,#8034,#8037,#8041,#8044,#8048,#8051,#8054,#8057,#8060,#8063,#8066,#8069,#8072,#8075,#8078,#8081,#8084,#8087,#8090,#8093,#8096,#8099,#8102,#8105,#8108,#8111,#8114,#8117,#8120,#8123,#8126,#8129,#8132,#8135,#8138,#8141,#8144,#8147,#8150,#8153,#8156,#8159,#8162,#8165,#8168,#8171,#8174,#8177,#8180,#8183,#8187,#8190,#8194,#8197,#8200,#8204,#8207,#8211,#8214,#8217,#8221,#8224,#8228,#8231,#8234,#8238,#8241,#8245,#8248,#8252,#8255,#8259,#8262,#8266,#8269,#8273,#8276,#8280,#8283,#8287,#8290,#8294,#8297,#8300,#8304,#8307,#8311,#8314,#8318,#8321,#8325,#8329,#8332,#8335,#8339,#8343,#8346,#8350,#8353,#8357,#8360,#8364,#8367,#8371,#8375,#8378,#8381,#8384,#8387,#8390,#8393,#8396,#8399,#8402,#8405,#8408,#8411,#8414,#8417,#8420,#8423,#8426,#8429,#8432,#8435,#8438,#8441,#8444,#8447,#8450,#8453,#8456,#8459,#8462,#8465,#8468,#8471,#8474,#8477,#8480,#8483,#8486,#8489,#8492,#8495,#8498,#8501,#8504,#8507,#8510,#8513,#8516,#8519,#8522,#8525,#8528,#8531,#8534,#8537,#8540,#8543,#8546,#8549,#8552,#8555,#8558,#8561,#8564,#8567,#8570,#8573,#8576,#8579,#8582,#8585,#8588,#8591,#8594,#8597,#8600,#8603,#8606,#8609,#8612,#8615,#8618,#8621,#8624,#8627,#8630,#8633,#8637,#8641,#8644,#8648,#8651,#8655,#8658,#8661,#8665,#8668,#8672,#8675,#8679,#8682,#8686,#8689,#8693,#8696,#8699,#8703,#8707,#8710,#8713,#8717,#8720,#8724,#8728,#8731,#8735,#8738,#8742,#8745,#8748,#8752,#8755,#8759,#8763,#8766,#8770,#8773,#8776,#8779,#8782,#8785,#8788,#8791,#8795,#8798,#8801,#8804,#8807,#8810,#8813,#8816,#8819,#8823,#8827,#8830,#8833,#8836,#8840,#8843,#8846,#8849,#8852,#8856,#8859,#8862,#8866,#8869,#8872,#8876,#8879,#8882,#8886,#8889,#8892,#8896,#8899,#8902,#8906,#8909,#8912,#8916,#8920,#8923,#8926,#8930,#8933,#8937,#8940,#8944,#8947,#8950,#8954,#8957,#8960,#8963,#8967,#8970,#8974,#8977,#8981,#8984,#8987,#8991,#8994,#8998,#9001,#9004,#9008,#9011,#9015,#9018,#9021,#9025,#9028,#9031,#9035,#9039,#9042,#9046,#9049,#9052,#9056,#9059,#9063,#9066,#9069,#9073,#9076,#9080,#9084,#9087,#9090,#9094,#9098,#9101,#9105,#9109,#9112,#9116,#9119,#9123,#9126,#9129,#9133,#9136,#9140,#9143,#9147,#9150,#9154,#9157,#9161,#9165,#9168,#9171,#9174,#9178,#9181,#9185,#9188,#9192,#9195,#9199,#9203,#9206,#9210,#9213,#9216,#9220,#9223,#9227,#9231,#9234,#9238,#9241,#9245,#9248,#9252,#9255,#9258,#9261,#9265,#9268,#9271,#9275,#9278,#9282,#9285,#9289,#9293,#9296,#9300,#9303,#9306,#9310,#9314,#9318,#9322,#9325,#9329,#9333,#9336,#9339,#9342,#9345,#9349,#9352,#9356,#9359,#9362,#9366,#9369,#9372,#9376,#9380,#9384,#9387,#9391,#9394,#9397,#9401,#9404,#9407,#9410,#9413,#9417,#9420,#9424,#9428,#9431,#9435,#9439,#9442,#9445,#9448,#9451,#9454,#9458,#9461,#9465,#9469,#9472,#9476,#9479,#9483,#9486,#9490,#9493,#9496,#9500,#9503,#9506,#9509,#9512,#9516,#9519,#9522,#9526,#9529,#9532,#9536,#9540,#9544,#9547,#9551,#9554,#9557,#9560,#9564,#9568,#9572,#9575,#9578,#9581,#9584,#9588,#9591,#9595,#9598,#9602,#9606,#9609,#9613,#9616,#9619,#9622,#9625,#9629,#9632,#9636,#9639,#9642,#9645,#9648,#9652,#9655,#9659,#9663,#9666,#9670,#9673,#9676,#9679,#9682,#9685,#9689,#9692,#9695,#9699,#9702,#9705,#9708,#9711,#9714,#9717,#9720,#9723,#9726,#9729,#9732,#9735,#9738,#9741,#9744,#9747,#9750,#9753,#9756,#9759,#9762,#9765,#9768,#9771,#9774,#9777,#9780,#9783,#9786,#9789,#9792,#9795,#9798,#9801,#9804,#9807,#9810,#9813,#9816,#9819,#9822,#9825,#9828,#9831,#9837,#9841,#9846,#9850,#9853,#9859,#9863,#9868,#9871,#9876,#9879,#9883,#9887,#9891,#9894,#9900,#9904,#9908,#9911,#9914,#9919,#9923,#9927,#9930,#9935,#9939,#9942,#9947,#9951,#9954,#9959,#9963,#9967,#9970,#9974,#9977,#9982,#9986,#9990,#9994,#9997,#10002,#10006,#10010,#10014,#10018,#10021,#10026,#10030,#10033,#10037,#10040,#10045,#10049,#10053,#10056,#10060,#10063,#10067,#10070,#10073,#10077,#10080,#10083,#10087,#10091,#10095,#10098,#10103,#10107,#10110,#10114,#10119,#10123,#10126,#10130,#10133,#10137,#10140,#10144,#10147,#10151,#10155,#10158,#10161,#10165,#10169,#10172,#10177,#10181,#10184,#10187,#10191,#10194,#10198,#10201,#10205,#10209,#10213,#10217,#10221,#10224,#10227,#10231,#10235,#10238,#10242,#10247,#10251,#10254,#10258,#10261,#10265,#10268,#10273,#10277,#10280,#10284,#10287,#10292,#10296,#10300,#10304,#10307,#10311,#10314,#10318,#10321,#10324,#10328,#10331,#10336,#10340,#10344,#10347,#10351,#10354,#10359,#10363,#10367,#10371,#10374,#10378,#10381,#10384,#10388,#10391,#10394,#10398,#10401,#10405,#10409,#10412,#10416,#10420,#10424,#10428,#10432,#10436,#10439,#10442,#10447,#10451,#10454,#10458,#10461,#10465,#10468,#10472,#10475,#10478,#10482,#10486,#10490,#10493,#10497,#10501,#10504,#10508,#10512,#10516,#10520,#10524,#10528,#10531,#10535,#10539,#10542,#10546,#10549,#10553,#10556,#10560,#10563,#10567,#10570,#10575,#10579,#10582,#10586,#10589,#10592,#10596,#10599,#10602,#10606,#10609,#10613,#10617,#10620,#10623,#10626,#10629,#10633,#10636,#10640,#10643,#10646,#10650,#10654,#10658,#10661,#10665,#10668,#10672,#10675,#10679,#10682,#10685,#10689,#10692,#10695,#10699,#10702,#10706,#10710,#10713,#10717,#10720,#10725,#10728,#10732,#10735,#10738,#10742,#10745,#10749,#10752,#10756,#10759,#10763,#10766,#10769,#10772,#10775,#10779,#10782,#10786,#10790,#10793,#10797,#10800,#10804,#10807,#10810,#10814,#10817,#10821,#10824,#10827,#10831,#10835,#10839,#10842,#10846,#10849,#10853,#10856,#10860,#10864,#10867,#10870,#10874,#10878,#10881,#10886,#10890,#10893,#10896,#10900,#10903,#10907,#10911,#10914,#10917,#10920,#10923,#10927,#10930,#10934,#10937,#10941,#10944,#10948,#10951,#10955,#10959,#10963,#10966,#10970,#10973,#10977,#10980,#10984,#10987,#10991,#10994,#10998,#11002,#11006,#11010,#11013,#11017,#11020,#11023,#11027,#11030,#11033,#11037,#11040,#11043,#11048,#11052,#11056,#11060,#11064,#11067,#11070,#11073,#11077,#11080,#11084,#11088,#11091,#11094,#11097,#11100,#11104,#11107,#11110,#11114,#11118,#11122,#11126,#11129,#11132,#11136,#11140,#11143,#11146,#11150,#11154,#11157,#11160,#11164,#11169,#11172,#11175,#11178,#11182,#11186,#11189,#11194,#11197,#11200,#11203,#11206,#11210,#11213,#11216,#11219,#11222,#11226,#11230,#11233,#11236,#11240,#11244,#11247,#11251,#11255,#11258,#11262,#11265,#11269,#11272,#11276,#11279,#11283,#11286,#11289,#11292,#11295,#11299,#11303,#11307,#11310,#11313,#11317,#11320,#11323,#11327,#11331,#11334,#11338,#11341,#11345,#11349,#11352,#11356,#11359,#11363,#11366,#11369,#11373,#11377,#11381,#11385,#11389,#11392,#11395,#11398,#11401,#11405,#11408,#11411,#11415,#11419,#11423,#11427,#11430,#11434,#11438,#11442,#11446,#11449,#11453,#11456,#11459,#11463,#11466,#11469,#11472,#11476,#11480,#11484,#11488,#11492,#11495,#11498,#11501,#11505,#11509,#11512,#11516,#11520,#11523,#11527,#11530,#11533,#11536,#11539,#11542,#11545,#11548,#11551,#11554,#11557,#11560,#11563,#11566,#11569,#11572,#11575,#11578,#11581,#11584,#11587,#11590,#11593,#11596,#11599,#11602,#11605,#11608,#11611,#11614,#11617,#11620,#11623,#11626,#11629,#11632,#11635,#11638,#11641,#11644,#11647,#11650,#11653,#11656,#11659,#11662,#11665,#11668,#11671,#11674,#11677,#11680,#11683,#11686,#11689,#11692,#11695,#11698,#11701,#11704,#11707,#11710,#11713,#11716,#11719,#11722,#11725,#11728,#11731,#11734,#11737,#11740,#11743,#11746,#11749,#11752,#11755,#11758,#11761,#11764,#11767,#11770,#11773,#11776,#11779,#11782,#11785,#11788,#11791,#11794,#11797,#11800,#11803,#11806,#11809,#11812,#11815,#11818,#11821,#11824,#11827,#11830,#11833,#11836,#11839,#11842,#11845,#11848,#11851,#11854,#11857,#11860,#11863));
#11865=FACETED_BREP('iter_like',#Microsoft.PowerShell);
#11866=SHAPE_REPRESENTATION('iter_like',(#11865,#11),#12);
#11867=SHAPE_DEFINITION_REPRESENTATION(#7,#11866);
ENDSEC;
END-ISO-10303-21;