ISO-10303-21;
HEADER;
FILE_DESCRIPTION(('sparc_like CAD Model','STEP AP203'),'2;1');
FILE_NAME('sparc_like.step','2026-09-16T12:00:00',('Antigravity'),('Tokamak Federation'),'Tokamak STEP Generator','CAD','');
FILE_SCHEMA(('CONFIG_CONTROL_DESIGN'));
ENDSEC;
DATA;
#1=APPLICATION_CONTEXT('configuration controlled 3D design of mechanical parts and assemblies');
#2=APPLICATION_PROTOCOL_DEFINITION('international standard','config_control_design',1994,#1);
#3=PRODUCT_CONTEXT('',#1,'mechanical');
#4=PRODUCT('sparc_like','sparc_like','',(#3));
#5=PRODUCT_DEFINITION_FORMATION('','',#4);
#6=PRODUCT_DEFINITION('design','',#5,#3);
#7=PRODUCT_DEFINITION_SHAPE('','',#6);
#8=DIRECTION('',(0.,0.,1.));
#9=DIRECTION('',(1.,0.,0.));
#10=CARTESIAN_POINT('',(0.,0.,0.));
#11=AXIS2_PLACEMENT_3D('',#10,#8,#9);
#12=(GEOMETRIC_REPRESENTATION_CONTEXT(3) GLOBAL_UNCERTAINTY_ASSIGNED_CONTEXT((#16)) GLOBAL_UNIT_ASSIGNED_CONTEXT((#13,#14,#15)) REPRESENTATION_CONTEXT('tokamak','3D'));
#13=(LENGTH_UNIT() NAMED_UNIT(*) SI_UNIT(.MILLI.,.METRE.));
#14=(NAMED_UNIT(*) PLANE_ANGLE_UNIT() SI_UNIT($,.RADIAN.));
#15=(NAMED_UNIT(*) SI_UNIT($,.STERADIAN.) SOLID_ANGLE_UNIT());
#16=UNCERTAINTY_MEASURE_WITH_UNIT(LENGTH_MEASURE(1.E-05),#13,'closure',#12);
#20=CARTESIAN_POINT('',(288,498.831,1439.4));
#21=CARTESIAN_POINT('',(475.914,324.472,1439.4));
#22=CARTESIAN_POINT('',(422.238,391.779,1439.4));
#26=CARTESIAN_POINT('',(359.13,450.335,1439.4));
#30=CARTESIAN_POINT('',(43.045,574.389,1439.4));
#31=CARTESIAN_POINT('',(210.436,536.183,1439.4));
#32=CARTESIAN_POINT('',(128.172,561.558,1439.4));
#36=CARTESIAN_POINT('',(-569.567,85.848,1439.4));
#37=CARTESIAN_POINT('',(576,0,1439.4));
#38=CARTESIAN_POINT('',(569.567,85.848,1439.4));
#42=CARTESIAN_POINT('',(550.41,169.779,1439.4));
#46=CARTESIAN_POINT('',(518.958,249.917,1439.4));
#53=CARTESIAN_POINT('',(-576,0,1439.4));
#57=CARTESIAN_POINT('',(-518.958,249.917,1439.4));
#58=CARTESIAN_POINT('',(-550.41,169.779,1439.4));
#62=CARTESIAN_POINT('',(-288,498.831,1439.4));
#66=CARTESIAN_POINT('',(-43.045,574.389,1439.4));
#70=CARTESIAN_POINT('',(-128.172,561.558,1439.4));
#74=CARTESIAN_POINT('',(-210.436,536.183,1439.4));
#84=CARTESIAN_POINT('',(-422.238,391.779,1439.4));
#85=CARTESIAN_POINT('',(-359.13,450.335,1439.4));
#89=CARTESIAN_POINT('',(-475.914,324.472,1439.4));
#102=CARTESIAN_POINT('',(-576,0,-1439.4));
#103=CARTESIAN_POINT('',(576,0,-1439.4));
#110=CARTESIAN_POINT('',(-288,498.831,-1439.4));
#111=CARTESIAN_POINT('',(-422.238,391.779,-1439.4));
#112=CARTESIAN_POINT('',(-359.13,450.335,-1439.4));
#116=CARTESIAN_POINT('',(-475.914,324.472,-1439.4));
#120=CARTESIAN_POINT('',(-128.172,561.558,-1439.4));
#121=CARTESIAN_POINT('',(-210.436,536.183,-1439.4));
#125=CARTESIAN_POINT('',(-43.045,574.389,-1439.4));
#129=CARTESIAN_POINT('',(569.567,85.848,-1439.4));
#130=CARTESIAN_POINT('',(-569.567,85.848,-1439.4));
#137=CARTESIAN_POINT('',(128.172,561.558,-1439.4));
#138=CARTESIAN_POINT('',(43.045,574.389,-1439.4));
#142=CARTESIAN_POINT('',(550.41,169.779,-1439.4));
#143=CARTESIAN_POINT('',(-518.958,249.917,-1439.4));
#147=CARTESIAN_POINT('',(-550.41,169.779,-1439.4));
#157=CARTESIAN_POINT('',(288,498.831,-1439.4));
#158=CARTESIAN_POINT('',(210.436,536.183,-1439.4));
#171=CARTESIAN_POINT('',(475.914,324.472,-1439.4));
#172=CARTESIAN_POINT('',(518.958,249.917,-1439.4));
#176=CARTESIAN_POINT('',(422.238,391.779,-1439.4));
#177=CARTESIAN_POINT('',(359.13,450.335,-1439.4));
#316=CARTESIAN_POINT('',(569.567,85.848,-1236.9));
#317=CARTESIAN_POINT('',(1552.068,0,-1236.9));
#318=CARTESIAN_POINT('',(1534.733,231.324,-1236.9));
#322=CARTESIAN_POINT('',(1483.114,457.48,-1236.9));
#326=CARTESIAN_POINT('',(576,0,-1236.9));
#330=CARTESIAN_POINT('',(550.41,169.779,-1236.9));
#331=CARTESIAN_POINT('',(1398.365,673.417,-1236.9));
#338=CARTESIAN_POINT('',(518.958,249.917,-1236.9));
#339=CARTESIAN_POINT('',(1282.379,874.311,-1236.9));
#346=CARTESIAN_POINT('',(475.914,324.472,-1236.9));
#350=CARTESIAN_POINT('',(1137.747,1055.675,-1236.9));
#354=CARTESIAN_POINT('',(422.238,391.779,-1236.9));
#358=CARTESIAN_POINT('',(967.699,1213.456,-1236.9));
#359=CARTESIAN_POINT('',(359.13,450.335,-1236.9));
#366=CARTESIAN_POINT('',(776.034,1344.131,-1236.9));
#367=CARTESIAN_POINT('',(288,498.831,-1236.9));
#374=CARTESIAN_POINT('',(567.034,1444.78,-1236.9));
#375=CARTESIAN_POINT('',(128.172,561.558,-1236.9));
#376=CARTESIAN_POINT('',(210.436,536.183,-1236.9));
#386=CARTESIAN_POINT('',(345.368,1513.155,-1236.9));
#390=CARTESIAN_POINT('',(115.986,1547.728,-1236.9));
#394=CARTESIAN_POINT('',(-43.045,574.389,-1236.9));
#395=CARTESIAN_POINT('',(43.045,574.389,-1236.9));
#402=CARTESIAN_POINT('',(-115.986,1547.728,-1236.9));
#406=CARTESIAN_POINT('',(-1534.733,231.324,-1236.9));
#407=CARTESIAN_POINT('',(-576,0,-1236.9));
#408=CARTESIAN_POINT('',(-569.567,85.848,-1236.9));
#412=CARTESIAN_POINT('',(-1552.068,0,-1236.9));
#416=CARTESIAN_POINT('',(-345.368,1513.155,-1236.9));
#417=CARTESIAN_POINT('',(-210.436,536.183,-1236.9));
#418=CARTESIAN_POINT('',(-128.172,561.558,-1236.9));
#428=CARTESIAN_POINT('',(-1483.114,457.48,-1236.9));
#429=CARTESIAN_POINT('',(-550.41,169.779,-1236.9));
#436=CARTESIAN_POINT('',(-567.034,1444.78,-1236.9));
#440=CARTESIAN_POINT('',(-1398.365,673.417,-1236.9));
#441=CARTESIAN_POINT('',(-518.958,249.917,-1236.9));
#448=CARTESIAN_POINT('',(-776.034,1344.131,-1236.9));
#449=CARTESIAN_POINT('',(-359.13,450.335,-1236.9));
#450=CARTESIAN_POINT('',(-288,498.831,-1236.9));
#460=CARTESIAN_POINT('',(-1282.379,874.311,-1236.9));
#464=CARTESIAN_POINT('',(-475.914,324.472,-1236.9));
#468=CARTESIAN_POINT('',(-967.699,1213.456,-1236.9));
#472=CARTESIAN_POINT('',(-422.238,391.779,-1236.9));
#476=CARTESIAN_POINT('',(-1137.747,1055.675,-1236.9));
#486=CARTESIAN_POINT('',(1604.061,0,-1232.936));
#490=CARTESIAN_POINT('',(1655.069,0,-1222.045));
#494=CARTESIAN_POINT('',(1704.608,0,-1205.687));
#498=CARTESIAN_POINT('',(1768.177,0,-1177.454));
#502=CARTESIAN_POINT('',(1836.474,0,-1139.242));
#506=CARTESIAN_POINT('',(1534.733,231.324,1236.9));
#507=CARTESIAN_POINT('',(1724.373,0,1197.731));
#508=CARTESIAN_POINT('',(1667.849,0,1218.34));
#512=CARTESIAN_POINT('',(1610.633,0,1231.901));
#516=CARTESIAN_POINT('',(1581.453,0,1235.607));
#520=CARTESIAN_POINT('',(1552.068,0,1236.9));
#524=CARTESIAN_POINT('',(-1604.061,0,-1232.936));
#528=CARTESIAN_POINT('',(-1581.453,0,1235.607));
#529=CARTESIAN_POINT('',(-1610.633,0,1231.901));
#530=CARTESIAN_POINT('',(-1534.733,231.324,1236.9));
#534=CARTESIAN_POINT('',(-1552.068,0,1236.9));
#538=CARTESIAN_POINT('',(1754.884,541.31,-1139.242));
#548=CARTESIAN_POINT('',(1922.838,0,-1080.684));
#552=CARTESIAN_POINT('',(1952.795,602.358,-981.124));
#556=CARTESIAN_POINT('',(2043.586,0,-981.124));
#560=CARTESIAN_POINT('',(2071.35,638.927,-856.201));
#564=CARTESIAN_POINT('',(2167.653,0,-856.201));
#568=CARTESIAN_POINT('',(1517.366,1034.522,-1139.242));
#578=CARTESIAN_POINT('',(2177.352,671.624,-719.483));
#582=CARTESIAN_POINT('',(2278.583,0,-719.483));
#586=CARTESIAN_POINT('',(2374.169,0,-571.652));
#590=CARTESIAN_POINT('',(2268.691,699.799,-571.652));
#594=CARTESIAN_POINT('',(2450.969,0,-413.281));
#598=CARTESIAN_POINT('',(1688.49,1151.193,-981.124));
#608=CARTESIAN_POINT('',(1790.999,1221.082,-856.201));
#612=CARTESIAN_POINT('',(2389.448,737.047,-262.832));
#616=CARTESIAN_POINT('',(2500.54,0,-262.832));
#620=CARTESIAN_POINT('',(2526.723,0,-122.688));
#624=CARTESIAN_POINT('',(1145.023,1435.813,-1139.242));
#637=CARTESIAN_POINT('',(1882.653,1283.571,-719.483));
#644=CARTESIAN_POINT('',(1961.631,1337.417,-571.652));
#651=CARTESIAN_POINT('',(1274.155,1597.74,-981.124));
#658=CARTESIAN_POINT('',(2421.242,746.854,19.696));
#662=CARTESIAN_POINT('',(2533.813,0,19.696));
#666=CARTESIAN_POINT('',(2521.352,0,161.713));
#670=CARTESIAN_POINT('',(1351.51,1694.739,-856.201));
#674=CARTESIAN_POINT('',(2066.043,1408.605,-262.832));
#681=CARTESIAN_POINT('',(670.939,1709.525,-1139.242));
#691=CARTESIAN_POINT('',(2379.505,733.98,300.826));
#695=CARTESIAN_POINT('',(2490.135,0,300.826));
#699=CARTESIAN_POINT('',(2441.94,0,435.023));
#703=CARTESIAN_POINT('',(1420.673,1781.468,-719.483));
#710=CARTESIAN_POINT('',(1480.27,1856.2,-571.652));
#717=CARTESIAN_POINT('',(746.606,1902.321,-981.124));
#724=CARTESIAN_POINT('',(2093.534,1427.347,19.696));
#731=CARTESIAN_POINT('',(2273.339,701.232,563.002));
#735=CARTESIAN_POINT('',(2379.033,0,563.002));
#739=CARTESIAN_POINT('',(2303.668,0,684.081));
#743=CARTESIAN_POINT('',(791.933,2017.811,-856.201));
#753=CARTESIAN_POINT('',(1559.061,1955.001,-262.832));
#763=CARTESIAN_POINT('',(137.24,1831.339,-1139.242));
#773=CARTESIAN_POINT('',(2057.446,1402.743,300.826));
#783=CARTESIAN_POINT('',(2119.24,653.699,797.942));
#787=CARTESIAN_POINT('',(2217.77,0,797.942));
#791=CARTESIAN_POINT('',(832.46,2121.073,-719.483));
#795=CARTESIAN_POINT('',(1996.406,615.81,938.041));
#796=CARTESIAN_POINT('',(2089.224,0,938.041));
#803=CARTESIAN_POINT('',(867.381,2210.052,-571.652));
#810=CARTESIAN_POINT('',(152.717,2037.872,-981.124));
#817=CARTESIAN_POINT('',(1579.806,1981.014,19.696));
#821=CARTESIAN_POINT('',(1965.649,1340.157,563.002));
#828=CARTESIAN_POINT('',(1841.496,568.026,1077.508));
#829=CARTESIAN_POINT('',(1927.112,0,1077.508));
#836=CARTESIAN_POINT('',(161.989,2161.592,-856.201));
#843=CARTESIAN_POINT('',(913.55,2327.687,-262.832));
#850=CARTESIAN_POINT('',(-408.654,1790.43,-1139.242));
#860=CARTESIAN_POINT('',(1552.574,1946.866,300.826));
#870=CARTESIAN_POINT('',(1832.407,1249.314,797.942));
#877=CARTESIAN_POINT('',(170.279,2272.211,-719.483));
#884=CARTESIAN_POINT('',(1726.198,1176.902,938.041));
#888=CARTESIAN_POINT('',(177.422,2367.531,-571.652));
#898=CARTESIAN_POINT('',(-454.741,1992.349,-981.124));
#908=CARTESIAN_POINT('',(925.706,2358.66,19.696));
#915=CARTESIAN_POINT('',(1483.303,1860.003,563.002));
#922=CARTESIAN_POINT('',(1592.255,1085.581,1077.508));
#929=CARTESIAN_POINT('',(-482.348,2113.306,-856.201));
#933=CARTESIAN_POINT('',(186.866,2493.548,-262.832));
#937=CARTESIAN_POINT('',(-918.237,1590.433,-1139.242));
#950=CARTESIAN_POINT('',(909.748,2318.001,300.826));
#960=CARTESIAN_POINT('',(1382.757,1733.922,797.942));
#964=CARTESIAN_POINT('',(-507.032,2221.454,-719.483));
#974=CARTESIAN_POINT('',(1302.61,1633.421,938.041));
#981=CARTESIAN_POINT('',(-528.302,2314.644,-571.652));
#985=CARTESIAN_POINT('',(-1021.793,1769.797,-981.124));
#989=CARTESIAN_POINT('',(189.352,2526.727,19.696));
#999=CARTESIAN_POINT('',(869.158,2214.579,563.002));
#1003=CARTESIAN_POINT('',(1201.535,1506.677,1077.508));
#1010=CARTESIAN_POINT('',(-1083.827,1877.243,-856.201));
#1017=CARTESIAN_POINT('',(-556.423,2437.847,-262.832));
#1024=CARTESIAN_POINT('',(-1346.23,1249.119,-1139.242));
#1034=CARTESIAN_POINT('',(186.088,2483.172,300.826));
#1038=CARTESIAN_POINT('',(810.242,2064.464,797.942));
#1045=CARTESIAN_POINT('',(-1139.291,1973.311,-719.483));
#1052=CARTESIAN_POINT('',(763.279,1944.804,938.041));
#1059=CARTESIAN_POINT('',(-1187.085,2056.091,-571.652));
#1066=CARTESIAN_POINT('',(-1498.055,1389.991,-981.124));
#1073=CARTESIAN_POINT('',(-563.826,2470.285,19.696));
#1080=CARTESIAN_POINT('',(177.785,2372.38,563.002));
#1087=CARTESIAN_POINT('',(704.053,1793.898,1077.508));
#1094=CARTESIAN_POINT('',(-1589.002,1474.379,-856.201));
#1101=CARTESIAN_POINT('',(-1250.27,2165.531,-262.832));
#1108=CARTESIAN_POINT('',(-1654.606,796.816,-1139.242));
#1118=CARTESIAN_POINT('',(-554.107,2427.702,300.826));
#1125=CARTESIAN_POINT('',(165.734,2211.568,797.942));
#1132=CARTESIAN_POINT('',(-1670.319,1549.83,-719.483));
#1139=CARTESIAN_POINT('',(156.128,2083.382,938.041));
#1149=CARTESIAN_POINT('',(-1740.389,1614.845,-571.652));
#1156=CARTESIAN_POINT('',(-1841.207,886.679,-981.124));
#1163=CARTESIAN_POINT('',(-1266.906,2194.346,19.696));
#1170=CARTESIAN_POINT('',(-529.385,2319.385,563.002));
#1177=CARTESIAN_POINT('',(144.013,1921.723,1077.508));
#1181=CARTESIAN_POINT('',(-1952.988,940.509,-856.201));
#1188=CARTESIAN_POINT('',(-2167.653,0,-856.201));
#1189=CARTESIAN_POINT('',(-2043.586,0,-981.124));
#1196=CARTESIAN_POINT('',(-1833.026,1700.799,-262.832));
#1203=CARTESIAN_POINT('',(-1245.067,2156.52,300.826));
#1213=CARTESIAN_POINT('',(-493.5,2162.166,797.942));
#1223=CARTESIAN_POINT('',(-2052.932,988.64,-719.483));
#1227=CARTESIAN_POINT('',(-2278.583,0,-719.483));
#1237=CARTESIAN_POINT('',(-464.896,2036.843,938.041));
#1241=CARTESIAN_POINT('',(-2139.052,1030.113,-571.652));
#1245=CARTESIAN_POINT('',(-2374.169,0,-571.652));
#1249=CARTESIAN_POINT('',(-2450.969,0,-413.281));
#1259=CARTESIAN_POINT('',(-1857.416,1723.43,19.696));
#1266=CARTESIAN_POINT('',(-1189.516,2060.303,563.002));
#1270=CARTESIAN_POINT('',(-428.823,1878.795,1077.508));
#1277=CARTESIAN_POINT('',(-2252.909,1084.944,-262.832));
#1281=CARTESIAN_POINT('',(-2500.54,0,-262.832));
#1285=CARTESIAN_POINT('',(-2526.723,0,-122.688));
#1295=CARTESIAN_POINT('',(-1825.398,1693.722,300.826));
#1302=CARTESIAN_POINT('',(-1108.885,1920.645,797.942));
#1312=CARTESIAN_POINT('',(-1044.612,1809.321,938.041));
#1316=CARTESIAN_POINT('',(-2282.886,1099.38,19.696));
#1320=CARTESIAN_POINT('',(-2533.813,0,19.696));
#1324=CARTESIAN_POINT('',(-2521.352,0,161.713));
#1334=CARTESIAN_POINT('',(-1743.954,1618.153,563.002));
#1341=CARTESIAN_POINT('',(-963.556,1668.928,1077.508));
#1348=CARTESIAN_POINT('',(-2243.534,1080.429,300.826));
#1352=CARTESIAN_POINT('',(-2490.135,0,300.826));
#1356=CARTESIAN_POINT('',(-2441.94,0,435.023));
#1366=CARTESIAN_POINT('',(-1625.74,1508.466,797.942));
#1373=CARTESIAN_POINT('',(-1531.51,1421.033,938.041));
#1380=CARTESIAN_POINT('',(-2143.434,1032.224,563.002));
#1384=CARTESIAN_POINT('',(-2379.033,0,563.002));
#1388=CARTESIAN_POINT('',(-2303.668,0,684.081));
#1398=CARTESIAN_POINT('',(-1412.673,1310.769,1077.508));
#1405=CARTESIAN_POINT('',(-1998.141,962.254,797.942));
#1415=CARTESIAN_POINT('',(-2217.77,0,797.942));
#1422=CARTESIAN_POINT('',(-1882.326,906.48,938.041));
#1423=CARTESIAN_POINT('',(-2089.224,0,938.041));
#1433=CARTESIAN_POINT('',(-1736.268,836.143,1077.508));
#1440=CARTESIAN_POINT('',(1707.121,389.639,1185.813));
#1441=CARTESIAN_POINT('',(1593.752,491.607,1218.34));
#1445=CARTESIAN_POINT('',(1483.114,457.48,1236.9));
#1458=CARTESIAN_POINT('',(1796.465,0,1162.554));
#1465=CARTESIAN_POINT('',(1629.981,639.72,1185.813));
#1475=CARTESIAN_POINT('',(1398.365,673.417,1236.9));
#1479=CARTESIAN_POINT('',(1516.43,875.511,1185.813));
#1486=CARTESIAN_POINT('',(1282.379,874.311,1236.9));
#1490=CARTESIAN_POINT('',(1378.042,939.533,1218.34));
#1497=CARTESIAN_POINT('',(1369.004,1091.745,1185.813));
#1504=CARTESIAN_POINT('',(1137.747,1055.675,1236.9));
#1511=CARTESIAN_POINT('',(1190.998,1283.59,1185.813));
#1512=CARTESIAN_POINT('',(1039.887,1303.977,1218.34));
#1522=CARTESIAN_POINT('',(967.699,1213.456,1236.9));
#1529=CARTESIAN_POINT('',(986.386,1446.763,1185.813));
#1533=CARTESIAN_POINT('',(776.034,1344.131,1236.9));
#1540=CARTESIAN_POINT('',(759.74,1577.617,1185.813));
#1541=CARTESIAN_POINT('',(609.334,1552.557,1218.34));
#1545=CARTESIAN_POINT('',(567.034,1444.78,1236.9));
#1561=CARTESIAN_POINT('',(516.123,1673.229,1185.813));
#1568=CARTESIAN_POINT('',(345.368,1513.155,1236.9));
#1572=CARTESIAN_POINT('',(-1729.082,260.617,-1186.945));
#1579=CARTESIAN_POINT('',(-1922.838,0,-1080.684));
#1589=CARTESIAN_POINT('',(260.976,1731.465,1185.813));
#1593=CARTESIAN_POINT('',(115.986,1547.728,1236.9));
#1600=CARTESIAN_POINT('',(124.639,1663.186,1218.34));
#1610=CARTESIAN_POINT('',(-1743.723,130.674,-1186.945));
#1614=CARTESIAN_POINT('',(-1655.069,0,-1222.045));
#1618=CARTESIAN_POINT('',(-1704.608,0,-1205.687));
#1622=CARTESIAN_POINT('',(-1768.177,0,-1177.454));
#1626=CARTESIAN_POINT('',(-1836.474,0,-1139.242));
#1639=CARTESIAN_POINT('',(0,1751.022,1185.813));
#1640=CARTESIAN_POINT('',(-115.986,1547.728,1236.9));
#1650=CARTESIAN_POINT('',(-260.976,1731.465,1185.813));
#1654=CARTESIAN_POINT('',(-345.368,1513.155,1236.9));
#1664=CARTESIAN_POINT('',(-371.131,1626.033,1218.34));
#1671=CARTESIAN_POINT('',(-516.123,1673.229,1185.813));
#1672=CARTESIAN_POINT('',(-567.034,1444.78,1236.9));
#1682=CARTESIAN_POINT('',(-759.74,1577.617,1185.813));
#1683=CARTESIAN_POINT('',(-833.925,1444.4,1218.34));
#1687=CARTESIAN_POINT('',(-776.034,1344.131,1236.9));
#1703=CARTESIAN_POINT('',(-986.386,1446.763,1185.813));
#1713=CARTESIAN_POINT('',(-967.699,1213.456,1236.9));
#1717=CARTESIAN_POINT('',(-1190.998,1283.59,1185.813));
#1721=CARTESIAN_POINT('',(-1222.62,1134.426,1218.34));
#1725=CARTESIAN_POINT('',(-1137.747,1055.675,1236.9));
#1735=CARTESIAN_POINT('',(-1369.004,1091.745,1185.813));
#1742=CARTESIAN_POINT('',(-1282.379,874.311,1236.9));
#1746=CARTESIAN_POINT('',(-1516.43,875.511,1185.813));
#1753=CARTESIAN_POINT('',(-1502.68,723.653,1218.34));
#1757=CARTESIAN_POINT('',(-1398.365,673.417,1236.9));
#1767=CARTESIAN_POINT('',(-1629.981,639.72,1185.813));
#1774=CARTESIAN_POINT('',(-1483.114,457.48,1236.9));
#1778=CARTESIAN_POINT('',(-1673.229,516.123,1185.813));
#1788=CARTESIAN_POINT('',(-1927.112,0,1077.508));
#1798=CARTESIAN_POINT('',(-1746.126,130.854,1185.813));
#1802=CARTESIAN_POINT('',(-1796.465,0,1162.554));
#1806=CARTESIAN_POINT('',(-1724.373,0,1197.731));
#1810=CARTESIAN_POINT('',(-1667.849,0,1218.34));
#1823=CARTESIAN_POINT('',(-2107.503,0,-962.123));
#1824=CARTESIAN_POINT('',(-1996.373,0,-1061.464));
#1828=CARTESIAN_POINT('',(-2209.855,0,-853.753));
#1835=CARTESIAN_POINT('',(-1876.209,0,-1149.619));
#1842=CARTESIAN_POINT('',(-2302.787,0,-737.208));
#1849=CARTESIAN_POINT('',(-2384.945,0,-612.844));
#1856=CARTESIAN_POINT('',(-1759.204,0,-1215.107));
#1866=CARTESIAN_POINT('',(-2454.388,0,-480.973));
#1870=CARTESIAN_POINT('',(-1677.159,0,-1246.865));
#1880=CARTESIAN_POINT('',(-1612.917,0,-1261.924));
#1887=CARTESIAN_POINT('',(-2508.758,0,-342.224));
#1891=CARTESIAN_POINT('',(-1582.591,0,-1265.618));
#1901=CARTESIAN_POINT('',(-1552.068,0,-1266.9));
#1908=CARTESIAN_POINT('',(-2545.592,0,-197.845));
#1915=CARTESIAN_POINT('',(-2562.833,0,-49.856));
#1922=CARTESIAN_POINT('',(-2559.388,0,99.09));
#1929=CARTESIAN_POINT('',(-2535.482,0,246.153));
#1936=CARTESIAN_POINT('',(-2486.738,0,404.356));
#1943=CARTESIAN_POINT('',(-2408.894,0,571.011));
#1950=CARTESIAN_POINT('',(-576,0,-1266.9));
#1960=CARTESIAN_POINT('',(-2310.536,0,726.486));
#1967=CARTESIAN_POINT('',(-2195.491,0,870.08));
#1974=CARTESIAN_POINT('',(-2066.254,0,1001.054));
#1981=CARTESIAN_POINT('',(-1940.143,0,1105.199));
#1985=CARTESIAN_POINT('',(-1849.794,0,1166.264));
#1992=CARTESIAN_POINT('',(-1778.275,0,1205.944));
#1999=CARTESIAN_POINT('',(-1711.681,0,1235.09));
#2006=CARTESIAN_POINT('',(-1659.798,0,1251.848));
#2013=CARTESIAN_POINT('',(-1606.421,0,1262.91));
#2020=CARTESIAN_POINT('',(-1552.068,0,1266.9));
#2027=CARTESIAN_POINT('',(-576,0,1266.9));
#2028=CARTESIAN_POINT('',(-576,0,1236.9));
#2035=CARTESIAN_POINT('',(569.567,85.848,-1266.9));
#2036=CARTESIAN_POINT('',(576,0,-1266.9));
#2043=CARTESIAN_POINT('',(550.41,169.779,-1266.9));
#2050=CARTESIAN_POINT('',(518.958,249.917,-1266.9));
#2060=CARTESIAN_POINT('',(475.914,324.472,-1266.9));
#2064=CARTESIAN_POINT('',(422.238,391.779,-1266.9));
#2074=CARTESIAN_POINT('',(359.13,450.335,-1266.9));
#2081=CARTESIAN_POINT('',(288,498.831,-1266.9));
#2085=CARTESIAN_POINT('',(210.436,536.183,-1266.9));
#2092=CARTESIAN_POINT('',(128.172,561.558,-1266.9));
#2099=CARTESIAN_POINT('',(43.045,574.389,-1266.9));
#2106=CARTESIAN_POINT('',(-43.045,574.389,-1266.9));
#2113=CARTESIAN_POINT('',(-128.172,561.558,-1266.9));
#2120=CARTESIAN_POINT('',(-210.436,536.183,-1266.9));
#2130=CARTESIAN_POINT('',(-288,498.831,-1266.9));
#2134=CARTESIAN_POINT('',(-359.13,450.335,-1266.9));
#2141=CARTESIAN_POINT('',(-422.238,391.779,-1266.9));
#2148=CARTESIAN_POINT('',(-475.914,324.472,-1266.9));
#2155=CARTESIAN_POINT('',(-518.958,249.917,-1266.9));
#2162=CARTESIAN_POINT('',(-550.41,169.779,-1266.9));
#2169=CARTESIAN_POINT('',(-569.567,85.848,-1266.9));
#2182=CARTESIAN_POINT('',(1552.068,0,-1266.9));
#2189=CARTESIAN_POINT('',(1582.591,0,-1265.618));
#2193=CARTESIAN_POINT('',(1612.917,0,-1261.924));
#2200=CARTESIAN_POINT('',(1677.159,0,-1246.865));
#2210=CARTESIAN_POINT('',(1759.204,0,-1215.107));
#2220=CARTESIAN_POINT('',(1876.209,0,-1149.619));
#2227=CARTESIAN_POINT('',(1996.373,0,-1061.464));
#2234=CARTESIAN_POINT('',(2107.503,0,-962.123));
#2241=CARTESIAN_POINT('',(2209.855,0,-853.753));
#2248=CARTESIAN_POINT('',(2302.787,0,-737.208));
#2252=CARTESIAN_POINT('',(2384.945,0,-612.844));
#2259=CARTESIAN_POINT('',(2454.388,0,-480.973));
#2266=CARTESIAN_POINT('',(2508.758,0,-342.224));
#2273=CARTESIAN_POINT('',(2545.592,0,-197.845));
#2280=CARTESIAN_POINT('',(2562.833,0,-49.856));
#2287=CARTESIAN_POINT('',(2559.388,0,99.09));
#2294=CARTESIAN_POINT('',(2535.482,0,246.153));
#2301=CARTESIAN_POINT('',(1552.068,0,1266.9));
#2305=CARTESIAN_POINT('',(576,0,1236.9));
#2309=CARTESIAN_POINT('',(576,0,1266.9));
#2313=CARTESIAN_POINT('',(1606.421,0,1262.91));
#2320=CARTESIAN_POINT('',(2486.738,0,404.356));
#2327=CARTESIAN_POINT('',(1659.798,0,1251.848));
#2334=CARTESIAN_POINT('',(1711.681,0,1235.09));
#2341=CARTESIAN_POINT('',(2408.894,0,571.011));
#2348=CARTESIAN_POINT('',(1778.275,0,1205.944));
#2358=CARTESIAN_POINT('',(1849.794,0,1166.264));
#2365=CARTESIAN_POINT('',(2310.536,0,726.486));
#2372=CARTESIAN_POINT('',(1940.143,0,1105.199));
#2376=CARTESIAN_POINT('',(2195.491,0,870.08));
#2383=CARTESIAN_POINT('',(2066.254,0,1001.054));
#2393=CARTESIAN_POINT('',(-569.567,85.848,1236.9));
#2403=CARTESIAN_POINT('',(-550.41,169.779,1236.9));
#2410=CARTESIAN_POINT('',(-518.958,249.917,1236.9));
#2417=CARTESIAN_POINT('',(-475.914,324.472,1236.9));
#2424=CARTESIAN_POINT('',(-422.238,391.779,1236.9));
#2428=CARTESIAN_POINT('',(-359.13,450.335,1236.9));
#2432=CARTESIAN_POINT('',(-288,498.831,1236.9));
#2439=CARTESIAN_POINT('',(-210.436,536.183,1236.9));
#2449=CARTESIAN_POINT('',(-128.172,561.558,1236.9));
#2456=CARTESIAN_POINT('',(-43.045,574.389,1236.9));
#2466=CARTESIAN_POINT('',(43.045,574.389,1236.9));
#2470=CARTESIAN_POINT('',(128.172,561.558,1236.9));
#2477=CARTESIAN_POINT('',(569.567,85.848,1236.9));
#2478=CARTESIAN_POINT('',(550.41,169.779,1236.9));
#2488=CARTESIAN_POINT('',(210.436,536.183,1236.9));
#2501=CARTESIAN_POINT('',(518.958,249.917,1236.9));
#2508=CARTESIAN_POINT('',(288,498.831,1236.9));
#2512=CARTESIAN_POINT('',(359.13,450.335,1236.9));
#2519=CARTESIAN_POINT('',(475.914,324.472,1236.9));
#2526=CARTESIAN_POINT('',(422.238,391.779,1236.9));
#2542=CARTESIAN_POINT('',(569.567,85.848,1266.9));
#2546=CARTESIAN_POINT('',(550.41,169.779,1266.9));
#2553=CARTESIAN_POINT('',(518.958,249.917,1266.9));
#2560=CARTESIAN_POINT('',(475.914,324.472,1266.9));
#2561=CARTESIAN_POINT('',(422.238,391.779,1266.9));
#2574=CARTESIAN_POINT('',(359.13,450.335,1266.9));
#2581=CARTESIAN_POINT('',(288,498.831,1266.9));
#2588=CARTESIAN_POINT('',(210.436,536.183,1266.9));
#2595=CARTESIAN_POINT('',(128.172,561.558,1266.9));
#2602=CARTESIAN_POINT('',(43.045,574.389,1266.9));
#2609=CARTESIAN_POINT('',(-43.045,574.389,1266.9));
#2616=CARTESIAN_POINT('',(-128.172,561.558,1266.9));
#2617=CARTESIAN_POINT('',(-210.436,536.183,1266.9));
#2627=CARTESIAN_POINT('',(-288,498.831,1266.9));
#2640=CARTESIAN_POINT('',(-359.13,450.335,1266.9));
#2644=CARTESIAN_POINT('',(-422.238,391.779,1266.9));
#2651=CARTESIAN_POINT('',(-475.914,324.472,1266.9));
#2658=CARTESIAN_POINT('',(-518.958,249.917,1266.9));
#2665=CARTESIAN_POINT('',(-550.41,169.779,1266.9));
#2666=CARTESIAN_POINT('',(-569.567,85.848,1266.9));
#2685=CARTESIAN_POINT('',(1534.733,231.324,1266.9));
#2689=CARTESIAN_POINT('',(1483.114,457.48,1266.9));
#2696=CARTESIAN_POINT('',(1398.365,673.417,1266.9));
#2703=CARTESIAN_POINT('',(1282.379,874.311,1266.9));
#2713=CARTESIAN_POINT('',(1137.747,1055.675,1266.9));
#2720=CARTESIAN_POINT('',(967.699,1213.456,1266.9));
#2727=CARTESIAN_POINT('',(776.034,1344.131,1266.9));
#2734=CARTESIAN_POINT('',(567.034,1444.78,1266.9));
#2744=CARTESIAN_POINT('',(345.368,1513.155,1266.9));
#2748=CARTESIAN_POINT('',(115.986,1547.728,1266.9));
#2758=CARTESIAN_POINT('',(-115.986,1547.728,1266.9));
#2762=CARTESIAN_POINT('',(-1534.733,231.324,1266.9));
#2769=CARTESIAN_POINT('',(-345.368,1513.155,1266.9));
#2779=CARTESIAN_POINT('',(-1483.114,457.48,1266.9));
#2786=CARTESIAN_POINT('',(-567.034,1444.78,1266.9));
#2790=CARTESIAN_POINT('',(-1398.365,673.417,1266.9));
#2797=CARTESIAN_POINT('',(-776.034,1344.131,1266.9));
#2807=CARTESIAN_POINT('',(-1282.379,874.311,1266.9));
#2814=CARTESIAN_POINT('',(-967.699,1213.456,1266.9));
#2821=CARTESIAN_POINT('',(-1137.747,1055.675,1266.9));
#2846=CARTESIAN_POINT('',(1534.733,231.324,-1266.9));
#2865=CARTESIAN_POINT('',(-1534.733,231.324,-1266.9));
#2881=CARTESIAN_POINT('',(1767.612,545.236,1166.264));
#2894=CARTESIAN_POINT('',(1974.456,609.039,1001.054));
#2901=CARTESIAN_POINT('',(2097.951,647.132,870.08));
#2908=CARTESIAN_POINT('',(1528.371,1042.026,1166.264));
#2918=CARTESIAN_POINT('',(2207.886,681.043,726.486));
#2925=CARTESIAN_POINT('',(2301.873,710.034,571.011));
#2932=CARTESIAN_POINT('',(1707.219,1163.962,1001.054));
#2939=CARTESIAN_POINT('',(2376.26,732.979,404.356));
#2949=CARTESIAN_POINT('',(1814,1236.764,870.08));
#2956=CARTESIAN_POINT('',(1153.327,1446.227,1166.264));
#2966=CARTESIAN_POINT('',(1909.055,1301.572,726.486));
#2973=CARTESIAN_POINT('',(2445.681,754.393,99.09));
#2983=CARTESIAN_POINT('',(1990.322,1356.978,571.011));
#2990=CARTESIAN_POINT('',(1288.288,1615.463,1001.054));
#2997=CARTESIAN_POINT('',(2054.64,1400.83,404.356));
#3004=CARTESIAN_POINT('',(1368.866,1716.504,870.08));
#3011=CARTESIAN_POINT('',(2432.498,750.326,-197.845));
#3021=CARTESIAN_POINT('',(675.805,1721.924,1166.264));
#3034=CARTESIAN_POINT('',(1440.596,1806.45,726.486));
#3041=CARTESIAN_POINT('',(2114.665,1441.754,99.09));
#3051=CARTESIAN_POINT('',(2345.347,723.444,-480.973));
#3061=CARTESIAN_POINT('',(1501.921,1883.349,571.011));
#3068=CARTESIAN_POINT('',(754.887,1923.422,1001.054));
#3072=CARTESIAN_POINT('',(1550.456,1944.21,404.356));
#3079=CARTESIAN_POINT('',(802.103,2043.725,870.08));
#3086=CARTESIAN_POINT('',(2103.267,1433.983,-197.845));
#3090=CARTESIAN_POINT('',(2200.48,678.758,-737.208));
#3100=CARTESIAN_POINT('',(138.235,1844.621,1166.264));
#3110=CARTESIAN_POINT('',(844.134,2150.818,726.486));
#3117=CARTESIAN_POINT('',(1595.752,2001.01,99.09));
#3124=CARTESIAN_POINT('',(2027.911,1382.606,-480.973));
#3134=CARTESIAN_POINT('',(2013.873,621.197,-962.123));
#3144=CARTESIAN_POINT('',(880.068,2242.376,571.011));
#3151=CARTESIAN_POINT('',(154.411,2060.477,1001.054));
#3158=CARTESIAN_POINT('',(908.508,2314.839,404.356));
#3168=CARTESIAN_POINT('',(164.069,2189.352,870.08));
#3175=CARTESIAN_POINT('',(1587.151,1990.224,-197.845));
#3182=CARTESIAN_POINT('',(1902.652,1297.206,-737.208));
#3186=CARTESIAN_POINT('',(1792.854,553.022,-1149.619));
#3190=CARTESIAN_POINT('',(1483.114,457.48,-1266.9));
#3194=CARTESIAN_POINT('',(1398.365,673.417,-1266.9));
#3204=CARTESIAN_POINT('',(-411.618,1803.415,1166.264));
#3214=CARTESIAN_POINT('',(172.667,2304.076,726.486));
#3221=CARTESIAN_POINT('',(935.049,2382.467,99.09));
#3225=CARTESIAN_POINT('',(1530.286,1918.918,-480.973));
#3232=CARTESIAN_POINT('',(1741.301,1187.199,-962.123));
#3239=CARTESIAN_POINT('',(180.017,2402.158,571.011));
#3249=CARTESIAN_POINT('',(-459.785,2014.449,1001.054));
#3259=CARTESIAN_POINT('',(185.834,2479.785,404.356));
#3263=CARTESIAN_POINT('',(-488.543,2140.445,870.08));
#3267=CARTESIAN_POINT('',(930.009,2369.625,-197.845));
#3274=CARTESIAN_POINT('',(1435.764,1800.391,-737.208));
#3281=CARTESIAN_POINT('',(1550.197,1056.906,-1149.619));
#3291=CARTESIAN_POINT('',(1282.379,874.311,-1266.9));
#3295=CARTESIAN_POINT('',(1137.747,1055.675,-1266.9));
#3299=CARTESIAN_POINT('',(-924.897,1601.968,1166.264));
#3309=CARTESIAN_POINT('',(-514.143,2252.606,726.486));
#3319=CARTESIAN_POINT('',(191.263,2552.231,99.09));
#3329=CARTESIAN_POINT('',(896.689,2284.726,-480.973));
#3336=CARTESIAN_POINT('',(1314.007,1647.712,-962.123));
#3343=CARTESIAN_POINT('',(-536.029,2348.498,571.011));
#3347=CARTESIAN_POINT('',(-1033.127,1789.429,1001.054));
#3357=CARTESIAN_POINT('',(-553.351,2424.391,404.356));
#3364=CARTESIAN_POINT('',(-1097.745,1901.351,870.08));
#3368=CARTESIAN_POINT('',(190.232,2538.474,-197.845));
#3375=CARTESIAN_POINT('',(841.302,2143.604,-737.208));
#3382=CARTESIAN_POINT('',(1169.797,1466.879,-1149.619));
#3392=CARTESIAN_POINT('',(967.699,1213.456,-1266.9));
#3396=CARTESIAN_POINT('',(776.034,1344.131,-1266.9));
#3400=CARTESIAN_POINT('',(-1355.995,1258.179,1166.264));
#3410=CARTESIAN_POINT('',(-1155.268,2000.983,726.486));
#3417=CARTESIAN_POINT('',(-569.517,2495.218,99.09));
#3424=CARTESIAN_POINT('',(183.417,2447.525,-480.973));
#3428=CARTESIAN_POINT('',(769.957,1961.819,-962.123));
#3435=CARTESIAN_POINT('',(-1204.447,2086.163,571.011));
#3442=CARTESIAN_POINT('',(-1514.672,1405.41,1001.054));
#3449=CARTESIAN_POINT('',(-1243.369,2153.579,404.356));
#3456=CARTESIAN_POINT('',(-1609.409,1493.313,870.08));
#3463=CARTESIAN_POINT('',(-566.447,2481.768,-197.845));
#3470=CARTESIAN_POINT('',(172.087,2296.348,-737.208));
#3477=CARTESIAN_POINT('',(685.456,1746.514,-1149.619));
#3481=CARTESIAN_POINT('',(567.034,1444.78,-1266.9));
#3485=CARTESIAN_POINT('',(345.368,1513.155,-1266.9));
#3495=CARTESIAN_POINT('',(-1666.606,802.595,1166.264));
#3505=CARTESIAN_POINT('',(-1693.743,1571.564,726.486));
#3512=CARTESIAN_POINT('',(-1279.694,2216.495,99.09));
#3519=CARTESIAN_POINT('',(-546.153,2392.852,-480.973));
#3526=CARTESIAN_POINT('',(157.494,2101.61,-962.123));
#3533=CARTESIAN_POINT('',(-1765.844,1638.464,571.011));
#3540=CARTESIAN_POINT('',(-1861.631,896.514,1001.054));
#3547=CARTESIAN_POINT('',(-1822.908,1691.412,404.356));
#3554=CARTESIAN_POINT('',(-1978.069,952.588,870.08));
#3570=CARTESIAN_POINT('',(-1272.796,2204.547,-197.845));
#3580=CARTESIAN_POINT('',(-512.418,2245.051,-737.208));
#3590=CARTESIAN_POINT('',(140.209,1870.963,-1149.619));
#3597=CARTESIAN_POINT('',(115.986,1547.728,-1266.9));
#3601=CARTESIAN_POINT('',(-115.986,1547.728,-1266.9));
#3608=CARTESIAN_POINT('',(-2081.721,1002.504,726.486));
#3621=CARTESIAN_POINT('',(-1876.164,1740.826,99.09));
#3628=CARTESIAN_POINT('',(-1227.194,2125.563,-480.973));
#3632=CARTESIAN_POINT('',(-468.964,2054.664,-962.123));
#3636=CARTESIAN_POINT('',(-2170.338,1045.18,571.011));
#3652=CARTESIAN_POINT('',(-2240.474,1078.955,404.356));
#3665=CARTESIAN_POINT('',(-1866.051,1731.442,-197.845));
#3672=CARTESIAN_POINT('',(-1151.393,1994.272,-737.208));
#3679=CARTESIAN_POINT('',(-417.496,1829.168,-1149.619));
#3689=CARTESIAN_POINT('',(-345.368,1513.155,-1266.9));
#3693=CARTESIAN_POINT('',(-567.034,1444.78,-1266.9));
#3697=CARTESIAN_POINT('',(-2305.928,1110.477,99.09));
#3710=CARTESIAN_POINT('',(-1799.194,1669.408,-480.973));
#3720=CARTESIAN_POINT('',(-1053.752,1825.151,-962.123));
#3730=CARTESIAN_POINT('',(-2293.499,1104.491,-197.845));
#3749=CARTESIAN_POINT('',(-1688.062,1566.293,-737.208));
#3753=CARTESIAN_POINT('',(-938.104,1624.845,-1149.619));
#3754=CARTESIAN_POINT('',(-776.034,1344.131,-1266.9));
#3758=CARTESIAN_POINT('',(-967.699,1213.456,-1266.9));
#3768=CARTESIAN_POINT('',(-2211.328,1064.919,-480.973));
#3781=CARTESIAN_POINT('',(-1544.909,1433.466,-962.123));
#3788=CARTESIAN_POINT('',(-2074.739,999.142,-737.208));
#3804=CARTESIAN_POINT('',(-1375.358,1276.146,-1149.619));
#3808=CARTESIAN_POINT('',(-1137.747,1055.675,-1266.9));
#3812=CARTESIAN_POINT('',(-1282.379,874.311,-1266.9));
#3822=CARTESIAN_POINT('',(-1898.795,914.411,-962.123));
#3841=CARTESIAN_POINT('',(-1690.406,814.056,-1149.619));
#3851=CARTESIAN_POINT('',(-1398.365,673.417,-1266.9));
#3855=CARTESIAN_POINT('',(-1483.114,457.48,-1266.9));
#3868=CARTESIAN_POINT('',(-1738.148,261.984,1215.765));
#3884=CARTESIAN_POINT('',(-1752.866,131.359,1215.765));
#4161=CARTESIAN_POINT('',(1606.421,0,-1262.91));
#4165=CARTESIAN_POINT('',(1659.798,0,-1251.848));
#4169=CARTESIAN_POINT('',(1711.681,0,-1235.09));
#4173=CARTESIAN_POINT('',(1778.275,0,-1205.944));
#4177=CARTESIAN_POINT('',(1849.794,0,-1166.264));
#4181=CARTESIAN_POINT('',(1876.209,0,1149.619));
#4182=CARTESIAN_POINT('',(1759.204,0,1215.107));
#4186=CARTESIAN_POINT('',(1677.159,0,1246.865));
#4190=CARTESIAN_POINT('',(1612.917,0,1261.924));
#4194=CARTESIAN_POINT('',(1582.591,0,1265.618));
#4201=CARTESIAN_POINT('',(-1606.421,0,-1262.91));
#4205=CARTESIAN_POINT('',(-1876.209,0,1149.619));
#4209=CARTESIAN_POINT('',(-1759.204,0,1215.107));
#4213=CARTESIAN_POINT('',(-1677.159,0,1246.865));
#4217=CARTESIAN_POINT('',(-1612.917,0,1261.924));
#4221=CARTESIAN_POINT('',(-1582.591,0,1265.618));
#4228=CARTESIAN_POINT('',(1767.612,545.236,-1166.264));
#4238=CARTESIAN_POINT('',(1940.143,0,-1105.199));
#4242=CARTESIAN_POINT('',(1974.456,609.039,-1001.054));
#4246=CARTESIAN_POINT('',(2066.254,0,-1001.054));
#4250=CARTESIAN_POINT('',(2097.951,647.132,-870.08));
#4254=CARTESIAN_POINT('',(2195.491,0,-870.08));
#4258=CARTESIAN_POINT('',(1528.371,1042.026,-1166.264));
#4268=CARTESIAN_POINT('',(2207.886,681.043,-726.486));
#4272=CARTESIAN_POINT('',(2310.536,0,-726.486));
#4276=CARTESIAN_POINT('',(2301.873,710.034,-571.011));
#4280=CARTESIAN_POINT('',(2408.894,0,-571.011));
#4284=CARTESIAN_POINT('',(1707.219,1163.962,-1001.054));
#4294=CARTESIAN_POINT('',(2376.26,732.979,-404.356));
#4298=CARTESIAN_POINT('',(2486.738,0,-404.356));
#4302=CARTESIAN_POINT('',(2535.482,0,-246.153));
#4306=CARTESIAN_POINT('',(1814,1236.764,-870.08));
#4310=CARTESIAN_POINT('',(1153.327,1446.227,-1166.264));
#4323=CARTESIAN_POINT('',(1909.055,1301.572,-726.486));
#4330=CARTESIAN_POINT('',(2445.681,754.393,-99.09));
#4334=CARTESIAN_POINT('',(2559.388,0,-99.09));
#4338=CARTESIAN_POINT('',(2562.833,0,49.856));
#4342=CARTESIAN_POINT('',(1990.322,1356.978,-571.011));
#4349=CARTESIAN_POINT('',(1288.288,1615.463,-1001.054));
#4353=CARTESIAN_POINT('',(2054.64,1400.83,-404.356));
#4360=CARTESIAN_POINT('',(1368.866,1716.504,-870.08));
#4370=CARTESIAN_POINT('',(2432.498,750.326,197.845));
#4374=CARTESIAN_POINT('',(2545.592,0,197.845));
#4378=CARTESIAN_POINT('',(2508.758,0,342.224));
#4382=CARTESIAN_POINT('',(675.805,1721.924,-1166.264));
#4392=CARTESIAN_POINT('',(1440.596,1806.45,-726.486));
#4399=CARTESIAN_POINT('',(2114.665,1441.754,-99.09));
#4406=CARTESIAN_POINT('',(2345.347,723.444,480.973));
#4410=CARTESIAN_POINT('',(2454.388,0,480.973));
#4414=CARTESIAN_POINT('',(2384.945,0,612.844));
#4418=CARTESIAN_POINT('',(1501.921,1883.349,-571.011));
#4422=CARTESIAN_POINT('',(754.887,1923.422,-1001.054));
#4429=CARTESIAN_POINT('',(1550.456,1944.21,-404.356));
#4436=CARTESIAN_POINT('',(802.103,2043.725,-870.08));
#4443=CARTESIAN_POINT('',(2103.267,1433.983,197.845));
#4450=CARTESIAN_POINT('',(2200.48,678.758,737.208));
#4454=CARTESIAN_POINT('',(2302.787,0,737.208));
#4458=CARTESIAN_POINT('',(2209.855,0,853.753));
#4462=CARTESIAN_POINT('',(138.235,1844.621,-1166.264));
#4472=CARTESIAN_POINT('',(844.134,2150.818,-726.486));
#4482=CARTESIAN_POINT('',(1595.752,2001.01,-99.09));
#4492=CARTESIAN_POINT('',(2027.911,1382.606,480.973));
#4502=CARTESIAN_POINT('',(2013.873,621.197,962.123));
#4506=CARTESIAN_POINT('',(2107.503,0,962.123));
#4510=CARTESIAN_POINT('',(1996.373,0,1061.464));
#4514=CARTESIAN_POINT('',(880.068,2242.376,-571.011));
#4518=CARTESIAN_POINT('',(154.411,2060.477,-1001.054));
#4525=CARTESIAN_POINT('',(908.508,2314.839,-404.356));
#4532=CARTESIAN_POINT('',(164.069,2189.352,-870.08));
#4539=CARTESIAN_POINT('',(1587.151,1990.224,197.845));
#4543=CARTESIAN_POINT('',(1902.652,1297.206,737.208));
#4547=CARTESIAN_POINT('',(1792.854,553.022,1149.619));
#4563=CARTESIAN_POINT('',(-411.618,1803.415,-1166.264));
#4576=CARTESIAN_POINT('',(172.667,2304.076,-726.486));
#4583=CARTESIAN_POINT('',(935.049,2382.467,-99.09));
#4593=CARTESIAN_POINT('',(1530.286,1918.918,480.973));
#4603=CARTESIAN_POINT('',(1741.301,1187.199,962.123));
#4610=CARTESIAN_POINT('',(180.017,2402.158,-571.011));
#4620=CARTESIAN_POINT('',(-459.785,2014.449,-1001.054));
#4624=CARTESIAN_POINT('',(185.834,2479.785,-404.356));
#4628=CARTESIAN_POINT('',(-488.543,2140.445,-870.08));
#4638=CARTESIAN_POINT('',(930.009,2369.625,197.845));
#4642=CARTESIAN_POINT('',(1435.764,1800.391,737.208));
#4646=CARTESIAN_POINT('',(1550.197,1056.906,1149.619));
#4662=CARTESIAN_POINT('',(-924.897,1601.968,-1166.264));
#4672=CARTESIAN_POINT('',(-514.143,2252.606,-726.486));
#4676=CARTESIAN_POINT('',(191.263,2552.231,-99.09));
#4686=CARTESIAN_POINT('',(896.689,2284.726,480.973));
#4693=CARTESIAN_POINT('',(1314.007,1647.712,962.123));
#4700=CARTESIAN_POINT('',(-536.029,2348.498,-571.011));
#4707=CARTESIAN_POINT('',(-1033.127,1789.429,-1001.054));
#4714=CARTESIAN_POINT('',(-553.351,2424.391,-404.356));
#4724=CARTESIAN_POINT('',(-1097.745,1901.351,-870.08));
#4734=CARTESIAN_POINT('',(190.232,2538.474,197.845));
#4738=CARTESIAN_POINT('',(841.302,2143.604,737.208));
#4745=CARTESIAN_POINT('',(1169.797,1466.879,1149.619));
#4761=CARTESIAN_POINT('',(-1355.995,1258.179,-1166.264));
#4771=CARTESIAN_POINT('',(-1155.268,2000.983,-726.486));
#4778=CARTESIAN_POINT('',(-569.517,2495.218,-99.09));
#4782=CARTESIAN_POINT('',(183.417,2447.525,480.973));
#4789=CARTESIAN_POINT('',(769.957,1961.819,962.123));
#4796=CARTESIAN_POINT('',(-1204.447,2086.163,-571.011));
#4800=CARTESIAN_POINT('',(-1514.672,1405.41,-1001.054));
#4807=CARTESIAN_POINT('',(-1243.369,2153.579,-404.356));
#4817=CARTESIAN_POINT('',(-1609.409,1493.313,-870.08));
#4824=CARTESIAN_POINT('',(-566.447,2481.768,197.845));
#4831=CARTESIAN_POINT('',(172.087,2296.348,737.208));
#4838=CARTESIAN_POINT('',(685.456,1746.514,1149.619));
#4854=CARTESIAN_POINT('',(-1666.606,802.595,-1166.264));
#4864=CARTESIAN_POINT('',(-1693.743,1571.564,-726.486));
#4871=CARTESIAN_POINT('',(-1279.694,2216.495,-99.09));
#4878=CARTESIAN_POINT('',(-546.153,2392.852,480.973));
#4888=CARTESIAN_POINT('',(157.494,2101.61,962.123));
#4895=CARTESIAN_POINT('',(-1765.844,1638.464,-571.011));
#4902=CARTESIAN_POINT('',(-1861.631,896.514,-1001.054));
#4906=CARTESIAN_POINT('',(-2195.491,0,-870.08));
#4907=CARTESIAN_POINT('',(-2066.254,0,-1001.054));
#4914=CARTESIAN_POINT('',(-1822.908,1691.412,-404.356));
#4921=CARTESIAN_POINT('',(-1978.069,952.588,-870.08));
#4934=CARTESIAN_POINT('',(-1272.796,2204.547,197.845));
#4941=CARTESIAN_POINT('',(-512.418,2245.051,737.208));
#4945=CARTESIAN_POINT('',(140.209,1870.963,1149.619));
#4961=CARTESIAN_POINT('',(-2081.721,1002.504,-726.486));
#4965=CARTESIAN_POINT('',(-2310.536,0,-726.486));
#4969=CARTESIAN_POINT('',(-2408.894,0,-571.011));
#4976=CARTESIAN_POINT('',(-1876.164,1740.826,-99.09));
#4983=CARTESIAN_POINT('',(-1227.194,2125.563,480.973));
#4987=CARTESIAN_POINT('',(-468.964,2054.664,962.123));
#4994=CARTESIAN_POINT('',(-2170.338,1045.18,-571.011));
#5004=CARTESIAN_POINT('',(-2240.474,1078.955,-404.356));
#5005=CARTESIAN_POINT('',(-2486.738,0,-404.356));
#5009=CARTESIAN_POINT('',(-2535.482,0,-246.153));
#5022=CARTESIAN_POINT('',(-1866.051,1731.442,197.845));
#5029=CARTESIAN_POINT('',(-1151.393,1994.272,737.208));
#5036=CARTESIAN_POINT('',(-417.496,1829.168,1149.619));
#5052=CARTESIAN_POINT('',(-2305.928,1110.477,-99.09));
#5056=CARTESIAN_POINT('',(-2559.388,0,-99.09));
#5060=CARTESIAN_POINT('',(-2562.833,0,49.856));
#5073=CARTESIAN_POINT('',(-1799.194,1669.408,480.973));
#5080=CARTESIAN_POINT('',(-1053.752,1825.151,962.123));
#5090=CARTESIAN_POINT('',(-2293.499,1104.491,197.845));
#5091=CARTESIAN_POINT('',(-2545.592,0,197.845));
#5095=CARTESIAN_POINT('',(-2508.758,0,342.224));
#5105=CARTESIAN_POINT('',(-1688.062,1566.293,737.208));
#5112=CARTESIAN_POINT('',(-938.104,1624.845,1149.619));
#5125=CARTESIAN_POINT('',(-2211.328,1064.919,480.973));
#5126=CARTESIAN_POINT('',(-2454.388,0,480.973));
#5130=CARTESIAN_POINT('',(-2384.945,0,612.844));
#5146=CARTESIAN_POINT('',(-1544.909,1433.466,962.123));
#5153=CARTESIAN_POINT('',(-2074.739,999.142,737.208));
#5154=CARTESIAN_POINT('',(-2302.787,0,737.208));
#5158=CARTESIAN_POINT('',(-2209.855,0,853.753));
#5168=CARTESIAN_POINT('',(-1375.358,1276.146,1149.619));
#5184=CARTESIAN_POINT('',(-1898.795,914.411,962.123));
#5188=CARTESIAN_POINT('',(-2107.503,0,962.123));
#5192=CARTESIAN_POINT('',(-1996.373,0,1061.464));
#5202=CARTESIAN_POINT('',(-1690.406,814.056,1149.619));
#5227=CARTESIAN_POINT('',(-1738.148,261.984,-1215.765));
#5234=CARTESIAN_POINT('',(-1940.143,0,-1105.199));
#5244=CARTESIAN_POINT('',(-1752.866,131.359,-1215.765));
#5251=CARTESIAN_POINT('',(-1659.798,0,-1251.848));
#5255=CARTESIAN_POINT('',(-1711.681,0,-1235.09));
#5259=CARTESIAN_POINT('',(-1778.275,0,-1205.944));
#5263=CARTESIAN_POINT('',(-1849.794,0,-1166.264));
#5273=CARTESIAN_POINT('',(-2251.591,0,-1019.231));
#5274=CARTESIAN_POINT('',(-2134.976,0,-1130.792));
#5278=CARTESIAN_POINT('',(-2358.502,0,-898.336));
#5285=CARTESIAN_POINT('',(-2008.853,0,-1231.456));
#5292=CARTESIAN_POINT('',(-2454.708,0,-768.766));
#5299=CARTESIAN_POINT('',(-1872.453,0,-1317.598));
#5306=CARTESIAN_POINT('',(-1753.474,0,-1371.558));
#5313=CARTESIAN_POINT('',(-2607.93,0,-485.209));
#5314=CARTESIAN_POINT('',(-2538.561,0,-630.893));
#5327=CARTESIAN_POINT('',(-1659.217,0,-1398.322));
#5334=CARTESIAN_POINT('',(-2660.436,0,-332.652));
#5344=CARTESIAN_POINT('',(-1605.918,0,-1406.545));
#5348=CARTESIAN_POINT('',(-1552.068,0,-1409.4));
#5358=CARTESIAN_POINT('',(-2693.824,0,-174.82));
#5365=CARTESIAN_POINT('',(-2706.419,0,-13.996));
#5372=CARTESIAN_POINT('',(-2697.532,0,147.075));
#5376=CARTESIAN_POINT('',(-2667.653,0,305.607));
#5386=CARTESIAN_POINT('',(-2618.31,0,459.213));
#5393=CARTESIAN_POINT('',(-2551.693,0,606.173));
#5397=CARTESIAN_POINT('',(-576,0,-1409.4));
#5407=CARTESIAN_POINT('',(-2470.188,0,745.444));
#5414=CARTESIAN_POINT('',(-2375.99,0,876.479));
#5421=CARTESIAN_POINT('',(-2270.844,0,998.911));
#5428=CARTESIAN_POINT('',(-2155.872,0,1112.167));
#5435=CARTESIAN_POINT('',(-2031.425,0,1214.902));
#5442=CARTESIAN_POINT('',(-1912.388,0,1294.917));
#5449=CARTESIAN_POINT('',(-1828.134,0,1340.158));
#5453=CARTESIAN_POINT('',(-1762.177,0,1368.343));
#5460=CARTESIAN_POINT('',(-1693.883,0,1390.236));
#5467=CARTESIAN_POINT('',(-1623.588,0,1404.398));
#5474=CARTESIAN_POINT('',(-1552.068,0,1409.4));
#5481=CARTESIAN_POINT('',(-576,0,1409.4));
#5488=CARTESIAN_POINT('',(569.567,85.848,-1409.4));
#5489=CARTESIAN_POINT('',(576,0,-1409.4));
#5496=CARTESIAN_POINT('',(550.41,169.779,-1409.4));
#5503=CARTESIAN_POINT('',(518.958,249.917,-1409.4));
#5510=CARTESIAN_POINT('',(475.914,324.472,-1409.4));
#5517=CARTESIAN_POINT('',(422.238,391.779,-1409.4));
#5527=CARTESIAN_POINT('',(359.13,450.335,-1409.4));
#5531=CARTESIAN_POINT('',(288,498.831,-1409.4));
#5538=CARTESIAN_POINT('',(210.436,536.183,-1409.4));
#5545=CARTESIAN_POINT('',(128.172,561.558,-1409.4));
#5552=CARTESIAN_POINT('',(43.045,574.389,-1409.4));
#5562=CARTESIAN_POINT('',(-43.045,574.389,-1409.4));
#5566=CARTESIAN_POINT('',(-128.172,561.558,-1409.4));
#5576=CARTESIAN_POINT('',(-210.436,536.183,-1409.4));
#5580=CARTESIAN_POINT('',(-288,498.831,-1409.4));
#5590=CARTESIAN_POINT('',(-359.13,450.335,-1409.4));
#5594=CARTESIAN_POINT('',(-422.238,391.779,-1409.4));
#5601=CARTESIAN_POINT('',(-475.914,324.472,-1409.4));
#5611=CARTESIAN_POINT('',(-518.958,249.917,-1409.4));
#5615=CARTESIAN_POINT('',(-550.41,169.779,-1409.4));
#5622=CARTESIAN_POINT('',(-569.567,85.848,-1409.4));
#5635=CARTESIAN_POINT('',(1552.068,0,-1409.4));
#5636=CARTESIAN_POINT('',(1605.918,0,-1406.545));
#5646=CARTESIAN_POINT('',(1659.217,0,-1398.322));
#5653=CARTESIAN_POINT('',(1753.474,0,-1371.558));
#5663=CARTESIAN_POINT('',(1872.453,0,-1317.598));
#5673=CARTESIAN_POINT('',(2008.853,0,-1231.456));
#5680=CARTESIAN_POINT('',(2134.976,0,-1130.792));
#5687=CARTESIAN_POINT('',(2251.591,0,-1019.231));
#5694=CARTESIAN_POINT('',(2358.502,0,-898.336));
#5701=CARTESIAN_POINT('',(2454.708,0,-768.766));
#5708=CARTESIAN_POINT('',(2538.561,0,-630.893));
#5712=CARTESIAN_POINT('',(2607.93,0,-485.209));
#5719=CARTESIAN_POINT('',(2660.436,0,-332.652));
#5726=CARTESIAN_POINT('',(2693.824,0,-174.82));
#5733=CARTESIAN_POINT('',(2706.419,0,-13.996));
#5740=CARTESIAN_POINT('',(576,0,1409.4));
#5744=CARTESIAN_POINT('',(2697.532,0,147.075));
#5751=CARTESIAN_POINT('',(1552.068,0,1409.4));
#5758=CARTESIAN_POINT('',(2667.653,0,305.607));
#5765=CARTESIAN_POINT('',(1623.588,0,1404.398));
#5772=CARTESIAN_POINT('',(2618.31,0,459.213));
#5779=CARTESIAN_POINT('',(1693.883,0,1390.236));
#5786=CARTESIAN_POINT('',(1762.177,0,1368.343));
#5793=CARTESIAN_POINT('',(2551.693,0,606.173));
#5800=CARTESIAN_POINT('',(1828.134,0,1340.158));
#5804=CARTESIAN_POINT('',(1912.388,0,1294.917));
#5811=CARTESIAN_POINT('',(2470.188,0,745.444));
#5818=CARTESIAN_POINT('',(2031.425,0,1214.902));
#5825=CARTESIAN_POINT('',(2375.99,0,876.479));
#5832=CARTESIAN_POINT('',(2155.872,0,1112.167));
#5839=CARTESIAN_POINT('',(2270.844,0,998.911));
#5975=CARTESIAN_POINT('',(569.567,85.848,1409.4));
#5982=CARTESIAN_POINT('',(550.41,169.779,1409.4));
#5989=CARTESIAN_POINT('',(518.958,249.917,1409.4));
#5996=CARTESIAN_POINT('',(475.914,324.472,1409.4));
#5997=CARTESIAN_POINT('',(422.238,391.779,1409.4));
#6007=CARTESIAN_POINT('',(359.13,450.335,1409.4));
#6017=CARTESIAN_POINT('',(288,498.831,1409.4));
#6024=CARTESIAN_POINT('',(210.436,536.183,1409.4));
#6031=CARTESIAN_POINT('',(128.172,561.558,1409.4));
#6038=CARTESIAN_POINT('',(43.045,574.389,1409.4));
#6039=CARTESIAN_POINT('',(-43.045,574.389,1409.4));
#6052=CARTESIAN_POINT('',(-128.172,561.558,1409.4));
#6053=CARTESIAN_POINT('',(-210.436,536.183,1409.4));
#6069=CARTESIAN_POINT('',(-288,498.831,1409.4));
#6073=CARTESIAN_POINT('',(-359.13,450.335,1409.4));
#6080=CARTESIAN_POINT('',(-422.238,391.779,1409.4));
#6081=CARTESIAN_POINT('',(-475.914,324.472,1409.4));
#6094=CARTESIAN_POINT('',(-518.958,249.917,1409.4));
#6101=CARTESIAN_POINT('',(-550.41,169.779,1409.4));
#6102=CARTESIAN_POINT('',(-569.567,85.848,1409.4));
#6121=CARTESIAN_POINT('',(1534.733,231.324,1409.4));
#6125=CARTESIAN_POINT('',(1483.114,457.48,1409.4));
#6132=CARTESIAN_POINT('',(1398.365,673.417,1409.4));
#6139=CARTESIAN_POINT('',(1282.379,874.311,1409.4));
#6149=CARTESIAN_POINT('',(1137.747,1055.675,1409.4));
#6156=CARTESIAN_POINT('',(967.699,1213.456,1409.4));
#6163=CARTESIAN_POINT('',(776.034,1344.131,1409.4));
#6170=CARTESIAN_POINT('',(567.034,1444.78,1409.4));
#6180=CARTESIAN_POINT('',(345.368,1513.155,1409.4));
#6184=CARTESIAN_POINT('',(115.986,1547.728,1409.4));
#6194=CARTESIAN_POINT('',(-115.986,1547.728,1409.4));
#6198=CARTESIAN_POINT('',(-1534.733,231.324,1409.4));
#6205=CARTESIAN_POINT('',(-345.368,1513.155,1409.4));
#6215=CARTESIAN_POINT('',(-1483.114,457.48,1409.4));
#6222=CARTESIAN_POINT('',(-567.034,1444.78,1409.4));
#6226=CARTESIAN_POINT('',(-1398.365,673.417,1409.4));
#6233=CARTESIAN_POINT('',(-776.034,1344.131,1409.4));
#6243=CARTESIAN_POINT('',(-1282.379,874.311,1409.4));
#6250=CARTESIAN_POINT('',(-967.699,1213.456,1409.4));
#6257=CARTESIAN_POINT('',(-1137.747,1055.675,1409.4));
#6279=CARTESIAN_POINT('',(1534.733,231.324,-1409.4));
#6310=CARTESIAN_POINT('',(-1534.733,231.324,-1409.4));
#6317=CARTESIAN_POINT('',(1827.426,563.686,1294.917));
#6333=CARTESIAN_POINT('',(2060.093,635.454,1112.167));
#6343=CARTESIAN_POINT('',(1580.089,1077.286,1294.917));
#6356=CARTESIAN_POINT('',(2270.432,700.335,876.479));
#6366=CARTESIAN_POINT('',(1781.265,1214.446,1112.167));
#6373=CARTESIAN_POINT('',(2438.328,752.125,606.173));
#6383=CARTESIAN_POINT('',(1192.354,1495.165,1294.917));
#6393=CARTESIAN_POINT('',(1963.135,1338.443,876.479));
#6397=CARTESIAN_POINT('',(2549.137,786.304,305.607));
#6407=CARTESIAN_POINT('',(1344.164,1685.529,1112.167));
#6414=CARTESIAN_POINT('',(2108.308,1437.42,606.173));
#6424=CARTESIAN_POINT('',(2586.18,797.731,-13.996));
#6434=CARTESIAN_POINT('',(698.674,1780.191,1294.917));
#6447=CARTESIAN_POINT('',(1481.406,1857.624,876.479));
#6457=CARTESIAN_POINT('',(2204.118,1502.742,305.607));
#6461=CARTESIAN_POINT('',(2542.24,784.177,-332.652));
#6471=CARTESIAN_POINT('',(787.629,2006.845,1112.167));
#6475=CARTESIAN_POINT('',(1590.955,1994.994,606.173));
#6479=CARTESIAN_POINT('',(2236.148,1524.58,-13.996));
#6486=CARTESIAN_POINT('',(2425.78,748.254,-630.893));
#6496=CARTESIAN_POINT('',(142.913,1907.04,1294.917));
#6506=CARTESIAN_POINT('',(868.047,2211.747,876.479));
#6513=CARTESIAN_POINT('',(1663.254,2085.655,305.607));
#6520=CARTESIAN_POINT('',(2198.156,1498.677,-332.652));
#6527=CARTESIAN_POINT('',(2253.721,695.181,-898.336));
#6537=CARTESIAN_POINT('',(161.109,2149.844,1112.167));
#6544=CARTESIAN_POINT('',(932.238,2375.304,606.173));
#6551=CARTESIAN_POINT('',(1687.425,2115.963,-13.996));
#6558=CARTESIAN_POINT('',(2097.458,1430.023,-630.893));
#6565=CARTESIAN_POINT('',(2040.125,629.295,-1130.792));
#6575=CARTESIAN_POINT('',(-425.546,1864.44,1294.917));
#6588=CARTESIAN_POINT('',(177.558,2369.346,876.479));
#6598=CARTESIAN_POINT('',(974.603,2483.248,305.607));
#6605=CARTESIAN_POINT('',(1658.755,2080.013,-332.652));
#6612=CARTESIAN_POINT('',(1948.686,1328.592,-898.336));
#6622=CARTESIAN_POINT('',(-479.727,2101.82,1112.167));
#6626=CARTESIAN_POINT('',(1789.265,551.915,-1317.598));
#6627=CARTESIAN_POINT('',(1483.114,457.48,-1409.4));
#6631=CARTESIAN_POINT('',(1398.365,673.417,-1409.4));
#6644=CARTESIAN_POINT('',(190.688,2544.558,606.173));
#6648=CARTESIAN_POINT('',(988.766,2519.334,-13.996));
#6658=CARTESIAN_POINT('',(1582.767,1984.727,-630.893));
#6665=CARTESIAN_POINT('',(1764,1202.675,-1130.792));
#6669=CARTESIAN_POINT('',(-956.194,1656.176,1294.917));
#6679=CARTESIAN_POINT('',(-528.708,2316.419,876.479));
#6686=CARTESIAN_POINT('',(199.354,2660.193,305.607));
#6693=CARTESIAN_POINT('',(971.966,2476.53,-332.652));
#6700=CARTESIAN_POINT('',(1470.502,1843.951,-898.336));
#6707=CARTESIAN_POINT('',(-1077.936,1867.04,1112.167));
#6714=CARTESIAN_POINT('',(1547.093,1054.79,-1317.598));
#6721=CARTESIAN_POINT('',(1282.379,874.311,-1409.4));
#6725=CARTESIAN_POINT('',(1137.747,1055.675,-1409.4));
#6732=CARTESIAN_POINT('',(-567.805,2487.717,606.173));
#6742=CARTESIAN_POINT('',(202.251,2698.851,-13.996));
#6749=CARTESIAN_POINT('',(927.441,2363.08,-630.893));
#6753=CARTESIAN_POINT('',(1331.136,1669.192,-1130.792));
#6760=CARTESIAN_POINT('',(-1401.879,1300.754,1294.917));
#6773=CARTESIAN_POINT('',(-1187.995,2057.668,876.479));
#6780=CARTESIAN_POINT('',(-593.609,2600.769,305.607));
#6784=CARTESIAN_POINT('',(198.815,2652.997,-332.652));
#6791=CARTESIAN_POINT('',(861.658,2195.468,-898.336));
#6798=CARTESIAN_POINT('',(-1580.366,1466.366,1112.167));
#6802=CARTESIAN_POINT('',(1167.455,1463.942,-1317.598));
#6809=CARTESIAN_POINT('',(967.699,1213.456,-1409.4));
#6813=CARTESIAN_POINT('',(776.034,1344.131,-1409.4));
#6820=CARTESIAN_POINT('',(-1275.846,2209.831,606.173));
#6827=CARTESIAN_POINT('',(-602.235,2638.563,-13.996));
#6834=CARTESIAN_POINT('',(189.707,2531.463,-630.893));
#6841=CARTESIAN_POINT('',(779.994,1987.393,-1130.792));
#6851=CARTESIAN_POINT('',(-1723.002,829.754,1294.917));
#6870=CARTESIAN_POINT('',(-1741.724,1616.084,876.479));
#6877=CARTESIAN_POINT('',(-1333.826,2310.255,305.607));
#6887=CARTESIAN_POINT('',(-592.003,2593.734,-332.652));
#6894=CARTESIAN_POINT('',(176.251,2351.908,-898.336));
#6904=CARTESIAN_POINT('',(-1942.374,935.398,1112.167));
#6917=CARTESIAN_POINT('',(684.084,1743.017,-1317.598));
#6921=CARTESIAN_POINT('',(567.034,1444.78,-1409.4));
#6925=CARTESIAN_POINT('',(345.368,1513.155,-1409.4));
#6932=CARTESIAN_POINT('',(-1870.523,1735.592,606.173));
#6942=CARTESIAN_POINT('',(-1353.209,2343.828,-13.996));
#6946=CARTESIAN_POINT('',(-564.883,2474.914,-630.893));
#6953=CARTESIAN_POINT('',(159.547,2129.006,-1130.792));
#6957=CARTESIAN_POINT('',(-2140.693,1030.904,876.479));
#6973=CARTESIAN_POINT('',(-1955.528,1814.465,305.607));
#6977=CARTESIAN_POINT('',(-1330.218,2304.005,-332.652));
#6987=CARTESIAN_POINT('',(-524.816,2299.37,-898.336));
#6994=CARTESIAN_POINT('',(139.929,1867.217,-1317.598));
#7001=CARTESIAN_POINT('',(115.986,1547.728,-1409.4));
#7005=CARTESIAN_POINT('',(-115.986,1547.728,-1409.4));
#7012=CARTESIAN_POINT('',(-2298.996,1107.138,606.173));
#7028=CARTESIAN_POINT('',(-1983.945,1840.832,-13.996));
#7038=CARTESIAN_POINT('',(-1269.281,2198.459,-630.893));
#7042=CARTESIAN_POINT('',(-475.077,2081.448,-1130.792));
#7049=CARTESIAN_POINT('',(-2403.472,1157.451,305.607));
#7065=CARTESIAN_POINT('',(-1950.238,1809.556,-332.652));
#7069=CARTESIAN_POINT('',(-1179.251,2042.523,-898.336));
#7076=CARTESIAN_POINT('',(-416.66,1825.506,-1317.598));
#7086=CARTESIAN_POINT('',(-345.368,1513.155,-1409.4));
#7090=CARTESIAN_POINT('',(-567.034,1444.78,-1409.4));
#7094=CARTESIAN_POINT('',(-2438.399,1174.271,-13.996));
#7113=CARTESIAN_POINT('',(-1860.897,1726.66,-630.893));
#7123=CARTESIAN_POINT('',(-1067.488,1848.943,-1130.792));
#7130=CARTESIAN_POINT('',(-2396.97,1154.32,-332.652));
#7146=CARTESIAN_POINT('',(-1728.905,1604.189,-898.336));
#7153=CARTESIAN_POINT('',(-936.226,1621.592,-1317.598));
#7160=CARTESIAN_POINT('',(-776.034,1344.131,-1409.4));
#7164=CARTESIAN_POINT('',(-967.699,1213.456,-1409.4));
#7171=CARTESIAN_POINT('',(-2287.165,1101.441,-630.893));
#7184=CARTESIAN_POINT('',(-1565.048,1452.153,-1130.792));
#7188=CARTESIAN_POINT('',(-2124.937,1023.316,-898.336));
#7204=CARTESIAN_POINT('',(-1372.605,1273.591,-1317.598));
#7208=CARTESIAN_POINT('',(-1137.747,1055.675,-1409.4));
#7212=CARTESIAN_POINT('',(-1282.379,874.311,-1409.4));
#7222=CARTESIAN_POINT('',(-1923.547,926.331,-1130.792));
#7235=CARTESIAN_POINT('',(-1687.022,812.427,-1317.598));
#7236=CARTESIAN_POINT('',(-1398.365,673.417,-1409.4));
#7240=CARTESIAN_POINT('',(-1483.114,457.48,-1409.4));
#7253=CARTESIAN_POINT('',(-1773.548,267.319,-1355.753));
#7269=CARTESIAN_POINT('',(-1788.566,134.035,-1355.753));
#7540=CARTESIAN_POINT('',(1623.588,0,-1404.398));
#7544=CARTESIAN_POINT('',(1693.883,0,-1390.236));
#7548=CARTESIAN_POINT('',(1762.177,0,-1368.343));
#7552=CARTESIAN_POINT('',(1828.134,0,-1340.158));
#7556=CARTESIAN_POINT('',(1872.453,0,1317.598));
#7557=CARTESIAN_POINT('',(1753.474,0,1371.558));
#7561=CARTESIAN_POINT('',(1659.217,0,1398.322));
#7565=CARTESIAN_POINT('',(1605.918,0,1406.545));
#7572=CARTESIAN_POINT('',(-1623.588,0,-1404.398));
#7576=CARTESIAN_POINT('',(-1693.883,0,-1390.236));
#7580=CARTESIAN_POINT('',(-1762.177,0,-1368.343));
#7584=CARTESIAN_POINT('',(-1828.134,0,-1340.158));
#7588=CARTESIAN_POINT('',(-1912.388,0,-1294.917));
#7595=CARTESIAN_POINT('',(-1605.918,0,1406.545));
#7596=CARTESIAN_POINT('',(-1659.217,0,1398.322));
#7603=CARTESIAN_POINT('',(1827.426,563.686,-1294.917));
#7613=CARTESIAN_POINT('',(1912.388,0,-1294.917));
#7617=CARTESIAN_POINT('',(2031.425,0,-1214.902));
#7621=CARTESIAN_POINT('',(2060.093,635.454,-1112.167));
#7625=CARTESIAN_POINT('',(2155.872,0,-1112.167));
#7629=CARTESIAN_POINT('',(2270.844,0,-998.911));
#7633=CARTESIAN_POINT('',(1580.089,1077.286,-1294.917));
#7646=CARTESIAN_POINT('',(2270.432,700.335,-876.479));
#7650=CARTESIAN_POINT('',(2375.99,0,-876.479));
#7654=CARTESIAN_POINT('',(2470.188,0,-745.444));
#7658=CARTESIAN_POINT('',(1781.265,1214.446,-1112.167));
#7665=CARTESIAN_POINT('',(2438.328,752.125,-606.173));
#7669=CARTESIAN_POINT('',(2551.693,0,-606.173));
#7673=CARTESIAN_POINT('',(2618.31,0,-459.213));
#7677=CARTESIAN_POINT('',(1192.354,1495.165,-1294.917));
#7687=CARTESIAN_POINT('',(1963.135,1338.443,-876.479));
#7691=CARTESIAN_POINT('',(2549.137,786.304,-305.607));
#7695=CARTESIAN_POINT('',(2667.653,0,-305.607));
#7699=CARTESIAN_POINT('',(2697.532,0,-147.075));
#7703=CARTESIAN_POINT('',(1344.164,1685.529,-1112.167));
#7710=CARTESIAN_POINT('',(2108.308,1437.42,-606.173));
#7717=CARTESIAN_POINT('',(2586.18,797.731,13.996));
#7721=CARTESIAN_POINT('',(2706.419,0,13.996));
#7725=CARTESIAN_POINT('',(2693.824,0,174.82));
#7729=CARTESIAN_POINT('',(698.674,1780.191,-1294.917));
#7742=CARTESIAN_POINT('',(1481.406,1857.624,-876.479));
#7752=CARTESIAN_POINT('',(2204.118,1502.742,-305.607));
#7762=CARTESIAN_POINT('',(2542.24,784.177,332.652));
#7766=CARTESIAN_POINT('',(2660.436,0,332.652));
#7770=CARTESIAN_POINT('',(2607.93,0,485.209));
#7774=CARTESIAN_POINT('',(787.629,2006.845,-1112.167));
#7778=CARTESIAN_POINT('',(1590.955,1994.994,-606.173));
#7785=CARTESIAN_POINT('',(2236.148,1524.58,13.996));
#7789=CARTESIAN_POINT('',(2425.78,748.254,630.893));
#7793=CARTESIAN_POINT('',(2538.561,0,630.893));
#7797=CARTESIAN_POINT('',(2454.708,0,768.766));
#7801=CARTESIAN_POINT('',(142.913,1907.04,-1294.917));
#7811=CARTESIAN_POINT('',(868.047,2211.747,-876.479));
#7818=CARTESIAN_POINT('',(1663.254,2085.655,-305.607));
#7822=CARTESIAN_POINT('',(2198.156,1498.677,332.652));
#7829=CARTESIAN_POINT('',(2253.721,695.181,898.336));
#7833=CARTESIAN_POINT('',(2358.502,0,898.336));
#7837=CARTESIAN_POINT('',(2251.591,0,1019.231));
#7841=CARTESIAN_POINT('',(161.109,2149.844,-1112.167));
#7848=CARTESIAN_POINT('',(932.238,2375.304,-606.173));
#7855=CARTESIAN_POINT('',(1687.425,2115.963,13.996));
#7862=CARTESIAN_POINT('',(2097.458,1430.023,630.893));
#7869=CARTESIAN_POINT('',(2040.125,629.295,1130.792));
#7873=CARTESIAN_POINT('',(2134.976,0,1130.792));
#7877=CARTESIAN_POINT('',(2008.853,0,1231.456));
#7881=CARTESIAN_POINT('',(-425.546,1864.44,-1294.917));
#7891=CARTESIAN_POINT('',(177.558,2369.346,-876.479));
#7901=CARTESIAN_POINT('',(974.603,2483.248,-305.607));
#7908=CARTESIAN_POINT('',(1658.755,2080.013,332.652));
#7915=CARTESIAN_POINT('',(1948.686,1328.592,898.336));
#7922=CARTESIAN_POINT('',(-479.727,2101.82,-1112.167));
#7929=CARTESIAN_POINT('',(1789.265,551.915,1317.598));
#7945=CARTESIAN_POINT('',(190.688,2544.558,-606.173));
#7949=CARTESIAN_POINT('',(988.766,2519.334,13.996));
#7956=CARTESIAN_POINT('',(1582.767,1984.727,630.893));
#7966=CARTESIAN_POINT('',(1764,1202.675,1130.792));
#7976=CARTESIAN_POINT('',(-956.194,1656.176,-1294.917));
#7986=CARTESIAN_POINT('',(-528.708,2316.419,-876.479));
#7993=CARTESIAN_POINT('',(199.354,2660.193,-305.607));
#8000=CARTESIAN_POINT('',(971.966,2476.53,332.652));
#8007=CARTESIAN_POINT('',(1470.502,1843.951,898.336));
#8011=CARTESIAN_POINT('',(-1077.936,1867.04,-1112.167));
#8021=CARTESIAN_POINT('',(1547.093,1054.79,1317.598));
#8034=CARTESIAN_POINT('',(-567.805,2487.717,-606.173));
#8044=CARTESIAN_POINT('',(202.251,2698.851,13.996));
#8051=CARTESIAN_POINT('',(927.441,2363.08,630.893));
#8061=CARTESIAN_POINT('',(1331.136,1669.192,1130.792));
#8068=CARTESIAN_POINT('',(-1401.879,1300.754,-1294.917));
#8081=CARTESIAN_POINT('',(-1187.995,2057.668,-876.479));
#8085=CARTESIAN_POINT('',(-593.609,2600.769,-305.607));
#8089=CARTESIAN_POINT('',(198.815,2652.997,332.652));
#8096=CARTESIAN_POINT('',(861.658,2195.468,898.336));
#8103=CARTESIAN_POINT('',(-1580.366,1466.366,-1112.167));
#8107=CARTESIAN_POINT('',(1167.455,1463.942,1317.598));
#8123=CARTESIAN_POINT('',(-1275.846,2209.831,-606.173));
#8130=CARTESIAN_POINT('',(-602.235,2638.563,13.996));
#8140=CARTESIAN_POINT('',(189.707,2531.463,630.893));
#8147=CARTESIAN_POINT('',(779.994,1987.393,1130.792));
#8154=CARTESIAN_POINT('',(-1723.002,829.754,-1294.917));
#8167=CARTESIAN_POINT('',(-2031.425,0,-1214.902));
#8174=CARTESIAN_POINT('',(-1741.724,1616.084,-876.479));
#8184=CARTESIAN_POINT('',(-1333.826,2310.255,-305.607));
#8191=CARTESIAN_POINT('',(-592.003,2593.734,332.652));
#8195=CARTESIAN_POINT('',(176.251,2351.908,898.336));
#8205=CARTESIAN_POINT('',(-1942.374,935.398,-1112.167));
#8206=CARTESIAN_POINT('',(-2155.872,0,-1112.167));
#8210=CARTESIAN_POINT('',(-2270.844,0,-998.911));
#8220=CARTESIAN_POINT('',(684.084,1743.017,1317.598));
#8233=CARTESIAN_POINT('',(-1870.523,1735.592,-606.173));
#8237=CARTESIAN_POINT('',(-1353.209,2343.828,13.996));
#8244=CARTESIAN_POINT('',(-564.883,2474.914,630.893));
#8251=CARTESIAN_POINT('',(159.547,2129.006,1130.792));
#8255=CARTESIAN_POINT('',(-2140.693,1030.904,-876.479));
#8262=CARTESIAN_POINT('',(-2375.99,0,-876.479));
#8266=CARTESIAN_POINT('',(-2470.188,0,-745.444));
#8276=CARTESIAN_POINT('',(-1955.528,1814.465,-305.607));
#8283=CARTESIAN_POINT('',(-1330.218,2304.005,332.652));
#8293=CARTESIAN_POINT('',(-524.816,2299.37,898.336));
#8300=CARTESIAN_POINT('',(139.929,1867.217,1317.598));
#8316=CARTESIAN_POINT('',(-2298.996,1107.138,-606.173));
#8317=CARTESIAN_POINT('',(-2551.693,0,-606.173));
#8321=CARTESIAN_POINT('',(-2618.31,0,-459.213));
#8331=CARTESIAN_POINT('',(-1983.945,1840.832,13.996));
#8341=CARTESIAN_POINT('',(-1269.281,2198.459,630.893));
#8348=CARTESIAN_POINT('',(-475.077,2081.448,1130.792));
#8355=CARTESIAN_POINT('',(-2403.472,1157.451,-305.607));
#8365=CARTESIAN_POINT('',(-2667.653,0,-305.607));
#8369=CARTESIAN_POINT('',(-2697.532,0,-147.075));
#8373=CARTESIAN_POINT('',(-1950.238,1809.556,332.652));
#8377=CARTESIAN_POINT('',(-1179.251,2042.523,898.336));
#8381=CARTESIAN_POINT('',(-416.66,1825.506,1317.598));
#8397=CARTESIAN_POINT('',(-2438.399,1174.271,13.996));
#8404=CARTESIAN_POINT('',(-2706.419,0,13.996));
#8411=CARTESIAN_POINT('',(-2693.824,0,174.82));
#8418=CARTESIAN_POINT('',(-1860.897,1726.66,630.893));
#8428=CARTESIAN_POINT('',(-1067.488,1848.943,1130.792));
#8435=CARTESIAN_POINT('',(-2396.97,1154.32,332.652));
#8439=CARTESIAN_POINT('',(-2660.436,0,332.652));
#8443=CARTESIAN_POINT('',(-2607.93,0,485.209));
#8453=CARTESIAN_POINT('',(-1728.905,1604.189,898.336));
#8457=CARTESIAN_POINT('',(-936.226,1621.592,1317.598));
#8473=CARTESIAN_POINT('',(-2287.165,1101.441,630.893));
#8474=CARTESIAN_POINT('',(-2538.561,0,630.893));
#8478=CARTESIAN_POINT('',(-2454.708,0,768.766));
#8488=CARTESIAN_POINT('',(-1565.048,1452.153,1130.792));
#8495=CARTESIAN_POINT('',(-2124.937,1023.316,898.336));
#8496=CARTESIAN_POINT('',(-2358.502,0,898.336));
#8500=CARTESIAN_POINT('',(-2251.591,0,1019.231));
#8513=CARTESIAN_POINT('',(-1372.605,1273.591,1317.598));
#8529=CARTESIAN_POINT('',(-1923.547,926.331,1130.792));
#8530=CARTESIAN_POINT('',(-2134.976,0,1130.792));
#8546=CARTESIAN_POINT('',(-1687.022,812.427,1317.598));
#8559=CARTESIAN_POINT('',(-1773.548,267.319,1355.753));
#8560=CARTESIAN_POINT('',(-2008.853,0,1231.456));
#8576=CARTESIAN_POINT('',(-1788.566,134.035,1355.753));
#8577=CARTESIAN_POINT('',(-1872.453,0,1317.598));
#8581=CARTESIAN_POINT('',(-1753.474,0,1371.558));
#8597=CARTESIAN_POINT('',(-2309.344,0,-1001.419));
#8598=CARTESIAN_POINT('',(-2178.738,0,-1131.929));
#8605=CARTESIAN_POINT('',(-2427.105,0,-859.213));
#8612=CARTESIAN_POINT('',(-2035.902,0,-1248.899));
#8619=CARTESIAN_POINT('',(-2530.2,0,-706.057));
#8626=CARTESIAN_POINT('',(-1879.968,0,-1347.606));
#8636=CARTESIAN_POINT('',(-1756.999,0,-1402.155));
#8640=CARTESIAN_POINT('',(-2615.891,0,-542.549));
#8653=CARTESIAN_POINT('',(-1659.686,0,-1428.811));
#8660=CARTESIAN_POINT('',(-2680.884,0,-369.794));
#8664=CARTESIAN_POINT('',(-1606.129,0,-1436.68));
#8677=CARTESIAN_POINT('',(-1552.068,0,-1439.4));
#8681=CARTESIAN_POINT('',(-2721.909,0,-189.858));
#8688=CARTESIAN_POINT('',(-2736.486,0,-5.897));
#8695=CARTESIAN_POINT('',(-2723.649,0,178.194));
#8705=CARTESIAN_POINT('',(-2684.252,0,358.492));
#8712=CARTESIAN_POINT('',(-2620.695,0,531.779));
#8725=CARTESIAN_POINT('',(-2536.225,0,695.919));
#8732=CARTESIAN_POINT('',(-2434.15,0,849.756));
#8739=CARTESIAN_POINT('',(-2317.26,0,992.678));
#8746=CARTESIAN_POINT('',(-2187.442,0,1123.972));
#8753=CARTESIAN_POINT('',(-2061.794,0,1229.562));
#8760=CARTESIAN_POINT('',(-1960.977,0,1300.2));
#8767=CARTESIAN_POINT('',(-1866.164,0,1354.809));
#8771=CARTESIAN_POINT('',(-1791.589,0,1389.06));
#8778=CARTESIAN_POINT('',(-1714.025,0,1415.826));
#8785=CARTESIAN_POINT('',(-1633.856,0,1433.232));
#8792=CARTESIAN_POINT('',(-1552.068,0,1439.4));
#8931=CARTESIAN_POINT('',(1552.068,0,-1439.4));
#8938=CARTESIAN_POINT('',(1606.129,0,-1436.68));
#8945=CARTESIAN_POINT('',(1659.686,0,-1428.811));
#8952=CARTESIAN_POINT('',(1756.999,0,-1402.155));
#8962=CARTESIAN_POINT('',(1879.968,0,-1347.606));
#8969=CARTESIAN_POINT('',(2035.902,0,-1248.899));
#8976=CARTESIAN_POINT('',(2178.738,0,-1131.929));
#8986=CARTESIAN_POINT('',(2309.344,0,-1001.419));
#8993=CARTESIAN_POINT('',(2427.105,0,-859.213));
#9000=CARTESIAN_POINT('',(2530.2,0,-706.057));
#9007=CARTESIAN_POINT('',(2615.891,0,-542.549));
#9014=CARTESIAN_POINT('',(2680.884,0,-369.794));
#9021=CARTESIAN_POINT('',(2721.909,0,-189.858));
#9028=CARTESIAN_POINT('',(2736.486,0,-5.897));
#9035=CARTESIAN_POINT('',(2723.649,0,178.194));
#9045=CARTESIAN_POINT('',(1552.068,0,1439.4));
#9055=CARTESIAN_POINT('',(2684.252,0,358.492));
#9059=CARTESIAN_POINT('',(1633.856,0,1433.232));
#9069=CARTESIAN_POINT('',(1714.025,0,1415.826));
#9076=CARTESIAN_POINT('',(2620.695,0,531.779));
#9083=CARTESIAN_POINT('',(1791.589,0,1389.06));
#9090=CARTESIAN_POINT('',(1866.164,0,1354.809));
#9094=CARTESIAN_POINT('',(2536.225,0,695.919));
#9101=CARTESIAN_POINT('',(1960.977,0,1300.2));
#9108=CARTESIAN_POINT('',(2434.15,0,849.756));
#9115=CARTESIAN_POINT('',(2061.794,0,1229.562));
#9122=CARTESIAN_POINT('',(2317.26,0,992.678));
#9129=CARTESIAN_POINT('',(2187.442,0,1123.972));
#9391=CARTESIAN_POINT('',(1534.733,231.324,1439.4));
#9395=CARTESIAN_POINT('',(1483.114,457.48,1439.4));
#9402=CARTESIAN_POINT('',(1398.365,673.417,1439.4));
#9409=CARTESIAN_POINT('',(1282.379,874.311,1439.4));
#9419=CARTESIAN_POINT('',(1137.747,1055.675,1439.4));
#9426=CARTESIAN_POINT('',(967.699,1213.456,1439.4));
#9433=CARTESIAN_POINT('',(776.034,1344.131,1439.4));
#9440=CARTESIAN_POINT('',(567.034,1444.78,1439.4));
#9450=CARTESIAN_POINT('',(345.368,1513.155,1439.4));
#9454=CARTESIAN_POINT('',(115.986,1547.728,1439.4));
#9464=CARTESIAN_POINT('',(-115.986,1547.728,1439.4));
#9468=CARTESIAN_POINT('',(-1534.733,231.324,1439.4));
#9475=CARTESIAN_POINT('',(-345.368,1513.155,1439.4));
#9485=CARTESIAN_POINT('',(-1483.114,457.48,1439.4));
#9492=CARTESIAN_POINT('',(-567.034,1444.78,1439.4));
#9496=CARTESIAN_POINT('',(-1398.365,673.417,1439.4));
#9503=CARTESIAN_POINT('',(-776.034,1344.131,1439.4));
#9513=CARTESIAN_POINT('',(-1282.379,874.311,1439.4));
#9520=CARTESIAN_POINT('',(-967.699,1213.456,1439.4));
#9527=CARTESIAN_POINT('',(-1137.747,1055.675,1439.4));
#9549=CARTESIAN_POINT('',(1534.733,231.324,-1439.4));
#9580=CARTESIAN_POINT('',(-1534.733,231.324,-1439.4));
#9593=CARTESIAN_POINT('',(1783.256,550.062,1354.809));
#9609=CARTESIAN_POINT('',(2090.26,644.76,1123.972));
#9619=CARTESIAN_POINT('',(1541.897,1051.248,1354.809));
#9632=CARTESIAN_POINT('',(2326.008,717.478,849.756));
#9642=CARTESIAN_POINT('',(1807.35,1232.23,1123.972));
#9646=CARTESIAN_POINT('',(2504.265,772.464,531.779));
#9656=CARTESIAN_POINT('',(1163.534,1459.026,1354.809));
#9669=CARTESIAN_POINT('',(2011.189,1371.206,849.756));
#9676=CARTESIAN_POINT('',(2602.645,802.81,178.194));
#9686=CARTESIAN_POINT('',(1363.848,1710.211,1123.972));
#9690=CARTESIAN_POINT('',(2165.32,1476.29,531.779));
#9697=CARTESIAN_POINT('',(681.786,1737.163,1354.809));
#9707=CARTESIAN_POINT('',(2600.982,802.297,-189.858));
#9717=CARTESIAN_POINT('',(1517.668,1903.095,849.756));
#9724=CARTESIAN_POINT('',(2250.384,1534.286,178.194));
#9734=CARTESIAN_POINT('',(799.162,2036.233,1123.972));
#9741=CARTESIAN_POINT('',(2499.674,771.047,-542.549));
#9751=CARTESIAN_POINT('',(1633.977,2048.942,531.779));
#9758=CARTESIAN_POINT('',(139.459,1860.946,1354.809));
#9768=CARTESIAN_POINT('',(2248.946,1533.306,-189.858));
#9775=CARTESIAN_POINT('',(889.295,2265.887,849.756));
#9785=CARTESIAN_POINT('',(2319.275,715.402,-859.213));
#9795=CARTESIAN_POINT('',(1698.167,2129.435,178.194));
#9805=CARTESIAN_POINT('',(163.468,2181.326,1123.972));
#9815=CARTESIAN_POINT('',(2161.351,1473.584,-542.549));
#9819=CARTESIAN_POINT('',(957.448,2439.537,531.779));
#9826=CARTESIAN_POINT('',(-415.261,1819.376,1354.809));
#9836=CARTESIAN_POINT('',(2081.943,642.194,-1131.929));
#9846=CARTESIAN_POINT('',(1697.082,2128.074,-189.858));
#9853=CARTESIAN_POINT('',(181.904,2427.344,849.756));
#9860=CARTESIAN_POINT('',(2005.368,1367.237,-859.213));
#9867=CARTESIAN_POINT('',(995.061,2535.373,178.194));
#9871=CARTESIAN_POINT('',(-486.752,2132.598,1123.972));
#9878=CARTESIAN_POINT('',(1796.447,554.13,-1347.606));
#9882=CARTESIAN_POINT('',(1483.114,457.48,-1439.4));
#9886=CARTESIAN_POINT('',(1398.365,673.417,-1439.4));
#9896=CARTESIAN_POINT('',(1630.981,2045.186,-542.549));
#9903=CARTESIAN_POINT('',(195.845,2613.368,531.779));
#9907=CARTESIAN_POINT('',(-933.082,1616.146,1354.809));
#9917=CARTESIAN_POINT('',(1800.158,1227.327,-1131.929));
#9924=CARTESIAN_POINT('',(994.425,2533.753,-189.858));
#9931=CARTESIAN_POINT('',(-541.649,2373.121,849.756));
#9938=CARTESIAN_POINT('',(1513.275,1897.587,-859.213));
#9942=CARTESIAN_POINT('',(203.539,2716.033,178.194));
#9952=CARTESIAN_POINT('',(-1093.721,1894.38,1123.972));
#9959=CARTESIAN_POINT('',(1553.303,1059.024,-1347.606));
#9969=CARTESIAN_POINT('',(1282.379,874.311,-1439.4));
#9973=CARTESIAN_POINT('',(1137.747,1055.675,-1439.4));
#9977=CARTESIAN_POINT('',(955.692,2435.064,-542.549));
#9984=CARTESIAN_POINT('',(-583.16,2554.989,531.779));
#9991=CARTESIAN_POINT('',(-1367.995,1269.314,1354.809));
#10001=CARTESIAN_POINT('',(1358.421,1703.406,-1131.929));
#10008=CARTESIAN_POINT('',(203.408,2714.297,-189.858));
#10015=CARTESIAN_POINT('',(-1217.075,2108.036,849.756));
#10025=CARTESIAN_POINT('',(886.721,2259.328,-859.213));
#10035=CARTESIAN_POINT('',(-606.069,2655.361,178.194));
#10042=CARTESIAN_POINT('',(-1603.509,1487.839,1123.972));
#10049=CARTESIAN_POINT('',(1172.141,1469.818,-1347.606));
#10059=CARTESIAN_POINT('',(967.699,1213.456,-1439.4));
#10063=CARTESIAN_POINT('',(776.034,1344.131,-1439.4));
#10067=CARTESIAN_POINT('',(195.486,2608.576,-542.549));
#10074=CARTESIAN_POINT('',(-1310.348,2269.589,531.779));
#10078=CARTESIAN_POINT('',(-1681.356,809.698,1354.809));
#10094=CARTESIAN_POINT('',(795.983,2028.13,-1131.929));
#10098=CARTESIAN_POINT('',(-605.682,2653.665,-189.858));
#10105=CARTESIAN_POINT('',(-1784.359,1655.643,849.756));
#10115=CARTESIAN_POINT('',(181.378,2420.318,-859.213));
#10119=CARTESIAN_POINT('',(-1361.824,2358.749,178.194));
#10126=CARTESIAN_POINT('',(-1970.817,949.096,1123.972));
#10142=CARTESIAN_POINT('',(686.83,1750.013,-1347.606));
#10149=CARTESIAN_POINT('',(567.034,1444.78,-1439.4));
#10153=CARTESIAN_POINT('',(345.368,1513.155,-1439.4));
#10160=CARTESIAN_POINT('',(-582.09,2550.305,-542.549));
#10167=CARTESIAN_POINT('',(-1921.106,1782.526,531.779));
#10171=CARTESIAN_POINT('',(162.817,2172.646,-1131.929));
#10178=CARTESIAN_POINT('',(-1360.954,2357.242,-189.858));
#10188=CARTESIAN_POINT('',(-2193.094,1056.138,849.756));
#10207=CARTESIAN_POINT('',(-540.082,2366.252,-859.213));
#10214=CARTESIAN_POINT('',(-1996.576,1852.552,178.194));
#10221=CARTESIAN_POINT('',(140.49,1874.712,-1347.606));
#10225=CARTESIAN_POINT('',(115.986,1547.728,-1439.4));
#10229=CARTESIAN_POINT('',(-115.986,1547.728,-1439.4));
#10239=CARTESIAN_POINT('',(-1307.946,2265.428,-542.549));
#10243=CARTESIAN_POINT('',(-2361.165,1137.077,531.779));
#10256=CARTESIAN_POINT('',(-484.815,2124.113,-1131.929));
#10263=CARTESIAN_POINT('',(-1995.3,1851.368,-189.858));
#10270=CARTESIAN_POINT('',(-1213.552,2101.934,-859.213));
#10277=CARTESIAN_POINT('',(-2453.923,1181.747,178.194));
#10296=CARTESIAN_POINT('',(-418.332,1832.834,-1347.606));
#10303=CARTESIAN_POINT('',(-345.368,1513.155,-1439.4));
#10307=CARTESIAN_POINT('',(-567.034,1444.78,-1439.4));
#10314=CARTESIAN_POINT('',(-1917.584,1779.258,-542.549));
#10321=CARTESIAN_POINT('',(-1089.369,1886.843,-1131.929));
#10328=CARTESIAN_POINT('',(-2452.355,1180.992,-189.858));
#10341=CARTESIAN_POINT('',(-1779.194,1650.85,-859.213));
#10351=CARTESIAN_POINT('',(-939.984,1628.1,-1347.606));
#10361=CARTESIAN_POINT('',(-776.034,1344.131,-1439.4));
#10365=CARTESIAN_POINT('',(-967.699,1213.456,-1439.4));
#10369=CARTESIAN_POINT('',(-2356.836,1134.993,-542.549));
#10388=CARTESIAN_POINT('',(-1597.128,1481.918,-1131.929));
#10395=CARTESIAN_POINT('',(-2186.746,1053.081,-859.213));
#10408=CARTESIAN_POINT('',(-1378.114,1278.703,-1347.606));
#10415=CARTESIAN_POINT('',(-1137.747,1055.675,-1439.4));
#10419=CARTESIAN_POINT('',(-1282.379,874.311,-1439.4));
#10423=CARTESIAN_POINT('',(-1962.975,945.319,-1131.929));
#10439=CARTESIAN_POINT('',(-1693.793,815.688,-1347.606));
#10455=CARTESIAN_POINT('',(-1398.365,673.417,-1439.4));
#10459=CARTESIAN_POINT('',(-1483.114,457.48,-1439.4));
#10595=CARTESIAN_POINT('',(-1179.849,568.186,-689.307));
#10596=CARTESIAN_POINT('',(-1154.244,555.854,154.911));
#10597=CARTESIAN_POINT('',(-1281.114,0,154.911));
#10601=CARTESIAN_POINT('',(-959.956,890.709,-689.307));
#10605=CARTESIAN_POINT('',(-1291.403,1198.246,-1051.194));
#10606=CARTESIAN_POINT('',(-880.84,1525.659,-1051.194));
#10607=CARTESIAN_POINT('',(-770.149,1333.938,-1122.561));
#10611=CARTESIAN_POINT('',(-975.443,1689.518,-911.146));
#10615=CARTESIAN_POINT('',(-1129.119,1047.669,-1122.561));
#10619=CARTESIAN_POINT('',(2392.971,360.682,0));
#10620=CARTESIAN_POINT('',(2413.648,0,108.144));
#10621=CARTESIAN_POINT('',(2420,0,0));
#10625=CARTESIAN_POINT('',(2394.919,0,214.847));
#10629=CARTESIAN_POINT('',(2364.698,0,318.888));
#10633=CARTESIAN_POINT('',(-1111.936,1925.929,-598.577));
#10634=CARTESIAN_POINT('',(-494.858,2168.115,-598.577));
#10635=CARTESIAN_POINT('',(-434.113,1901.974,-911.146));
#10642=CARTESIAN_POINT('',(-1226.922,590.855,-949.262));
#10643=CARTESIAN_POINT('',(-1348.05,0,-904.639));
#10650=CARTESIAN_POINT('',(-1044.155,968.835,-1065.481));
#10651=CARTESIAN_POINT('',(-998.256,926.246,-949.262));
#10658=CARTESIAN_POINT('',(-1374.439,0,-982.328));
#10662=CARTESIAN_POINT('',(-1396.701,0,-1026.928));
#10666=CARTESIAN_POINT('',(-1430.101,1326.94,-911.146));
#10670=CARTESIAN_POINT('',(-1283.335,618.022,-1065.481));
#10677=CARTESIAN_POINT('',(-1417.871,0,-1057.739));
#10681=CARTESIAN_POINT('',(-1436.861,0,-1078.371));
#10685=CARTESIAN_POINT('',(-1454.9,0,-1093.229));
#10689=CARTESIAN_POINT('',(-1330.187,640.584,-1106.142));
#10696=CARTESIAN_POINT('',(-1082.275,1004.205,-1106.142));
#10700=CARTESIAN_POINT('',(-1473.325,0,-1104.576));
#10704=CARTESIAN_POINT('',(-1492.826,0,-1113.132));
#10708=CARTESIAN_POINT('',(-1513.912,0,-1119.084));
#10715=CARTESIAN_POINT('',(-1387.761,668.31,-1122.561));
#10722=CARTESIAN_POINT('',(-1540.298,0,-1122.561));
#10726=CARTESIAN_POINT('',(-1567.684,0,-1122.341));
#10730=CARTESIAN_POINT('',(-1594.864,0,-1118.943));
#10734=CARTESIAN_POINT('',(-1621.607,0,-1113.001));
#10738=CARTESIAN_POINT('',(-1656.432,0,-1101.992));
#10742=CARTESIAN_POINT('',(-1587.218,764.364,-1051.194));
#10752=CARTESIAN_POINT('',(-1706.853,0,-1080.579));
#10756=CARTESIAN_POINT('',(-1778.792,0,-1040.882));
#10760=CARTESIAN_POINT('',(-1855.236,0,-988.891));
#10764=CARTESIAN_POINT('',(-1630.213,1512.617,-598.577));
#10771=CARTESIAN_POINT('',(-1757.688,846.458,-911.146));
#10781=CARTESIAN_POINT('',(-1950.887,0,-911.146));
#10785=CARTESIAN_POINT('',(-2050.647,0,-814.827));
#10789=CARTESIAN_POINT('',(-2141.964,0,-710.466));
#10793=CARTESIAN_POINT('',(-2003.639,964.902,-598.577));
#10797=CARTESIAN_POINT('',(-2223.872,0,-598.577));
#10807=CARTESIAN_POINT('',(2307.189,526.601,-313.593));
#10808=CARTESIAN_POINT('',(2393.487,0,-220.891));
#10812=CARTESIAN_POINT('',(2294.693,0,-479.374));
#10813=CARTESIAN_POINT('',(2223.872,0,-598.577));
#10817=CARTESIAN_POINT('',(2352.132,0,-353.195));
#10824=CARTESIAN_POINT('',(2125.071,655.498,-598.577));
#10828=CARTESIAN_POINT('',(2312.486,713.307,0));
#10832=CARTESIAN_POINT('',(2202.934,864.588,-313.593));
#10836=CARTESIAN_POINT('',(2180.345,1049.999,0));
#10843=CARTESIAN_POINT('',(2049.469,1183.261,-313.593));
#10847=CARTESIAN_POINT('',(1837.449,1252.752,-598.577));
#10851=CARTESIAN_POINT('',(1999.498,1363.235,0));
#10858=CARTESIAN_POINT('',(1850.222,1475.503,-313.593));
#10862=CARTESIAN_POINT('',(1773.986,1646.018,0));
#10869=CARTESIAN_POINT('',(1609.644,1734.784,-313.593));
#10870=CARTESIAN_POINT('',(1386.561,1738.693,-598.577));
#10877=CARTESIAN_POINT('',(1508.845,1892.032,0));
#10884=CARTESIAN_POINT('',(1333.11,1955.313,-313.593));
#10888=CARTESIAN_POINT('',(1210,2095.781,0));
#10895=CARTESIAN_POINT('',(1026.796,2132.163,-313.593));
#10899=CARTESIAN_POINT('',(884.125,2252.715,0));
#10903=CARTESIAN_POINT('',(812.472,2070.144,-598.577));
#10910=CARTESIAN_POINT('',(697.545,2261.385,-313.593));
#10917=CARTESIAN_POINT('',(538.501,2359.326,0));
#10921=CARTESIAN_POINT('',(352.712,2340.091,-313.593));
#10928=CARTESIAN_POINT('',(166.19,2217.653,-598.577));
#10932=CARTESIAN_POINT('',(180.847,2413.233,0));
#10936=CARTESIAN_POINT('',(0,2366.523,-313.593));
#10943=CARTESIAN_POINT('',(-180.847,2413.233,0));
#10947=CARTESIAN_POINT('',(-352.712,2340.091,-313.593));
#10954=CARTESIAN_POINT('',(-538.501,2359.326,0));
#10961=CARTESIAN_POINT('',(-697.545,2261.385,-313.593));
#10971=CARTESIAN_POINT('',(-884.125,2252.715,0));
#10975=CARTESIAN_POINT('',(-1026.796,2132.163,-313.593));
#10982=CARTESIAN_POINT('',(-1210,2095.781,0));
#10986=CARTESIAN_POINT('',(-1333.11,1955.313,-313.593));
#10993=CARTESIAN_POINT('',(-1508.845,1892.032,0));
#10997=CARTESIAN_POINT('',(-1609.644,1734.784,-313.593));
#11007=CARTESIAN_POINT('',(-1773.986,1646.018,0));
#11011=CARTESIAN_POINT('',(-1850.222,1475.503,-313.593));
#11018=CARTESIAN_POINT('',(-1999.498,1363.235,0));
#11022=CARTESIAN_POINT('',(-2049.469,1183.261,-313.593));
#11032=CARTESIAN_POINT('',(-2180.345,1049.999,0));
#11036=CARTESIAN_POINT('',(-2202.934,864.588,-313.593));
#11046=CARTESIAN_POINT('',(-2352.132,0,-353.195));
#11047=CARTESIAN_POINT('',(-2392.971,360.682,0));
#11051=CARTESIAN_POINT('',(-2294.693,0,-479.374));
#11058=CARTESIAN_POINT('',(-2312.486,713.307,0));
#11065=CARTESIAN_POINT('',(2413.281,0,-111.228));
#11072=CARTESIAN_POINT('',(-2413.648,0,108.144));
#11073=CARTESIAN_POINT('',(-2420,0,0));
#11077=CARTESIAN_POINT('',(-2394.919,0,214.847));
#11081=CARTESIAN_POINT('',(-2364.698,0,318.888));
#11085=CARTESIAN_POINT('',(-2324.212,0,419.389));
#11092=CARTESIAN_POINT('',(-2393.487,0,-220.891));
#11096=CARTESIAN_POINT('',(-2413.281,0,-111.228));
#11103=CARTESIAN_POINT('',(2173.718,670.503,515.813));
#11104=CARTESIAN_POINT('',(2324.212,0,419.389));
#11111=CARTESIAN_POINT('',(2274.78,0,515.813));
#11115=CARTESIAN_POINT('',(2197.072,0,637.586));
#11122=CARTESIAN_POINT('',(2096.189,0,764.993));
#11129=CARTESIAN_POINT('',(1895.054,584.547,881.766));
#11130=CARTESIAN_POINT('',(1983.16,0,881.766));
#11134=CARTESIAN_POINT('',(1858.738,0,986.288));
#11141=CARTESIAN_POINT('',(1879.512,1281.429,515.813));
#11151=CARTESIAN_POINT('',(1689.232,521.059,1047.583));
#11152=CARTESIAN_POINT('',(1735.982,0,1065.689));
#11159=CARTESIAN_POINT('',(1571.96,484.886,1105.964));
#11160=CARTESIAN_POINT('',(1676.626,0,1094.132));
#11164=CARTESIAN_POINT('',(1630.104,0,1110.635));
#11168=CARTESIAN_POINT('',(1594.058,0,1119.084));
#11172=CARTESIAN_POINT('',(1566.49,0,1122.422));
#11179=CARTESIAN_POINT('',(1443.989,445.412,1118.472));
#11180=CARTESIAN_POINT('',(1536.135,0,1122.272));
#11184=CARTESIAN_POINT('',(1511.124,0,1118.472));
#11188=CARTESIAN_POINT('',(1488.732,0,1111.598));
#11192=CARTESIAN_POINT('',(1469.666,0,1102.595));
#11199=CARTESIAN_POINT('',(1638.564,1117.154,881.766));
#11209=CARTESIAN_POINT('',(1370.782,422.83,1076.121));
#11210=CARTESIAN_POINT('',(1453.687,0,1092.355));
#11214=CARTESIAN_POINT('',(1438.99,0,1080.344));
#11218=CARTESIAN_POINT('',(1425.628,0,1066.863));
#11222=CARTESIAN_POINT('',(1413.562,0,1052.209));
#11229=CARTESIAN_POINT('',(1322.672,407.99,1003.655));
#11230=CARTESIAN_POINT('',(1399.327,0,1031.284));
#11234=CARTESIAN_POINT('',(1385.521,0,1006.385));
#11238=CARTESIAN_POINT('',(1370.088,0,971.704));
#11242=CARTESIAN_POINT('',(1351.771,0,917.795));
#11249=CARTESIAN_POINT('',(1418.302,1778.495,515.813));
#11259=CARTESIAN_POINT('',(1460.6,995.82,1047.583));
#11263=CARTESIAN_POINT('',(1272.554,392.531,834.777));
#11267=CARTESIAN_POINT('',(1331.719,0,834.777));
#11271=CARTESIAN_POINT('',(1359.2,926.687,1105.964));
#11278=CARTESIAN_POINT('',(1248.549,851.247,1118.472));
#11288=CARTESIAN_POINT('',(1239.578,382.359,557.27));
#11292=CARTESIAN_POINT('',(1297.209,0,557.27));
#11296=CARTESIAN_POINT('',(1236.48,1550.497,881.766));
#11303=CARTESIAN_POINT('',(1185.251,808.09,1076.121));
#11307=CARTESIAN_POINT('',(1143.652,779.729,1003.655));
#11314=CARTESIAN_POINT('',(831.071,2117.533,515.813));
#11324=CARTESIAN_POINT('',(1102.186,1382.098,1047.583));
#11331=CARTESIAN_POINT('',(1100.318,750.184,834.777));
#11338=CARTESIAN_POINT('',(1224.197,377.615,154.911));
#11342=CARTESIAN_POINT('',(1281.114,0,154.911));
#11346=CARTESIAN_POINT('',(1025.669,1286.148,1105.964));
#11353=CARTESIAN_POINT('',(942.17,1181.444,1118.472));
#11360=CARTESIAN_POINT('',(1071.805,730.744,557.27));
#11367=CARTESIAN_POINT('',(724.53,1846.071,881.766));
#11377=CARTESIAN_POINT('',(894.405,1121.548,1076.121));
#11384=CARTESIAN_POINT('',(863.013,1082.185,1003.655));
#11391=CARTESIAN_POINT('',(169.995,2268.42,515.813));
#11401=CARTESIAN_POINT('',(645.839,1645.57,1047.583));
#11405=CARTESIAN_POINT('',(830.313,1041.18,834.777));
#11412=CARTESIAN_POINT('',(1058.506,721.677,154.911));
#11419=CARTESIAN_POINT('',(601.002,1531.329,1105.964));
#11426=CARTESIAN_POINT('',(552.076,1406.666,1118.472));
#11436=CARTESIAN_POINT('',(808.797,1014.199,557.27));
#11446=CARTESIAN_POINT('',(1251.355,385.992,-689.307));
#11450=CARTESIAN_POINT('',(1309.534,0,-689.307));
#11454=CARTESIAN_POINT('',(1348.05,0,-904.639));
#11458=CARTESIAN_POINT('',(148.202,1977.615,881.766));
#11468=CARTESIAN_POINT('',(524.087,1335.351,1076.121));
#11472=CARTESIAN_POINT('',(505.693,1288.484,1003.655));
#11479=CARTESIAN_POINT('',(-506.186,2217.747,515.813));
#11492=CARTESIAN_POINT('',(1301.281,401.392,-949.262));
#11496=CARTESIAN_POINT('',(1374.439,0,-982.328));
#11500=CARTESIAN_POINT('',(1396.701,0,-1026.928));
#11504=CARTESIAN_POINT('',(132.106,1762.826,1047.583));
#11508=CARTESIAN_POINT('',(486.531,1239.662,834.777));
#11518=CARTESIAN_POINT('',(798.761,1001.615,154.911));
#11522=CARTESIAN_POINT('',(1361.113,419.848,-1065.481));
#11523=CARTESIAN_POINT('',(1417.871,0,-1057.739));
#11527=CARTESIAN_POINT('',(1436.861,0,-1078.371));
#11531=CARTESIAN_POINT('',(1454.9,0,-1093.229));
#11538=CARTESIAN_POINT('',(122.934,1640.445,1105.964));
#11545=CARTESIAN_POINT('',(1410.804,435.175,-1106.142));
#11549=CARTESIAN_POINT('',(1473.325,0,-1104.576));
#11553=CARTESIAN_POINT('',(1492.826,0,-1113.132));
#11557=CARTESIAN_POINT('',(1513.912,0,-1119.084));
#11561=CARTESIAN_POINT('',(1471.867,454.011,-1122.561));
#11562=CARTESIAN_POINT('',(1540.298,0,-1122.561));
#11566=CARTESIAN_POINT('',(1567.684,0,-1122.341));
#11570=CARTESIAN_POINT('',(1594.864,0,-1118.943));
#11574=CARTESIAN_POINT('',(1621.607,0,-1113.001));
#11578=CARTESIAN_POINT('',(1656.432,0,-1101.992));
#11585=CARTESIAN_POINT('',(112.926,1506.899,1118.472));
#11592=CARTESIAN_POINT('',(473.924,1207.538,557.27));
#11599=CARTESIAN_POINT('',(1081.988,737.687,-689.307));
#11606=CARTESIAN_POINT('',(-441.295,1933.438,881.766));
#11613=CARTESIAN_POINT('',(107.201,1430.503,1076.121));
#11623=CARTESIAN_POINT('',(103.439,1380.296,1003.655));
#11627=CARTESIAN_POINT('',(1683.413,519.264,-1051.194));
#11628=CARTESIAN_POINT('',(1706.853,0,-1080.579));
#11632=CARTESIAN_POINT('',(1778.792,0,-1040.882));
#11636=CARTESIAN_POINT('',(1855.236,0,-988.891));
#11643=CARTESIAN_POINT('',(-1137.39,1970.018,515.813));
#11656=CARTESIAN_POINT('',(1125.156,767.119,-949.262));
#11666=CARTESIAN_POINT('',(-393.366,1723.448,1047.583));
#11670=CARTESIAN_POINT('',(99.519,1327.995,834.777));
#11677=CARTESIAN_POINT('',(468.043,1192.555,154.911));
#11681=CARTESIAN_POINT('',(1864.214,575.034,-911.146));
#11682=CARTESIAN_POINT('',(1950.887,0,-911.146));
#11686=CARTESIAN_POINT('',(2050.647,0,-814.827));
#11690=CARTESIAN_POINT('',(2141.964,0,-710.466));
#11697=CARTESIAN_POINT('',(1176.89,802.39,-1065.481));
#11701=CARTESIAN_POINT('',(-366.057,1603.8,1105.964));
#11711=CARTESIAN_POINT('',(1219.856,831.684,-1106.142));
#11718=CARTESIAN_POINT('',(1272.654,867.681,-1122.561));
#11728=CARTESIAN_POINT('',(-336.257,1473.237,1118.472));
#11732=CARTESIAN_POINT('',(96.941,1293.582,557.27));
#11739=CARTESIAN_POINT('',(816.481,1023.835,-689.307));
#11752=CARTESIAN_POINT('',(-991.58,1717.467,881.766));
#11756=CARTESIAN_POINT('',(-319.209,1398.548,1076.121));
#11763=CARTESIAN_POINT('',(-308.006,1349.462,1003.655));
#11770=CARTESIAN_POINT('',(1455.568,992.389,-1051.194));
#11774=CARTESIAN_POINT('',(-1667.532,1547.244,515.813));
#11790=CARTESIAN_POINT('',(849.057,1064.683,-949.262));
#11794=CARTESIAN_POINT('',(-883.885,1530.933,1047.583));
#11801=CARTESIAN_POINT('',(-296.335,1298.33,834.777));
#11808=CARTESIAN_POINT('',(95.738,1277.531,154.911));
#11815=CARTESIAN_POINT('',(1611.898,1098.974,-911.146));
#11822=CARTESIAN_POINT('',(888.096,1113.637,-1065.481));
#11829=CARTESIAN_POINT('',(-822.523,1424.651,1105.964));
#11836=CARTESIAN_POINT('',(920.518,1154.293,-1106.142));
#11846=CARTESIAN_POINT('',(960.36,1204.254,-1122.561));
#11850=CARTESIAN_POINT('',(-755.562,1308.672,1118.472));
#11857=CARTESIAN_POINT('',(-288.656,1264.686,557.27));
#11864=CARTESIAN_POINT('',(478.427,1219.011,-689.307));
#11868=CARTESIAN_POINT('',(-1453.759,1348.891,881.766));
#11878=CARTESIAN_POINT('',(-717.257,1242.325,1076.121));
#11885=CARTESIAN_POINT('',(-692.083,1198.723,1003.655));
#11895=CARTESIAN_POINT('',(1098.389,1377.337,-1051.194));
#11902=CARTESIAN_POINT('',(-2049.506,986.99,515.813));
#11909=CARTESIAN_POINT('',(-2274.78,0,515.813));
#11913=CARTESIAN_POINT('',(-2197.072,0,637.586));
#11917=CARTESIAN_POINT('',(-2096.189,0,764.993));
#11933=CARTESIAN_POINT('',(497.515,1267.646,-949.262));
#11940=CARTESIAN_POINT('',(-1295.867,1202.388,1047.583));
#11944=CARTESIAN_POINT('',(-665.859,1153.302,834.777));
#11948=CARTESIAN_POINT('',(-285.075,1248.993,154.911));
#11955=CARTESIAN_POINT('',(1216.358,1525.265,-911.146));
#11962=CARTESIAN_POINT('',(520.39,1325.932,-1065.481));
#11969=CARTESIAN_POINT('',(-1205.903,1118.915,1105.964));
#11976=CARTESIAN_POINT('',(539.388,1374.339,-1106.142));
#11983=CARTESIAN_POINT('',(562.734,1433.823,-1122.561));
#11990=CARTESIAN_POINT('',(-1107.732,1027.825,1118.472));
#12000=CARTESIAN_POINT('',(-648.605,1123.416,557.27));
#12007=CARTESIAN_POINT('',(97.862,1305.872,-689.307));
#12014=CARTESIAN_POINT('',(-1786.765,860.461,881.766));
#12018=CARTESIAN_POINT('',(-1983.16,0,881.766));
#12022=CARTESIAN_POINT('',(-1858.738,0,986.288));
#12032=CARTESIAN_POINT('',(-1051.573,975.717,1076.121));
#12036=CARTESIAN_POINT('',(-1014.666,941.472,1003.655));
#12046=CARTESIAN_POINT('',(643.614,1639.901,-1051.194));
#12059=CARTESIAN_POINT('',(101.766,1357.973,-949.262));
#12069=CARTESIAN_POINT('',(-1592.705,767.006,1047.583));
#12073=CARTESIAN_POINT('',(-1735.982,0,1065.689));
#12083=CARTESIAN_POINT('',(-976.219,905.799,834.777));
#12087=CARTESIAN_POINT('',(-640.557,1109.477,154.911));
#12094=CARTESIAN_POINT('',(712.739,1816.029,-911.146));
#12104=CARTESIAN_POINT('',(106.445,1420.412,-1065.481));
#12108=CARTESIAN_POINT('',(-1482.134,713.758,1105.964));
#12115=CARTESIAN_POINT('',(-1676.626,0,1094.132));
#12119=CARTESIAN_POINT('',(-1630.104,0,1110.635));
#12123=CARTESIAN_POINT('',(-1594.058,0,1119.084));
#12127=CARTESIAN_POINT('',(-1566.49,0,1122.422));
#12134=CARTESIAN_POINT('',(110.331,1472.268,-1106.142));
#12144=CARTESIAN_POINT('',(115.107,1535.991,-1122.561));
#12148=CARTESIAN_POINT('',(-1361.476,655.652,1118.472));
#12152=CARTESIAN_POINT('',(-1536.135,0,1122.272));
#12156=CARTESIAN_POINT('',(-1511.124,0,1118.472));
#12160=CARTESIAN_POINT('',(-1488.732,0,1111.598));
#12164=CARTESIAN_POINT('',(-1469.666,0,1102.595));
#12177=CARTESIAN_POINT('',(-950.922,882.326,557.27));
#12187=CARTESIAN_POINT('',(-291.399,1276.701,-689.307));
#12200=CARTESIAN_POINT('',(-1292.452,622.412,1076.121));
#12204=CARTESIAN_POINT('',(-1453.687,0,1092.355));
#12208=CARTESIAN_POINT('',(-1438.99,0,1080.344));
#12212=CARTESIAN_POINT('',(-1425.628,0,1066.863));
#12216=CARTESIAN_POINT('',(-1413.562,0,1052.209));
#12223=CARTESIAN_POINT('',(-1247.091,600.567,1003.655));
#12233=CARTESIAN_POINT('',(-1399.327,0,1031.284));
#12237=CARTESIAN_POINT('',(-1385.521,0,1006.385));
#12241=CARTESIAN_POINT('',(-1370.088,0,971.704));
#12245=CARTESIAN_POINT('',(-1351.771,0,917.795));
#12249=CARTESIAN_POINT('',(131.65,1756.754,-1051.194));
#12259=CARTESIAN_POINT('',(-303.025,1327.639,-949.262));
#12266=CARTESIAN_POINT('',(-1199.837,577.811,834.777));
#12273=CARTESIAN_POINT('',(-1331.719,0,834.777));
#12283=CARTESIAN_POINT('',(-939.123,871.379,154.911));
#12287=CARTESIAN_POINT('',(145.79,1945.432,-911.146));
#12294=CARTESIAN_POINT('',(-316.958,1388.682,-1065.481));
#12298=CARTESIAN_POINT('',(-328.529,1439.38,-1106.142));
#12305=CARTESIAN_POINT('',(-342.749,1501.68,-1122.561));
#12312=CARTESIAN_POINT('',(-1168.745,562.838,557.27));
#12313=CARTESIAN_POINT('',(-1297.209,0,557.27));
#12326=CARTESIAN_POINT('',(-654.767,1134.09,-689.307));
#12333=CARTESIAN_POINT('',(-392.011,1717.511,-1051.194));
#12349=CARTESIAN_POINT('',(-680.891,1179.337,-949.262));
#12365=CARTESIAN_POINT('',(-712.197,1233.562,-1065.481));
#12372=CARTESIAN_POINT('',(-738.198,1278.597,-1106.142));
#12436=CARTESIAN_POINT('',(-1309.534,0,-689.307));
#23=POLY_LOOP('',(#20,#21,#22));
#24=FACE_OUTER_BOUND('',#23,.T.);
#25=FACETED_PRIMITIVE_FACE('',(#24));
#27=POLY_LOOP('',(#20,#22,#26));
#28=FACE_OUTER_BOUND('',#27,.T.);
#29=FACETED_PRIMITIVE_FACE('',(#28));
#33=POLY_LOOP('',(#30,#31,#32));
#34=FACE_OUTER_BOUND('',#33,.T.);
#35=FACETED_PRIMITIVE_FACE('',(#34));
#39=POLY_LOOP('',(#36,#37,#38));
#40=FACE_OUTER_BOUND('',#39,.T.);
#41=FACETED_PRIMITIVE_FACE('',(#40));
#43=POLY_LOOP('',(#36,#38,#42));
#44=FACE_OUTER_BOUND('',#43,.T.);
#45=FACETED_PRIMITIVE_FACE('',(#44));
#47=POLY_LOOP('',(#36,#42,#46));
#48=FACE_OUTER_BOUND('',#47,.T.);
#49=FACETED_PRIMITIVE_FACE('',(#48));
#50=POLY_LOOP('',(#36,#46,#21));
#51=FACE_OUTER_BOUND('',#50,.T.);
#52=FACETED_PRIMITIVE_FACE('',(#51));
#54=POLY_LOOP('',(#36,#53,#37));
#55=FACE_OUTER_BOUND('',#54,.T.);
#56=FACETED_PRIMITIVE_FACE('',(#55));
#59=POLY_LOOP('',(#57,#58,#36));
#60=FACE_OUTER_BOUND('',#59,.T.);
#61=FACETED_PRIMITIVE_FACE('',(#60));
#63=POLY_LOOP('',(#62,#20,#31));
#64=FACE_OUTER_BOUND('',#63,.T.);
#65=FACETED_PRIMITIVE_FACE('',(#64));
#67=POLY_LOOP('',(#62,#30,#66));
#68=FACE_OUTER_BOUND('',#67,.T.);
#69=FACETED_PRIMITIVE_FACE('',(#68));
#71=POLY_LOOP('',(#62,#66,#70));
#72=FACE_OUTER_BOUND('',#71,.T.);
#73=FACETED_PRIMITIVE_FACE('',(#72));
#75=POLY_LOOP('',(#62,#70,#74));
#76=FACE_OUTER_BOUND('',#75,.T.);
#77=FACETED_PRIMITIVE_FACE('',(#76));
#78=POLY_LOOP('',(#62,#21,#20));
#79=FACE_OUTER_BOUND('',#78,.T.);
#80=FACETED_PRIMITIVE_FACE('',(#79));
#81=POLY_LOOP('',(#62,#31,#30));
#82=FACE_OUTER_BOUND('',#81,.T.);
#83=FACETED_PRIMITIVE_FACE('',(#82));
#86=POLY_LOOP('',(#84,#62,#85));
#87=FACE_OUTER_BOUND('',#86,.T.);
#88=FACETED_PRIMITIVE_FACE('',(#87));
#90=POLY_LOOP('',(#84,#89,#57));
#91=FACE_OUTER_BOUND('',#90,.T.);
#92=FACETED_PRIMITIVE_FACE('',(#91));
#93=POLY_LOOP('',(#84,#21,#62));
#94=FACE_OUTER_BOUND('',#93,.T.);
#95=FACETED_PRIMITIVE_FACE('',(#94));
#96=POLY_LOOP('',(#84,#36,#21));
#97=FACE_OUTER_BOUND('',#96,.T.);
#98=FACETED_PRIMITIVE_FACE('',(#97));
#99=POLY_LOOP('',(#84,#57,#36));
#100=FACE_OUTER_BOUND('',#99,.T.);
#101=FACETED_PRIMITIVE_FACE('',(#100));
#104=POLY_LOOP('',(#37,#102,#103));
#105=FACE_OUTER_BOUND('',#104,.T.);
#106=FACETED_PRIMITIVE_FACE('',(#105));
#107=POLY_LOOP('',(#37,#53,#102));
#108=FACE_OUTER_BOUND('',#107,.T.);
#109=FACETED_PRIMITIVE_FACE('',(#108));
#113=POLY_LOOP('',(#110,#111,#112));
#114=FACE_OUTER_BOUND('',#113,.T.);
#115=FACETED_PRIMITIVE_FACE('',(#114));
#117=POLY_LOOP('',(#110,#116,#111));
#118=FACE_OUTER_BOUND('',#117,.T.);
#119=FACETED_PRIMITIVE_FACE('',(#118));
#122=POLY_LOOP('',(#120,#110,#121));
#123=FACE_OUTER_BOUND('',#122,.T.);
#124=FACETED_PRIMITIVE_FACE('',(#123));
#126=POLY_LOOP('',(#125,#110,#120));
#127=FACE_OUTER_BOUND('',#126,.T.);
#128=FACETED_PRIMITIVE_FACE('',(#127));
#131=POLY_LOOP('',(#129,#102,#130));
#132=FACE_OUTER_BOUND('',#131,.T.);
#133=FACETED_PRIMITIVE_FACE('',(#132));
#134=POLY_LOOP('',(#129,#103,#102));
#135=FACE_OUTER_BOUND('',#134,.T.);
#136=FACETED_PRIMITIVE_FACE('',(#135));
#139=POLY_LOOP('',(#137,#125,#138));
#140=FACE_OUTER_BOUND('',#139,.T.);
#141=FACETED_PRIMITIVE_FACE('',(#140));
#144=POLY_LOOP('',(#142,#143,#116));
#145=FACE_OUTER_BOUND('',#144,.T.);
#146=FACETED_PRIMITIVE_FACE('',(#145));
#148=POLY_LOOP('',(#142,#147,#143));
#149=FACE_OUTER_BOUND('',#148,.T.);
#150=FACETED_PRIMITIVE_FACE('',(#149));
#151=POLY_LOOP('',(#142,#130,#147));
#152=FACE_OUTER_BOUND('',#151,.T.);
#153=FACETED_PRIMITIVE_FACE('',(#152));
#154=POLY_LOOP('',(#142,#129,#130));
#155=FACE_OUTER_BOUND('',#154,.T.);
#156=FACETED_PRIMITIVE_FACE('',(#155));
#159=POLY_LOOP('',(#157,#137,#158));
#160=FACE_OUTER_BOUND('',#159,.T.);
#161=FACETED_PRIMITIVE_FACE('',(#160));
#162=POLY_LOOP('',(#157,#125,#137));
#163=FACE_OUTER_BOUND('',#162,.T.);
#164=FACETED_PRIMITIVE_FACE('',(#163));
#165=POLY_LOOP('',(#157,#116,#110));
#166=FACE_OUTER_BOUND('',#165,.T.);
#167=FACETED_PRIMITIVE_FACE('',(#166));
#168=POLY_LOOP('',(#157,#110,#125));
#169=FACE_OUTER_BOUND('',#168,.T.);
#170=FACETED_PRIMITIVE_FACE('',(#169));
#173=POLY_LOOP('',(#171,#172,#142));
#174=FACE_OUTER_BOUND('',#173,.T.);
#175=FACETED_PRIMITIVE_FACE('',(#174));
#178=POLY_LOOP('',(#176,#157,#177));
#179=FACE_OUTER_BOUND('',#178,.T.);
#180=FACETED_PRIMITIVE_FACE('',(#179));
#181=POLY_LOOP('',(#176,#171,#142));
#182=FACE_OUTER_BOUND('',#181,.T.);
#183=FACETED_PRIMITIVE_FACE('',(#182));
#184=POLY_LOOP('',(#176,#142,#116));
#185=FACE_OUTER_BOUND('',#184,.T.);
#186=FACETED_PRIMITIVE_FACE('',(#185));
#187=POLY_LOOP('',(#176,#116,#157));
#188=FACE_OUTER_BOUND('',#187,.T.);
#189=FACETED_PRIMITIVE_FACE('',(#188));
#190=POLY_LOOP('',(#129,#38,#37));
#191=FACE_OUTER_BOUND('',#190,.T.);
#192=FACETED_PRIMITIVE_FACE('',(#191));
#193=POLY_LOOP('',(#129,#37,#103));
#194=FACE_OUTER_BOUND('',#193,.T.);
#195=FACETED_PRIMITIVE_FACE('',(#194));
#196=POLY_LOOP('',(#142,#42,#38));
#197=FACE_OUTER_BOUND('',#196,.T.);
#198=FACETED_PRIMITIVE_FACE('',(#197));
#199=POLY_LOOP('',(#142,#38,#129));
#200=FACE_OUTER_BOUND('',#199,.T.);
#201=FACETED_PRIMITIVE_FACE('',(#200));
#202=POLY_LOOP('',(#172,#46,#42));
#203=FACE_OUTER_BOUND('',#202,.T.);
#204=FACETED_PRIMITIVE_FACE('',(#203));
#205=POLY_LOOP('',(#172,#21,#46));
#206=FACE_OUTER_BOUND('',#205,.T.);
#207=FACETED_PRIMITIVE_FACE('',(#206));
#208=POLY_LOOP('',(#172,#42,#142));
#209=FACE_OUTER_BOUND('',#208,.T.);
#210=FACETED_PRIMITIVE_FACE('',(#209));
#211=POLY_LOOP('',(#171,#21,#172));
#212=FACE_OUTER_BOUND('',#211,.T.);
#213=FACETED_PRIMITIVE_FACE('',(#212));
#214=POLY_LOOP('',(#176,#22,#21));
#215=FACE_OUTER_BOUND('',#214,.T.);
#216=FACETED_PRIMITIVE_FACE('',(#215));
#217=POLY_LOOP('',(#176,#26,#22));
#218=FACE_OUTER_BOUND('',#217,.T.);
#219=FACETED_PRIMITIVE_FACE('',(#218));
#220=POLY_LOOP('',(#176,#21,#171));
#221=FACE_OUTER_BOUND('',#220,.T.);
#222=FACETED_PRIMITIVE_FACE('',(#221));
#223=POLY_LOOP('',(#177,#26,#176));
#224=FACE_OUTER_BOUND('',#223,.T.);
#225=FACETED_PRIMITIVE_FACE('',(#224));
#226=POLY_LOOP('',(#157,#20,#26));
#227=FACE_OUTER_BOUND('',#226,.T.);
#228=FACETED_PRIMITIVE_FACE('',(#227));
#229=POLY_LOOP('',(#157,#31,#20));
#230=FACE_OUTER_BOUND('',#229,.T.);
#231=FACETED_PRIMITIVE_FACE('',(#230));
#232=POLY_LOOP('',(#157,#26,#177));
#233=FACE_OUTER_BOUND('',#232,.T.);
#234=FACETED_PRIMITIVE_FACE('',(#233));
#235=POLY_LOOP('',(#158,#31,#157));
#236=FACE_OUTER_BOUND('',#235,.T.);
#237=FACETED_PRIMITIVE_FACE('',(#236));
#238=POLY_LOOP('',(#137,#32,#31));
#239=FACE_OUTER_BOUND('',#238,.T.);
#240=FACETED_PRIMITIVE_FACE('',(#239));
#241=POLY_LOOP('',(#137,#31,#158));
#242=FACE_OUTER_BOUND('',#241,.T.);
#243=FACETED_PRIMITIVE_FACE('',(#242));
#244=POLY_LOOP('',(#138,#30,#32));
#245=FACE_OUTER_BOUND('',#244,.T.);
#246=FACETED_PRIMITIVE_FACE('',(#245));
#247=POLY_LOOP('',(#138,#32,#137));
#248=FACE_OUTER_BOUND('',#247,.T.);
#249=FACETED_PRIMITIVE_FACE('',(#248));
#250=POLY_LOOP('',(#125,#66,#30));
#251=FACE_OUTER_BOUND('',#250,.T.);
#252=FACETED_PRIMITIVE_FACE('',(#251));
#253=POLY_LOOP('',(#125,#70,#66));
#254=FACE_OUTER_BOUND('',#253,.T.);
#255=FACETED_PRIMITIVE_FACE('',(#254));
#256=POLY_LOOP('',(#125,#30,#138));
#257=FACE_OUTER_BOUND('',#256,.T.);
#258=FACETED_PRIMITIVE_FACE('',(#257));
#259=POLY_LOOP('',(#120,#74,#70));
#260=FACE_OUTER_BOUND('',#259,.T.);
#261=FACETED_PRIMITIVE_FACE('',(#260));
#262=POLY_LOOP('',(#120,#70,#125));
#263=FACE_OUTER_BOUND('',#262,.T.);
#264=FACETED_PRIMITIVE_FACE('',(#263));
#265=POLY_LOOP('',(#121,#74,#120));
#266=FACE_OUTER_BOUND('',#265,.T.);
#267=FACETED_PRIMITIVE_FACE('',(#266));
#268=POLY_LOOP('',(#110,#74,#121));
#269=FACE_OUTER_BOUND('',#268,.T.);
#270=FACETED_PRIMITIVE_FACE('',(#269));
#271=POLY_LOOP('',(#110,#62,#74));
#272=FACE_OUTER_BOUND('',#271,.T.);
#273=FACETED_PRIMITIVE_FACE('',(#272));
#274=POLY_LOOP('',(#110,#85,#62));
#275=FACE_OUTER_BOUND('',#274,.T.);
#276=FACETED_PRIMITIVE_FACE('',(#275));
#277=POLY_LOOP('',(#112,#85,#110));
#278=FACE_OUTER_BOUND('',#277,.T.);
#279=FACETED_PRIMITIVE_FACE('',(#278));
#280=POLY_LOOP('',(#112,#84,#85));
#281=FACE_OUTER_BOUND('',#280,.T.);
#282=FACETED_PRIMITIVE_FACE('',(#281));
#283=POLY_LOOP('',(#111,#84,#112));
#284=FACE_OUTER_BOUND('',#283,.T.);
#285=FACETED_PRIMITIVE_FACE('',(#284));
#286=POLY_LOOP('',(#116,#84,#111));
#287=FACE_OUTER_BOUND('',#286,.T.);
#288=FACETED_PRIMITIVE_FACE('',(#287));
#289=POLY_LOOP('',(#116,#89,#84));
#290=FACE_OUTER_BOUND('',#289,.T.);
#291=FACETED_PRIMITIVE_FACE('',(#290));
#292=POLY_LOOP('',(#116,#57,#89));
#293=FACE_OUTER_BOUND('',#292,.T.);
#294=FACETED_PRIMITIVE_FACE('',(#293));
#295=POLY_LOOP('',(#143,#57,#116));
#296=FACE_OUTER_BOUND('',#295,.T.);
#297=FACETED_PRIMITIVE_FACE('',(#296));
#298=POLY_LOOP('',(#147,#58,#57));
#299=FACE_OUTER_BOUND('',#298,.T.);
#300=FACETED_PRIMITIVE_FACE('',(#299));
#301=POLY_LOOP('',(#147,#36,#58));
#302=FACE_OUTER_BOUND('',#301,.T.);
#303=FACETED_PRIMITIVE_FACE('',(#302));
#304=POLY_LOOP('',(#147,#57,#143));
#305=FACE_OUTER_BOUND('',#304,.T.);
#306=FACETED_PRIMITIVE_FACE('',(#305));
#307=POLY_LOOP('',(#130,#36,#147));
#308=FACE_OUTER_BOUND('',#307,.T.);
#309=FACETED_PRIMITIVE_FACE('',(#308));
#310=POLY_LOOP('',(#102,#53,#36));
#311=FACE_OUTER_BOUND('',#310,.T.);
#312=FACETED_PRIMITIVE_FACE('',(#311));
#313=POLY_LOOP('',(#102,#36,#130));
#314=FACE_OUTER_BOUND('',#313,.T.);
#315=FACETED_PRIMITIVE_FACE('',(#314));
#319=POLY_LOOP('',(#316,#317,#318));
#320=FACE_OUTER_BOUND('',#319,.T.);
#321=FACETED_PRIMITIVE_FACE('',(#320));
#323=POLY_LOOP('',(#316,#318,#322));
#324=FACE_OUTER_BOUND('',#323,.T.);
#325=FACETED_PRIMITIVE_FACE('',(#324));
#327=POLY_LOOP('',(#316,#326,#317));
#328=FACE_OUTER_BOUND('',#327,.T.);
#329=FACETED_PRIMITIVE_FACE('',(#328));
#332=POLY_LOOP('',(#330,#322,#331));
#333=FACE_OUTER_BOUND('',#332,.T.);
#334=FACETED_PRIMITIVE_FACE('',(#333));
#335=POLY_LOOP('',(#330,#316,#322));
#336=FACE_OUTER_BOUND('',#335,.T.);
#337=FACETED_PRIMITIVE_FACE('',(#336));
#340=POLY_LOOP('',(#338,#331,#339));
#341=FACE_OUTER_BOUND('',#340,.T.);
#342=FACETED_PRIMITIVE_FACE('',(#341));
#343=POLY_LOOP('',(#338,#330,#331));
#344=FACE_OUTER_BOUND('',#343,.T.);
#345=FACETED_PRIMITIVE_FACE('',(#344));
#347=POLY_LOOP('',(#346,#338,#339));
#348=FACE_OUTER_BOUND('',#347,.T.);
#349=FACETED_PRIMITIVE_FACE('',(#348));
#351=POLY_LOOP('',(#350,#346,#339));
#352=FACE_OUTER_BOUND('',#351,.T.);
#353=FACETED_PRIMITIVE_FACE('',(#352));
#355=POLY_LOOP('',(#354,#346,#350));
#356=FACE_OUTER_BOUND('',#355,.T.);
#357=FACETED_PRIMITIVE_FACE('',(#356));
#360=POLY_LOOP('',(#358,#359,#354));
#361=FACE_OUTER_BOUND('',#360,.T.);
#362=FACETED_PRIMITIVE_FACE('',(#361));
#363=POLY_LOOP('',(#358,#354,#350));
#364=FACE_OUTER_BOUND('',#363,.T.);
#365=FACETED_PRIMITIVE_FACE('',(#364));
#368=POLY_LOOP('',(#366,#367,#359));
#369=FACE_OUTER_BOUND('',#368,.T.);
#370=FACETED_PRIMITIVE_FACE('',(#369));
#371=POLY_LOOP('',(#366,#359,#358));
#372=FACE_OUTER_BOUND('',#371,.T.);
#373=FACETED_PRIMITIVE_FACE('',(#372));
#377=POLY_LOOP('',(#374,#375,#376));
#378=FACE_OUTER_BOUND('',#377,.T.);
#379=FACETED_PRIMITIVE_FACE('',(#378));
#380=POLY_LOOP('',(#374,#376,#367));
#381=FACE_OUTER_BOUND('',#380,.T.);
#382=FACETED_PRIMITIVE_FACE('',(#381));
#383=POLY_LOOP('',(#374,#367,#366));
#384=FACE_OUTER_BOUND('',#383,.T.);
#385=FACETED_PRIMITIVE_FACE('',(#384));
#387=POLY_LOOP('',(#386,#375,#374));
#388=FACE_OUTER_BOUND('',#387,.T.);
#389=FACETED_PRIMITIVE_FACE('',(#388));
#391=POLY_LOOP('',(#390,#375,#386));
#392=FACE_OUTER_BOUND('',#391,.T.);
#393=FACETED_PRIMITIVE_FACE('',(#392));
#396=POLY_LOOP('',(#390,#394,#395));
#397=FACE_OUTER_BOUND('',#396,.T.);
#398=FACETED_PRIMITIVE_FACE('',(#397));
#399=POLY_LOOP('',(#390,#395,#375));
#400=FACE_OUTER_BOUND('',#399,.T.);
#401=FACETED_PRIMITIVE_FACE('',(#400));
#403=POLY_LOOP('',(#402,#394,#390));
#404=FACE_OUTER_BOUND('',#403,.T.);
#405=FACETED_PRIMITIVE_FACE('',(#404));
#409=POLY_LOOP('',(#406,#407,#408));
#410=FACE_OUTER_BOUND('',#409,.T.);
#411=FACETED_PRIMITIVE_FACE('',(#410));
#413=POLY_LOOP('',(#406,#412,#407));
#414=FACE_OUTER_BOUND('',#413,.T.);
#415=FACETED_PRIMITIVE_FACE('',(#414));
#419=POLY_LOOP('',(#416,#417,#418));
#420=FACE_OUTER_BOUND('',#419,.T.);
#421=FACETED_PRIMITIVE_FACE('',(#420));
#422=POLY_LOOP('',(#416,#418,#394));
#423=FACE_OUTER_BOUND('',#422,.T.);
#424=FACETED_PRIMITIVE_FACE('',(#423));
#425=POLY_LOOP('',(#416,#394,#402));
#426=FACE_OUTER_BOUND('',#425,.T.);
#427=FACETED_PRIMITIVE_FACE('',(#426));
#430=POLY_LOOP('',(#428,#408,#429));
#431=FACE_OUTER_BOUND('',#430,.T.);
#432=FACETED_PRIMITIVE_FACE('',(#431));
#433=POLY_LOOP('',(#428,#406,#408));
#434=FACE_OUTER_BOUND('',#433,.T.);
#435=FACETED_PRIMITIVE_FACE('',(#434));
#437=POLY_LOOP('',(#436,#417,#416));
#438=FACE_OUTER_BOUND('',#437,.T.);
#439=FACETED_PRIMITIVE_FACE('',(#438));
#442=POLY_LOOP('',(#440,#429,#441));
#443=FACE_OUTER_BOUND('',#442,.T.);
#444=FACETED_PRIMITIVE_FACE('',(#443));
#445=POLY_LOOP('',(#440,#428,#429));
#446=FACE_OUTER_BOUND('',#445,.T.);
#447=FACETED_PRIMITIVE_FACE('',(#446));
#451=POLY_LOOP('',(#448,#449,#450));
#452=FACE_OUTER_BOUND('',#451,.T.);
#453=FACETED_PRIMITIVE_FACE('',(#452));
#454=POLY_LOOP('',(#448,#450,#417));
#455=FACE_OUTER_BOUND('',#454,.T.);
#456=FACETED_PRIMITIVE_FACE('',(#455));
#457=POLY_LOOP('',(#448,#417,#436));
#458=FACE_OUTER_BOUND('',#457,.T.);
#459=FACETED_PRIMITIVE_FACE('',(#458));
#461=POLY_LOOP('',(#460,#440,#441));
#462=FACE_OUTER_BOUND('',#461,.T.);
#463=FACETED_PRIMITIVE_FACE('',(#462));
#465=POLY_LOOP('',(#460,#441,#464));
#466=FACE_OUTER_BOUND('',#465,.T.);
#467=FACETED_PRIMITIVE_FACE('',(#466));
#469=POLY_LOOP('',(#468,#449,#448));
#470=FACE_OUTER_BOUND('',#469,.T.);
#471=FACETED_PRIMITIVE_FACE('',(#470));
#473=POLY_LOOP('',(#468,#472,#449));
#474=FACE_OUTER_BOUND('',#473,.T.);
#475=FACETED_PRIMITIVE_FACE('',(#474));
#477=POLY_LOOP('',(#476,#460,#464));
#478=FACE_OUTER_BOUND('',#477,.T.);
#479=FACETED_PRIMITIVE_FACE('',(#478));
#480=POLY_LOOP('',(#476,#464,#472));
#481=FACE_OUTER_BOUND('',#480,.T.);
#482=FACETED_PRIMITIVE_FACE('',(#481));
#483=POLY_LOOP('',(#476,#472,#468));
#484=FACE_OUTER_BOUND('',#483,.T.);
#485=FACETED_PRIMITIVE_FACE('',(#484));
#487=POLY_LOOP('',(#318,#317,#486));
#488=FACE_OUTER_BOUND('',#487,.T.);
#489=FACETED_PRIMITIVE_FACE('',(#488));
#491=POLY_LOOP('',(#318,#486,#490));
#492=FACE_OUTER_BOUND('',#491,.T.);
#493=FACETED_PRIMITIVE_FACE('',(#492));
#495=POLY_LOOP('',(#318,#490,#494));
#496=FACE_OUTER_BOUND('',#495,.T.);
#497=FACETED_PRIMITIVE_FACE('',(#496));
#499=POLY_LOOP('',(#318,#494,#498));
#500=FACE_OUTER_BOUND('',#499,.T.);
#501=FACETED_PRIMITIVE_FACE('',(#500));
#503=POLY_LOOP('',(#502,#318,#498));
#504=FACE_OUTER_BOUND('',#503,.T.);
#505=FACETED_PRIMITIVE_FACE('',(#504));
#509=POLY_LOOP('',(#506,#507,#508));
#510=FACE_OUTER_BOUND('',#509,.T.);
#511=FACETED_PRIMITIVE_FACE('',(#510));
#513=POLY_LOOP('',(#506,#508,#512));
#514=FACE_OUTER_BOUND('',#513,.T.);
#515=FACETED_PRIMITIVE_FACE('',(#514));
#517=POLY_LOOP('',(#506,#512,#516));
#518=FACE_OUTER_BOUND('',#517,.T.);
#519=FACETED_PRIMITIVE_FACE('',(#518));
#521=POLY_LOOP('',(#506,#516,#520));
#522=FACE_OUTER_BOUND('',#521,.T.);
#523=FACETED_PRIMITIVE_FACE('',(#522));
#525=POLY_LOOP('',(#524,#412,#406));
#526=FACE_OUTER_BOUND('',#525,.T.);
#527=FACETED_PRIMITIVE_FACE('',(#526));
#531=POLY_LOOP('',(#528,#529,#530));
#532=FACE_OUTER_BOUND('',#531,.T.);
#533=FACETED_PRIMITIVE_FACE('',(#532));
#535=POLY_LOOP('',(#534,#528,#530));
#536=FACE_OUTER_BOUND('',#535,.T.);
#537=FACETED_PRIMITIVE_FACE('',(#536));
#539=POLY_LOOP('',(#538,#322,#318));
#540=FACE_OUTER_BOUND('',#539,.T.);
#541=FACETED_PRIMITIVE_FACE('',(#540));
#542=POLY_LOOP('',(#538,#331,#322));
#543=FACE_OUTER_BOUND('',#542,.T.);
#544=FACETED_PRIMITIVE_FACE('',(#543));
#545=POLY_LOOP('',(#538,#318,#502));
#546=FACE_OUTER_BOUND('',#545,.T.);
#547=FACETED_PRIMITIVE_FACE('',(#546));
#549=POLY_LOOP('',(#538,#502,#548));
#550=FACE_OUTER_BOUND('',#549,.T.);
#551=FACETED_PRIMITIVE_FACE('',(#550));
#553=POLY_LOOP('',(#552,#538,#548));
#554=FACE_OUTER_BOUND('',#553,.T.);
#555=FACETED_PRIMITIVE_FACE('',(#554));
#557=POLY_LOOP('',(#552,#548,#556));
#558=FACE_OUTER_BOUND('',#557,.T.);
#559=FACETED_PRIMITIVE_FACE('',(#558));
#561=POLY_LOOP('',(#560,#552,#556));
#562=FACE_OUTER_BOUND('',#561,.T.);
#563=FACETED_PRIMITIVE_FACE('',(#562));
#565=POLY_LOOP('',(#560,#556,#564));
#566=FACE_OUTER_BOUND('',#565,.T.);
#567=FACETED_PRIMITIVE_FACE('',(#566));
#569=POLY_LOOP('',(#568,#339,#331));
#570=FACE_OUTER_BOUND('',#569,.T.);
#571=FACETED_PRIMITIVE_FACE('',(#570));
#572=POLY_LOOP('',(#568,#350,#339));
#573=FACE_OUTER_BOUND('',#572,.T.);
#574=FACETED_PRIMITIVE_FACE('',(#573));
#575=POLY_LOOP('',(#568,#331,#538));
#576=FACE_OUTER_BOUND('',#575,.T.);
#577=FACETED_PRIMITIVE_FACE('',(#576));
#579=POLY_LOOP('',(#578,#560,#564));
#580=FACE_OUTER_BOUND('',#579,.T.);
#581=FACETED_PRIMITIVE_FACE('',(#580));
#583=POLY_LOOP('',(#578,#564,#582));
#584=FACE_OUTER_BOUND('',#583,.T.);
#585=FACETED_PRIMITIVE_FACE('',(#584));
#587=POLY_LOOP('',(#578,#582,#586));
#588=FACE_OUTER_BOUND('',#587,.T.);
#589=FACETED_PRIMITIVE_FACE('',(#588));
#591=POLY_LOOP('',(#590,#578,#586));
#592=FACE_OUTER_BOUND('',#591,.T.);
#593=FACETED_PRIMITIVE_FACE('',(#592));
#595=POLY_LOOP('',(#590,#586,#594));
#596=FACE_OUTER_BOUND('',#595,.T.);
#597=FACETED_PRIMITIVE_FACE('',(#596));
#599=POLY_LOOP('',(#598,#568,#538));
#600=FACE_OUTER_BOUND('',#599,.T.);
#601=FACETED_PRIMITIVE_FACE('',(#600));
#602=POLY_LOOP('',(#598,#538,#552));
#603=FACE_OUTER_BOUND('',#602,.T.);
#604=FACETED_PRIMITIVE_FACE('',(#603));
#605=POLY_LOOP('',(#598,#552,#560));
#606=FACE_OUTER_BOUND('',#605,.T.);
#607=FACETED_PRIMITIVE_FACE('',(#606));
#609=POLY_LOOP('',(#608,#598,#560));
#610=FACE_OUTER_BOUND('',#609,.T.);
#611=FACETED_PRIMITIVE_FACE('',(#610));
#613=POLY_LOOP('',(#612,#590,#594));
#614=FACE_OUTER_BOUND('',#613,.T.);
#615=FACETED_PRIMITIVE_FACE('',(#614));
#617=POLY_LOOP('',(#612,#594,#616));
#618=FACE_OUTER_BOUND('',#617,.T.);
#619=FACETED_PRIMITIVE_FACE('',(#618));
#621=POLY_LOOP('',(#612,#616,#620));
#622=FACE_OUTER_BOUND('',#621,.T.);
#623=FACETED_PRIMITIVE_FACE('',(#622));
#625=POLY_LOOP('',(#624,#358,#350));
#626=FACE_OUTER_BOUND('',#625,.T.);
#627=FACETED_PRIMITIVE_FACE('',(#626));
#628=POLY_LOOP('',(#624,#366,#358));
#629=FACE_OUTER_BOUND('',#628,.T.);
#630=FACETED_PRIMITIVE_FACE('',(#629));
#631=POLY_LOOP('',(#624,#350,#568));
#632=FACE_OUTER_BOUND('',#631,.T.);
#633=FACETED_PRIMITIVE_FACE('',(#632));
#634=POLY_LOOP('',(#624,#568,#598));
#635=FACE_OUTER_BOUND('',#634,.T.);
#636=FACETED_PRIMITIVE_FACE('',(#635));
#638=POLY_LOOP('',(#637,#608,#560));
#639=FACE_OUTER_BOUND('',#638,.T.);
#640=FACETED_PRIMITIVE_FACE('',(#639));
#641=POLY_LOOP('',(#637,#560,#578));
#642=FACE_OUTER_BOUND('',#641,.T.);
#643=FACETED_PRIMITIVE_FACE('',(#642));
#645=POLY_LOOP('',(#644,#637,#578));
#646=FACE_OUTER_BOUND('',#645,.T.);
#647=FACETED_PRIMITIVE_FACE('',(#646));
#648=POLY_LOOP('',(#644,#578,#590));
#649=FACE_OUTER_BOUND('',#648,.T.);
#650=FACETED_PRIMITIVE_FACE('',(#649));
#652=POLY_LOOP('',(#651,#598,#608));
#653=FACE_OUTER_BOUND('',#652,.T.);
#654=FACETED_PRIMITIVE_FACE('',(#653));
#655=POLY_LOOP('',(#651,#624,#598));
#656=FACE_OUTER_BOUND('',#655,.T.);
#657=FACETED_PRIMITIVE_FACE('',(#656));
#659=POLY_LOOP('',(#658,#612,#620));
#660=FACE_OUTER_BOUND('',#659,.T.);
#661=FACETED_PRIMITIVE_FACE('',(#660));
#663=POLY_LOOP('',(#658,#620,#662));
#664=FACE_OUTER_BOUND('',#663,.T.);
#665=FACETED_PRIMITIVE_FACE('',(#664));
#667=POLY_LOOP('',(#658,#662,#666));
#668=FACE_OUTER_BOUND('',#667,.T.);
#669=FACETED_PRIMITIVE_FACE('',(#668));
#671=POLY_LOOP('',(#670,#651,#608));
#672=FACE_OUTER_BOUND('',#671,.T.);
#673=FACETED_PRIMITIVE_FACE('',(#672));
#675=POLY_LOOP('',(#674,#590,#612));
#676=FACE_OUTER_BOUND('',#675,.T.);
#677=FACETED_PRIMITIVE_FACE('',(#676));
#678=POLY_LOOP('',(#674,#644,#590));
#679=FACE_OUTER_BOUND('',#678,.T.);
#680=FACETED_PRIMITIVE_FACE('',(#679));
#682=POLY_LOOP('',(#681,#374,#366));
#683=FACE_OUTER_BOUND('',#682,.T.);
#684=FACETED_PRIMITIVE_FACE('',(#683));
#685=POLY_LOOP('',(#681,#386,#374));
#686=FACE_OUTER_BOUND('',#685,.T.);
#687=FACETED_PRIMITIVE_FACE('',(#686));
#688=POLY_LOOP('',(#681,#366,#624));
#689=FACE_OUTER_BOUND('',#688,.T.);
#690=FACETED_PRIMITIVE_FACE('',(#689));
#692=POLY_LOOP('',(#691,#658,#666));
#693=FACE_OUTER_BOUND('',#692,.T.);
#694=FACETED_PRIMITIVE_FACE('',(#693));
#696=POLY_LOOP('',(#691,#666,#695));
#697=FACE_OUTER_BOUND('',#696,.T.);
#698=FACETED_PRIMITIVE_FACE('',(#697));
#700=POLY_LOOP('',(#691,#695,#699));
#701=FACE_OUTER_BOUND('',#700,.T.);
#702=FACETED_PRIMITIVE_FACE('',(#701));
#704=POLY_LOOP('',(#703,#670,#608));
#705=FACE_OUTER_BOUND('',#704,.T.);
#706=FACETED_PRIMITIVE_FACE('',(#705));
#707=POLY_LOOP('',(#703,#608,#637));
#708=FACE_OUTER_BOUND('',#707,.T.);
#709=FACETED_PRIMITIVE_FACE('',(#708));
#711=POLY_LOOP('',(#710,#703,#637));
#712=FACE_OUTER_BOUND('',#711,.T.);
#713=FACETED_PRIMITIVE_FACE('',(#712));
#714=POLY_LOOP('',(#710,#637,#644));
#715=FACE_OUTER_BOUND('',#714,.T.);
#716=FACETED_PRIMITIVE_FACE('',(#715));
#718=POLY_LOOP('',(#717,#681,#624));
#719=FACE_OUTER_BOUND('',#718,.T.);
#720=FACETED_PRIMITIVE_FACE('',(#719));
#721=POLY_LOOP('',(#717,#624,#651));
#722=FACE_OUTER_BOUND('',#721,.T.);
#723=FACETED_PRIMITIVE_FACE('',(#722));
#725=POLY_LOOP('',(#724,#612,#658));
#726=FACE_OUTER_BOUND('',#725,.T.);
#727=FACETED_PRIMITIVE_FACE('',(#726));
#728=POLY_LOOP('',(#724,#674,#612));
#729=FACE_OUTER_BOUND('',#728,.T.);
#730=FACETED_PRIMITIVE_FACE('',(#729));
#732=POLY_LOOP('',(#731,#691,#699));
#733=FACE_OUTER_BOUND('',#732,.T.);
#734=FACETED_PRIMITIVE_FACE('',(#733));
#736=POLY_LOOP('',(#731,#699,#735));
#737=FACE_OUTER_BOUND('',#736,.T.);
#738=FACETED_PRIMITIVE_FACE('',(#737));
#740=POLY_LOOP('',(#731,#735,#739));
#741=FACE_OUTER_BOUND('',#740,.T.);
#742=FACETED_PRIMITIVE_FACE('',(#741));
#744=POLY_LOOP('',(#743,#670,#703));
#745=FACE_OUTER_BOUND('',#744,.T.);
#746=FACETED_PRIMITIVE_FACE('',(#745));
#747=POLY_LOOP('',(#743,#717,#651));
#748=FACE_OUTER_BOUND('',#747,.T.);
#749=FACETED_PRIMITIVE_FACE('',(#748));
#750=POLY_LOOP('',(#743,#651,#670));
#751=FACE_OUTER_BOUND('',#750,.T.);
#752=FACETED_PRIMITIVE_FACE('',(#751));
#754=POLY_LOOP('',(#753,#710,#644));
#755=FACE_OUTER_BOUND('',#754,.T.);
#756=FACETED_PRIMITIVE_FACE('',(#755));
#757=POLY_LOOP('',(#753,#644,#674));
#758=FACE_OUTER_BOUND('',#757,.T.);
#759=FACETED_PRIMITIVE_FACE('',(#758));
#760=POLY_LOOP('',(#753,#674,#724));
#761=FACE_OUTER_BOUND('',#760,.T.);
#762=FACETED_PRIMITIVE_FACE('',(#761));
#764=POLY_LOOP('',(#763,#390,#386));
#765=FACE_OUTER_BOUND('',#764,.T.);
#766=FACETED_PRIMITIVE_FACE('',(#765));
#767=POLY_LOOP('',(#763,#402,#390));
#768=FACE_OUTER_BOUND('',#767,.T.);
#769=FACETED_PRIMITIVE_FACE('',(#768));
#770=POLY_LOOP('',(#763,#386,#681));
#771=FACE_OUTER_BOUND('',#770,.T.);
#772=FACETED_PRIMITIVE_FACE('',(#771));
#774=POLY_LOOP('',(#773,#691,#731));
#775=FACE_OUTER_BOUND('',#774,.T.);
#776=FACETED_PRIMITIVE_FACE('',(#775));
#777=POLY_LOOP('',(#773,#658,#691));
#778=FACE_OUTER_BOUND('',#777,.T.);
#779=FACETED_PRIMITIVE_FACE('',(#778));
#780=POLY_LOOP('',(#773,#724,#658));
#781=FACE_OUTER_BOUND('',#780,.T.);
#782=FACETED_PRIMITIVE_FACE('',(#781));
#784=POLY_LOOP('',(#783,#731,#739));
#785=FACE_OUTER_BOUND('',#784,.T.);
#786=FACETED_PRIMITIVE_FACE('',(#785));
#788=POLY_LOOP('',(#783,#739,#787));
#789=FACE_OUTER_BOUND('',#788,.T.);
#790=FACETED_PRIMITIVE_FACE('',(#789));
#792=POLY_LOOP('',(#791,#743,#703));
#793=FACE_OUTER_BOUND('',#792,.T.);
#794=FACETED_PRIMITIVE_FACE('',(#793));
#797=POLY_LOOP('',(#795,#787,#796));
#798=FACE_OUTER_BOUND('',#797,.T.);
#799=FACETED_PRIMITIVE_FACE('',(#798));
#800=POLY_LOOP('',(#795,#783,#787));
#801=FACE_OUTER_BOUND('',#800,.T.);
#802=FACETED_PRIMITIVE_FACE('',(#801));
#804=POLY_LOOP('',(#803,#791,#703));
#805=FACE_OUTER_BOUND('',#804,.T.);
#806=FACETED_PRIMITIVE_FACE('',(#805));
#807=POLY_LOOP('',(#803,#703,#710));
#808=FACE_OUTER_BOUND('',#807,.T.);
#809=FACETED_PRIMITIVE_FACE('',(#808));
#811=POLY_LOOP('',(#810,#763,#681));
#812=FACE_OUTER_BOUND('',#811,.T.);
#813=FACETED_PRIMITIVE_FACE('',(#812));
#814=POLY_LOOP('',(#810,#681,#717));
#815=FACE_OUTER_BOUND('',#814,.T.);
#816=FACETED_PRIMITIVE_FACE('',(#815));
#818=POLY_LOOP('',(#817,#753,#724));
#819=FACE_OUTER_BOUND('',#818,.T.);
#820=FACETED_PRIMITIVE_FACE('',(#819));
#822=POLY_LOOP('',(#821,#731,#783));
#823=FACE_OUTER_BOUND('',#822,.T.);
#824=FACETED_PRIMITIVE_FACE('',(#823));
#825=POLY_LOOP('',(#821,#773,#731));
#826=FACE_OUTER_BOUND('',#825,.T.);
#827=FACETED_PRIMITIVE_FACE('',(#826));
#830=POLY_LOOP('',(#828,#796,#829));
#831=FACE_OUTER_BOUND('',#830,.T.);
#832=FACETED_PRIMITIVE_FACE('',(#831));
#833=POLY_LOOP('',(#828,#795,#796));
#834=FACE_OUTER_BOUND('',#833,.T.);
#835=FACETED_PRIMITIVE_FACE('',(#834));
#837=POLY_LOOP('',(#836,#810,#717));
#838=FACE_OUTER_BOUND('',#837,.T.);
#839=FACETED_PRIMITIVE_FACE('',(#838));
#840=POLY_LOOP('',(#836,#717,#743));
#841=FACE_OUTER_BOUND('',#840,.T.);
#842=FACETED_PRIMITIVE_FACE('',(#841));
#844=POLY_LOOP('',(#843,#803,#710));
#845=FACE_OUTER_BOUND('',#844,.T.);
#846=FACETED_PRIMITIVE_FACE('',(#845));
#847=POLY_LOOP('',(#843,#710,#753));
#848=FACE_OUTER_BOUND('',#847,.T.);
#849=FACETED_PRIMITIVE_FACE('',(#848));
#851=POLY_LOOP('',(#850,#416,#402));
#852=FACE_OUTER_BOUND('',#851,.T.);
#853=FACETED_PRIMITIVE_FACE('',(#852));
#854=POLY_LOOP('',(#850,#436,#416));
#855=FACE_OUTER_BOUND('',#854,.T.);
#856=FACETED_PRIMITIVE_FACE('',(#855));
#857=POLY_LOOP('',(#850,#402,#763));
#858=FACE_OUTER_BOUND('',#857,.T.);
#859=FACETED_PRIMITIVE_FACE('',(#858));
#861=POLY_LOOP('',(#860,#817,#724));
#862=FACE_OUTER_BOUND('',#861,.T.);
#863=FACETED_PRIMITIVE_FACE('',(#862));
#864=POLY_LOOP('',(#860,#724,#773));
#865=FACE_OUTER_BOUND('',#864,.T.);
#866=FACETED_PRIMITIVE_FACE('',(#865));
#867=POLY_LOOP('',(#860,#773,#821));
#868=FACE_OUTER_BOUND('',#867,.T.);
#869=FACETED_PRIMITIVE_FACE('',(#868));
#871=POLY_LOOP('',(#870,#821,#783));
#872=FACE_OUTER_BOUND('',#871,.T.);
#873=FACETED_PRIMITIVE_FACE('',(#872));
#874=POLY_LOOP('',(#870,#783,#795));
#875=FACE_OUTER_BOUND('',#874,.T.);
#876=FACETED_PRIMITIVE_FACE('',(#875));
#878=POLY_LOOP('',(#877,#836,#743));
#879=FACE_OUTER_BOUND('',#878,.T.);
#880=FACETED_PRIMITIVE_FACE('',(#879));
#881=POLY_LOOP('',(#877,#743,#791));
#882=FACE_OUTER_BOUND('',#881,.T.);
#883=FACETED_PRIMITIVE_FACE('',(#882));
#885=POLY_LOOP('',(#884,#870,#795));
#886=FACE_OUTER_BOUND('',#885,.T.);
#887=FACETED_PRIMITIVE_FACE('',(#886));
#889=POLY_LOOP('',(#888,#877,#791));
#890=FACE_OUTER_BOUND('',#889,.T.);
#891=FACETED_PRIMITIVE_FACE('',(#890));
#892=POLY_LOOP('',(#888,#803,#843));
#893=FACE_OUTER_BOUND('',#892,.T.);
#894=FACETED_PRIMITIVE_FACE('',(#893));
#895=POLY_LOOP('',(#888,#791,#803));
#896=FACE_OUTER_BOUND('',#895,.T.);
#897=FACETED_PRIMITIVE_FACE('',(#896));
#899=POLY_LOOP('',(#898,#763,#810));
#900=FACE_OUTER_BOUND('',#899,.T.);
#901=FACETED_PRIMITIVE_FACE('',(#900));
#902=POLY_LOOP('',(#898,#810,#836));
#903=FACE_OUTER_BOUND('',#902,.T.);
#904=FACETED_PRIMITIVE_FACE('',(#903));
#905=POLY_LOOP('',(#898,#850,#763));
#906=FACE_OUTER_BOUND('',#905,.T.);
#907=FACETED_PRIMITIVE_FACE('',(#906));
#909=POLY_LOOP('',(#908,#843,#753));
#910=FACE_OUTER_BOUND('',#909,.T.);
#911=FACETED_PRIMITIVE_FACE('',(#910));
#912=POLY_LOOP('',(#908,#753,#817));
#913=FACE_OUTER_BOUND('',#912,.T.);
#914=FACETED_PRIMITIVE_FACE('',(#913));
#916=POLY_LOOP('',(#915,#821,#870));
#917=FACE_OUTER_BOUND('',#916,.T.);
#918=FACETED_PRIMITIVE_FACE('',(#917));
#919=POLY_LOOP('',(#915,#860,#821));
#920=FACE_OUTER_BOUND('',#919,.T.);
#921=FACETED_PRIMITIVE_FACE('',(#920));
#923=POLY_LOOP('',(#922,#795,#828));
#924=FACE_OUTER_BOUND('',#923,.T.);
#925=FACETED_PRIMITIVE_FACE('',(#924));
#926=POLY_LOOP('',(#922,#884,#795));
#927=FACE_OUTER_BOUND('',#926,.T.);
#928=FACETED_PRIMITIVE_FACE('',(#927));
#930=POLY_LOOP('',(#929,#898,#836));
#931=FACE_OUTER_BOUND('',#930,.T.);
#932=FACETED_PRIMITIVE_FACE('',(#931));
#934=POLY_LOOP('',(#933,#888,#843));
#935=FACE_OUTER_BOUND('',#934,.T.);
#936=FACETED_PRIMITIVE_FACE('',(#935));
#938=POLY_LOOP('',(#937,#448,#436));
#939=FACE_OUTER_BOUND('',#938,.T.);
#940=FACETED_PRIMITIVE_FACE('',(#939));
#941=POLY_LOOP('',(#937,#468,#448));
#942=FACE_OUTER_BOUND('',#941,.T.);
#943=FACETED_PRIMITIVE_FACE('',(#942));
#944=POLY_LOOP('',(#937,#850,#898));
#945=FACE_OUTER_BOUND('',#944,.T.);
#946=FACETED_PRIMITIVE_FACE('',(#945));
#947=POLY_LOOP('',(#937,#436,#850));
#948=FACE_OUTER_BOUND('',#947,.T.);
#949=FACETED_PRIMITIVE_FACE('',(#948));
#951=POLY_LOOP('',(#950,#860,#915));
#952=FACE_OUTER_BOUND('',#951,.T.);
#953=FACETED_PRIMITIVE_FACE('',(#952));
#954=POLY_LOOP('',(#950,#908,#817));
#955=FACE_OUTER_BOUND('',#954,.T.);
#956=FACETED_PRIMITIVE_FACE('',(#955));
#957=POLY_LOOP('',(#950,#817,#860));
#958=FACE_OUTER_BOUND('',#957,.T.);
#959=FACETED_PRIMITIVE_FACE('',(#958));
#961=POLY_LOOP('',(#960,#915,#870));
#962=FACE_OUTER_BOUND('',#961,.T.);
#963=FACETED_PRIMITIVE_FACE('',(#962));
#965=POLY_LOOP('',(#964,#877,#888));
#966=FACE_OUTER_BOUND('',#965,.T.);
#967=FACETED_PRIMITIVE_FACE('',(#966));
#968=POLY_LOOP('',(#964,#836,#877));
#969=FACE_OUTER_BOUND('',#968,.T.);
#970=FACETED_PRIMITIVE_FACE('',(#969));
#971=POLY_LOOP('',(#964,#929,#836));
#972=FACE_OUTER_BOUND('',#971,.T.);
#973=FACETED_PRIMITIVE_FACE('',(#972));
#975=POLY_LOOP('',(#974,#960,#870));
#976=FACE_OUTER_BOUND('',#975,.T.);
#977=FACETED_PRIMITIVE_FACE('',(#976));
#978=POLY_LOOP('',(#974,#870,#884));
#979=FACE_OUTER_BOUND('',#978,.T.);
#980=FACETED_PRIMITIVE_FACE('',(#979));
#982=POLY_LOOP('',(#981,#964,#888));
#983=FACE_OUTER_BOUND('',#982,.T.);
#984=FACETED_PRIMITIVE_FACE('',(#983));
#986=POLY_LOOP('',(#985,#937,#898));
#987=FACE_OUTER_BOUND('',#986,.T.);
#988=FACETED_PRIMITIVE_FACE('',(#987));
#990=POLY_LOOP('',(#989,#908,#950));
#991=FACE_OUTER_BOUND('',#990,.T.);
#992=FACETED_PRIMITIVE_FACE('',(#991));
#993=POLY_LOOP('',(#989,#843,#908));
#994=FACE_OUTER_BOUND('',#993,.T.);
#995=FACETED_PRIMITIVE_FACE('',(#994));
#996=POLY_LOOP('',(#989,#933,#843));
#997=FACE_OUTER_BOUND('',#996,.T.);
#998=FACETED_PRIMITIVE_FACE('',(#997));
#1000=POLY_LOOP('',(#999,#950,#915));
#1001=FACE_OUTER_BOUND('',#1000,.T.);
#1002=FACETED_PRIMITIVE_FACE('',(#1001));
#1004=POLY_LOOP('',(#1003,#974,#884));
#1005=FACE_OUTER_BOUND('',#1004,.T.);
#1006=FACETED_PRIMITIVE_FACE('',(#1005));
#1007=POLY_LOOP('',(#1003,#884,#922));
#1008=FACE_OUTER_BOUND('',#1007,.T.);
#1009=FACETED_PRIMITIVE_FACE('',(#1008));
#1011=POLY_LOOP('',(#1010,#898,#929));
#1012=FACE_OUTER_BOUND('',#1011,.T.);
#1013=FACETED_PRIMITIVE_FACE('',(#1012));
#1014=POLY_LOOP('',(#1010,#985,#898));
#1015=FACE_OUTER_BOUND('',#1014,.T.);
#1016=FACETED_PRIMITIVE_FACE('',(#1015));
#1018=POLY_LOOP('',(#1017,#888,#933));
#1019=FACE_OUTER_BOUND('',#1018,.T.);
#1020=FACETED_PRIMITIVE_FACE('',(#1019));
#1021=POLY_LOOP('',(#1017,#981,#888));
#1022=FACE_OUTER_BOUND('',#1021,.T.);
#1023=FACETED_PRIMITIVE_FACE('',(#1022));
#1025=POLY_LOOP('',(#1024,#468,#937));
#1026=FACE_OUTER_BOUND('',#1025,.T.);
#1027=FACETED_PRIMITIVE_FACE('',(#1026));
#1028=POLY_LOOP('',(#1024,#476,#468));
#1029=FACE_OUTER_BOUND('',#1028,.T.);
#1030=FACETED_PRIMITIVE_FACE('',(#1029));
#1031=POLY_LOOP('',(#1024,#460,#476));
#1032=FACE_OUTER_BOUND('',#1031,.T.);
#1033=FACETED_PRIMITIVE_FACE('',(#1032));
#1035=POLY_LOOP('',(#1034,#989,#950));
#1036=FACE_OUTER_BOUND('',#1035,.T.);
#1037=FACETED_PRIMITIVE_FACE('',(#1036));
#1039=POLY_LOOP('',(#1038,#915,#960));
#1040=FACE_OUTER_BOUND('',#1039,.T.);
#1041=FACETED_PRIMITIVE_FACE('',(#1040));
#1042=POLY_LOOP('',(#1038,#999,#915));
#1043=FACE_OUTER_BOUND('',#1042,.T.);
#1044=FACETED_PRIMITIVE_FACE('',(#1043));
#1046=POLY_LOOP('',(#1045,#1010,#929));
#1047=FACE_OUTER_BOUND('',#1046,.T.);
#1048=FACETED_PRIMITIVE_FACE('',(#1047));
#1049=POLY_LOOP('',(#1045,#929,#964));
#1050=FACE_OUTER_BOUND('',#1049,.T.);
#1051=FACETED_PRIMITIVE_FACE('',(#1050));
#1053=POLY_LOOP('',(#1052,#960,#974));
#1054=FACE_OUTER_BOUND('',#1053,.T.);
#1055=FACETED_PRIMITIVE_FACE('',(#1054));
#1056=POLY_LOOP('',(#1052,#1038,#960));
#1057=FACE_OUTER_BOUND('',#1056,.T.);
#1058=FACETED_PRIMITIVE_FACE('',(#1057));
#1060=POLY_LOOP('',(#1059,#1045,#964));
#1061=FACE_OUTER_BOUND('',#1060,.T.);
#1062=FACETED_PRIMITIVE_FACE('',(#1061));
#1063=POLY_LOOP('',(#1059,#964,#981));
#1064=FACE_OUTER_BOUND('',#1063,.T.);
#1065=FACETED_PRIMITIVE_FACE('',(#1064));
#1067=POLY_LOOP('',(#1066,#937,#985));
#1068=FACE_OUTER_BOUND('',#1067,.T.);
#1069=FACETED_PRIMITIVE_FACE('',(#1068));
#1070=POLY_LOOP('',(#1066,#1024,#937));
#1071=FACE_OUTER_BOUND('',#1070,.T.);
#1072=FACETED_PRIMITIVE_FACE('',(#1071));
#1074=POLY_LOOP('',(#1073,#1017,#933));
#1075=FACE_OUTER_BOUND('',#1074,.T.);
#1076=FACETED_PRIMITIVE_FACE('',(#1075));
#1077=POLY_LOOP('',(#1073,#933,#989));
#1078=FACE_OUTER_BOUND('',#1077,.T.);
#1079=FACETED_PRIMITIVE_FACE('',(#1078));
#1081=POLY_LOOP('',(#1080,#950,#999));
#1082=FACE_OUTER_BOUND('',#1081,.T.);
#1083=FACETED_PRIMITIVE_FACE('',(#1082));
#1084=POLY_LOOP('',(#1080,#1034,#950));
#1085=FACE_OUTER_BOUND('',#1084,.T.);
#1086=FACETED_PRIMITIVE_FACE('',(#1085));
#1088=POLY_LOOP('',(#1087,#974,#1003));
#1089=FACE_OUTER_BOUND('',#1088,.T.);
#1090=FACETED_PRIMITIVE_FACE('',(#1089));
#1091=POLY_LOOP('',(#1087,#1052,#974));
#1092=FACE_OUTER_BOUND('',#1091,.T.);
#1093=FACETED_PRIMITIVE_FACE('',(#1092));
#1095=POLY_LOOP('',(#1094,#1066,#985));
#1096=FACE_OUTER_BOUND('',#1095,.T.);
#1097=FACETED_PRIMITIVE_FACE('',(#1096));
#1098=POLY_LOOP('',(#1094,#985,#1010));
#1099=FACE_OUTER_BOUND('',#1098,.T.);
#1100=FACETED_PRIMITIVE_FACE('',(#1099));
#1102=POLY_LOOP('',(#1101,#981,#1017));
#1103=FACE_OUTER_BOUND('',#1102,.T.);
#1104=FACETED_PRIMITIVE_FACE('',(#1103));
#1105=POLY_LOOP('',(#1101,#1059,#981));
#1106=FACE_OUTER_BOUND('',#1105,.T.);
#1107=FACETED_PRIMITIVE_FACE('',(#1106));
#1109=POLY_LOOP('',(#1108,#440,#460));
#1110=FACE_OUTER_BOUND('',#1109,.T.);
#1111=FACETED_PRIMITIVE_FACE('',(#1110));
#1112=POLY_LOOP('',(#1108,#428,#440));
#1113=FACE_OUTER_BOUND('',#1112,.T.);
#1114=FACETED_PRIMITIVE_FACE('',(#1113));
#1115=POLY_LOOP('',(#1108,#460,#1024));
#1116=FACE_OUTER_BOUND('',#1115,.T.);
#1117=FACETED_PRIMITIVE_FACE('',(#1116));
#1119=POLY_LOOP('',(#1118,#989,#1034));
#1120=FACE_OUTER_BOUND('',#1119,.T.);
#1121=FACETED_PRIMITIVE_FACE('',(#1120));
#1122=POLY_LOOP('',(#1118,#1073,#989));
#1123=FACE_OUTER_BOUND('',#1122,.T.);
#1124=FACETED_PRIMITIVE_FACE('',(#1123));
#1126=POLY_LOOP('',(#1125,#999,#1038));
#1127=FACE_OUTER_BOUND('',#1126,.T.);
#1128=FACETED_PRIMITIVE_FACE('',(#1127));
#1129=POLY_LOOP('',(#1125,#1080,#999));
#1130=FACE_OUTER_BOUND('',#1129,.T.);
#1131=FACETED_PRIMITIVE_FACE('',(#1130));
#1133=POLY_LOOP('',(#1132,#1094,#1010));
#1134=FACE_OUTER_BOUND('',#1133,.T.);
#1135=FACETED_PRIMITIVE_FACE('',(#1134));
#1136=POLY_LOOP('',(#1132,#1010,#1045));
#1137=FACE_OUTER_BOUND('',#1136,.T.);
#1138=FACETED_PRIMITIVE_FACE('',(#1137));
#1140=POLY_LOOP('',(#1139,#1052,#1087));
#1141=FACE_OUTER_BOUND('',#1140,.T.);
#1142=FACETED_PRIMITIVE_FACE('',(#1141));
#1143=POLY_LOOP('',(#1139,#1125,#1038));
#1144=FACE_OUTER_BOUND('',#1143,.T.);
#1145=FACETED_PRIMITIVE_FACE('',(#1144));
#1146=POLY_LOOP('',(#1139,#1038,#1052));
#1147=FACE_OUTER_BOUND('',#1146,.T.);
#1148=FACETED_PRIMITIVE_FACE('',(#1147));
#1150=POLY_LOOP('',(#1149,#1132,#1045));
#1151=FACE_OUTER_BOUND('',#1150,.T.);
#1152=FACETED_PRIMITIVE_FACE('',(#1151));
#1153=POLY_LOOP('',(#1149,#1045,#1059));
#1154=FACE_OUTER_BOUND('',#1153,.T.);
#1155=FACETED_PRIMITIVE_FACE('',(#1154));
#1157=POLY_LOOP('',(#1156,#1108,#1024));
#1158=FACE_OUTER_BOUND('',#1157,.T.);
#1159=FACETED_PRIMITIVE_FACE('',(#1158));
#1160=POLY_LOOP('',(#1156,#1024,#1066));
#1161=FACE_OUTER_BOUND('',#1160,.T.);
#1162=FACETED_PRIMITIVE_FACE('',(#1161));
#1164=POLY_LOOP('',(#1163,#1017,#1073));
#1165=FACE_OUTER_BOUND('',#1164,.T.);
#1166=FACETED_PRIMITIVE_FACE('',(#1165));
#1167=POLY_LOOP('',(#1163,#1101,#1017));
#1168=FACE_OUTER_BOUND('',#1167,.T.);
#1169=FACETED_PRIMITIVE_FACE('',(#1168));
#1171=POLY_LOOP('',(#1170,#1118,#1034));
#1172=FACE_OUTER_BOUND('',#1171,.T.);
#1173=FACETED_PRIMITIVE_FACE('',(#1172));
#1174=POLY_LOOP('',(#1170,#1034,#1080));
#1175=FACE_OUTER_BOUND('',#1174,.T.);
#1176=FACETED_PRIMITIVE_FACE('',(#1175));
#1178=POLY_LOOP('',(#1177,#1139,#1087));
#1179=FACE_OUTER_BOUND('',#1178,.T.);
#1180=FACETED_PRIMITIVE_FACE('',(#1179));
#1182=POLY_LOOP('',(#1181,#1066,#1094));
#1183=FACE_OUTER_BOUND('',#1182,.T.);
#1184=FACETED_PRIMITIVE_FACE('',(#1183));
#1185=POLY_LOOP('',(#1181,#1156,#1066));
#1186=FACE_OUTER_BOUND('',#1185,.T.);
#1187=FACETED_PRIMITIVE_FACE('',(#1186));
#1190=POLY_LOOP('',(#1181,#1188,#1189));
#1191=FACE_OUTER_BOUND('',#1190,.T.);
#1192=FACETED_PRIMITIVE_FACE('',(#1191));
#1193=POLY_LOOP('',(#1181,#1189,#1156));
#1194=FACE_OUTER_BOUND('',#1193,.T.);
#1195=FACETED_PRIMITIVE_FACE('',(#1194));
#1197=POLY_LOOP('',(#1196,#1149,#1059));
#1198=FACE_OUTER_BOUND('',#1197,.T.);
#1199=FACETED_PRIMITIVE_FACE('',(#1198));
#1200=POLY_LOOP('',(#1196,#1059,#1101));
#1201=FACE_OUTER_BOUND('',#1200,.T.);
#1202=FACETED_PRIMITIVE_FACE('',(#1201));
#1204=POLY_LOOP('',(#1203,#1118,#1170));
#1205=FACE_OUTER_BOUND('',#1204,.T.);
#1206=FACETED_PRIMITIVE_FACE('',(#1205));
#1207=POLY_LOOP('',(#1203,#1073,#1118));
#1208=FACE_OUTER_BOUND('',#1207,.T.);
#1209=FACETED_PRIMITIVE_FACE('',(#1208));
#1210=POLY_LOOP('',(#1203,#1163,#1073));
#1211=FACE_OUTER_BOUND('',#1210,.T.);
#1212=FACETED_PRIMITIVE_FACE('',(#1211));
#1214=POLY_LOOP('',(#1213,#1125,#1139));
#1215=FACE_OUTER_BOUND('',#1214,.T.);
#1216=FACETED_PRIMITIVE_FACE('',(#1215));
#1217=POLY_LOOP('',(#1213,#1170,#1080));
#1218=FACE_OUTER_BOUND('',#1217,.T.);
#1219=FACETED_PRIMITIVE_FACE('',(#1218));
#1220=POLY_LOOP('',(#1213,#1080,#1125));
#1221=FACE_OUTER_BOUND('',#1220,.T.);
#1222=FACETED_PRIMITIVE_FACE('',(#1221));
#1224=POLY_LOOP('',(#1223,#1188,#1181));
#1225=FACE_OUTER_BOUND('',#1224,.T.);
#1226=FACETED_PRIMITIVE_FACE('',(#1225));
#1228=POLY_LOOP('',(#1223,#1227,#1188));
#1229=FACE_OUTER_BOUND('',#1228,.T.);
#1230=FACETED_PRIMITIVE_FACE('',(#1229));
#1231=POLY_LOOP('',(#1223,#1181,#1094));
#1232=FACE_OUTER_BOUND('',#1231,.T.);
#1233=FACETED_PRIMITIVE_FACE('',(#1232));
#1234=POLY_LOOP('',(#1223,#1094,#1132));
#1235=FACE_OUTER_BOUND('',#1234,.T.);
#1236=FACETED_PRIMITIVE_FACE('',(#1235));
#1238=POLY_LOOP('',(#1237,#1213,#1139));
#1239=FACE_OUTER_BOUND('',#1238,.T.);
#1240=FACETED_PRIMITIVE_FACE('',(#1239));
#1242=POLY_LOOP('',(#1241,#1132,#1149));
#1243=FACE_OUTER_BOUND('',#1242,.T.);
#1244=FACETED_PRIMITIVE_FACE('',(#1243));
#1246=POLY_LOOP('',(#1241,#1245,#1227));
#1247=FACE_OUTER_BOUND('',#1246,.T.);
#1248=FACETED_PRIMITIVE_FACE('',(#1247));
#1250=POLY_LOOP('',(#1241,#1249,#1245));
#1251=FACE_OUTER_BOUND('',#1250,.T.);
#1252=FACETED_PRIMITIVE_FACE('',(#1251));
#1253=POLY_LOOP('',(#1241,#1227,#1223));
#1254=FACE_OUTER_BOUND('',#1253,.T.);
#1255=FACETED_PRIMITIVE_FACE('',(#1254));
#1256=POLY_LOOP('',(#1241,#1223,#1132));
#1257=FACE_OUTER_BOUND('',#1256,.T.);
#1258=FACETED_PRIMITIVE_FACE('',(#1257));
#1260=POLY_LOOP('',(#1259,#1101,#1163));
#1261=FACE_OUTER_BOUND('',#1260,.T.);
#1262=FACETED_PRIMITIVE_FACE('',(#1261));
#1263=POLY_LOOP('',(#1259,#1196,#1101));
#1264=FACE_OUTER_BOUND('',#1263,.T.);
#1265=FACETED_PRIMITIVE_FACE('',(#1264));
#1267=POLY_LOOP('',(#1266,#1203,#1170));
#1268=FACE_OUTER_BOUND('',#1267,.T.);
#1269=FACETED_PRIMITIVE_FACE('',(#1268));
#1271=POLY_LOOP('',(#1270,#1139,#1177));
#1272=FACE_OUTER_BOUND('',#1271,.T.);
#1273=FACETED_PRIMITIVE_FACE('',(#1272));
#1274=POLY_LOOP('',(#1270,#1237,#1139));
#1275=FACE_OUTER_BOUND('',#1274,.T.);
#1276=FACETED_PRIMITIVE_FACE('',(#1275));
#1278=POLY_LOOP('',(#1277,#1249,#1241));
#1279=FACE_OUTER_BOUND('',#1278,.T.);
#1280=FACETED_PRIMITIVE_FACE('',(#1279));
#1282=POLY_LOOP('',(#1277,#1281,#1249));
#1283=FACE_OUTER_BOUND('',#1282,.T.);
#1284=FACETED_PRIMITIVE_FACE('',(#1283));
#1286=POLY_LOOP('',(#1277,#1285,#1281));
#1287=FACE_OUTER_BOUND('',#1286,.T.);
#1288=FACETED_PRIMITIVE_FACE('',(#1287));
#1289=POLY_LOOP('',(#1277,#1241,#1149));
#1290=FACE_OUTER_BOUND('',#1289,.T.);
#1291=FACETED_PRIMITIVE_FACE('',(#1290));
#1292=POLY_LOOP('',(#1277,#1149,#1196));
#1293=FACE_OUTER_BOUND('',#1292,.T.);
#1294=FACETED_PRIMITIVE_FACE('',(#1293));
#1296=POLY_LOOP('',(#1295,#1163,#1203));
#1297=FACE_OUTER_BOUND('',#1296,.T.);
#1298=FACETED_PRIMITIVE_FACE('',(#1297));
#1299=POLY_LOOP('',(#1295,#1259,#1163));
#1300=FACE_OUTER_BOUND('',#1299,.T.);
#1301=FACETED_PRIMITIVE_FACE('',(#1300));
#1303=POLY_LOOP('',(#1302,#1213,#1237));
#1304=FACE_OUTER_BOUND('',#1303,.T.);
#1305=FACETED_PRIMITIVE_FACE('',(#1304));
#1306=POLY_LOOP('',(#1302,#1266,#1170));
#1307=FACE_OUTER_BOUND('',#1306,.T.);
#1308=FACETED_PRIMITIVE_FACE('',(#1307));
#1309=POLY_LOOP('',(#1302,#1170,#1213));
#1310=FACE_OUTER_BOUND('',#1309,.T.);
#1311=FACETED_PRIMITIVE_FACE('',(#1310));
#1313=POLY_LOOP('',(#1312,#1302,#1237));
#1314=FACE_OUTER_BOUND('',#1313,.T.);
#1315=FACETED_PRIMITIVE_FACE('',(#1314));
#1317=POLY_LOOP('',(#1316,#1196,#1259));
#1318=FACE_OUTER_BOUND('',#1317,.T.);
#1319=FACETED_PRIMITIVE_FACE('',(#1318));
#1321=POLY_LOOP('',(#1316,#1320,#1285));
#1322=FACE_OUTER_BOUND('',#1321,.T.);
#1323=FACETED_PRIMITIVE_FACE('',(#1322));
#1325=POLY_LOOP('',(#1316,#1324,#1320));
#1326=FACE_OUTER_BOUND('',#1325,.T.);
#1327=FACETED_PRIMITIVE_FACE('',(#1326));
#1328=POLY_LOOP('',(#1316,#1285,#1277));
#1329=FACE_OUTER_BOUND('',#1328,.T.);
#1330=FACETED_PRIMITIVE_FACE('',(#1329));
#1331=POLY_LOOP('',(#1316,#1277,#1196));
#1332=FACE_OUTER_BOUND('',#1331,.T.);
#1333=FACETED_PRIMITIVE_FACE('',(#1332));
#1335=POLY_LOOP('',(#1334,#1203,#1266));
#1336=FACE_OUTER_BOUND('',#1335,.T.);
#1337=FACETED_PRIMITIVE_FACE('',(#1336));
#1338=POLY_LOOP('',(#1334,#1295,#1203));
#1339=FACE_OUTER_BOUND('',#1338,.T.);
#1340=FACETED_PRIMITIVE_FACE('',(#1339));
#1342=POLY_LOOP('',(#1341,#1312,#1237));
#1343=FACE_OUTER_BOUND('',#1342,.T.);
#1344=FACETED_PRIMITIVE_FACE('',(#1343));
#1345=POLY_LOOP('',(#1341,#1237,#1270));
#1346=FACE_OUTER_BOUND('',#1345,.T.);
#1347=FACETED_PRIMITIVE_FACE('',(#1346));
#1349=POLY_LOOP('',(#1348,#1324,#1316));
#1350=FACE_OUTER_BOUND('',#1349,.T.);
#1351=FACETED_PRIMITIVE_FACE('',(#1350));
#1353=POLY_LOOP('',(#1348,#1352,#1324));
#1354=FACE_OUTER_BOUND('',#1353,.T.);
#1355=FACETED_PRIMITIVE_FACE('',(#1354));
#1357=POLY_LOOP('',(#1348,#1356,#1352));
#1358=FACE_OUTER_BOUND('',#1357,.T.);
#1359=FACETED_PRIMITIVE_FACE('',(#1358));
#1360=POLY_LOOP('',(#1348,#1316,#1259));
#1361=FACE_OUTER_BOUND('',#1360,.T.);
#1362=FACETED_PRIMITIVE_FACE('',(#1361));
#1363=POLY_LOOP('',(#1348,#1259,#1295));
#1364=FACE_OUTER_BOUND('',#1363,.T.);
#1365=FACETED_PRIMITIVE_FACE('',(#1364));
#1367=POLY_LOOP('',(#1366,#1266,#1302));
#1368=FACE_OUTER_BOUND('',#1367,.T.);
#1369=FACETED_PRIMITIVE_FACE('',(#1368));
#1370=POLY_LOOP('',(#1366,#1334,#1266));
#1371=FACE_OUTER_BOUND('',#1370,.T.);
#1372=FACETED_PRIMITIVE_FACE('',(#1371));
#1374=POLY_LOOP('',(#1373,#1366,#1302));
#1375=FACE_OUTER_BOUND('',#1374,.T.);
#1376=FACETED_PRIMITIVE_FACE('',(#1375));
#1377=POLY_LOOP('',(#1373,#1302,#1312));
#1378=FACE_OUTER_BOUND('',#1377,.T.);
#1379=FACETED_PRIMITIVE_FACE('',(#1378));
#1381=POLY_LOOP('',(#1380,#1295,#1334));
#1382=FACE_OUTER_BOUND('',#1381,.T.);
#1383=FACETED_PRIMITIVE_FACE('',(#1382));
#1385=POLY_LOOP('',(#1380,#1384,#1356));
#1386=FACE_OUTER_BOUND('',#1385,.T.);
#1387=FACETED_PRIMITIVE_FACE('',(#1386));
#1389=POLY_LOOP('',(#1380,#1388,#1384));
#1390=FACE_OUTER_BOUND('',#1389,.T.);
#1391=FACETED_PRIMITIVE_FACE('',(#1390));
#1392=POLY_LOOP('',(#1380,#1348,#1295));
#1393=FACE_OUTER_BOUND('',#1392,.T.);
#1394=FACETED_PRIMITIVE_FACE('',(#1393));
#1395=POLY_LOOP('',(#1380,#1356,#1348));
#1396=FACE_OUTER_BOUND('',#1395,.T.);
#1397=FACETED_PRIMITIVE_FACE('',(#1396));
#1399=POLY_LOOP('',(#1398,#1373,#1312));
#1400=FACE_OUTER_BOUND('',#1399,.T.);
#1401=FACETED_PRIMITIVE_FACE('',(#1400));
#1402=POLY_LOOP('',(#1398,#1312,#1341));
#1403=FACE_OUTER_BOUND('',#1402,.T.);
#1404=FACETED_PRIMITIVE_FACE('',(#1403));
#1406=POLY_LOOP('',(#1405,#1380,#1334));
#1407=FACE_OUTER_BOUND('',#1406,.T.);
#1408=FACETED_PRIMITIVE_FACE('',(#1407));
#1409=POLY_LOOP('',(#1405,#1334,#1366));
#1410=FACE_OUTER_BOUND('',#1409,.T.);
#1411=FACETED_PRIMITIVE_FACE('',(#1410));
#1412=POLY_LOOP('',(#1405,#1366,#1373));
#1413=FACE_OUTER_BOUND('',#1412,.T.);
#1414=FACETED_PRIMITIVE_FACE('',(#1413));
#1416=POLY_LOOP('',(#1405,#1415,#1388));
#1417=FACE_OUTER_BOUND('',#1416,.T.);
#1418=FACETED_PRIMITIVE_FACE('',(#1417));
#1419=POLY_LOOP('',(#1405,#1388,#1380));
#1420=FACE_OUTER_BOUND('',#1419,.T.);
#1421=FACETED_PRIMITIVE_FACE('',(#1420));
#1424=POLY_LOOP('',(#1422,#1423,#1415));
#1425=FACE_OUTER_BOUND('',#1424,.T.);
#1426=FACETED_PRIMITIVE_FACE('',(#1425));
#1427=POLY_LOOP('',(#1422,#1405,#1373));
#1428=FACE_OUTER_BOUND('',#1427,.T.);
#1429=FACETED_PRIMITIVE_FACE('',(#1428));
#1430=POLY_LOOP('',(#1422,#1415,#1405));
#1431=FACE_OUTER_BOUND('',#1430,.T.);
#1432=FACETED_PRIMITIVE_FACE('',(#1431));
#1434=POLY_LOOP('',(#1433,#1422,#1373));
#1435=FACE_OUTER_BOUND('',#1434,.T.);
#1436=FACETED_PRIMITIVE_FACE('',(#1435));
#1437=POLY_LOOP('',(#1433,#1373,#1398));
#1438=FACE_OUTER_BOUND('',#1437,.T.);
#1439=FACETED_PRIMITIVE_FACE('',(#1438));
#1442=POLY_LOOP('',(#1440,#1441,#828));
#1443=FACE_OUTER_BOUND('',#1442,.T.);
#1444=FACETED_PRIMITIVE_FACE('',(#1443));
#1446=POLY_LOOP('',(#1440,#1445,#1441));
#1447=FACE_OUTER_BOUND('',#1446,.T.);
#1448=FACETED_PRIMITIVE_FACE('',(#1447));
#1449=POLY_LOOP('',(#1440,#506,#1445));
#1450=FACE_OUTER_BOUND('',#1449,.T.);
#1451=FACETED_PRIMITIVE_FACE('',(#1450));
#1452=POLY_LOOP('',(#1440,#507,#506));
#1453=FACE_OUTER_BOUND('',#1452,.T.);
#1454=FACETED_PRIMITIVE_FACE('',(#1453));
#1455=POLY_LOOP('',(#1440,#828,#829));
#1456=FACE_OUTER_BOUND('',#1455,.T.);
#1457=FACETED_PRIMITIVE_FACE('',(#1456));
#1459=POLY_LOOP('',(#1440,#829,#1458));
#1460=FACE_OUTER_BOUND('',#1459,.T.);
#1461=FACETED_PRIMITIVE_FACE('',(#1460));
#1462=POLY_LOOP('',(#1440,#1458,#507));
#1463=FACE_OUTER_BOUND('',#1462,.T.);
#1464=FACETED_PRIMITIVE_FACE('',(#1463));
#1466=POLY_LOOP('',(#1465,#828,#1441));
#1467=FACE_OUTER_BOUND('',#1466,.T.);
#1468=FACETED_PRIMITIVE_FACE('',(#1467));
#1469=POLY_LOOP('',(#1465,#1441,#1445));
#1470=FACE_OUTER_BOUND('',#1469,.T.);
#1471=FACETED_PRIMITIVE_FACE('',(#1470));
#1472=POLY_LOOP('',(#1465,#922,#828));
#1473=FACE_OUTER_BOUND('',#1472,.T.);
#1474=FACETED_PRIMITIVE_FACE('',(#1473));
#1476=POLY_LOOP('',(#1465,#1445,#1475));
#1477=FACE_OUTER_BOUND('',#1476,.T.);
#1478=FACETED_PRIMITIVE_FACE('',(#1477));
#1480=POLY_LOOP('',(#1479,#922,#1465));
#1481=FACE_OUTER_BOUND('',#1480,.T.);
#1482=FACETED_PRIMITIVE_FACE('',(#1481));
#1483=POLY_LOOP('',(#1479,#1465,#1475));
#1484=FACE_OUTER_BOUND('',#1483,.T.);
#1485=FACETED_PRIMITIVE_FACE('',(#1484));
#1487=POLY_LOOP('',(#1479,#1475,#1486));
#1488=FACE_OUTER_BOUND('',#1487,.T.);
#1489=FACETED_PRIMITIVE_FACE('',(#1488));
#1491=POLY_LOOP('',(#1479,#1490,#922));
#1492=FACE_OUTER_BOUND('',#1491,.T.);
#1493=FACETED_PRIMITIVE_FACE('',(#1492));
#1494=POLY_LOOP('',(#1479,#1486,#1490));
#1495=FACE_OUTER_BOUND('',#1494,.T.);
#1496=FACETED_PRIMITIVE_FACE('',(#1495));
#1498=POLY_LOOP('',(#1497,#1003,#922));
#1499=FACE_OUTER_BOUND('',#1498,.T.);
#1500=FACETED_PRIMITIVE_FACE('',(#1499));
#1501=POLY_LOOP('',(#1497,#922,#1490));
#1502=FACE_OUTER_BOUND('',#1501,.T.);
#1503=FACETED_PRIMITIVE_FACE('',(#1502));
#1505=POLY_LOOP('',(#1497,#1486,#1504));
#1506=FACE_OUTER_BOUND('',#1505,.T.);
#1507=FACETED_PRIMITIVE_FACE('',(#1506));
#1508=POLY_LOOP('',(#1497,#1490,#1486));
#1509=FACE_OUTER_BOUND('',#1508,.T.);
#1510=FACETED_PRIMITIVE_FACE('',(#1509));
#1513=POLY_LOOP('',(#1511,#1512,#1003));
#1514=FACE_OUTER_BOUND('',#1513,.T.);
#1515=FACETED_PRIMITIVE_FACE('',(#1514));
#1516=POLY_LOOP('',(#1511,#1003,#1497));
#1517=FACE_OUTER_BOUND('',#1516,.T.);
#1518=FACETED_PRIMITIVE_FACE('',(#1517));
#1519=POLY_LOOP('',(#1511,#1497,#1504));
#1520=FACE_OUTER_BOUND('',#1519,.T.);
#1521=FACETED_PRIMITIVE_FACE('',(#1520));
#1523=POLY_LOOP('',(#1511,#1504,#1522));
#1524=FACE_OUTER_BOUND('',#1523,.T.);
#1525=FACETED_PRIMITIVE_FACE('',(#1524));
#1526=POLY_LOOP('',(#1511,#1522,#1512));
#1527=FACE_OUTER_BOUND('',#1526,.T.);
#1528=FACETED_PRIMITIVE_FACE('',(#1527));
#1530=POLY_LOOP('',(#1529,#1003,#1512));
#1531=FACE_OUTER_BOUND('',#1530,.T.);
#1532=FACETED_PRIMITIVE_FACE('',(#1531));
#1534=POLY_LOOP('',(#1529,#1522,#1533));
#1535=FACE_OUTER_BOUND('',#1534,.T.);
#1536=FACETED_PRIMITIVE_FACE('',(#1535));
#1537=POLY_LOOP('',(#1529,#1512,#1522));
#1538=FACE_OUTER_BOUND('',#1537,.T.);
#1539=FACETED_PRIMITIVE_FACE('',(#1538));
#1542=POLY_LOOP('',(#1540,#1541,#1087));
#1543=FACE_OUTER_BOUND('',#1542,.T.);
#1544=FACETED_PRIMITIVE_FACE('',(#1543));
#1546=POLY_LOOP('',(#1540,#1545,#1541));
#1547=FACE_OUTER_BOUND('',#1546,.T.);
#1548=FACETED_PRIMITIVE_FACE('',(#1547));
#1549=POLY_LOOP('',(#1540,#1087,#1003));
#1550=FACE_OUTER_BOUND('',#1549,.T.);
#1551=FACETED_PRIMITIVE_FACE('',(#1550));
#1552=POLY_LOOP('',(#1540,#1529,#1533));
#1553=FACE_OUTER_BOUND('',#1552,.T.);
#1554=FACETED_PRIMITIVE_FACE('',(#1553));
#1555=POLY_LOOP('',(#1540,#1533,#1545));
#1556=FACE_OUTER_BOUND('',#1555,.T.);
#1557=FACETED_PRIMITIVE_FACE('',(#1556));
#1558=POLY_LOOP('',(#1540,#1003,#1529));
#1559=FACE_OUTER_BOUND('',#1558,.T.);
#1560=FACETED_PRIMITIVE_FACE('',(#1559));
#1562=POLY_LOOP('',(#1561,#1087,#1541));
#1563=FACE_OUTER_BOUND('',#1562,.T.);
#1564=FACETED_PRIMITIVE_FACE('',(#1563));
#1565=POLY_LOOP('',(#1561,#1541,#1545));
#1566=FACE_OUTER_BOUND('',#1565,.T.);
#1567=FACETED_PRIMITIVE_FACE('',(#1566));
#1569=POLY_LOOP('',(#1561,#1545,#1568));
#1570=FACE_OUTER_BOUND('',#1569,.T.);
#1571=FACETED_PRIMITIVE_FACE('',(#1570));
#1573=POLY_LOOP('',(#1572,#1108,#1156));
#1574=FACE_OUTER_BOUND('',#1573,.T.);
#1575=FACETED_PRIMITIVE_FACE('',(#1574));
#1576=POLY_LOOP('',(#1572,#406,#428));
#1577=FACE_OUTER_BOUND('',#1576,.T.);
#1578=FACETED_PRIMITIVE_FACE('',(#1577));
#1580=POLY_LOOP('',(#1572,#1189,#1579));
#1581=FACE_OUTER_BOUND('',#1580,.T.);
#1582=FACETED_PRIMITIVE_FACE('',(#1581));
#1583=POLY_LOOP('',(#1572,#428,#1108));
#1584=FACE_OUTER_BOUND('',#1583,.T.);
#1585=FACETED_PRIMITIVE_FACE('',(#1584));
#1586=POLY_LOOP('',(#1572,#1156,#1189));
#1587=FACE_OUTER_BOUND('',#1586,.T.);
#1588=FACETED_PRIMITIVE_FACE('',(#1587));
#1590=POLY_LOOP('',(#1589,#1177,#1087));
#1591=FACE_OUTER_BOUND('',#1590,.T.);
#1592=FACETED_PRIMITIVE_FACE('',(#1591));
#1594=POLY_LOOP('',(#1589,#1568,#1593));
#1595=FACE_OUTER_BOUND('',#1594,.T.);
#1596=FACETED_PRIMITIVE_FACE('',(#1595));
#1597=POLY_LOOP('',(#1589,#1561,#1568));
#1598=FACE_OUTER_BOUND('',#1597,.T.);
#1599=FACETED_PRIMITIVE_FACE('',(#1598));
#1601=POLY_LOOP('',(#1589,#1600,#1177));
#1602=FACE_OUTER_BOUND('',#1601,.T.);
#1603=FACETED_PRIMITIVE_FACE('',(#1602));
#1604=POLY_LOOP('',(#1589,#1593,#1600));
#1605=FACE_OUTER_BOUND('',#1604,.T.);
#1606=FACETED_PRIMITIVE_FACE('',(#1605));
#1607=POLY_LOOP('',(#1589,#1087,#1561));
#1608=FACE_OUTER_BOUND('',#1607,.T.);
#1609=FACETED_PRIMITIVE_FACE('',(#1608));
#1611=POLY_LOOP('',(#1610,#524,#406));
#1612=FACE_OUTER_BOUND('',#1611,.T.);
#1613=FACETED_PRIMITIVE_FACE('',(#1612));
#1615=POLY_LOOP('',(#1610,#1614,#524));
#1616=FACE_OUTER_BOUND('',#1615,.T.);
#1617=FACETED_PRIMITIVE_FACE('',(#1616));
#1619=POLY_LOOP('',(#1610,#1618,#1614));
#1620=FACE_OUTER_BOUND('',#1619,.T.);
#1621=FACETED_PRIMITIVE_FACE('',(#1620));
#1623=POLY_LOOP('',(#1610,#1622,#1618));
#1624=FACE_OUTER_BOUND('',#1623,.T.);
#1625=FACETED_PRIMITIVE_FACE('',(#1624));
#1627=POLY_LOOP('',(#1610,#1626,#1622));
#1628=FACE_OUTER_BOUND('',#1627,.T.);
#1629=FACETED_PRIMITIVE_FACE('',(#1628));
#1630=POLY_LOOP('',(#1610,#1579,#1626));
#1631=FACE_OUTER_BOUND('',#1630,.T.);
#1632=FACETED_PRIMITIVE_FACE('',(#1631));
#1633=POLY_LOOP('',(#1610,#406,#1572));
#1634=FACE_OUTER_BOUND('',#1633,.T.);
#1635=FACETED_PRIMITIVE_FACE('',(#1634));
#1636=POLY_LOOP('',(#1610,#1572,#1579));
#1637=FACE_OUTER_BOUND('',#1636,.T.);
#1638=FACETED_PRIMITIVE_FACE('',(#1637));
#1641=POLY_LOOP('',(#1639,#1593,#1640));
#1642=FACE_OUTER_BOUND('',#1641,.T.);
#1643=FACETED_PRIMITIVE_FACE('',(#1642));
#1644=POLY_LOOP('',(#1639,#1177,#1600));
#1645=FACE_OUTER_BOUND('',#1644,.T.);
#1646=FACETED_PRIMITIVE_FACE('',(#1645));
#1647=POLY_LOOP('',(#1639,#1600,#1593));
#1648=FACE_OUTER_BOUND('',#1647,.T.);
#1649=FACETED_PRIMITIVE_FACE('',(#1648));
#1651=POLY_LOOP('',(#1650,#1639,#1640));
#1652=FACE_OUTER_BOUND('',#1651,.T.);
#1653=FACETED_PRIMITIVE_FACE('',(#1652));
#1655=POLY_LOOP('',(#1650,#1640,#1654));
#1656=FACE_OUTER_BOUND('',#1655,.T.);
#1657=FACETED_PRIMITIVE_FACE('',(#1656));
#1658=POLY_LOOP('',(#1650,#1270,#1177));
#1659=FACE_OUTER_BOUND('',#1658,.T.);
#1660=FACETED_PRIMITIVE_FACE('',(#1659));
#1661=POLY_LOOP('',(#1650,#1177,#1639));
#1662=FACE_OUTER_BOUND('',#1661,.T.);
#1663=FACETED_PRIMITIVE_FACE('',(#1662));
#1665=POLY_LOOP('',(#1650,#1664,#1270));
#1666=FACE_OUTER_BOUND('',#1665,.T.);
#1667=FACETED_PRIMITIVE_FACE('',(#1666));
#1668=POLY_LOOP('',(#1650,#1654,#1664));
#1669=FACE_OUTER_BOUND('',#1668,.T.);
#1670=FACETED_PRIMITIVE_FACE('',(#1669));
#1673=POLY_LOOP('',(#1671,#1654,#1672));
#1674=FACE_OUTER_BOUND('',#1673,.T.);
#1675=FACETED_PRIMITIVE_FACE('',(#1674));
#1676=POLY_LOOP('',(#1671,#1270,#1664));
#1677=FACE_OUTER_BOUND('',#1676,.T.);
#1678=FACETED_PRIMITIVE_FACE('',(#1677));
#1679=POLY_LOOP('',(#1671,#1664,#1654));
#1680=FACE_OUTER_BOUND('',#1679,.T.);
#1681=FACETED_PRIMITIVE_FACE('',(#1680));
#1684=POLY_LOOP('',(#1682,#1683,#1341));
#1685=FACE_OUTER_BOUND('',#1684,.T.);
#1686=FACETED_PRIMITIVE_FACE('',(#1685));
#1688=POLY_LOOP('',(#1682,#1687,#1683));
#1689=FACE_OUTER_BOUND('',#1688,.T.);
#1690=FACETED_PRIMITIVE_FACE('',(#1689));
#1691=POLY_LOOP('',(#1682,#1341,#1270));
#1692=FACE_OUTER_BOUND('',#1691,.T.);
#1693=FACETED_PRIMITIVE_FACE('',(#1692));
#1694=POLY_LOOP('',(#1682,#1672,#1687));
#1695=FACE_OUTER_BOUND('',#1694,.T.);
#1696=FACETED_PRIMITIVE_FACE('',(#1695));
#1697=POLY_LOOP('',(#1682,#1671,#1672));
#1698=FACE_OUTER_BOUND('',#1697,.T.);
#1699=FACETED_PRIMITIVE_FACE('',(#1698));
#1700=POLY_LOOP('',(#1682,#1270,#1671));
#1701=FACE_OUTER_BOUND('',#1700,.T.);
#1702=FACETED_PRIMITIVE_FACE('',(#1701));
#1704=POLY_LOOP('',(#1703,#1398,#1341));
#1705=FACE_OUTER_BOUND('',#1704,.T.);
#1706=FACETED_PRIMITIVE_FACE('',(#1705));
#1707=POLY_LOOP('',(#1703,#1341,#1683));
#1708=FACE_OUTER_BOUND('',#1707,.T.);
#1709=FACETED_PRIMITIVE_FACE('',(#1708));
#1710=POLY_LOOP('',(#1703,#1683,#1687));
#1711=FACE_OUTER_BOUND('',#1710,.T.);
#1712=FACETED_PRIMITIVE_FACE('',(#1711));
#1714=POLY_LOOP('',(#1703,#1687,#1713));
#1715=FACE_OUTER_BOUND('',#1714,.T.);
#1716=FACETED_PRIMITIVE_FACE('',(#1715));
#1718=POLY_LOOP('',(#1717,#1398,#1703));
#1719=FACE_OUTER_BOUND('',#1718,.T.);
#1720=FACETED_PRIMITIVE_FACE('',(#1719));
#1722=POLY_LOOP('',(#1717,#1721,#1398));
#1723=FACE_OUTER_BOUND('',#1722,.T.);
#1724=FACETED_PRIMITIVE_FACE('',(#1723));
#1726=POLY_LOOP('',(#1717,#1725,#1721));
#1727=FACE_OUTER_BOUND('',#1726,.T.);
#1728=FACETED_PRIMITIVE_FACE('',(#1727));
#1729=POLY_LOOP('',(#1717,#1713,#1725));
#1730=FACE_OUTER_BOUND('',#1729,.T.);
#1731=FACETED_PRIMITIVE_FACE('',(#1730));
#1732=POLY_LOOP('',(#1717,#1703,#1713));
#1733=FACE_OUTER_BOUND('',#1732,.T.);
#1734=FACETED_PRIMITIVE_FACE('',(#1733));
#1736=POLY_LOOP('',(#1735,#1398,#1721));
#1737=FACE_OUTER_BOUND('',#1736,.T.);
#1738=FACETED_PRIMITIVE_FACE('',(#1737));
#1739=POLY_LOOP('',(#1735,#1721,#1725));
#1740=FACE_OUTER_BOUND('',#1739,.T.);
#1741=FACETED_PRIMITIVE_FACE('',(#1740));
#1743=POLY_LOOP('',(#1735,#1725,#1742));
#1744=FACE_OUTER_BOUND('',#1743,.T.);
#1745=FACETED_PRIMITIVE_FACE('',(#1744));
#1747=POLY_LOOP('',(#1746,#1398,#1735));
#1748=FACE_OUTER_BOUND('',#1747,.T.);
#1749=FACETED_PRIMITIVE_FACE('',(#1748));
#1750=POLY_LOOP('',(#1746,#1433,#1398));
#1751=FACE_OUTER_BOUND('',#1750,.T.);
#1752=FACETED_PRIMITIVE_FACE('',(#1751));
#1754=POLY_LOOP('',(#1746,#1753,#1433));
#1755=FACE_OUTER_BOUND('',#1754,.T.);
#1756=FACETED_PRIMITIVE_FACE('',(#1755));
#1758=POLY_LOOP('',(#1746,#1757,#1753));
#1759=FACE_OUTER_BOUND('',#1758,.T.);
#1760=FACETED_PRIMITIVE_FACE('',(#1759));
#1761=POLY_LOOP('',(#1746,#1742,#1757));
#1762=FACE_OUTER_BOUND('',#1761,.T.);
#1763=FACETED_PRIMITIVE_FACE('',(#1762));
#1764=POLY_LOOP('',(#1746,#1735,#1742));
#1765=FACE_OUTER_BOUND('',#1764,.T.);
#1766=FACETED_PRIMITIVE_FACE('',(#1765));
#1768=POLY_LOOP('',(#1767,#1433,#1753));
#1769=FACE_OUTER_BOUND('',#1768,.T.);
#1770=FACETED_PRIMITIVE_FACE('',(#1769));
#1771=POLY_LOOP('',(#1767,#1753,#1757));
#1772=FACE_OUTER_BOUND('',#1771,.T.);
#1773=FACETED_PRIMITIVE_FACE('',(#1772));
#1775=POLY_LOOP('',(#1767,#1757,#1774));
#1776=FACE_OUTER_BOUND('',#1775,.T.);
#1777=FACETED_PRIMITIVE_FACE('',(#1776));
#1779=POLY_LOOP('',(#1778,#1423,#1422));
#1780=FACE_OUTER_BOUND('',#1779,.T.);
#1781=FACETED_PRIMITIVE_FACE('',(#1780));
#1782=POLY_LOOP('',(#1778,#1422,#1433));
#1783=FACE_OUTER_BOUND('',#1782,.T.);
#1784=FACETED_PRIMITIVE_FACE('',(#1783));
#1785=POLY_LOOP('',(#1778,#1433,#1767));
#1786=FACE_OUTER_BOUND('',#1785,.T.);
#1787=FACETED_PRIMITIVE_FACE('',(#1786));
#1789=POLY_LOOP('',(#1778,#1788,#1423));
#1790=FACE_OUTER_BOUND('',#1789,.T.);
#1791=FACETED_PRIMITIVE_FACE('',(#1790));
#1792=POLY_LOOP('',(#1778,#1774,#530));
#1793=FACE_OUTER_BOUND('',#1792,.T.);
#1794=FACETED_PRIMITIVE_FACE('',(#1793));
#1795=POLY_LOOP('',(#1778,#1767,#1774));
#1796=FACE_OUTER_BOUND('',#1795,.T.);
#1797=FACETED_PRIMITIVE_FACE('',(#1796));
#1799=POLY_LOOP('',(#1798,#1778,#530));
#1800=FACE_OUTER_BOUND('',#1799,.T.);
#1801=FACETED_PRIMITIVE_FACE('',(#1800));
#1803=POLY_LOOP('',(#1798,#1802,#1788));
#1804=FACE_OUTER_BOUND('',#1803,.T.);
#1805=FACETED_PRIMITIVE_FACE('',(#1804));
#1807=POLY_LOOP('',(#1798,#1806,#1802));
#1808=FACE_OUTER_BOUND('',#1807,.T.);
#1809=FACETED_PRIMITIVE_FACE('',(#1808));
#1811=POLY_LOOP('',(#1798,#1810,#1806));
#1812=FACE_OUTER_BOUND('',#1811,.T.);
#1813=FACETED_PRIMITIVE_FACE('',(#1812));
#1814=POLY_LOOP('',(#1798,#529,#1810));
#1815=FACE_OUTER_BOUND('',#1814,.T.);
#1816=FACETED_PRIMITIVE_FACE('',(#1815));
#1817=POLY_LOOP('',(#1798,#1788,#1778));
#1818=FACE_OUTER_BOUND('',#1817,.T.);
#1819=FACETED_PRIMITIVE_FACE('',(#1818));
#1820=POLY_LOOP('',(#1798,#530,#529));
#1821=FACE_OUTER_BOUND('',#1820,.T.);
#1822=FACETED_PRIMITIVE_FACE('',(#1821));
#1825=POLY_LOOP('',(#1189,#1823,#1824));
#1826=FACE_OUTER_BOUND('',#1825,.T.);
#1827=FACETED_PRIMITIVE_FACE('',(#1826));
#1829=POLY_LOOP('',(#1188,#1828,#1823));
#1830=FACE_OUTER_BOUND('',#1829,.T.);
#1831=FACETED_PRIMITIVE_FACE('',(#1830));
#1832=POLY_LOOP('',(#1188,#1823,#1189));
#1833=FACE_OUTER_BOUND('',#1832,.T.);
#1834=FACETED_PRIMITIVE_FACE('',(#1833));
#1836=POLY_LOOP('',(#1579,#1824,#1835));
#1837=FACE_OUTER_BOUND('',#1836,.T.);
#1838=FACETED_PRIMITIVE_FACE('',(#1837));
#1839=POLY_LOOP('',(#1579,#1189,#1824));
#1840=FACE_OUTER_BOUND('',#1839,.T.);
#1841=FACETED_PRIMITIVE_FACE('',(#1840));
#1843=POLY_LOOP('',(#1227,#1842,#1828));
#1844=FACE_OUTER_BOUND('',#1843,.T.);
#1845=FACETED_PRIMITIVE_FACE('',(#1844));
#1846=POLY_LOOP('',(#1227,#1828,#1188));
#1847=FACE_OUTER_BOUND('',#1846,.T.);
#1848=FACETED_PRIMITIVE_FACE('',(#1847));
#1850=POLY_LOOP('',(#1849,#1842,#1227));
#1851=FACE_OUTER_BOUND('',#1850,.T.);
#1852=FACETED_PRIMITIVE_FACE('',(#1851));
#1853=POLY_LOOP('',(#1626,#1579,#1835));
#1854=FACE_OUTER_BOUND('',#1853,.T.);
#1855=FACETED_PRIMITIVE_FACE('',(#1854));
#1857=POLY_LOOP('',(#1856,#1626,#1835));
#1858=FACE_OUTER_BOUND('',#1857,.T.);
#1859=FACETED_PRIMITIVE_FACE('',(#1858));
#1860=POLY_LOOP('',(#1245,#1849,#1227));
#1861=FACE_OUTER_BOUND('',#1860,.T.);
#1862=FACETED_PRIMITIVE_FACE('',(#1861));
#1863=POLY_LOOP('',(#1622,#1626,#1856));
#1864=FACE_OUTER_BOUND('',#1863,.T.);
#1865=FACETED_PRIMITIVE_FACE('',(#1864));
#1867=POLY_LOOP('',(#1866,#1849,#1245));
#1868=FACE_OUTER_BOUND('',#1867,.T.);
#1869=FACETED_PRIMITIVE_FACE('',(#1868));
#1871=POLY_LOOP('',(#1618,#1856,#1870));
#1872=FACE_OUTER_BOUND('',#1871,.T.);
#1873=FACETED_PRIMITIVE_FACE('',(#1872));
#1874=POLY_LOOP('',(#1618,#1622,#1856));
#1875=FACE_OUTER_BOUND('',#1874,.T.);
#1876=FACETED_PRIMITIVE_FACE('',(#1875));
#1877=POLY_LOOP('',(#1614,#1618,#1870));
#1878=FACE_OUTER_BOUND('',#1877,.T.);
#1879=FACETED_PRIMITIVE_FACE('',(#1878));
#1881=POLY_LOOP('',(#1880,#1614,#1870));
#1882=FACE_OUTER_BOUND('',#1881,.T.);
#1883=FACETED_PRIMITIVE_FACE('',(#1882));
#1884=POLY_LOOP('',(#1249,#1866,#1245));
#1885=FACE_OUTER_BOUND('',#1884,.T.);
#1886=FACETED_PRIMITIVE_FACE('',(#1885));
#1888=POLY_LOOP('',(#1887,#1866,#1249));
#1889=FACE_OUTER_BOUND('',#1888,.T.);
#1890=FACETED_PRIMITIVE_FACE('',(#1889));
#1892=POLY_LOOP('',(#524,#1880,#1891));
#1893=FACE_OUTER_BOUND('',#1892,.T.);
#1894=FACETED_PRIMITIVE_FACE('',(#1893));
#1895=POLY_LOOP('',(#524,#1614,#1880));
#1896=FACE_OUTER_BOUND('',#1895,.T.);
#1897=FACETED_PRIMITIVE_FACE('',(#1896));
#1898=POLY_LOOP('',(#412,#524,#1891));
#1899=FACE_OUTER_BOUND('',#1898,.T.);
#1900=FACETED_PRIMITIVE_FACE('',(#1899));
#1902=POLY_LOOP('',(#412,#1891,#1901));
#1903=FACE_OUTER_BOUND('',#1902,.T.);
#1904=FACETED_PRIMITIVE_FACE('',(#1903));
#1905=POLY_LOOP('',(#1281,#1887,#1249));
#1906=FACE_OUTER_BOUND('',#1905,.T.);
#1907=FACETED_PRIMITIVE_FACE('',(#1906));
#1909=POLY_LOOP('',(#1908,#1887,#1281));
#1910=FACE_OUTER_BOUND('',#1909,.T.);
#1911=FACETED_PRIMITIVE_FACE('',(#1910));
#1912=POLY_LOOP('',(#1285,#1908,#1281));
#1913=FACE_OUTER_BOUND('',#1912,.T.);
#1914=FACETED_PRIMITIVE_FACE('',(#1913));
#1916=POLY_LOOP('',(#1915,#1908,#1285));
#1917=FACE_OUTER_BOUND('',#1916,.T.);
#1918=FACETED_PRIMITIVE_FACE('',(#1917));
#1919=POLY_LOOP('',(#1320,#1915,#1285));
#1920=FACE_OUTER_BOUND('',#1919,.T.);
#1921=FACETED_PRIMITIVE_FACE('',(#1920));
#1923=POLY_LOOP('',(#1922,#1915,#1320));
#1924=FACE_OUTER_BOUND('',#1923,.T.);
#1925=FACETED_PRIMITIVE_FACE('',(#1924));
#1926=POLY_LOOP('',(#1324,#1922,#1320));
#1927=FACE_OUTER_BOUND('',#1926,.T.);
#1928=FACETED_PRIMITIVE_FACE('',(#1927));
#1930=POLY_LOOP('',(#1929,#1922,#1324));
#1931=FACE_OUTER_BOUND('',#1930,.T.);
#1932=FACETED_PRIMITIVE_FACE('',(#1931));
#1933=POLY_LOOP('',(#1352,#1929,#1324));
#1934=FACE_OUTER_BOUND('',#1933,.T.);
#1935=FACETED_PRIMITIVE_FACE('',(#1934));
#1937=POLY_LOOP('',(#1936,#1929,#1352));
#1938=FACE_OUTER_BOUND('',#1937,.T.);
#1939=FACETED_PRIMITIVE_FACE('',(#1938));
#1940=POLY_LOOP('',(#1356,#1936,#1352));
#1941=FACE_OUTER_BOUND('',#1940,.T.);
#1942=FACETED_PRIMITIVE_FACE('',(#1941));
#1944=POLY_LOOP('',(#1943,#1936,#1356));
#1945=FACE_OUTER_BOUND('',#1944,.T.);
#1946=FACETED_PRIMITIVE_FACE('',(#1945));
#1947=POLY_LOOP('',(#1384,#1943,#1356));
#1948=FACE_OUTER_BOUND('',#1947,.T.);
#1949=FACETED_PRIMITIVE_FACE('',(#1948));
#1951=POLY_LOOP('',(#407,#1901,#1950));
#1952=FACE_OUTER_BOUND('',#1951,.T.);
#1953=FACETED_PRIMITIVE_FACE('',(#1952));
#1954=POLY_LOOP('',(#407,#412,#1901));
#1955=FACE_OUTER_BOUND('',#1954,.T.);
#1956=FACETED_PRIMITIVE_FACE('',(#1955));
#1957=POLY_LOOP('',(#1388,#1943,#1384));
#1958=FACE_OUTER_BOUND('',#1957,.T.);
#1959=FACETED_PRIMITIVE_FACE('',(#1958));
#1961=POLY_LOOP('',(#1960,#1943,#1388));
#1962=FACE_OUTER_BOUND('',#1961,.T.);
#1963=FACETED_PRIMITIVE_FACE('',(#1962));
#1964=POLY_LOOP('',(#1415,#1960,#1388));
#1965=FACE_OUTER_BOUND('',#1964,.T.);
#1966=FACETED_PRIMITIVE_FACE('',(#1965));
#1968=POLY_LOOP('',(#1967,#1960,#1415));
#1969=FACE_OUTER_BOUND('',#1968,.T.);
#1970=FACETED_PRIMITIVE_FACE('',(#1969));
#1971=POLY_LOOP('',(#1423,#1967,#1415));
#1972=FACE_OUTER_BOUND('',#1971,.T.);
#1973=FACETED_PRIMITIVE_FACE('',(#1972));
#1975=POLY_LOOP('',(#1974,#1967,#1423));
#1976=FACE_OUTER_BOUND('',#1975,.T.);
#1977=FACETED_PRIMITIVE_FACE('',(#1976));
#1978=POLY_LOOP('',(#1788,#1974,#1423));
#1979=FACE_OUTER_BOUND('',#1978,.T.);
#1980=FACETED_PRIMITIVE_FACE('',(#1979));
#1982=POLY_LOOP('',(#1981,#1974,#1788));
#1983=FACE_OUTER_BOUND('',#1982,.T.);
#1984=FACETED_PRIMITIVE_FACE('',(#1983));
#1986=POLY_LOOP('',(#1985,#1981,#1788));
#1987=FACE_OUTER_BOUND('',#1986,.T.);
#1988=FACETED_PRIMITIVE_FACE('',(#1987));
#1989=POLY_LOOP('',(#1802,#1985,#1788));
#1990=FACE_OUTER_BOUND('',#1989,.T.);
#1991=FACETED_PRIMITIVE_FACE('',(#1990));
#1993=POLY_LOOP('',(#1992,#1985,#1802));
#1994=FACE_OUTER_BOUND('',#1993,.T.);
#1995=FACETED_PRIMITIVE_FACE('',(#1994));
#1996=POLY_LOOP('',(#1806,#1992,#1802));
#1997=FACE_OUTER_BOUND('',#1996,.T.);
#1998=FACETED_PRIMITIVE_FACE('',(#1997));
#2000=POLY_LOOP('',(#1999,#1992,#1806));
#2001=FACE_OUTER_BOUND('',#2000,.T.);
#2002=FACETED_PRIMITIVE_FACE('',(#2001));
#2003=POLY_LOOP('',(#1810,#1999,#1806));
#2004=FACE_OUTER_BOUND('',#2003,.T.);
#2005=FACETED_PRIMITIVE_FACE('',(#2004));
#2007=POLY_LOOP('',(#2006,#1999,#1810));
#2008=FACE_OUTER_BOUND('',#2007,.T.);
#2009=FACETED_PRIMITIVE_FACE('',(#2008));
#2010=POLY_LOOP('',(#529,#2006,#1810));
#2011=FACE_OUTER_BOUND('',#2010,.T.);
#2012=FACETED_PRIMITIVE_FACE('',(#2011));
#2014=POLY_LOOP('',(#2013,#529,#528));
#2015=FACE_OUTER_BOUND('',#2014,.T.);
#2016=FACETED_PRIMITIVE_FACE('',(#2015));
#2017=POLY_LOOP('',(#2013,#2006,#529));
#2018=FACE_OUTER_BOUND('',#2017,.T.);
#2019=FACETED_PRIMITIVE_FACE('',(#2018));
#2021=POLY_LOOP('',(#2020,#528,#534));
#2022=FACE_OUTER_BOUND('',#2021,.T.);
#2023=FACETED_PRIMITIVE_FACE('',(#2022));
#2024=POLY_LOOP('',(#2020,#2013,#528));
#2025=FACE_OUTER_BOUND('',#2024,.T.);
#2026=FACETED_PRIMITIVE_FACE('',(#2025));
#2029=POLY_LOOP('',(#2027,#534,#2028));
#2030=FACE_OUTER_BOUND('',#2029,.T.);
#2031=FACETED_PRIMITIVE_FACE('',(#2030));
#2032=POLY_LOOP('',(#2027,#2020,#534));
#2033=FACE_OUTER_BOUND('',#2032,.T.);
#2034=FACETED_PRIMITIVE_FACE('',(#2033));
#2037=POLY_LOOP('',(#2035,#2036,#326));
#2038=FACE_OUTER_BOUND('',#2037,.T.);
#2039=FACETED_PRIMITIVE_FACE('',(#2038));
#2040=POLY_LOOP('',(#2035,#326,#316));
#2041=FACE_OUTER_BOUND('',#2040,.T.);
#2042=FACETED_PRIMITIVE_FACE('',(#2041));
#2044=POLY_LOOP('',(#2043,#316,#330));
#2045=FACE_OUTER_BOUND('',#2044,.T.);
#2046=FACETED_PRIMITIVE_FACE('',(#2045));
#2047=POLY_LOOP('',(#2043,#2035,#316));
#2048=FACE_OUTER_BOUND('',#2047,.T.);
#2049=FACETED_PRIMITIVE_FACE('',(#2048));
#2051=POLY_LOOP('',(#2050,#338,#346));
#2052=FACE_OUTER_BOUND('',#2051,.T.);
#2053=FACETED_PRIMITIVE_FACE('',(#2052));
#2054=POLY_LOOP('',(#2050,#330,#338));
#2055=FACE_OUTER_BOUND('',#2054,.T.);
#2056=FACETED_PRIMITIVE_FACE('',(#2055));
#2057=POLY_LOOP('',(#2050,#2043,#330));
#2058=FACE_OUTER_BOUND('',#2057,.T.);
#2059=FACETED_PRIMITIVE_FACE('',(#2058));
#2061=POLY_LOOP('',(#2060,#2050,#346));
#2062=FACE_OUTER_BOUND('',#2061,.T.);
#2063=FACETED_PRIMITIVE_FACE('',(#2062));
#2065=POLY_LOOP('',(#2064,#354,#359));
#2066=FACE_OUTER_BOUND('',#2065,.T.);
#2067=FACETED_PRIMITIVE_FACE('',(#2066));
#2068=POLY_LOOP('',(#2064,#346,#354));
#2069=FACE_OUTER_BOUND('',#2068,.T.);
#2070=FACETED_PRIMITIVE_FACE('',(#2069));
#2071=POLY_LOOP('',(#2064,#2060,#346));
#2072=FACE_OUTER_BOUND('',#2071,.T.);
#2073=FACETED_PRIMITIVE_FACE('',(#2072));
#2075=POLY_LOOP('',(#2074,#359,#367));
#2076=FACE_OUTER_BOUND('',#2075,.T.);
#2077=FACETED_PRIMITIVE_FACE('',(#2076));
#2078=POLY_LOOP('',(#2074,#2064,#359));
#2079=FACE_OUTER_BOUND('',#2078,.T.);
#2080=FACETED_PRIMITIVE_FACE('',(#2079));
#2082=POLY_LOOP('',(#2081,#2074,#367));
#2083=FACE_OUTER_BOUND('',#2082,.T.);
#2084=FACETED_PRIMITIVE_FACE('',(#2083));
#2086=POLY_LOOP('',(#2085,#367,#376));
#2087=FACE_OUTER_BOUND('',#2086,.T.);
#2088=FACETED_PRIMITIVE_FACE('',(#2087));
#2089=POLY_LOOP('',(#2085,#2081,#367));
#2090=FACE_OUTER_BOUND('',#2089,.T.);
#2091=FACETED_PRIMITIVE_FACE('',(#2090));
#2093=POLY_LOOP('',(#2092,#376,#375));
#2094=FACE_OUTER_BOUND('',#2093,.T.);
#2095=FACETED_PRIMITIVE_FACE('',(#2094));
#2096=POLY_LOOP('',(#2092,#2085,#376));
#2097=FACE_OUTER_BOUND('',#2096,.T.);
#2098=FACETED_PRIMITIVE_FACE('',(#2097));
#2100=POLY_LOOP('',(#2099,#375,#395));
#2101=FACE_OUTER_BOUND('',#2100,.T.);
#2102=FACETED_PRIMITIVE_FACE('',(#2101));
#2103=POLY_LOOP('',(#2099,#2092,#375));
#2104=FACE_OUTER_BOUND('',#2103,.T.);
#2105=FACETED_PRIMITIVE_FACE('',(#2104));
#2107=POLY_LOOP('',(#2106,#395,#394));
#2108=FACE_OUTER_BOUND('',#2107,.T.);
#2109=FACETED_PRIMITIVE_FACE('',(#2108));
#2110=POLY_LOOP('',(#2106,#2099,#395));
#2111=FACE_OUTER_BOUND('',#2110,.T.);
#2112=FACETED_PRIMITIVE_FACE('',(#2111));
#2114=POLY_LOOP('',(#2113,#394,#418));
#2115=FACE_OUTER_BOUND('',#2114,.T.);
#2116=FACETED_PRIMITIVE_FACE('',(#2115));
#2117=POLY_LOOP('',(#2113,#2106,#394));
#2118=FACE_OUTER_BOUND('',#2117,.T.);
#2119=FACETED_PRIMITIVE_FACE('',(#2118));
#2121=POLY_LOOP('',(#2120,#2113,#418));
#2122=FACE_OUTER_BOUND('',#2121,.T.);
#2123=FACETED_PRIMITIVE_FACE('',(#2122));
#2124=POLY_LOOP('',(#2120,#417,#450));
#2125=FACE_OUTER_BOUND('',#2124,.T.);
#2126=FACETED_PRIMITIVE_FACE('',(#2125));
#2127=POLY_LOOP('',(#2120,#418,#417));
#2128=FACE_OUTER_BOUND('',#2127,.T.);
#2129=FACETED_PRIMITIVE_FACE('',(#2128));
#2131=POLY_LOOP('',(#2130,#2120,#450));
#2132=FACE_OUTER_BOUND('',#2131,.T.);
#2133=FACETED_PRIMITIVE_FACE('',(#2132));
#2135=POLY_LOOP('',(#2134,#2130,#450));
#2136=FACE_OUTER_BOUND('',#2135,.T.);
#2137=FACETED_PRIMITIVE_FACE('',(#2136));
#2138=POLY_LOOP('',(#2134,#450,#449));
#2139=FACE_OUTER_BOUND('',#2138,.T.);
#2140=FACETED_PRIMITIVE_FACE('',(#2139));
#2142=POLY_LOOP('',(#2141,#449,#472));
#2143=FACE_OUTER_BOUND('',#2142,.T.);
#2144=FACETED_PRIMITIVE_FACE('',(#2143));
#2145=POLY_LOOP('',(#2141,#2134,#449));
#2146=FACE_OUTER_BOUND('',#2145,.T.);
#2147=FACETED_PRIMITIVE_FACE('',(#2146));
#2149=POLY_LOOP('',(#2148,#2141,#472));
#2150=FACE_OUTER_BOUND('',#2149,.T.);
#2151=FACETED_PRIMITIVE_FACE('',(#2150));
#2152=POLY_LOOP('',(#2148,#472,#464));
#2153=FACE_OUTER_BOUND('',#2152,.T.);
#2154=FACETED_PRIMITIVE_FACE('',(#2153));
#2156=POLY_LOOP('',(#2155,#464,#441));
#2157=FACE_OUTER_BOUND('',#2156,.T.);
#2158=FACETED_PRIMITIVE_FACE('',(#2157));
#2159=POLY_LOOP('',(#2155,#2148,#464));
#2160=FACE_OUTER_BOUND('',#2159,.T.);
#2161=FACETED_PRIMITIVE_FACE('',(#2160));
#2163=POLY_LOOP('',(#2162,#441,#429));
#2164=FACE_OUTER_BOUND('',#2163,.T.);
#2165=FACETED_PRIMITIVE_FACE('',(#2164));
#2166=POLY_LOOP('',(#2162,#2155,#441));
#2167=FACE_OUTER_BOUND('',#2166,.T.);
#2168=FACETED_PRIMITIVE_FACE('',(#2167));
#2170=POLY_LOOP('',(#2169,#429,#408));
#2171=FACE_OUTER_BOUND('',#2170,.T.);
#2172=FACETED_PRIMITIVE_FACE('',(#2171));
#2173=POLY_LOOP('',(#2169,#2162,#429));
#2174=FACE_OUTER_BOUND('',#2173,.T.);
#2175=FACETED_PRIMITIVE_FACE('',(#2174));
#2176=POLY_LOOP('',(#1950,#408,#407));
#2177=FACE_OUTER_BOUND('',#2176,.T.);
#2178=FACETED_PRIMITIVE_FACE('',(#2177));
#2179=POLY_LOOP('',(#1950,#2169,#408));
#2180=FACE_OUTER_BOUND('',#2179,.T.);
#2181=FACETED_PRIMITIVE_FACE('',(#2180));
#2183=POLY_LOOP('',(#317,#2036,#2182));
#2184=FACE_OUTER_BOUND('',#2183,.T.);
#2185=FACETED_PRIMITIVE_FACE('',(#2184));
#2186=POLY_LOOP('',(#317,#326,#2036));
#2187=FACE_OUTER_BOUND('',#2186,.T.);
#2188=FACETED_PRIMITIVE_FACE('',(#2187));
#2190=POLY_LOOP('',(#2189,#317,#2182));
#2191=FACE_OUTER_BOUND('',#2190,.T.);
#2192=FACETED_PRIMITIVE_FACE('',(#2191));
#2194=POLY_LOOP('',(#486,#2189,#2193));
#2195=FACE_OUTER_BOUND('',#2194,.T.);
#2196=FACETED_PRIMITIVE_FACE('',(#2195));
#2197=POLY_LOOP('',(#486,#317,#2189));
#2198=FACE_OUTER_BOUND('',#2197,.T.);
#2199=FACETED_PRIMITIVE_FACE('',(#2198));
#2201=POLY_LOOP('',(#490,#2193,#2200));
#2202=FACE_OUTER_BOUND('',#2201,.T.);
#2203=FACETED_PRIMITIVE_FACE('',(#2202));
#2204=POLY_LOOP('',(#490,#486,#2193));
#2205=FACE_OUTER_BOUND('',#2204,.T.);
#2206=FACETED_PRIMITIVE_FACE('',(#2205));
#2207=POLY_LOOP('',(#494,#490,#2200));
#2208=FACE_OUTER_BOUND('',#2207,.T.);
#2209=FACETED_PRIMITIVE_FACE('',(#2208));
#2211=POLY_LOOP('',(#2210,#494,#2200));
#2212=FACE_OUTER_BOUND('',#2211,.T.);
#2213=FACETED_PRIMITIVE_FACE('',(#2212));
#2214=POLY_LOOP('',(#498,#494,#2210));
#2215=FACE_OUTER_BOUND('',#2214,.T.);
#2216=FACETED_PRIMITIVE_FACE('',(#2215));
#2217=POLY_LOOP('',(#502,#498,#2210));
#2218=FACE_OUTER_BOUND('',#2217,.T.);
#2219=FACETED_PRIMITIVE_FACE('',(#2218));
#2221=POLY_LOOP('',(#2220,#502,#2210));
#2222=FACE_OUTER_BOUND('',#2221,.T.);
#2223=FACETED_PRIMITIVE_FACE('',(#2222));
#2224=POLY_LOOP('',(#548,#502,#2220));
#2225=FACE_OUTER_BOUND('',#2224,.T.);
#2226=FACETED_PRIMITIVE_FACE('',(#2225));
#2228=POLY_LOOP('',(#2227,#548,#2220));
#2229=FACE_OUTER_BOUND('',#2228,.T.);
#2230=FACETED_PRIMITIVE_FACE('',(#2229));
#2231=POLY_LOOP('',(#556,#548,#2227));
#2232=FACE_OUTER_BOUND('',#2231,.T.);
#2233=FACETED_PRIMITIVE_FACE('',(#2232));
#2235=POLY_LOOP('',(#2234,#556,#2227));
#2236=FACE_OUTER_BOUND('',#2235,.T.);
#2237=FACETED_PRIMITIVE_FACE('',(#2236));
#2238=POLY_LOOP('',(#564,#556,#2234));
#2239=FACE_OUTER_BOUND('',#2238,.T.);
#2240=FACETED_PRIMITIVE_FACE('',(#2239));
#2242=POLY_LOOP('',(#2241,#564,#2234));
#2243=FACE_OUTER_BOUND('',#2242,.T.);
#2244=FACETED_PRIMITIVE_FACE('',(#2243));
#2245=POLY_LOOP('',(#582,#564,#2241));
#2246=FACE_OUTER_BOUND('',#2245,.T.);
#2247=FACETED_PRIMITIVE_FACE('',(#2246));
#2249=POLY_LOOP('',(#2248,#582,#2241));
#2250=FACE_OUTER_BOUND('',#2249,.T.);
#2251=FACETED_PRIMITIVE_FACE('',(#2250));
#2253=POLY_LOOP('',(#2252,#582,#2248));
#2254=FACE_OUTER_BOUND('',#2253,.T.);
#2255=FACETED_PRIMITIVE_FACE('',(#2254));
#2256=POLY_LOOP('',(#586,#582,#2252));
#2257=FACE_OUTER_BOUND('',#2256,.T.);
#2258=FACETED_PRIMITIVE_FACE('',(#2257));
#2260=POLY_LOOP('',(#2259,#586,#2252));
#2261=FACE_OUTER_BOUND('',#2260,.T.);
#2262=FACETED_PRIMITIVE_FACE('',(#2261));
#2263=POLY_LOOP('',(#594,#586,#2259));
#2264=FACE_OUTER_BOUND('',#2263,.T.);
#2265=FACETED_PRIMITIVE_FACE('',(#2264));
#2267=POLY_LOOP('',(#2266,#594,#2259));
#2268=FACE_OUTER_BOUND('',#2267,.T.);
#2269=FACETED_PRIMITIVE_FACE('',(#2268));
#2270=POLY_LOOP('',(#616,#594,#2266));
#2271=FACE_OUTER_BOUND('',#2270,.T.);
#2272=FACETED_PRIMITIVE_FACE('',(#2271));
#2274=POLY_LOOP('',(#2273,#616,#2266));
#2275=FACE_OUTER_BOUND('',#2274,.T.);
#2276=FACETED_PRIMITIVE_FACE('',(#2275));
#2277=POLY_LOOP('',(#620,#616,#2273));
#2278=FACE_OUTER_BOUND('',#2277,.T.);
#2279=FACETED_PRIMITIVE_FACE('',(#2278));
#2281=POLY_LOOP('',(#2280,#620,#2273));
#2282=FACE_OUTER_BOUND('',#2281,.T.);
#2283=FACETED_PRIMITIVE_FACE('',(#2282));
#2284=POLY_LOOP('',(#662,#620,#2280));
#2285=FACE_OUTER_BOUND('',#2284,.T.);
#2286=FACETED_PRIMITIVE_FACE('',(#2285));
#2288=POLY_LOOP('',(#2287,#662,#2280));
#2289=FACE_OUTER_BOUND('',#2288,.T.);
#2290=FACETED_PRIMITIVE_FACE('',(#2289));
#2291=POLY_LOOP('',(#666,#662,#2287));
#2292=FACE_OUTER_BOUND('',#2291,.T.);
#2293=FACETED_PRIMITIVE_FACE('',(#2292));
#2295=POLY_LOOP('',(#2294,#666,#2287));
#2296=FACE_OUTER_BOUND('',#2295,.T.);
#2297=FACETED_PRIMITIVE_FACE('',(#2296));
#2298=POLY_LOOP('',(#695,#666,#2294));
#2299=FACE_OUTER_BOUND('',#2298,.T.);
#2300=FACETED_PRIMITIVE_FACE('',(#2299));
#2302=POLY_LOOP('',(#2301,#520,#516));
#2303=FACE_OUTER_BOUND('',#2302,.T.);
#2304=FACETED_PRIMITIVE_FACE('',(#2303));
#2306=POLY_LOOP('',(#2301,#2305,#520));
#2307=FACE_OUTER_BOUND('',#2306,.T.);
#2308=FACETED_PRIMITIVE_FACE('',(#2307));
#2310=POLY_LOOP('',(#2301,#2309,#2305));
#2311=FACE_OUTER_BOUND('',#2310,.T.);
#2312=FACETED_PRIMITIVE_FACE('',(#2311));
#2314=POLY_LOOP('',(#2313,#516,#512));
#2315=FACE_OUTER_BOUND('',#2314,.T.);
#2316=FACETED_PRIMITIVE_FACE('',(#2315));
#2317=POLY_LOOP('',(#2313,#2301,#516));
#2318=FACE_OUTER_BOUND('',#2317,.T.);
#2319=FACETED_PRIMITIVE_FACE('',(#2318));
#2321=POLY_LOOP('',(#2320,#699,#695));
#2322=FACE_OUTER_BOUND('',#2321,.T.);
#2323=FACETED_PRIMITIVE_FACE('',(#2322));
#2324=POLY_LOOP('',(#2320,#695,#2294));
#2325=FACE_OUTER_BOUND('',#2324,.T.);
#2326=FACETED_PRIMITIVE_FACE('',(#2325));
#2328=POLY_LOOP('',(#2327,#512,#508));
#2329=FACE_OUTER_BOUND('',#2328,.T.);
#2330=FACETED_PRIMITIVE_FACE('',(#2329));
#2331=POLY_LOOP('',(#2327,#2313,#512));
#2332=FACE_OUTER_BOUND('',#2331,.T.);
#2333=FACETED_PRIMITIVE_FACE('',(#2332));
#2335=POLY_LOOP('',(#2334,#508,#507));
#2336=FACE_OUTER_BOUND('',#2335,.T.);
#2337=FACETED_PRIMITIVE_FACE('',(#2336));
#2338=POLY_LOOP('',(#2334,#2327,#508));
#2339=FACE_OUTER_BOUND('',#2338,.T.);
#2340=FACETED_PRIMITIVE_FACE('',(#2339));
#2342=POLY_LOOP('',(#2341,#735,#699));
#2343=FACE_OUTER_BOUND('',#2342,.T.);
#2344=FACETED_PRIMITIVE_FACE('',(#2343));
#2345=POLY_LOOP('',(#2341,#699,#2320));
#2346=FACE_OUTER_BOUND('',#2345,.T.);
#2347=FACETED_PRIMITIVE_FACE('',(#2346));
#2349=POLY_LOOP('',(#2348,#507,#1458));
#2350=FACE_OUTER_BOUND('',#2349,.T.);
#2351=FACETED_PRIMITIVE_FACE('',(#2350));
#2352=POLY_LOOP('',(#2348,#2334,#507));
#2353=FACE_OUTER_BOUND('',#2352,.T.);
#2354=FACETED_PRIMITIVE_FACE('',(#2353));
#2355=POLY_LOOP('',(#739,#735,#2341));
#2356=FACE_OUTER_BOUND('',#2355,.T.);
#2357=FACETED_PRIMITIVE_FACE('',(#2356));
#2359=POLY_LOOP('',(#2358,#1458,#829));
#2360=FACE_OUTER_BOUND('',#2359,.T.);
#2361=FACETED_PRIMITIVE_FACE('',(#2360));
#2362=POLY_LOOP('',(#2358,#2348,#1458));
#2363=FACE_OUTER_BOUND('',#2362,.T.);
#2364=FACETED_PRIMITIVE_FACE('',(#2363));
#2366=POLY_LOOP('',(#2365,#787,#739));
#2367=FACE_OUTER_BOUND('',#2366,.T.);
#2368=FACETED_PRIMITIVE_FACE('',(#2367));
#2369=POLY_LOOP('',(#2365,#739,#2341));
#2370=FACE_OUTER_BOUND('',#2369,.T.);
#2371=FACETED_PRIMITIVE_FACE('',(#2370));
#2373=POLY_LOOP('',(#2372,#2358,#829));
#2374=FACE_OUTER_BOUND('',#2373,.T.);
#2375=FACETED_PRIMITIVE_FACE('',(#2374));
#2377=POLY_LOOP('',(#2376,#796,#787));
#2378=FACE_OUTER_BOUND('',#2377,.T.);
#2379=FACETED_PRIMITIVE_FACE('',(#2378));
#2380=POLY_LOOP('',(#2376,#787,#2365));
#2381=FACE_OUTER_BOUND('',#2380,.T.);
#2382=FACETED_PRIMITIVE_FACE('',(#2381));
#2384=POLY_LOOP('',(#2383,#829,#796));
#2385=FACE_OUTER_BOUND('',#2384,.T.);
#2386=FACETED_PRIMITIVE_FACE('',(#2385));
#2387=POLY_LOOP('',(#2383,#796,#2376));
#2388=FACE_OUTER_BOUND('',#2387,.T.);
#2389=FACETED_PRIMITIVE_FACE('',(#2388));
#2390=POLY_LOOP('',(#2383,#2372,#829));
#2391=FACE_OUTER_BOUND('',#2390,.T.);
#2392=FACETED_PRIMITIVE_FACE('',(#2391));
#2394=POLY_LOOP('',(#2393,#530,#1774));
#2395=FACE_OUTER_BOUND('',#2394,.T.);
#2396=FACETED_PRIMITIVE_FACE('',(#2395));
#2397=POLY_LOOP('',(#2393,#534,#530));
#2398=FACE_OUTER_BOUND('',#2397,.T.);
#2399=FACETED_PRIMITIVE_FACE('',(#2398));
#2400=POLY_LOOP('',(#2393,#2028,#534));
#2401=FACE_OUTER_BOUND('',#2400,.T.);
#2402=FACETED_PRIMITIVE_FACE('',(#2401));
#2404=POLY_LOOP('',(#2403,#1774,#1757));
#2405=FACE_OUTER_BOUND('',#2404,.T.);
#2406=FACETED_PRIMITIVE_FACE('',(#2405));
#2407=POLY_LOOP('',(#2403,#2393,#1774));
#2408=FACE_OUTER_BOUND('',#2407,.T.);
#2409=FACETED_PRIMITIVE_FACE('',(#2408));
#2411=POLY_LOOP('',(#2410,#1757,#1742));
#2412=FACE_OUTER_BOUND('',#2411,.T.);
#2413=FACETED_PRIMITIVE_FACE('',(#2412));
#2414=POLY_LOOP('',(#2410,#2403,#1757));
#2415=FACE_OUTER_BOUND('',#2414,.T.);
#2416=FACETED_PRIMITIVE_FACE('',(#2415));
#2418=POLY_LOOP('',(#2417,#2410,#1742));
#2419=FACE_OUTER_BOUND('',#2418,.T.);
#2420=FACETED_PRIMITIVE_FACE('',(#2419));
#2421=POLY_LOOP('',(#1725,#2417,#1742));
#2422=FACE_OUTER_BOUND('',#2421,.T.);
#2423=FACETED_PRIMITIVE_FACE('',(#2422));
#2425=POLY_LOOP('',(#2424,#2417,#1725));
#2426=FACE_OUTER_BOUND('',#2425,.T.);
#2427=FACETED_PRIMITIVE_FACE('',(#2426));
#2429=POLY_LOOP('',(#1713,#2428,#2424));
#2430=FACE_OUTER_BOUND('',#2429,.T.);
#2431=FACETED_PRIMITIVE_FACE('',(#2430));
#2433=POLY_LOOP('',(#1713,#2432,#2428));
#2434=FACE_OUTER_BOUND('',#2433,.T.);
#2435=FACETED_PRIMITIVE_FACE('',(#2434));
#2436=POLY_LOOP('',(#1713,#2424,#1725));
#2437=FACE_OUTER_BOUND('',#2436,.T.);
#2438=FACETED_PRIMITIVE_FACE('',(#2437));
#2440=POLY_LOOP('',(#1687,#2439,#2432));
#2441=FACE_OUTER_BOUND('',#2440,.T.);
#2442=FACETED_PRIMITIVE_FACE('',(#2441));
#2443=POLY_LOOP('',(#1687,#2432,#1713));
#2444=FACE_OUTER_BOUND('',#2443,.T.);
#2445=FACETED_PRIMITIVE_FACE('',(#2444));
#2446=POLY_LOOP('',(#1672,#2439,#1687));
#2447=FACE_OUTER_BOUND('',#2446,.T.);
#2448=FACETED_PRIMITIVE_FACE('',(#2447));
#2450=POLY_LOOP('',(#1654,#2449,#2439));
#2451=FACE_OUTER_BOUND('',#2450,.T.);
#2452=FACETED_PRIMITIVE_FACE('',(#2451));
#2453=POLY_LOOP('',(#1654,#2439,#1672));
#2454=FACE_OUTER_BOUND('',#2453,.T.);
#2455=FACETED_PRIMITIVE_FACE('',(#2454));
#2457=POLY_LOOP('',(#1640,#2456,#2449));
#2458=FACE_OUTER_BOUND('',#2457,.T.);
#2459=FACETED_PRIMITIVE_FACE('',(#2458));
#2460=POLY_LOOP('',(#1640,#2449,#1654));
#2461=FACE_OUTER_BOUND('',#2460,.T.);
#2462=FACETED_PRIMITIVE_FACE('',(#2461));
#2463=POLY_LOOP('',(#1593,#2456,#1640));
#2464=FACE_OUTER_BOUND('',#2463,.T.);
#2465=FACETED_PRIMITIVE_FACE('',(#2464));
#2467=POLY_LOOP('',(#1593,#2466,#2456));
#2468=FACE_OUTER_BOUND('',#2467,.T.);
#2469=FACETED_PRIMITIVE_FACE('',(#2468));
#2471=POLY_LOOP('',(#1593,#2470,#2466));
#2472=FACE_OUTER_BOUND('',#2471,.T.);
#2473=FACETED_PRIMITIVE_FACE('',(#2472));
#2474=POLY_LOOP('',(#506,#520,#2305));
#2475=FACE_OUTER_BOUND('',#2474,.T.);
#2476=FACETED_PRIMITIVE_FACE('',(#2475));
#2479=POLY_LOOP('',(#506,#2477,#2478));
#2480=FACE_OUTER_BOUND('',#2479,.T.);
#2481=FACETED_PRIMITIVE_FACE('',(#2480));
#2482=POLY_LOOP('',(#506,#2305,#2477));
#2483=FACE_OUTER_BOUND('',#2482,.T.);
#2484=FACETED_PRIMITIVE_FACE('',(#2483));
#2485=POLY_LOOP('',(#1568,#2470,#1593));
#2486=FACE_OUTER_BOUND('',#2485,.T.);
#2487=FACETED_PRIMITIVE_FACE('',(#2486));
#2489=POLY_LOOP('',(#1568,#2488,#2470));
#2490=FACE_OUTER_BOUND('',#2489,.T.);
#2491=FACETED_PRIMITIVE_FACE('',(#2490));
#2492=POLY_LOOP('',(#1445,#506,#2478));
#2493=FACE_OUTER_BOUND('',#2492,.T.);
#2494=FACETED_PRIMITIVE_FACE('',(#2493));
#2495=POLY_LOOP('',(#1545,#2488,#1568));
#2496=FACE_OUTER_BOUND('',#2495,.T.);
#2497=FACETED_PRIMITIVE_FACE('',(#2496));
#2498=POLY_LOOP('',(#1475,#1445,#2478));
#2499=FACE_OUTER_BOUND('',#2498,.T.);
#2500=FACETED_PRIMITIVE_FACE('',(#2499));
#2502=POLY_LOOP('',(#1475,#2478,#2501));
#2503=FACE_OUTER_BOUND('',#2502,.T.);
#2504=FACETED_PRIMITIVE_FACE('',(#2503));
#2505=POLY_LOOP('',(#1533,#2488,#1545));
#2506=FACE_OUTER_BOUND('',#2505,.T.);
#2507=FACETED_PRIMITIVE_FACE('',(#2506));
#2509=POLY_LOOP('',(#1533,#2508,#2488));
#2510=FACE_OUTER_BOUND('',#2509,.T.);
#2511=FACETED_PRIMITIVE_FACE('',(#2510));
#2513=POLY_LOOP('',(#1533,#2512,#2508));
#2514=FACE_OUTER_BOUND('',#2513,.T.);
#2515=FACETED_PRIMITIVE_FACE('',(#2514));
#2516=POLY_LOOP('',(#1486,#1475,#2501));
#2517=FACE_OUTER_BOUND('',#2516,.T.);
#2518=FACETED_PRIMITIVE_FACE('',(#2517));
#2520=POLY_LOOP('',(#1486,#2501,#2519));
#2521=FACE_OUTER_BOUND('',#2520,.T.);
#2522=FACETED_PRIMITIVE_FACE('',(#2521));
#2523=POLY_LOOP('',(#1522,#2512,#1533));
#2524=FACE_OUTER_BOUND('',#2523,.T.);
#2525=FACETED_PRIMITIVE_FACE('',(#2524));
#2527=POLY_LOOP('',(#1522,#2526,#2512));
#2528=FACE_OUTER_BOUND('',#2527,.T.);
#2529=FACETED_PRIMITIVE_FACE('',(#2528));
#2530=POLY_LOOP('',(#1504,#1486,#2519));
#2531=FACE_OUTER_BOUND('',#2530,.T.);
#2532=FACETED_PRIMITIVE_FACE('',(#2531));
#2533=POLY_LOOP('',(#1504,#2526,#1522));
#2534=FACE_OUTER_BOUND('',#2533,.T.);
#2535=FACETED_PRIMITIVE_FACE('',(#2534));
#2536=POLY_LOOP('',(#1504,#2519,#2526));
#2537=FACE_OUTER_BOUND('',#2536,.T.);
#2538=FACETED_PRIMITIVE_FACE('',(#2537));
#2539=POLY_LOOP('',(#2477,#2305,#2309));
#2540=FACE_OUTER_BOUND('',#2539,.T.);
#2541=FACETED_PRIMITIVE_FACE('',(#2540));
#2543=POLY_LOOP('',(#2477,#2309,#2542));
#2544=FACE_OUTER_BOUND('',#2543,.T.);
#2545=FACETED_PRIMITIVE_FACE('',(#2544));
#2547=POLY_LOOP('',(#2478,#2542,#2546));
#2548=FACE_OUTER_BOUND('',#2547,.T.);
#2549=FACETED_PRIMITIVE_FACE('',(#2548));
#2550=POLY_LOOP('',(#2478,#2477,#2542));
#2551=FACE_OUTER_BOUND('',#2550,.T.);
#2552=FACETED_PRIMITIVE_FACE('',(#2551));
#2554=POLY_LOOP('',(#2501,#2546,#2553));
#2555=FACE_OUTER_BOUND('',#2554,.T.);
#2556=FACETED_PRIMITIVE_FACE('',(#2555));
#2557=POLY_LOOP('',(#2501,#2478,#2546));
#2558=FACE_OUTER_BOUND('',#2557,.T.);
#2559=FACETED_PRIMITIVE_FACE('',(#2558));
#2562=POLY_LOOP('',(#2519,#2560,#2561));
#2563=FACE_OUTER_BOUND('',#2562,.T.);
#2564=FACETED_PRIMITIVE_FACE('',(#2563));
#2565=POLY_LOOP('',(#2519,#2553,#2560));
#2566=FACE_OUTER_BOUND('',#2565,.T.);
#2567=FACETED_PRIMITIVE_FACE('',(#2566));
#2568=POLY_LOOP('',(#2519,#2501,#2553));
#2569=FACE_OUTER_BOUND('',#2568,.T.);
#2570=FACETED_PRIMITIVE_FACE('',(#2569));
#2571=POLY_LOOP('',(#2526,#2519,#2561));
#2572=FACE_OUTER_BOUND('',#2571,.T.);
#2573=FACETED_PRIMITIVE_FACE('',(#2572));
#2575=POLY_LOOP('',(#2512,#2561,#2574));
#2576=FACE_OUTER_BOUND('',#2575,.T.);
#2577=FACETED_PRIMITIVE_FACE('',(#2576));
#2578=POLY_LOOP('',(#2512,#2526,#2561));
#2579=FACE_OUTER_BOUND('',#2578,.T.);
#2580=FACETED_PRIMITIVE_FACE('',(#2579));
#2582=POLY_LOOP('',(#2508,#2574,#2581));
#2583=FACE_OUTER_BOUND('',#2582,.T.);
#2584=FACETED_PRIMITIVE_FACE('',(#2583));
#2585=POLY_LOOP('',(#2508,#2512,#2574));
#2586=FACE_OUTER_BOUND('',#2585,.T.);
#2587=FACETED_PRIMITIVE_FACE('',(#2586));
#2589=POLY_LOOP('',(#2488,#2581,#2588));
#2590=FACE_OUTER_BOUND('',#2589,.T.);
#2591=FACETED_PRIMITIVE_FACE('',(#2590));
#2592=POLY_LOOP('',(#2488,#2508,#2581));
#2593=FACE_OUTER_BOUND('',#2592,.T.);
#2594=FACETED_PRIMITIVE_FACE('',(#2593));
#2596=POLY_LOOP('',(#2470,#2588,#2595));
#2597=FACE_OUTER_BOUND('',#2596,.T.);
#2598=FACETED_PRIMITIVE_FACE('',(#2597));
#2599=POLY_LOOP('',(#2470,#2488,#2588));
#2600=FACE_OUTER_BOUND('',#2599,.T.);
#2601=FACETED_PRIMITIVE_FACE('',(#2600));
#2603=POLY_LOOP('',(#2466,#2595,#2602));
#2604=FACE_OUTER_BOUND('',#2603,.T.);
#2605=FACETED_PRIMITIVE_FACE('',(#2604));
#2606=POLY_LOOP('',(#2466,#2470,#2595));
#2607=FACE_OUTER_BOUND('',#2606,.T.);
#2608=FACETED_PRIMITIVE_FACE('',(#2607));
#2610=POLY_LOOP('',(#2456,#2602,#2609));
#2611=FACE_OUTER_BOUND('',#2610,.T.);
#2612=FACETED_PRIMITIVE_FACE('',(#2611));
#2613=POLY_LOOP('',(#2456,#2466,#2602));
#2614=FACE_OUTER_BOUND('',#2613,.T.);
#2615=FACETED_PRIMITIVE_FACE('',(#2614));
#2618=POLY_LOOP('',(#2449,#2616,#2617));
#2619=FACE_OUTER_BOUND('',#2618,.T.);
#2620=FACETED_PRIMITIVE_FACE('',(#2619));
#2621=POLY_LOOP('',(#2449,#2609,#2616));
#2622=FACE_OUTER_BOUND('',#2621,.T.);
#2623=FACETED_PRIMITIVE_FACE('',(#2622));
#2624=POLY_LOOP('',(#2449,#2456,#2609));
#2625=FACE_OUTER_BOUND('',#2624,.T.);
#2626=FACETED_PRIMITIVE_FACE('',(#2625));
#2628=POLY_LOOP('',(#2439,#2617,#2627));
#2629=FACE_OUTER_BOUND('',#2628,.T.);
#2630=FACETED_PRIMITIVE_FACE('',(#2629));
#2631=POLY_LOOP('',(#2439,#2449,#2617));
#2632=FACE_OUTER_BOUND('',#2631,.T.);
#2633=FACETED_PRIMITIVE_FACE('',(#2632));
#2634=POLY_LOOP('',(#2432,#2439,#2627));
#2635=FACE_OUTER_BOUND('',#2634,.T.);
#2636=FACETED_PRIMITIVE_FACE('',(#2635));
#2637=POLY_LOOP('',(#2428,#2432,#2627));
#2638=FACE_OUTER_BOUND('',#2637,.T.);
#2639=FACETED_PRIMITIVE_FACE('',(#2638));
#2641=POLY_LOOP('',(#2428,#2627,#2640));
#2642=FACE_OUTER_BOUND('',#2641,.T.);
#2643=FACETED_PRIMITIVE_FACE('',(#2642));
#2645=POLY_LOOP('',(#2424,#2640,#2644));
#2646=FACE_OUTER_BOUND('',#2645,.T.);
#2647=FACETED_PRIMITIVE_FACE('',(#2646));
#2648=POLY_LOOP('',(#2424,#2428,#2640));
#2649=FACE_OUTER_BOUND('',#2648,.T.);
#2650=FACETED_PRIMITIVE_FACE('',(#2649));
#2652=POLY_LOOP('',(#2417,#2644,#2651));
#2653=FACE_OUTER_BOUND('',#2652,.T.);
#2654=FACETED_PRIMITIVE_FACE('',(#2653));
#2655=POLY_LOOP('',(#2417,#2424,#2644));
#2656=FACE_OUTER_BOUND('',#2655,.T.);
#2657=FACETED_PRIMITIVE_FACE('',(#2656));
#2659=POLY_LOOP('',(#2410,#2651,#2658));
#2660=FACE_OUTER_BOUND('',#2659,.T.);
#2661=FACETED_PRIMITIVE_FACE('',(#2660));
#2662=POLY_LOOP('',(#2410,#2417,#2651));
#2663=FACE_OUTER_BOUND('',#2662,.T.);
#2664=FACETED_PRIMITIVE_FACE('',(#2663));
#2667=POLY_LOOP('',(#2403,#2665,#2666));
#2668=FACE_OUTER_BOUND('',#2667,.T.);
#2669=FACETED_PRIMITIVE_FACE('',(#2668));
#2670=POLY_LOOP('',(#2403,#2658,#2665));
#2671=FACE_OUTER_BOUND('',#2670,.T.);
#2672=FACETED_PRIMITIVE_FACE('',(#2671));
#2673=POLY_LOOP('',(#2403,#2410,#2658));
#2674=FACE_OUTER_BOUND('',#2673,.T.);
#2675=FACETED_PRIMITIVE_FACE('',(#2674));
#2676=POLY_LOOP('',(#2393,#2403,#2666));
#2677=FACE_OUTER_BOUND('',#2676,.T.);
#2678=FACETED_PRIMITIVE_FACE('',(#2677));
#2679=POLY_LOOP('',(#2028,#2666,#2027));
#2680=FACE_OUTER_BOUND('',#2679,.T.);
#2681=FACETED_PRIMITIVE_FACE('',(#2680));
#2682=POLY_LOOP('',(#2028,#2393,#2666));
#2683=FACE_OUTER_BOUND('',#2682,.T.);
#2684=FACETED_PRIMITIVE_FACE('',(#2683));
#2686=POLY_LOOP('',(#2542,#2301,#2685));
#2687=FACE_OUTER_BOUND('',#2686,.T.);
#2688=FACETED_PRIMITIVE_FACE('',(#2687));
#2690=POLY_LOOP('',(#2542,#2685,#2689));
#2691=FACE_OUTER_BOUND('',#2690,.T.);
#2692=FACETED_PRIMITIVE_FACE('',(#2691));
#2693=POLY_LOOP('',(#2542,#2309,#2301));
#2694=FACE_OUTER_BOUND('',#2693,.T.);
#2695=FACETED_PRIMITIVE_FACE('',(#2694));
#2697=POLY_LOOP('',(#2546,#2689,#2696));
#2698=FACE_OUTER_BOUND('',#2697,.T.);
#2699=FACETED_PRIMITIVE_FACE('',(#2698));
#2700=POLY_LOOP('',(#2546,#2542,#2689));
#2701=FACE_OUTER_BOUND('',#2700,.T.);
#2702=FACETED_PRIMITIVE_FACE('',(#2701));
#2704=POLY_LOOP('',(#2553,#2696,#2703));
#2705=FACE_OUTER_BOUND('',#2704,.T.);
#2706=FACETED_PRIMITIVE_FACE('',(#2705));
#2707=POLY_LOOP('',(#2553,#2546,#2696));
#2708=FACE_OUTER_BOUND('',#2707,.T.);
#2709=FACETED_PRIMITIVE_FACE('',(#2708));
#2710=POLY_LOOP('',(#2560,#2553,#2703));
#2711=FACE_OUTER_BOUND('',#2710,.T.);
#2712=FACETED_PRIMITIVE_FACE('',(#2711));
#2714=POLY_LOOP('',(#2713,#2560,#2703));
#2715=FACE_OUTER_BOUND('',#2714,.T.);
#2716=FACETED_PRIMITIVE_FACE('',(#2715));
#2717=POLY_LOOP('',(#2561,#2560,#2713));
#2718=FACE_OUTER_BOUND('',#2717,.T.);
#2719=FACETED_PRIMITIVE_FACE('',(#2718));
#2721=POLY_LOOP('',(#2720,#2574,#2561));
#2722=FACE_OUTER_BOUND('',#2721,.T.);
#2723=FACETED_PRIMITIVE_FACE('',(#2722));
#2724=POLY_LOOP('',(#2720,#2561,#2713));
#2725=FACE_OUTER_BOUND('',#2724,.T.);
#2726=FACETED_PRIMITIVE_FACE('',(#2725));
#2728=POLY_LOOP('',(#2727,#2581,#2574));
#2729=FACE_OUTER_BOUND('',#2728,.T.);
#2730=FACETED_PRIMITIVE_FACE('',(#2729));
#2731=POLY_LOOP('',(#2727,#2574,#2720));
#2732=FACE_OUTER_BOUND('',#2731,.T.);
#2733=FACETED_PRIMITIVE_FACE('',(#2732));
#2735=POLY_LOOP('',(#2734,#2595,#2588));
#2736=FACE_OUTER_BOUND('',#2735,.T.);
#2737=FACETED_PRIMITIVE_FACE('',(#2736));
#2738=POLY_LOOP('',(#2734,#2588,#2581));
#2739=FACE_OUTER_BOUND('',#2738,.T.);
#2740=FACETED_PRIMITIVE_FACE('',(#2739));
#2741=POLY_LOOP('',(#2734,#2581,#2727));
#2742=FACE_OUTER_BOUND('',#2741,.T.);
#2743=FACETED_PRIMITIVE_FACE('',(#2742));
#2745=POLY_LOOP('',(#2744,#2595,#2734));
#2746=FACE_OUTER_BOUND('',#2745,.T.);
#2747=FACETED_PRIMITIVE_FACE('',(#2746));
#2749=POLY_LOOP('',(#2748,#2595,#2744));
#2750=FACE_OUTER_BOUND('',#2749,.T.);
#2751=FACETED_PRIMITIVE_FACE('',(#2750));
#2752=POLY_LOOP('',(#2748,#2609,#2602));
#2753=FACE_OUTER_BOUND('',#2752,.T.);
#2754=FACETED_PRIMITIVE_FACE('',(#2753));
#2755=POLY_LOOP('',(#2748,#2602,#2595));
#2756=FACE_OUTER_BOUND('',#2755,.T.);
#2757=FACETED_PRIMITIVE_FACE('',(#2756));
#2759=POLY_LOOP('',(#2758,#2609,#2748));
#2760=FACE_OUTER_BOUND('',#2759,.T.);
#2761=FACETED_PRIMITIVE_FACE('',(#2760));
#2763=POLY_LOOP('',(#2762,#2027,#2666));
#2764=FACE_OUTER_BOUND('',#2763,.T.);
#2765=FACETED_PRIMITIVE_FACE('',(#2764));
#2766=POLY_LOOP('',(#2762,#2020,#2027));
#2767=FACE_OUTER_BOUND('',#2766,.T.);
#2768=FACETED_PRIMITIVE_FACE('',(#2767));
#2770=POLY_LOOP('',(#2769,#2617,#2616));
#2771=FACE_OUTER_BOUND('',#2770,.T.);
#2772=FACETED_PRIMITIVE_FACE('',(#2771));
#2773=POLY_LOOP('',(#2769,#2616,#2609));
#2774=FACE_OUTER_BOUND('',#2773,.T.);
#2775=FACETED_PRIMITIVE_FACE('',(#2774));
#2776=POLY_LOOP('',(#2769,#2609,#2758));
#2777=FACE_OUTER_BOUND('',#2776,.T.);
#2778=FACETED_PRIMITIVE_FACE('',(#2777));
#2780=POLY_LOOP('',(#2779,#2666,#2665));
#2781=FACE_OUTER_BOUND('',#2780,.T.);
#2782=FACETED_PRIMITIVE_FACE('',(#2781));
#2783=POLY_LOOP('',(#2779,#2762,#2666));
#2784=FACE_OUTER_BOUND('',#2783,.T.);
#2785=FACETED_PRIMITIVE_FACE('',(#2784));
#2787=POLY_LOOP('',(#2786,#2617,#2769));
#2788=FACE_OUTER_BOUND('',#2787,.T.);
#2789=FACETED_PRIMITIVE_FACE('',(#2788));
#2791=POLY_LOOP('',(#2790,#2665,#2658));
#2792=FACE_OUTER_BOUND('',#2791,.T.);
#2793=FACETED_PRIMITIVE_FACE('',(#2792));
#2794=POLY_LOOP('',(#2790,#2779,#2665));
#2795=FACE_OUTER_BOUND('',#2794,.T.);
#2796=FACETED_PRIMITIVE_FACE('',(#2795));
#2798=POLY_LOOP('',(#2797,#2640,#2627));
#2799=FACE_OUTER_BOUND('',#2798,.T.);
#2800=FACETED_PRIMITIVE_FACE('',(#2799));
#2801=POLY_LOOP('',(#2797,#2627,#2617));
#2802=FACE_OUTER_BOUND('',#2801,.T.);
#2803=FACETED_PRIMITIVE_FACE('',(#2802));
#2804=POLY_LOOP('',(#2797,#2617,#2786));
#2805=FACE_OUTER_BOUND('',#2804,.T.);
#2806=FACETED_PRIMITIVE_FACE('',(#2805));
#2808=POLY_LOOP('',(#2807,#2790,#2658));
#2809=FACE_OUTER_BOUND('',#2808,.T.);
#2810=FACETED_PRIMITIVE_FACE('',(#2809));
#2811=POLY_LOOP('',(#2807,#2658,#2651));
#2812=FACE_OUTER_BOUND('',#2811,.T.);
#2813=FACETED_PRIMITIVE_FACE('',(#2812));
#2815=POLY_LOOP('',(#2814,#2640,#2797));
#2816=FACE_OUTER_BOUND('',#2815,.T.);
#2817=FACETED_PRIMITIVE_FACE('',(#2816));
#2818=POLY_LOOP('',(#2814,#2644,#2640));
#2819=FACE_OUTER_BOUND('',#2818,.T.);
#2820=FACETED_PRIMITIVE_FACE('',(#2819));
#2822=POLY_LOOP('',(#2821,#2807,#2651));
#2823=FACE_OUTER_BOUND('',#2822,.T.);
#2824=FACETED_PRIMITIVE_FACE('',(#2823));
#2825=POLY_LOOP('',(#2821,#2651,#2644));
#2826=FACE_OUTER_BOUND('',#2825,.T.);
#2827=FACETED_PRIMITIVE_FACE('',(#2826));
#2828=POLY_LOOP('',(#2821,#2644,#2814));
#2829=FACE_OUTER_BOUND('',#2828,.T.);
#2830=FACETED_PRIMITIVE_FACE('',(#2829));
#2831=POLY_LOOP('',(#2685,#2301,#2313));
#2832=FACE_OUTER_BOUND('',#2831,.T.);
#2833=FACETED_PRIMITIVE_FACE('',(#2832));
#2834=POLY_LOOP('',(#2685,#2313,#2327));
#2835=FACE_OUTER_BOUND('',#2834,.T.);
#2836=FACETED_PRIMITIVE_FACE('',(#2835));
#2837=POLY_LOOP('',(#2685,#2327,#2334));
#2838=FACE_OUTER_BOUND('',#2837,.T.);
#2839=FACETED_PRIMITIVE_FACE('',(#2838));
#2840=POLY_LOOP('',(#2685,#2334,#2348));
#2841=FACE_OUTER_BOUND('',#2840,.T.);
#2842=FACETED_PRIMITIVE_FACE('',(#2841));
#2843=POLY_LOOP('',(#2358,#2685,#2348));
#2844=FACE_OUTER_BOUND('',#2843,.T.);
#2845=FACETED_PRIMITIVE_FACE('',(#2844));
#2847=POLY_LOOP('',(#2846,#2220,#2210));
#2848=FACE_OUTER_BOUND('',#2847,.T.);
#2849=FACETED_PRIMITIVE_FACE('',(#2848));
#2850=POLY_LOOP('',(#2846,#2210,#2200));
#2851=FACE_OUTER_BOUND('',#2850,.T.);
#2852=FACETED_PRIMITIVE_FACE('',(#2851));
#2853=POLY_LOOP('',(#2846,#2200,#2193));
#2854=FACE_OUTER_BOUND('',#2853,.T.);
#2855=FACETED_PRIMITIVE_FACE('',(#2854));
#2856=POLY_LOOP('',(#2846,#2193,#2189));
#2857=FACE_OUTER_BOUND('',#2856,.T.);
#2858=FACETED_PRIMITIVE_FACE('',(#2857));
#2859=POLY_LOOP('',(#2846,#2189,#2182));
#2860=FACE_OUTER_BOUND('',#2859,.T.);
#2861=FACETED_PRIMITIVE_FACE('',(#2860));
#2862=POLY_LOOP('',(#2013,#2020,#2762));
#2863=FACE_OUTER_BOUND('',#2862,.T.);
#2864=FACETED_PRIMITIVE_FACE('',(#2863));
#2866=POLY_LOOP('',(#1856,#1835,#2865));
#2867=FACE_OUTER_BOUND('',#2866,.T.);
#2868=FACETED_PRIMITIVE_FACE('',(#2867));
#2869=POLY_LOOP('',(#1870,#1856,#2865));
#2870=FACE_OUTER_BOUND('',#2869,.T.);
#2871=FACETED_PRIMITIVE_FACE('',(#2870));
#2872=POLY_LOOP('',(#1880,#1870,#2865));
#2873=FACE_OUTER_BOUND('',#2872,.T.);
#2874=FACETED_PRIMITIVE_FACE('',(#2873));
#2875=POLY_LOOP('',(#1891,#1880,#2865));
#2876=FACE_OUTER_BOUND('',#2875,.T.);
#2877=FACETED_PRIMITIVE_FACE('',(#2876));
#2878=POLY_LOOP('',(#1901,#1891,#2865));
#2879=FACE_OUTER_BOUND('',#2878,.T.);
#2880=FACETED_PRIMITIVE_FACE('',(#2879));
#2882=POLY_LOOP('',(#2881,#2689,#2685));
#2883=FACE_OUTER_BOUND('',#2882,.T.);
#2884=FACETED_PRIMITIVE_FACE('',(#2883));
#2885=POLY_LOOP('',(#2881,#2696,#2689));
#2886=FACE_OUTER_BOUND('',#2885,.T.);
#2887=FACETED_PRIMITIVE_FACE('',(#2886));
#2888=POLY_LOOP('',(#2881,#2685,#2358));
#2889=FACE_OUTER_BOUND('',#2888,.T.);
#2890=FACETED_PRIMITIVE_FACE('',(#2889));
#2891=POLY_LOOP('',(#2881,#2358,#2372));
#2892=FACE_OUTER_BOUND('',#2891,.T.);
#2893=FACETED_PRIMITIVE_FACE('',(#2892));
#2895=POLY_LOOP('',(#2894,#2881,#2372));
#2896=FACE_OUTER_BOUND('',#2895,.T.);
#2897=FACETED_PRIMITIVE_FACE('',(#2896));
#2898=POLY_LOOP('',(#2894,#2372,#2383));
#2899=FACE_OUTER_BOUND('',#2898,.T.);
#2900=FACETED_PRIMITIVE_FACE('',(#2899));
#2902=POLY_LOOP('',(#2901,#2383,#2376));
#2903=FACE_OUTER_BOUND('',#2902,.T.);
#2904=FACETED_PRIMITIVE_FACE('',(#2903));
#2905=POLY_LOOP('',(#2901,#2894,#2383));
#2906=FACE_OUTER_BOUND('',#2905,.T.);
#2907=FACETED_PRIMITIVE_FACE('',(#2906));
#2909=POLY_LOOP('',(#2908,#2703,#2696));
#2910=FACE_OUTER_BOUND('',#2909,.T.);
#2911=FACETED_PRIMITIVE_FACE('',(#2910));
#2912=POLY_LOOP('',(#2908,#2713,#2703));
#2913=FACE_OUTER_BOUND('',#2912,.T.);
#2914=FACETED_PRIMITIVE_FACE('',(#2913));
#2915=POLY_LOOP('',(#2908,#2696,#2881));
#2916=FACE_OUTER_BOUND('',#2915,.T.);
#2917=FACETED_PRIMITIVE_FACE('',(#2916));
#2919=POLY_LOOP('',(#2918,#2901,#2376));
#2920=FACE_OUTER_BOUND('',#2919,.T.);
#2921=FACETED_PRIMITIVE_FACE('',(#2920));
#2922=POLY_LOOP('',(#2918,#2376,#2365));
#2923=FACE_OUTER_BOUND('',#2922,.T.);
#2924=FACETED_PRIMITIVE_FACE('',(#2923));
#2926=POLY_LOOP('',(#2925,#2918,#2365));
#2927=FACE_OUTER_BOUND('',#2926,.T.);
#2928=FACETED_PRIMITIVE_FACE('',(#2927));
#2929=POLY_LOOP('',(#2925,#2365,#2341));
#2930=FACE_OUTER_BOUND('',#2929,.T.);
#2931=FACETED_PRIMITIVE_FACE('',(#2930));
#2933=POLY_LOOP('',(#2932,#2881,#2894));
#2934=FACE_OUTER_BOUND('',#2933,.T.);
#2935=FACETED_PRIMITIVE_FACE('',(#2934));
#2936=POLY_LOOP('',(#2932,#2908,#2881));
#2937=FACE_OUTER_BOUND('',#2936,.T.);
#2938=FACETED_PRIMITIVE_FACE('',(#2937));
#2940=POLY_LOOP('',(#2939,#2925,#2341));
#2941=FACE_OUTER_BOUND('',#2940,.T.);
#2942=FACETED_PRIMITIVE_FACE('',(#2941));
#2943=POLY_LOOP('',(#2939,#2341,#2320));
#2944=FACE_OUTER_BOUND('',#2943,.T.);
#2945=FACETED_PRIMITIVE_FACE('',(#2944));
#2946=POLY_LOOP('',(#2939,#2320,#2294));
#2947=FACE_OUTER_BOUND('',#2946,.T.);
#2948=FACETED_PRIMITIVE_FACE('',(#2947));
#2950=POLY_LOOP('',(#2949,#2932,#2894));
#2951=FACE_OUTER_BOUND('',#2950,.T.);
#2952=FACETED_PRIMITIVE_FACE('',(#2951));
#2953=POLY_LOOP('',(#2949,#2894,#2901));
#2954=FACE_OUTER_BOUND('',#2953,.T.);
#2955=FACETED_PRIMITIVE_FACE('',(#2954));
#2957=POLY_LOOP('',(#2956,#2720,#2713));
#2958=FACE_OUTER_BOUND('',#2957,.T.);
#2959=FACETED_PRIMITIVE_FACE('',(#2958));
#2960=POLY_LOOP('',(#2956,#2727,#2720));
#2961=FACE_OUTER_BOUND('',#2960,.T.);
#2962=FACETED_PRIMITIVE_FACE('',(#2961));
#2963=POLY_LOOP('',(#2956,#2713,#2908));
#2964=FACE_OUTER_BOUND('',#2963,.T.);
#2965=FACETED_PRIMITIVE_FACE('',(#2964));
#2967=POLY_LOOP('',(#2966,#2949,#2901));
#2968=FACE_OUTER_BOUND('',#2967,.T.);
#2969=FACETED_PRIMITIVE_FACE('',(#2968));
#2970=POLY_LOOP('',(#2966,#2901,#2918));
#2971=FACE_OUTER_BOUND('',#2970,.T.);
#2972=FACETED_PRIMITIVE_FACE('',(#2971));
#2974=POLY_LOOP('',(#2973,#2939,#2294));
#2975=FACE_OUTER_BOUND('',#2974,.T.);
#2976=FACETED_PRIMITIVE_FACE('',(#2975));
#2977=POLY_LOOP('',(#2973,#2294,#2287));
#2978=FACE_OUTER_BOUND('',#2977,.T.);
#2979=FACETED_PRIMITIVE_FACE('',(#2978));
#2980=POLY_LOOP('',(#2973,#2287,#2280));
#2981=FACE_OUTER_BOUND('',#2980,.T.);
#2982=FACETED_PRIMITIVE_FACE('',(#2981));
#2984=POLY_LOOP('',(#2983,#2918,#2925));
#2985=FACE_OUTER_BOUND('',#2984,.T.);
#2986=FACETED_PRIMITIVE_FACE('',(#2985));
#2987=POLY_LOOP('',(#2983,#2966,#2918));
#2988=FACE_OUTER_BOUND('',#2987,.T.);
#2989=FACETED_PRIMITIVE_FACE('',(#2988));
#2991=POLY_LOOP('',(#2990,#2956,#2908));
#2992=FACE_OUTER_BOUND('',#2991,.T.);
#2993=FACETED_PRIMITIVE_FACE('',(#2992));
#2994=POLY_LOOP('',(#2990,#2908,#2932));
#2995=FACE_OUTER_BOUND('',#2994,.T.);
#2996=FACETED_PRIMITIVE_FACE('',(#2995));
#2998=POLY_LOOP('',(#2997,#2983,#2925));
#2999=FACE_OUTER_BOUND('',#2998,.T.);
#3000=FACETED_PRIMITIVE_FACE('',(#2999));
#3001=POLY_LOOP('',(#2997,#2925,#2939));
#3002=FACE_OUTER_BOUND('',#3001,.T.);
#3003=FACETED_PRIMITIVE_FACE('',(#3002));
#3005=POLY_LOOP('',(#3004,#2990,#2932));
#3006=FACE_OUTER_BOUND('',#3005,.T.);
#3007=FACETED_PRIMITIVE_FACE('',(#3006));
#3008=POLY_LOOP('',(#3004,#2932,#2949));
#3009=FACE_OUTER_BOUND('',#3008,.T.);
#3010=FACETED_PRIMITIVE_FACE('',(#3009));
#3012=POLY_LOOP('',(#3011,#2973,#2280));
#3013=FACE_OUTER_BOUND('',#3012,.T.);
#3014=FACETED_PRIMITIVE_FACE('',(#3013));
#3015=POLY_LOOP('',(#3011,#2280,#2273));
#3016=FACE_OUTER_BOUND('',#3015,.T.);
#3017=FACETED_PRIMITIVE_FACE('',(#3016));
#3018=POLY_LOOP('',(#3011,#2273,#2266));
#3019=FACE_OUTER_BOUND('',#3018,.T.);
#3020=FACETED_PRIMITIVE_FACE('',(#3019));
#3022=POLY_LOOP('',(#3021,#2734,#2727));
#3023=FACE_OUTER_BOUND('',#3022,.T.);
#3024=FACETED_PRIMITIVE_FACE('',(#3023));
#3025=POLY_LOOP('',(#3021,#2744,#2734));
#3026=FACE_OUTER_BOUND('',#3025,.T.);
#3027=FACETED_PRIMITIVE_FACE('',(#3026));
#3028=POLY_LOOP('',(#3021,#2727,#2956));
#3029=FACE_OUTER_BOUND('',#3028,.T.);
#3030=FACETED_PRIMITIVE_FACE('',(#3029));
#3031=POLY_LOOP('',(#3021,#2956,#2990));
#3032=FACE_OUTER_BOUND('',#3031,.T.);
#3033=FACETED_PRIMITIVE_FACE('',(#3032));
#3035=POLY_LOOP('',(#3034,#3004,#2949));
#3036=FACE_OUTER_BOUND('',#3035,.T.);
#3037=FACETED_PRIMITIVE_FACE('',(#3036));
#3038=POLY_LOOP('',(#3034,#2949,#2966));
#3039=FACE_OUTER_BOUND('',#3038,.T.);
#3040=FACETED_PRIMITIVE_FACE('',(#3039));
#3042=POLY_LOOP('',(#3041,#2997,#2939));
#3043=FACE_OUTER_BOUND('',#3042,.T.);
#3044=FACETED_PRIMITIVE_FACE('',(#3043));
#3045=POLY_LOOP('',(#3041,#2973,#3011));
#3046=FACE_OUTER_BOUND('',#3045,.T.);
#3047=FACETED_PRIMITIVE_FACE('',(#3046));
#3048=POLY_LOOP('',(#3041,#2939,#2973));
#3049=FACE_OUTER_BOUND('',#3048,.T.);
#3050=FACETED_PRIMITIVE_FACE('',(#3049));
#3052=POLY_LOOP('',(#3051,#3011,#2266));
#3053=FACE_OUTER_BOUND('',#3052,.T.);
#3054=FACETED_PRIMITIVE_FACE('',(#3053));
#3055=POLY_LOOP('',(#3051,#2266,#2259));
#3056=FACE_OUTER_BOUND('',#3055,.T.);
#3057=FACETED_PRIMITIVE_FACE('',(#3056));
#3058=POLY_LOOP('',(#3051,#2259,#2252));
#3059=FACE_OUTER_BOUND('',#3058,.T.);
#3060=FACETED_PRIMITIVE_FACE('',(#3059));
#3062=POLY_LOOP('',(#3061,#3034,#2966));
#3063=FACE_OUTER_BOUND('',#3062,.T.);
#3064=FACETED_PRIMITIVE_FACE('',(#3063));
#3065=POLY_LOOP('',(#3061,#2966,#2983));
#3066=FACE_OUTER_BOUND('',#3065,.T.);
#3067=FACETED_PRIMITIVE_FACE('',(#3066));
#3069=POLY_LOOP('',(#3068,#3021,#2990));
#3070=FACE_OUTER_BOUND('',#3069,.T.);
#3071=FACETED_PRIMITIVE_FACE('',(#3070));
#3073=POLY_LOOP('',(#3072,#3061,#2983));
#3074=FACE_OUTER_BOUND('',#3073,.T.);
#3075=FACETED_PRIMITIVE_FACE('',(#3074));
#3076=POLY_LOOP('',(#3072,#2983,#2997));
#3077=FACE_OUTER_BOUND('',#3076,.T.);
#3078=FACETED_PRIMITIVE_FACE('',(#3077));
#3080=POLY_LOOP('',(#3079,#3068,#2990));
#3081=FACE_OUTER_BOUND('',#3080,.T.);
#3082=FACETED_PRIMITIVE_FACE('',(#3081));
#3083=POLY_LOOP('',(#3079,#2990,#3004));
#3084=FACE_OUTER_BOUND('',#3083,.T.);
#3085=FACETED_PRIMITIVE_FACE('',(#3084));
#3087=POLY_LOOP('',(#3086,#3041,#3011));
#3088=FACE_OUTER_BOUND('',#3087,.T.);
#3089=FACETED_PRIMITIVE_FACE('',(#3088));
#3091=POLY_LOOP('',(#3090,#3051,#2252));
#3092=FACE_OUTER_BOUND('',#3091,.T.);
#3093=FACETED_PRIMITIVE_FACE('',(#3092));
#3094=POLY_LOOP('',(#3090,#2252,#2248));
#3095=FACE_OUTER_BOUND('',#3094,.T.);
#3096=FACETED_PRIMITIVE_FACE('',(#3095));
#3097=POLY_LOOP('',(#3090,#2248,#2241));
#3098=FACE_OUTER_BOUND('',#3097,.T.);
#3099=FACETED_PRIMITIVE_FACE('',(#3098));
#3101=POLY_LOOP('',(#3100,#2748,#2744));
#3102=FACE_OUTER_BOUND('',#3101,.T.);
#3103=FACETED_PRIMITIVE_FACE('',(#3102));
#3104=POLY_LOOP('',(#3100,#2758,#2748));
#3105=FACE_OUTER_BOUND('',#3104,.T.);
#3106=FACETED_PRIMITIVE_FACE('',(#3105));
#3107=POLY_LOOP('',(#3100,#2744,#3021));
#3108=FACE_OUTER_BOUND('',#3107,.T.);
#3109=FACETED_PRIMITIVE_FACE('',(#3108));
#3111=POLY_LOOP('',(#3110,#3004,#3034));
#3112=FACE_OUTER_BOUND('',#3111,.T.);
#3113=FACETED_PRIMITIVE_FACE('',(#3112));
#3114=POLY_LOOP('',(#3110,#3079,#3004));
#3115=FACE_OUTER_BOUND('',#3114,.T.);
#3116=FACETED_PRIMITIVE_FACE('',(#3115));
#3118=POLY_LOOP('',(#3117,#3072,#2997));
#3119=FACE_OUTER_BOUND('',#3118,.T.);
#3120=FACETED_PRIMITIVE_FACE('',(#3119));
#3121=POLY_LOOP('',(#3117,#2997,#3041));
#3122=FACE_OUTER_BOUND('',#3121,.T.);
#3123=FACETED_PRIMITIVE_FACE('',(#3122));
#3125=POLY_LOOP('',(#3124,#3086,#3011));
#3126=FACE_OUTER_BOUND('',#3125,.T.);
#3127=FACETED_PRIMITIVE_FACE('',(#3126));
#3128=POLY_LOOP('',(#3124,#3051,#3090));
#3129=FACE_OUTER_BOUND('',#3128,.T.);
#3130=FACETED_PRIMITIVE_FACE('',(#3129));
#3131=POLY_LOOP('',(#3124,#3011,#3051));
#3132=FACE_OUTER_BOUND('',#3131,.T.);
#3133=FACETED_PRIMITIVE_FACE('',(#3132));
#3135=POLY_LOOP('',(#3134,#3090,#2241));
#3136=FACE_OUTER_BOUND('',#3135,.T.);
#3137=FACETED_PRIMITIVE_FACE('',(#3136));
#3138=POLY_LOOP('',(#3134,#2241,#2234));
#3139=FACE_OUTER_BOUND('',#3138,.T.);
#3140=FACETED_PRIMITIVE_FACE('',(#3139));
#3141=POLY_LOOP('',(#3134,#2234,#2227));
#3142=FACE_OUTER_BOUND('',#3141,.T.);
#3143=FACETED_PRIMITIVE_FACE('',(#3142));
#3145=POLY_LOOP('',(#3144,#3034,#3061));
#3146=FACE_OUTER_BOUND('',#3145,.T.);
#3147=FACETED_PRIMITIVE_FACE('',(#3146));
#3148=POLY_LOOP('',(#3144,#3110,#3034));
#3149=FACE_OUTER_BOUND('',#3148,.T.);
#3150=FACETED_PRIMITIVE_FACE('',(#3149));
#3152=POLY_LOOP('',(#3151,#3100,#3021));
#3153=FACE_OUTER_BOUND('',#3152,.T.);
#3154=FACETED_PRIMITIVE_FACE('',(#3153));
#3155=POLY_LOOP('',(#3151,#3021,#3068));
#3156=FACE_OUTER_BOUND('',#3155,.T.);
#3157=FACETED_PRIMITIVE_FACE('',(#3156));
#3159=POLY_LOOP('',(#3158,#3061,#3072));
#3160=FACE_OUTER_BOUND('',#3159,.T.);
#3161=FACETED_PRIMITIVE_FACE('',(#3160));
#3162=POLY_LOOP('',(#3158,#3072,#3117));
#3163=FACE_OUTER_BOUND('',#3162,.T.);
#3164=FACETED_PRIMITIVE_FACE('',(#3163));
#3165=POLY_LOOP('',(#3158,#3144,#3061));
#3166=FACE_OUTER_BOUND('',#3165,.T.);
#3167=FACETED_PRIMITIVE_FACE('',(#3166));
#3169=POLY_LOOP('',(#3168,#3068,#3079));
#3170=FACE_OUTER_BOUND('',#3169,.T.);
#3171=FACETED_PRIMITIVE_FACE('',(#3170));
#3172=POLY_LOOP('',(#3168,#3151,#3068));
#3173=FACE_OUTER_BOUND('',#3172,.T.);
#3174=FACETED_PRIMITIVE_FACE('',(#3173));
#3176=POLY_LOOP('',(#3175,#3041,#3086));
#3177=FACE_OUTER_BOUND('',#3176,.T.);
#3178=FACETED_PRIMITIVE_FACE('',(#3177));
#3179=POLY_LOOP('',(#3175,#3117,#3041));
#3180=FACE_OUTER_BOUND('',#3179,.T.);
#3181=FACETED_PRIMITIVE_FACE('',(#3180));
#3183=POLY_LOOP('',(#3182,#3124,#3090));
#3184=FACE_OUTER_BOUND('',#3183,.T.);
#3185=FACETED_PRIMITIVE_FACE('',(#3184));
#3187=POLY_LOOP('',(#3186,#3134,#2227));
#3188=FACE_OUTER_BOUND('',#3187,.T.);
#3189=FACETED_PRIMITIVE_FACE('',(#3188));
#3191=POLY_LOOP('',(#3186,#2846,#3190));
#3192=FACE_OUTER_BOUND('',#3191,.T.);
#3193=FACETED_PRIMITIVE_FACE('',(#3192));
#3195=POLY_LOOP('',(#3186,#3190,#3194));
#3196=FACE_OUTER_BOUND('',#3195,.T.);
#3197=FACETED_PRIMITIVE_FACE('',(#3196));
#3198=POLY_LOOP('',(#3186,#2220,#2846));
#3199=FACE_OUTER_BOUND('',#3198,.T.);
#3200=FACETED_PRIMITIVE_FACE('',(#3199));
#3201=POLY_LOOP('',(#3186,#2227,#2220));
#3202=FACE_OUTER_BOUND('',#3201,.T.);
#3203=FACETED_PRIMITIVE_FACE('',(#3202));
#3205=POLY_LOOP('',(#3204,#2769,#2758));
#3206=FACE_OUTER_BOUND('',#3205,.T.);
#3207=FACETED_PRIMITIVE_FACE('',(#3206));
#3208=POLY_LOOP('',(#3204,#2786,#2769));
#3209=FACE_OUTER_BOUND('',#3208,.T.);
#3210=FACETED_PRIMITIVE_FACE('',(#3209));
#3211=POLY_LOOP('',(#3204,#2758,#3100));
#3212=FACE_OUTER_BOUND('',#3211,.T.);
#3213=FACETED_PRIMITIVE_FACE('',(#3212));
#3215=POLY_LOOP('',(#3214,#3079,#3110));
#3216=FACE_OUTER_BOUND('',#3215,.T.);
#3217=FACETED_PRIMITIVE_FACE('',(#3216));
#3218=POLY_LOOP('',(#3214,#3168,#3079));
#3219=FACE_OUTER_BOUND('',#3218,.T.);
#3220=FACETED_PRIMITIVE_FACE('',(#3219));
#3222=POLY_LOOP('',(#3221,#3158,#3117));
#3223=FACE_OUTER_BOUND('',#3222,.T.);
#3224=FACETED_PRIMITIVE_FACE('',(#3223));
#3226=POLY_LOOP('',(#3225,#3175,#3086));
#3227=FACE_OUTER_BOUND('',#3226,.T.);
#3228=FACETED_PRIMITIVE_FACE('',(#3227));
#3229=POLY_LOOP('',(#3225,#3086,#3124));
#3230=FACE_OUTER_BOUND('',#3229,.T.);
#3231=FACETED_PRIMITIVE_FACE('',(#3230));
#3233=POLY_LOOP('',(#3232,#3182,#3090));
#3234=FACE_OUTER_BOUND('',#3233,.T.);
#3235=FACETED_PRIMITIVE_FACE('',(#3234));
#3236=POLY_LOOP('',(#3232,#3090,#3134));
#3237=FACE_OUTER_BOUND('',#3236,.T.);
#3238=FACETED_PRIMITIVE_FACE('',(#3237));
#3240=POLY_LOOP('',(#3239,#3110,#3144));
#3241=FACE_OUTER_BOUND('',#3240,.T.);
#3242=FACETED_PRIMITIVE_FACE('',(#3241));
#3243=POLY_LOOP('',(#3239,#3144,#3158));
#3244=FACE_OUTER_BOUND('',#3243,.T.);
#3245=FACETED_PRIMITIVE_FACE('',(#3244));
#3246=POLY_LOOP('',(#3239,#3214,#3110));
#3247=FACE_OUTER_BOUND('',#3246,.T.);
#3248=FACETED_PRIMITIVE_FACE('',(#3247));
#3250=POLY_LOOP('',(#3249,#3204,#3100));
#3251=FACE_OUTER_BOUND('',#3250,.T.);
#3252=FACETED_PRIMITIVE_FACE('',(#3251));
#3253=POLY_LOOP('',(#3249,#3151,#3168));
#3254=FACE_OUTER_BOUND('',#3253,.T.);
#3255=FACETED_PRIMITIVE_FACE('',(#3254));
#3256=POLY_LOOP('',(#3249,#3100,#3151));
#3257=FACE_OUTER_BOUND('',#3256,.T.);
#3258=FACETED_PRIMITIVE_FACE('',(#3257));
#3260=POLY_LOOP('',(#3259,#3239,#3158));
#3261=FACE_OUTER_BOUND('',#3260,.T.);
#3262=FACETED_PRIMITIVE_FACE('',(#3261));
#3264=POLY_LOOP('',(#3263,#3249,#3168));
#3265=FACE_OUTER_BOUND('',#3264,.T.);
#3266=FACETED_PRIMITIVE_FACE('',(#3265));
#3268=POLY_LOOP('',(#3267,#3221,#3117));
#3269=FACE_OUTER_BOUND('',#3268,.T.);
#3270=FACETED_PRIMITIVE_FACE('',(#3269));
#3271=POLY_LOOP('',(#3267,#3117,#3175));
#3272=FACE_OUTER_BOUND('',#3271,.T.);
#3273=FACETED_PRIMITIVE_FACE('',(#3272));
#3275=POLY_LOOP('',(#3274,#3225,#3124));
#3276=FACE_OUTER_BOUND('',#3275,.T.);
#3277=FACETED_PRIMITIVE_FACE('',(#3276));
#3278=POLY_LOOP('',(#3274,#3124,#3182));
#3279=FACE_OUTER_BOUND('',#3278,.T.);
#3280=FACETED_PRIMITIVE_FACE('',(#3279));
#3282=POLY_LOOP('',(#3281,#3186,#3194));
#3283=FACE_OUTER_BOUND('',#3282,.T.);
#3284=FACETED_PRIMITIVE_FACE('',(#3283));
#3285=POLY_LOOP('',(#3281,#3232,#3134));
#3286=FACE_OUTER_BOUND('',#3285,.T.);
#3287=FACETED_PRIMITIVE_FACE('',(#3286));
#3288=POLY_LOOP('',(#3281,#3134,#3186));
#3289=FACE_OUTER_BOUND('',#3288,.T.);
#3290=FACETED_PRIMITIVE_FACE('',(#3289));
#3292=POLY_LOOP('',(#3281,#3194,#3291));
#3293=FACE_OUTER_BOUND('',#3292,.T.);
#3294=FACETED_PRIMITIVE_FACE('',(#3293));
#3296=POLY_LOOP('',(#3281,#3291,#3295));
#3297=FACE_OUTER_BOUND('',#3296,.T.);
#3298=FACETED_PRIMITIVE_FACE('',(#3297));
#3300=POLY_LOOP('',(#3299,#2797,#2786));
#3301=FACE_OUTER_BOUND('',#3300,.T.);
#3302=FACETED_PRIMITIVE_FACE('',(#3301));
#3303=POLY_LOOP('',(#3299,#2814,#2797));
#3304=FACE_OUTER_BOUND('',#3303,.T.);
#3305=FACETED_PRIMITIVE_FACE('',(#3304));
#3306=POLY_LOOP('',(#3299,#2786,#3204));
#3307=FACE_OUTER_BOUND('',#3306,.T.);
#3308=FACETED_PRIMITIVE_FACE('',(#3307));
#3310=POLY_LOOP('',(#3309,#3168,#3214));
#3311=FACE_OUTER_BOUND('',#3310,.T.);
#3312=FACETED_PRIMITIVE_FACE('',(#3311));
#3313=POLY_LOOP('',(#3309,#3214,#3239));
#3314=FACE_OUTER_BOUND('',#3313,.T.);
#3315=FACETED_PRIMITIVE_FACE('',(#3314));
#3316=POLY_LOOP('',(#3309,#3263,#3168));
#3317=FACE_OUTER_BOUND('',#3316,.T.);
#3318=FACETED_PRIMITIVE_FACE('',(#3317));
#3320=POLY_LOOP('',(#3319,#3259,#3158));
#3321=FACE_OUTER_BOUND('',#3320,.T.);
#3322=FACETED_PRIMITIVE_FACE('',(#3321));
#3323=POLY_LOOP('',(#3319,#3221,#3267));
#3324=FACE_OUTER_BOUND('',#3323,.T.);
#3325=FACETED_PRIMITIVE_FACE('',(#3324));
#3326=POLY_LOOP('',(#3319,#3158,#3221));
#3327=FACE_OUTER_BOUND('',#3326,.T.);
#3328=FACETED_PRIMITIVE_FACE('',(#3327));
#3330=POLY_LOOP('',(#3329,#3175,#3225));
#3331=FACE_OUTER_BOUND('',#3330,.T.);
#3332=FACETED_PRIMITIVE_FACE('',(#3331));
#3333=POLY_LOOP('',(#3329,#3267,#3175));
#3334=FACE_OUTER_BOUND('',#3333,.T.);
#3335=FACETED_PRIMITIVE_FACE('',(#3334));
#3337=POLY_LOOP('',(#3336,#3274,#3182));
#3338=FACE_OUTER_BOUND('',#3337,.T.);
#3339=FACETED_PRIMITIVE_FACE('',(#3338));
#3340=POLY_LOOP('',(#3336,#3182,#3232));
#3341=FACE_OUTER_BOUND('',#3340,.T.);
#3342=FACETED_PRIMITIVE_FACE('',(#3341));
#3344=POLY_LOOP('',(#3343,#3309,#3239));
#3345=FACE_OUTER_BOUND('',#3344,.T.);
#3346=FACETED_PRIMITIVE_FACE('',(#3345));
#3348=POLY_LOOP('',(#3347,#3299,#3204));
#3349=FACE_OUTER_BOUND('',#3348,.T.);
#3350=FACETED_PRIMITIVE_FACE('',(#3349));
#3351=POLY_LOOP('',(#3347,#3249,#3263));
#3352=FACE_OUTER_BOUND('',#3351,.T.);
#3353=FACETED_PRIMITIVE_FACE('',(#3352));
#3354=POLY_LOOP('',(#3347,#3204,#3249));
#3355=FACE_OUTER_BOUND('',#3354,.T.);
#3356=FACETED_PRIMITIVE_FACE('',(#3355));
#3358=POLY_LOOP('',(#3357,#3239,#3259));
#3359=FACE_OUTER_BOUND('',#3358,.T.);
#3360=FACETED_PRIMITIVE_FACE('',(#3359));
#3361=POLY_LOOP('',(#3357,#3343,#3239));
#3362=FACE_OUTER_BOUND('',#3361,.T.);
#3363=FACETED_PRIMITIVE_FACE('',(#3362));
#3365=POLY_LOOP('',(#3364,#3347,#3263));
#3366=FACE_OUTER_BOUND('',#3365,.T.);
#3367=FACETED_PRIMITIVE_FACE('',(#3366));
#3369=POLY_LOOP('',(#3368,#3267,#3329));
#3370=FACE_OUTER_BOUND('',#3369,.T.);
#3371=FACETED_PRIMITIVE_FACE('',(#3370));
#3372=POLY_LOOP('',(#3368,#3319,#3267));
#3373=FACE_OUTER_BOUND('',#3372,.T.);
#3374=FACETED_PRIMITIVE_FACE('',(#3373));
#3376=POLY_LOOP('',(#3375,#3225,#3274));
#3377=FACE_OUTER_BOUND('',#3376,.T.);
#3378=FACETED_PRIMITIVE_FACE('',(#3377));
#3379=POLY_LOOP('',(#3375,#3329,#3225));
#3380=FACE_OUTER_BOUND('',#3379,.T.);
#3381=FACETED_PRIMITIVE_FACE('',(#3380));
#3383=POLY_LOOP('',(#3382,#3232,#3281));
#3384=FACE_OUTER_BOUND('',#3383,.T.);
#3385=FACETED_PRIMITIVE_FACE('',(#3384));
#3386=POLY_LOOP('',(#3382,#3336,#3232));
#3387=FACE_OUTER_BOUND('',#3386,.T.);
#3388=FACETED_PRIMITIVE_FACE('',(#3387));
#3389=POLY_LOOP('',(#3382,#3281,#3295));
#3390=FACE_OUTER_BOUND('',#3389,.T.);
#3391=FACETED_PRIMITIVE_FACE('',(#3390));
#3393=POLY_LOOP('',(#3382,#3295,#3392));
#3394=FACE_OUTER_BOUND('',#3393,.T.);
#3395=FACETED_PRIMITIVE_FACE('',(#3394));
#3397=POLY_LOOP('',(#3382,#3392,#3396));
#3398=FACE_OUTER_BOUND('',#3397,.T.);
#3399=FACETED_PRIMITIVE_FACE('',(#3398));
#3401=POLY_LOOP('',(#3400,#2821,#2814));
#3402=FACE_OUTER_BOUND('',#3401,.T.);
#3403=FACETED_PRIMITIVE_FACE('',(#3402));
#3404=POLY_LOOP('',(#3400,#2807,#2821));
#3405=FACE_OUTER_BOUND('',#3404,.T.);
#3406=FACETED_PRIMITIVE_FACE('',(#3405));
#3407=POLY_LOOP('',(#3400,#2814,#3299));
#3408=FACE_OUTER_BOUND('',#3407,.T.);
#3409=FACETED_PRIMITIVE_FACE('',(#3408));
#3411=POLY_LOOP('',(#3410,#3263,#3309));
#3412=FACE_OUTER_BOUND('',#3411,.T.);
#3413=FACETED_PRIMITIVE_FACE('',(#3412));
#3414=POLY_LOOP('',(#3410,#3364,#3263));
#3415=FACE_OUTER_BOUND('',#3414,.T.);
#3416=FACETED_PRIMITIVE_FACE('',(#3415));
#3418=POLY_LOOP('',(#3417,#3259,#3319));
#3419=FACE_OUTER_BOUND('',#3418,.T.);
#3420=FACETED_PRIMITIVE_FACE('',(#3419));
#3421=POLY_LOOP('',(#3417,#3357,#3259));
#3422=FACE_OUTER_BOUND('',#3421,.T.);
#3423=FACETED_PRIMITIVE_FACE('',(#3422));
#3425=POLY_LOOP('',(#3424,#3368,#3329));
#3426=FACE_OUTER_BOUND('',#3425,.T.);
#3427=FACETED_PRIMITIVE_FACE('',(#3426));
#3429=POLY_LOOP('',(#3428,#3274,#3336));
#3430=FACE_OUTER_BOUND('',#3429,.T.);
#3431=FACETED_PRIMITIVE_FACE('',(#3430));
#3432=POLY_LOOP('',(#3428,#3375,#3274));
#3433=FACE_OUTER_BOUND('',#3432,.T.);
#3434=FACETED_PRIMITIVE_FACE('',(#3433));
#3436=POLY_LOOP('',(#3435,#3410,#3309));
#3437=FACE_OUTER_BOUND('',#3436,.T.);
#3438=FACETED_PRIMITIVE_FACE('',(#3437));
#3439=POLY_LOOP('',(#3435,#3309,#3343));
#3440=FACE_OUTER_BOUND('',#3439,.T.);
#3441=FACETED_PRIMITIVE_FACE('',(#3440));
#3443=POLY_LOOP('',(#3442,#3299,#3347));
#3444=FACE_OUTER_BOUND('',#3443,.T.);
#3445=FACETED_PRIMITIVE_FACE('',(#3444));
#3446=POLY_LOOP('',(#3442,#3400,#3299));
#3447=FACE_OUTER_BOUND('',#3446,.T.);
#3448=FACETED_PRIMITIVE_FACE('',(#3447));
#3450=POLY_LOOP('',(#3449,#3343,#3357));
#3451=FACE_OUTER_BOUND('',#3450,.T.);
#3452=FACETED_PRIMITIVE_FACE('',(#3451));
#3453=POLY_LOOP('',(#3449,#3435,#3343));
#3454=FACE_OUTER_BOUND('',#3453,.T.);
#3455=FACETED_PRIMITIVE_FACE('',(#3454));
#3457=POLY_LOOP('',(#3456,#3442,#3347));
#3458=FACE_OUTER_BOUND('',#3457,.T.);
#3459=FACETED_PRIMITIVE_FACE('',(#3458));
#3460=POLY_LOOP('',(#3456,#3347,#3364));
#3461=FACE_OUTER_BOUND('',#3460,.T.);
#3462=FACETED_PRIMITIVE_FACE('',(#3461));
#3464=POLY_LOOP('',(#3463,#3319,#3368));
#3465=FACE_OUTER_BOUND('',#3464,.T.);
#3466=FACETED_PRIMITIVE_FACE('',(#3465));
#3467=POLY_LOOP('',(#3463,#3417,#3319));
#3468=FACE_OUTER_BOUND('',#3467,.T.);
#3469=FACETED_PRIMITIVE_FACE('',(#3468));
#3471=POLY_LOOP('',(#3470,#3424,#3329));
#3472=FACE_OUTER_BOUND('',#3471,.T.);
#3473=FACETED_PRIMITIVE_FACE('',(#3472));
#3474=POLY_LOOP('',(#3470,#3329,#3375));
#3475=FACE_OUTER_BOUND('',#3474,.T.);
#3476=FACETED_PRIMITIVE_FACE('',(#3475));
#3478=POLY_LOOP('',(#3477,#3336,#3382));
#3479=FACE_OUTER_BOUND('',#3478,.T.);
#3480=FACETED_PRIMITIVE_FACE('',(#3479));
#3482=POLY_LOOP('',(#3477,#3396,#3481));
#3483=FACE_OUTER_BOUND('',#3482,.T.);
#3484=FACETED_PRIMITIVE_FACE('',(#3483));
#3486=POLY_LOOP('',(#3477,#3481,#3485));
#3487=FACE_OUTER_BOUND('',#3486,.T.);
#3488=FACETED_PRIMITIVE_FACE('',(#3487));
#3489=POLY_LOOP('',(#3477,#3382,#3396));
#3490=FACE_OUTER_BOUND('',#3489,.T.);
#3491=FACETED_PRIMITIVE_FACE('',(#3490));
#3492=POLY_LOOP('',(#3477,#3428,#3336));
#3493=FACE_OUTER_BOUND('',#3492,.T.);
#3494=FACETED_PRIMITIVE_FACE('',(#3493));
#3496=POLY_LOOP('',(#3495,#2790,#2807));
#3497=FACE_OUTER_BOUND('',#3496,.T.);
#3498=FACETED_PRIMITIVE_FACE('',(#3497));
#3499=POLY_LOOP('',(#3495,#2779,#2790));
#3500=FACE_OUTER_BOUND('',#3499,.T.);
#3501=FACETED_PRIMITIVE_FACE('',(#3500));
#3502=POLY_LOOP('',(#3495,#2807,#3400));
#3503=FACE_OUTER_BOUND('',#3502,.T.);
#3504=FACETED_PRIMITIVE_FACE('',(#3503));
#3506=POLY_LOOP('',(#3505,#3364,#3410));
#3507=FACE_OUTER_BOUND('',#3506,.T.);
#3508=FACETED_PRIMITIVE_FACE('',(#3507));
#3509=POLY_LOOP('',(#3505,#3456,#3364));
#3510=FACE_OUTER_BOUND('',#3509,.T.);
#3511=FACETED_PRIMITIVE_FACE('',(#3510));
#3513=POLY_LOOP('',(#3512,#3449,#3357));
#3514=FACE_OUTER_BOUND('',#3513,.T.);
#3515=FACETED_PRIMITIVE_FACE('',(#3514));
#3516=POLY_LOOP('',(#3512,#3357,#3417));
#3517=FACE_OUTER_BOUND('',#3516,.T.);
#3518=FACETED_PRIMITIVE_FACE('',(#3517));
#3520=POLY_LOOP('',(#3519,#3368,#3424));
#3521=FACE_OUTER_BOUND('',#3520,.T.);
#3522=FACETED_PRIMITIVE_FACE('',(#3521));
#3523=POLY_LOOP('',(#3519,#3463,#3368));
#3524=FACE_OUTER_BOUND('',#3523,.T.);
#3525=FACETED_PRIMITIVE_FACE('',(#3524));
#3527=POLY_LOOP('',(#3526,#3470,#3375));
#3528=FACE_OUTER_BOUND('',#3527,.T.);
#3529=FACETED_PRIMITIVE_FACE('',(#3528));
#3530=POLY_LOOP('',(#3526,#3375,#3428));
#3531=FACE_OUTER_BOUND('',#3530,.T.);
#3532=FACETED_PRIMITIVE_FACE('',(#3531));
#3534=POLY_LOOP('',(#3533,#3505,#3410));
#3535=FACE_OUTER_BOUND('',#3534,.T.);
#3536=FACETED_PRIMITIVE_FACE('',(#3535));
#3537=POLY_LOOP('',(#3533,#3410,#3435));
#3538=FACE_OUTER_BOUND('',#3537,.T.);
#3539=FACETED_PRIMITIVE_FACE('',(#3538));
#3541=POLY_LOOP('',(#3540,#3495,#3400));
#3542=FACE_OUTER_BOUND('',#3541,.T.);
#3543=FACETED_PRIMITIVE_FACE('',(#3542));
#3544=POLY_LOOP('',(#3540,#3400,#3442));
#3545=FACE_OUTER_BOUND('',#3544,.T.);
#3546=FACETED_PRIMITIVE_FACE('',(#3545));
#3548=POLY_LOOP('',(#3547,#3533,#3435));
#3549=FACE_OUTER_BOUND('',#3548,.T.);
#3550=FACETED_PRIMITIVE_FACE('',(#3549));
#3551=POLY_LOOP('',(#3547,#3435,#3449));
#3552=FACE_OUTER_BOUND('',#3551,.T.);
#3553=FACETED_PRIMITIVE_FACE('',(#3552));
#3555=POLY_LOOP('',(#3554,#1967,#1974));
#3556=FACE_OUTER_BOUND('',#3555,.T.);
#3557=FACETED_PRIMITIVE_FACE('',(#3556));
#3558=POLY_LOOP('',(#3554,#1960,#1967));
#3559=FACE_OUTER_BOUND('',#3558,.T.);
#3560=FACETED_PRIMITIVE_FACE('',(#3559));
#3561=POLY_LOOP('',(#3554,#3540,#3442));
#3562=FACE_OUTER_BOUND('',#3561,.T.);
#3563=FACETED_PRIMITIVE_FACE('',(#3562));
#3564=POLY_LOOP('',(#3554,#1974,#3540));
#3565=FACE_OUTER_BOUND('',#3564,.T.);
#3566=FACETED_PRIMITIVE_FACE('',(#3565));
#3567=POLY_LOOP('',(#3554,#3442,#3456));
#3568=FACE_OUTER_BOUND('',#3567,.T.);
#3569=FACETED_PRIMITIVE_FACE('',(#3568));
#3571=POLY_LOOP('',(#3570,#3463,#3519));
#3572=FACE_OUTER_BOUND('',#3571,.T.);
#3573=FACETED_PRIMITIVE_FACE('',(#3572));
#3574=POLY_LOOP('',(#3570,#3512,#3417));
#3575=FACE_OUTER_BOUND('',#3574,.T.);
#3576=FACETED_PRIMITIVE_FACE('',(#3575));
#3577=POLY_LOOP('',(#3570,#3417,#3463));
#3578=FACE_OUTER_BOUND('',#3577,.T.);
#3579=FACETED_PRIMITIVE_FACE('',(#3578));
#3581=POLY_LOOP('',(#3580,#3470,#3526));
#3582=FACE_OUTER_BOUND('',#3581,.T.);
#3583=FACETED_PRIMITIVE_FACE('',(#3582));
#3584=POLY_LOOP('',(#3580,#3519,#3424));
#3585=FACE_OUTER_BOUND('',#3584,.T.);
#3586=FACETED_PRIMITIVE_FACE('',(#3585));
#3587=POLY_LOOP('',(#3580,#3424,#3470));
#3588=FACE_OUTER_BOUND('',#3587,.T.);
#3589=FACETED_PRIMITIVE_FACE('',(#3588));
#3591=POLY_LOOP('',(#3590,#3477,#3485));
#3592=FACE_OUTER_BOUND('',#3591,.T.);
#3593=FACETED_PRIMITIVE_FACE('',(#3592));
#3594=POLY_LOOP('',(#3590,#3526,#3428));
#3595=FACE_OUTER_BOUND('',#3594,.T.);
#3596=FACETED_PRIMITIVE_FACE('',(#3595));
#3598=POLY_LOOP('',(#3590,#3485,#3597));
#3599=FACE_OUTER_BOUND('',#3598,.T.);
#3600=FACETED_PRIMITIVE_FACE('',(#3599));
#3602=POLY_LOOP('',(#3590,#3597,#3601));
#3603=FACE_OUTER_BOUND('',#3602,.T.);
#3604=FACETED_PRIMITIVE_FACE('',(#3603));
#3605=POLY_LOOP('',(#3590,#3428,#3477));
#3606=FACE_OUTER_BOUND('',#3605,.T.);
#3607=FACETED_PRIMITIVE_FACE('',(#3606));
#3609=POLY_LOOP('',(#3608,#3456,#3505));
#3610=FACE_OUTER_BOUND('',#3609,.T.);
#3611=FACETED_PRIMITIVE_FACE('',(#3610));
#3612=POLY_LOOP('',(#3608,#3505,#3533));
#3613=FACE_OUTER_BOUND('',#3612,.T.);
#3614=FACETED_PRIMITIVE_FACE('',(#3613));
#3615=POLY_LOOP('',(#3608,#1960,#3554));
#3616=FACE_OUTER_BOUND('',#3615,.T.);
#3617=FACETED_PRIMITIVE_FACE('',(#3616));
#3618=POLY_LOOP('',(#3608,#3554,#3456));
#3619=FACE_OUTER_BOUND('',#3618,.T.);
#3620=FACETED_PRIMITIVE_FACE('',(#3619));
#3622=POLY_LOOP('',(#3621,#3547,#3449));
#3623=FACE_OUTER_BOUND('',#3622,.T.);
#3624=FACETED_PRIMITIVE_FACE('',(#3623));
#3625=POLY_LOOP('',(#3621,#3449,#3512));
#3626=FACE_OUTER_BOUND('',#3625,.T.);
#3627=FACETED_PRIMITIVE_FACE('',(#3626));
#3629=POLY_LOOP('',(#3628,#3570,#3519));
#3630=FACE_OUTER_BOUND('',#3629,.T.);
#3631=FACETED_PRIMITIVE_FACE('',(#3630));
#3633=POLY_LOOP('',(#3632,#3580,#3526));
#3634=FACE_OUTER_BOUND('',#3633,.T.);
#3635=FACETED_PRIMITIVE_FACE('',(#3634));
#3637=POLY_LOOP('',(#3636,#3533,#3547));
#3638=FACE_OUTER_BOUND('',#3637,.T.);
#3639=FACETED_PRIMITIVE_FACE('',(#3638));
#3640=POLY_LOOP('',(#3636,#1943,#1960));
#3641=FACE_OUTER_BOUND('',#3640,.T.);
#3642=FACETED_PRIMITIVE_FACE('',(#3641));
#3643=POLY_LOOP('',(#3636,#1936,#1943));
#3644=FACE_OUTER_BOUND('',#3643,.T.);
#3645=FACETED_PRIMITIVE_FACE('',(#3644));
#3646=POLY_LOOP('',(#3636,#1960,#3608));
#3647=FACE_OUTER_BOUND('',#3646,.T.);
#3648=FACETED_PRIMITIVE_FACE('',(#3647));
#3649=POLY_LOOP('',(#3636,#3608,#3533));
#3650=FACE_OUTER_BOUND('',#3649,.T.);
#3651=FACETED_PRIMITIVE_FACE('',(#3650));
#3653=POLY_LOOP('',(#3652,#1929,#1936));
#3654=FACE_OUTER_BOUND('',#3653,.T.);
#3655=FACETED_PRIMITIVE_FACE('',(#3654));
#3656=POLY_LOOP('',(#3652,#1936,#3636));
#3657=FACE_OUTER_BOUND('',#3656,.T.);
#3658=FACETED_PRIMITIVE_FACE('',(#3657));
#3659=POLY_LOOP('',(#3652,#3547,#3621));
#3660=FACE_OUTER_BOUND('',#3659,.T.);
#3661=FACETED_PRIMITIVE_FACE('',(#3660));
#3662=POLY_LOOP('',(#3652,#3636,#3547));
#3663=FACE_OUTER_BOUND('',#3662,.T.);
#3664=FACETED_PRIMITIVE_FACE('',(#3663));
#3666=POLY_LOOP('',(#3665,#3621,#3512));
#3667=FACE_OUTER_BOUND('',#3666,.T.);
#3668=FACETED_PRIMITIVE_FACE('',(#3667));
#3669=POLY_LOOP('',(#3665,#3512,#3570));
#3670=FACE_OUTER_BOUND('',#3669,.T.);
#3671=FACETED_PRIMITIVE_FACE('',(#3670));
#3673=POLY_LOOP('',(#3672,#3628,#3519));
#3674=FACE_OUTER_BOUND('',#3673,.T.);
#3675=FACETED_PRIMITIVE_FACE('',(#3674));
#3676=POLY_LOOP('',(#3672,#3519,#3580));
#3677=FACE_OUTER_BOUND('',#3676,.T.);
#3678=FACETED_PRIMITIVE_FACE('',(#3677));
#3680=POLY_LOOP('',(#3679,#3632,#3526));
#3681=FACE_OUTER_BOUND('',#3680,.T.);
#3682=FACETED_PRIMITIVE_FACE('',(#3681));
#3683=POLY_LOOP('',(#3679,#3526,#3590));
#3684=FACE_OUTER_BOUND('',#3683,.T.);
#3685=FACETED_PRIMITIVE_FACE('',(#3684));
#3686=POLY_LOOP('',(#3679,#3590,#3601));
#3687=FACE_OUTER_BOUND('',#3686,.T.);
#3688=FACETED_PRIMITIVE_FACE('',(#3687));
#3690=POLY_LOOP('',(#3679,#3601,#3689));
#3691=FACE_OUTER_BOUND('',#3690,.T.);
#3692=FACETED_PRIMITIVE_FACE('',(#3691));
#3694=POLY_LOOP('',(#3679,#3689,#3693));
#3695=FACE_OUTER_BOUND('',#3694,.T.);
#3696=FACETED_PRIMITIVE_FACE('',(#3695));
#3698=POLY_LOOP('',(#3697,#1922,#1929));
#3699=FACE_OUTER_BOUND('',#3698,.T.);
#3700=FACETED_PRIMITIVE_FACE('',(#3699));
#3701=POLY_LOOP('',(#3697,#1915,#1922));
#3702=FACE_OUTER_BOUND('',#3701,.T.);
#3703=FACETED_PRIMITIVE_FACE('',(#3702));
#3704=POLY_LOOP('',(#3697,#1929,#3652));
#3705=FACE_OUTER_BOUND('',#3704,.T.);
#3706=FACETED_PRIMITIVE_FACE('',(#3705));
#3707=POLY_LOOP('',(#3697,#3652,#3621));
#3708=FACE_OUTER_BOUND('',#3707,.T.);
#3709=FACETED_PRIMITIVE_FACE('',(#3708));
#3711=POLY_LOOP('',(#3710,#3570,#3628));
#3712=FACE_OUTER_BOUND('',#3711,.T.);
#3713=FACETED_PRIMITIVE_FACE('',(#3712));
#3714=POLY_LOOP('',(#3710,#3628,#3672));
#3715=FACE_OUTER_BOUND('',#3714,.T.);
#3716=FACETED_PRIMITIVE_FACE('',(#3715));
#3717=POLY_LOOP('',(#3710,#3665,#3570));
#3718=FACE_OUTER_BOUND('',#3717,.T.);
#3719=FACETED_PRIMITIVE_FACE('',(#3718));
#3721=POLY_LOOP('',(#3720,#3580,#3632));
#3722=FACE_OUTER_BOUND('',#3721,.T.);
#3723=FACETED_PRIMITIVE_FACE('',(#3722));
#3724=POLY_LOOP('',(#3720,#3672,#3580));
#3725=FACE_OUTER_BOUND('',#3724,.T.);
#3726=FACETED_PRIMITIVE_FACE('',(#3725));
#3727=POLY_LOOP('',(#3720,#3632,#3679));
#3728=FACE_OUTER_BOUND('',#3727,.T.);
#3729=FACETED_PRIMITIVE_FACE('',(#3728));
#3731=POLY_LOOP('',(#3730,#3621,#3665));
#3732=FACE_OUTER_BOUND('',#3731,.T.);
#3733=FACETED_PRIMITIVE_FACE('',(#3732));
#3734=POLY_LOOP('',(#3730,#1908,#1915));
#3735=FACE_OUTER_BOUND('',#3734,.T.);
#3736=FACETED_PRIMITIVE_FACE('',(#3735));
#3737=POLY_LOOP('',(#3730,#1887,#1908));
#3738=FACE_OUTER_BOUND('',#3737,.T.);
#3739=FACETED_PRIMITIVE_FACE('',(#3738));
#3740=POLY_LOOP('',(#3730,#3665,#3710));
#3741=FACE_OUTER_BOUND('',#3740,.T.);
#3742=FACETED_PRIMITIVE_FACE('',(#3741));
#3743=POLY_LOOP('',(#3730,#1915,#3697));
#3744=FACE_OUTER_BOUND('',#3743,.T.);
#3745=FACETED_PRIMITIVE_FACE('',(#3744));
#3746=POLY_LOOP('',(#3730,#3697,#3621));
#3747=FACE_OUTER_BOUND('',#3746,.T.);
#3748=FACETED_PRIMITIVE_FACE('',(#3747));
#3750=POLY_LOOP('',(#3749,#3710,#3672));
#3751=FACE_OUTER_BOUND('',#3750,.T.);
#3752=FACETED_PRIMITIVE_FACE('',(#3751));
#3755=POLY_LOOP('',(#3753,#3693,#3754));
#3756=FACE_OUTER_BOUND('',#3755,.T.);
#3757=FACETED_PRIMITIVE_FACE('',(#3756));
#3759=POLY_LOOP('',(#3753,#3754,#3758));
#3760=FACE_OUTER_BOUND('',#3759,.T.);
#3761=FACETED_PRIMITIVE_FACE('',(#3760));
#3762=POLY_LOOP('',(#3753,#3720,#3679));
#3763=FACE_OUTER_BOUND('',#3762,.T.);
#3764=FACETED_PRIMITIVE_FACE('',(#3763));
#3765=POLY_LOOP('',(#3753,#3679,#3693));
#3766=FACE_OUTER_BOUND('',#3765,.T.);
#3767=FACETED_PRIMITIVE_FACE('',(#3766));
#3769=POLY_LOOP('',(#3768,#1866,#1887));
#3770=FACE_OUTER_BOUND('',#3769,.T.);
#3771=FACETED_PRIMITIVE_FACE('',(#3770));
#3772=POLY_LOOP('',(#3768,#1849,#1866));
#3773=FACE_OUTER_BOUND('',#3772,.T.);
#3774=FACETED_PRIMITIVE_FACE('',(#3773));
#3775=POLY_LOOP('',(#3768,#1887,#3730));
#3776=FACE_OUTER_BOUND('',#3775,.T.);
#3777=FACETED_PRIMITIVE_FACE('',(#3776));
#3778=POLY_LOOP('',(#3768,#3730,#3710));
#3779=FACE_OUTER_BOUND('',#3778,.T.);
#3780=FACETED_PRIMITIVE_FACE('',(#3779));
#3782=POLY_LOOP('',(#3781,#3749,#3672));
#3783=FACE_OUTER_BOUND('',#3782,.T.);
#3784=FACETED_PRIMITIVE_FACE('',(#3783));
#3785=POLY_LOOP('',(#3781,#3672,#3720));
#3786=FACE_OUTER_BOUND('',#3785,.T.);
#3787=FACETED_PRIMITIVE_FACE('',(#3786));
#3789=POLY_LOOP('',(#3788,#1842,#1849));
#3790=FACE_OUTER_BOUND('',#3789,.T.);
#3791=FACETED_PRIMITIVE_FACE('',(#3790));
#3792=POLY_LOOP('',(#3788,#1828,#1842));
#3793=FACE_OUTER_BOUND('',#3792,.T.);
#3794=FACETED_PRIMITIVE_FACE('',(#3793));
#3795=POLY_LOOP('',(#3788,#3710,#3749));
#3796=FACE_OUTER_BOUND('',#3795,.T.);
#3797=FACETED_PRIMITIVE_FACE('',(#3796));
#3798=POLY_LOOP('',(#3788,#1849,#3768));
#3799=FACE_OUTER_BOUND('',#3798,.T.);
#3800=FACETED_PRIMITIVE_FACE('',(#3799));
#3801=POLY_LOOP('',(#3788,#3768,#3710));
#3802=FACE_OUTER_BOUND('',#3801,.T.);
#3803=FACETED_PRIMITIVE_FACE('',(#3802));
#3805=POLY_LOOP('',(#3804,#3753,#3758));
#3806=FACE_OUTER_BOUND('',#3805,.T.);
#3807=FACETED_PRIMITIVE_FACE('',(#3806));
#3809=POLY_LOOP('',(#3804,#3758,#3808));
#3810=FACE_OUTER_BOUND('',#3809,.T.);
#3811=FACETED_PRIMITIVE_FACE('',(#3810));
#3813=POLY_LOOP('',(#3804,#3808,#3812));
#3814=FACE_OUTER_BOUND('',#3813,.T.);
#3815=FACETED_PRIMITIVE_FACE('',(#3814));
#3816=POLY_LOOP('',(#3804,#3720,#3753));
#3817=FACE_OUTER_BOUND('',#3816,.T.);
#3818=FACETED_PRIMITIVE_FACE('',(#3817));
#3819=POLY_LOOP('',(#3804,#3781,#3720));
#3820=FACE_OUTER_BOUND('',#3819,.T.);
#3821=FACETED_PRIMITIVE_FACE('',(#3820));
#3823=POLY_LOOP('',(#3822,#1823,#1828));
#3824=FACE_OUTER_BOUND('',#3823,.T.);
#3825=FACETED_PRIMITIVE_FACE('',(#3824));
#3826=POLY_LOOP('',(#3822,#1824,#1823));
#3827=FACE_OUTER_BOUND('',#3826,.T.);
#3828=FACETED_PRIMITIVE_FACE('',(#3827));
#3829=POLY_LOOP('',(#3822,#3781,#3804));
#3830=FACE_OUTER_BOUND('',#3829,.T.);
#3831=FACETED_PRIMITIVE_FACE('',(#3830));
#3832=POLY_LOOP('',(#3822,#1828,#3788));
#3833=FACE_OUTER_BOUND('',#3832,.T.);
#3834=FACETED_PRIMITIVE_FACE('',(#3833));
#3835=POLY_LOOP('',(#3822,#3788,#3749));
#3836=FACE_OUTER_BOUND('',#3835,.T.);
#3837=FACETED_PRIMITIVE_FACE('',(#3836));
#3838=POLY_LOOP('',(#3822,#3749,#3781));
#3839=FACE_OUTER_BOUND('',#3838,.T.);
#3840=FACETED_PRIMITIVE_FACE('',(#3839));
#3842=POLY_LOOP('',(#3841,#3804,#3812));
#3843=FACE_OUTER_BOUND('',#3842,.T.);
#3844=FACETED_PRIMITIVE_FACE('',(#3843));
#3845=POLY_LOOP('',(#3841,#1835,#1824));
#3846=FACE_OUTER_BOUND('',#3845,.T.);
#3847=FACETED_PRIMITIVE_FACE('',(#3846));
#3848=POLY_LOOP('',(#3841,#1824,#3822));
#3849=FACE_OUTER_BOUND('',#3848,.T.);
#3850=FACETED_PRIMITIVE_FACE('',(#3849));
#3852=POLY_LOOP('',(#3841,#3812,#3851));
#3853=FACE_OUTER_BOUND('',#3852,.T.);
#3854=FACETED_PRIMITIVE_FACE('',(#3853));
#3856=POLY_LOOP('',(#3841,#3851,#3855));
#3857=FACE_OUTER_BOUND('',#3856,.T.);
#3858=FACETED_PRIMITIVE_FACE('',(#3857));
#3859=POLY_LOOP('',(#3841,#3855,#2865));
#3860=FACE_OUTER_BOUND('',#3859,.T.);
#3861=FACETED_PRIMITIVE_FACE('',(#3860));
#3862=POLY_LOOP('',(#3841,#2865,#1835));
#3863=FACE_OUTER_BOUND('',#3862,.T.);
#3864=FACETED_PRIMITIVE_FACE('',(#3863));
#3865=POLY_LOOP('',(#3841,#3822,#3804));
#3866=FACE_OUTER_BOUND('',#3865,.T.);
#3867=FACETED_PRIMITIVE_FACE('',(#3866));
#3869=POLY_LOOP('',(#3868,#3495,#3540));
#3870=FACE_OUTER_BOUND('',#3869,.T.);
#3871=FACETED_PRIMITIVE_FACE('',(#3870));
#3872=POLY_LOOP('',(#3868,#2762,#2779));
#3873=FACE_OUTER_BOUND('',#3872,.T.);
#3874=FACETED_PRIMITIVE_FACE('',(#3873));
#3875=POLY_LOOP('',(#3868,#1974,#1981));
#3876=FACE_OUTER_BOUND('',#3875,.T.);
#3877=FACETED_PRIMITIVE_FACE('',(#3876));
#3878=POLY_LOOP('',(#3868,#3540,#1974));
#3879=FACE_OUTER_BOUND('',#3878,.T.);
#3880=FACETED_PRIMITIVE_FACE('',(#3879));
#3881=POLY_LOOP('',(#3868,#2779,#3495));
#3882=FACE_OUTER_BOUND('',#3881,.T.);
#3883=FACETED_PRIMITIVE_FACE('',(#3882));
#3885=POLY_LOOP('',(#3884,#3868,#1981));
#3886=FACE_OUTER_BOUND('',#3885,.T.);
#3887=FACETED_PRIMITIVE_FACE('',(#3886));
#3888=POLY_LOOP('',(#3884,#2013,#2762));
#3889=FACE_OUTER_BOUND('',#3888,.T.);
#3890=FACETED_PRIMITIVE_FACE('',(#3889));
#3891=POLY_LOOP('',(#3884,#2006,#2013));
#3892=FACE_OUTER_BOUND('',#3891,.T.);
#3893=FACETED_PRIMITIVE_FACE('',(#3892));
#3894=POLY_LOOP('',(#3884,#1999,#2006));
#3895=FACE_OUTER_BOUND('',#3894,.T.);
#3896=FACETED_PRIMITIVE_FACE('',(#3895));
#3897=POLY_LOOP('',(#3884,#1992,#1999));
#3898=FACE_OUTER_BOUND('',#3897,.T.);
#3899=FACETED_PRIMITIVE_FACE('',(#3898));
#3900=POLY_LOOP('',(#3884,#1985,#1992));
#3901=FACE_OUTER_BOUND('',#3900,.T.);
#3902=FACETED_PRIMITIVE_FACE('',(#3901));
#3903=POLY_LOOP('',(#3884,#1981,#1985));
#3904=FACE_OUTER_BOUND('',#3903,.T.);
#3905=FACETED_PRIMITIVE_FACE('',(#3904));
#3906=POLY_LOOP('',(#3884,#2762,#3868));
#3907=FACE_OUTER_BOUND('',#3906,.T.);
#3908=FACETED_PRIMITIVE_FACE('',(#3907));
#3909=POLY_LOOP('',(#2169,#2865,#3855));
#3910=FACE_OUTER_BOUND('',#3909,.T.);
#3911=FACETED_PRIMITIVE_FACE('',(#3910));
#3912=POLY_LOOP('',(#2169,#1901,#2865));
#3913=FACE_OUTER_BOUND('',#3912,.T.);
#3914=FACETED_PRIMITIVE_FACE('',(#3913));
#3915=POLY_LOOP('',(#2169,#1950,#1901));
#3916=FACE_OUTER_BOUND('',#3915,.T.);
#3917=FACETED_PRIMITIVE_FACE('',(#3916));
#3918=POLY_LOOP('',(#2162,#3855,#3851));
#3919=FACE_OUTER_BOUND('',#3918,.T.);
#3920=FACETED_PRIMITIVE_FACE('',(#3919));
#3921=POLY_LOOP('',(#2162,#2169,#3855));
#3922=FACE_OUTER_BOUND('',#3921,.T.);
#3923=FACETED_PRIMITIVE_FACE('',(#3922));
#3924=POLY_LOOP('',(#2155,#3851,#3812));
#3925=FACE_OUTER_BOUND('',#3924,.T.);
#3926=FACETED_PRIMITIVE_FACE('',(#3925));
#3927=POLY_LOOP('',(#2155,#2162,#3851));
#3928=FACE_OUTER_BOUND('',#3927,.T.);
#3929=FACETED_PRIMITIVE_FACE('',(#3928));
#3930=POLY_LOOP('',(#2148,#2155,#3812));
#3931=FACE_OUTER_BOUND('',#3930,.T.);
#3932=FACETED_PRIMITIVE_FACE('',(#3931));
#3933=POLY_LOOP('',(#3808,#2148,#3812));
#3934=FACE_OUTER_BOUND('',#3933,.T.);
#3935=FACETED_PRIMITIVE_FACE('',(#3934));
#3936=POLY_LOOP('',(#2141,#2148,#3808));
#3937=FACE_OUTER_BOUND('',#3936,.T.);
#3938=FACETED_PRIMITIVE_FACE('',(#3937));
#3939=POLY_LOOP('',(#3758,#2134,#2141));
#3940=FACE_OUTER_BOUND('',#3939,.T.);
#3941=FACETED_PRIMITIVE_FACE('',(#3940));
#3942=POLY_LOOP('',(#3758,#2130,#2134));
#3943=FACE_OUTER_BOUND('',#3942,.T.);
#3944=FACETED_PRIMITIVE_FACE('',(#3943));
#3945=POLY_LOOP('',(#3758,#2141,#3808));
#3946=FACE_OUTER_BOUND('',#3945,.T.);
#3947=FACETED_PRIMITIVE_FACE('',(#3946));
#3948=POLY_LOOP('',(#3754,#2120,#2130));
#3949=FACE_OUTER_BOUND('',#3948,.T.);
#3950=FACETED_PRIMITIVE_FACE('',(#3949));
#3951=POLY_LOOP('',(#3754,#2130,#3758));
#3952=FACE_OUTER_BOUND('',#3951,.T.);
#3953=FACETED_PRIMITIVE_FACE('',(#3952));
#3954=POLY_LOOP('',(#3693,#2120,#3754));
#3955=FACE_OUTER_BOUND('',#3954,.T.);
#3956=FACETED_PRIMITIVE_FACE('',(#3955));
#3957=POLY_LOOP('',(#3689,#2113,#2120));
#3958=FACE_OUTER_BOUND('',#3957,.T.);
#3959=FACETED_PRIMITIVE_FACE('',(#3958));
#3960=POLY_LOOP('',(#3689,#2120,#3693));
#3961=FACE_OUTER_BOUND('',#3960,.T.);
#3962=FACETED_PRIMITIVE_FACE('',(#3961));
#3963=POLY_LOOP('',(#3601,#2106,#2113));
#3964=FACE_OUTER_BOUND('',#3963,.T.);
#3965=FACETED_PRIMITIVE_FACE('',(#3964));
#3966=POLY_LOOP('',(#3601,#2113,#3689));
#3967=FACE_OUTER_BOUND('',#3966,.T.);
#3968=FACETED_PRIMITIVE_FACE('',(#3967));
#3969=POLY_LOOP('',(#3597,#2106,#3601));
#3970=FACE_OUTER_BOUND('',#3969,.T.);
#3971=FACETED_PRIMITIVE_FACE('',(#3970));
#3972=POLY_LOOP('',(#3597,#2099,#2106));
#3973=FACE_OUTER_BOUND('',#3972,.T.);
#3974=FACETED_PRIMITIVE_FACE('',(#3973));
#3975=POLY_LOOP('',(#3597,#2092,#2099));
#3976=FACE_OUTER_BOUND('',#3975,.T.);
#3977=FACETED_PRIMITIVE_FACE('',(#3976));
#3978=POLY_LOOP('',(#2846,#2182,#2036));
#3979=FACE_OUTER_BOUND('',#3978,.T.);
#3980=FACETED_PRIMITIVE_FACE('',(#3979));
#3981=POLY_LOOP('',(#2846,#2035,#2043));
#3982=FACE_OUTER_BOUND('',#3981,.T.);
#3983=FACETED_PRIMITIVE_FACE('',(#3982));
#3984=POLY_LOOP('',(#2846,#2036,#2035));
#3985=FACE_OUTER_BOUND('',#3984,.T.);
#3986=FACETED_PRIMITIVE_FACE('',(#3985));
#3987=POLY_LOOP('',(#3485,#2092,#3597));
#3988=FACE_OUTER_BOUND('',#3987,.T.);
#3989=FACETED_PRIMITIVE_FACE('',(#3988));
#3990=POLY_LOOP('',(#3485,#2085,#2092));
#3991=FACE_OUTER_BOUND('',#3990,.T.);
#3992=FACETED_PRIMITIVE_FACE('',(#3991));
#3993=POLY_LOOP('',(#3190,#2846,#2043));
#3994=FACE_OUTER_BOUND('',#3993,.T.);
#3995=FACETED_PRIMITIVE_FACE('',(#3994));
#3996=POLY_LOOP('',(#3481,#2085,#3485));
#3997=FACE_OUTER_BOUND('',#3996,.T.);
#3998=FACETED_PRIMITIVE_FACE('',(#3997));
#3999=POLY_LOOP('',(#3194,#3190,#2043));
#4000=FACE_OUTER_BOUND('',#3999,.T.);
#4001=FACETED_PRIMITIVE_FACE('',(#4000));
#4002=POLY_LOOP('',(#3194,#2043,#2050));
#4003=FACE_OUTER_BOUND('',#4002,.T.);
#4004=FACETED_PRIMITIVE_FACE('',(#4003));
#4005=POLY_LOOP('',(#3396,#2085,#3481));
#4006=FACE_OUTER_BOUND('',#4005,.T.);
#4007=FACETED_PRIMITIVE_FACE('',(#4006));
#4008=POLY_LOOP('',(#3396,#2081,#2085));
#4009=FACE_OUTER_BOUND('',#4008,.T.);
#4010=FACETED_PRIMITIVE_FACE('',(#4009));
#4011=POLY_LOOP('',(#3396,#2074,#2081));
#4012=FACE_OUTER_BOUND('',#4011,.T.);
#4013=FACETED_PRIMITIVE_FACE('',(#4012));
#4014=POLY_LOOP('',(#3291,#3194,#2050));
#4015=FACE_OUTER_BOUND('',#4014,.T.);
#4016=FACETED_PRIMITIVE_FACE('',(#4015));
#4017=POLY_LOOP('',(#3291,#2050,#2060));
#4018=FACE_OUTER_BOUND('',#4017,.T.);
#4019=FACETED_PRIMITIVE_FACE('',(#4018));
#4020=POLY_LOOP('',(#3392,#2074,#3396));
#4021=FACE_OUTER_BOUND('',#4020,.T.);
#4022=FACETED_PRIMITIVE_FACE('',(#4021));
#4023=POLY_LOOP('',(#3392,#2064,#2074));
#4024=FACE_OUTER_BOUND('',#4023,.T.);
#4025=FACETED_PRIMITIVE_FACE('',(#4024));
#4026=POLY_LOOP('',(#3295,#3291,#2060));
#4027=FACE_OUTER_BOUND('',#4026,.T.);
#4028=FACETED_PRIMITIVE_FACE('',(#4027));
#4029=POLY_LOOP('',(#3295,#2064,#3392));
#4030=FACE_OUTER_BOUND('',#4029,.T.);
#4031=FACETED_PRIMITIVE_FACE('',(#4030));
#4032=POLY_LOOP('',(#3295,#2060,#2064));
#4033=FACE_OUTER_BOUND('',#4032,.T.);
#4034=FACETED_PRIMITIVE_FACE('',(#4033));
#4035=POLY_LOOP('',(#2035,#2182,#2846));
#4036=FACE_OUTER_BOUND('',#4035,.T.);
#4037=FACETED_PRIMITIVE_FACE('',(#4036));
#4038=POLY_LOOP('',(#2035,#2846,#3190));
#4039=FACE_OUTER_BOUND('',#4038,.T.);
#4040=FACETED_PRIMITIVE_FACE('',(#4039));
#4041=POLY_LOOP('',(#2035,#2036,#2182));
#4042=FACE_OUTER_BOUND('',#4041,.T.);
#4043=FACETED_PRIMITIVE_FACE('',(#4042));
#4044=POLY_LOOP('',(#2043,#3190,#3194));
#4045=FACE_OUTER_BOUND('',#4044,.T.);
#4046=FACETED_PRIMITIVE_FACE('',(#4045));
#4047=POLY_LOOP('',(#2043,#2035,#3190));
#4048=FACE_OUTER_BOUND('',#4047,.T.);
#4049=FACETED_PRIMITIVE_FACE('',(#4048));
#4050=POLY_LOOP('',(#2050,#3194,#3291));
#4051=FACE_OUTER_BOUND('',#4050,.T.);
#4052=FACETED_PRIMITIVE_FACE('',(#4051));
#4053=POLY_LOOP('',(#2050,#2043,#3194));
#4054=FACE_OUTER_BOUND('',#4053,.T.);
#4055=FACETED_PRIMITIVE_FACE('',(#4054));
#4056=POLY_LOOP('',(#2060,#2050,#3291));
#4057=FACE_OUTER_BOUND('',#4056,.T.);
#4058=FACETED_PRIMITIVE_FACE('',(#4057));
#4059=POLY_LOOP('',(#3295,#2060,#3291));
#4060=FACE_OUTER_BOUND('',#4059,.T.);
#4061=FACETED_PRIMITIVE_FACE('',(#4060));
#4062=POLY_LOOP('',(#2064,#2060,#3295));
#4063=FACE_OUTER_BOUND('',#4062,.T.);
#4064=FACETED_PRIMITIVE_FACE('',(#4063));
#4065=POLY_LOOP('',(#3392,#2074,#2064));
#4066=FACE_OUTER_BOUND('',#4065,.T.);
#4067=FACETED_PRIMITIVE_FACE('',(#4066));
#4068=POLY_LOOP('',(#3392,#2064,#3295));
#4069=FACE_OUTER_BOUND('',#4068,.T.);
#4070=FACETED_PRIMITIVE_FACE('',(#4069));
#4071=POLY_LOOP('',(#3396,#2081,#2074));
#4072=FACE_OUTER_BOUND('',#4071,.T.);
#4073=FACETED_PRIMITIVE_FACE('',(#4072));
#4074=POLY_LOOP('',(#3396,#2074,#3392));
#4075=FACE_OUTER_BOUND('',#4074,.T.);
#4076=FACETED_PRIMITIVE_FACE('',(#4075));
#4077=POLY_LOOP('',(#3481,#2092,#2085));
#4078=FACE_OUTER_BOUND('',#4077,.T.);
#4079=FACETED_PRIMITIVE_FACE('',(#4078));
#4080=POLY_LOOP('',(#3481,#2085,#2081));
#4081=FACE_OUTER_BOUND('',#4080,.T.);
#4082=FACETED_PRIMITIVE_FACE('',(#4081));
#4083=POLY_LOOP('',(#3481,#2081,#3396));
#4084=FACE_OUTER_BOUND('',#4083,.T.);
#4085=FACETED_PRIMITIVE_FACE('',(#4084));
#4086=POLY_LOOP('',(#3485,#2092,#3481));
#4087=FACE_OUTER_BOUND('',#4086,.T.);
#4088=FACETED_PRIMITIVE_FACE('',(#4087));
#4089=POLY_LOOP('',(#3597,#2092,#3485));
#4090=FACE_OUTER_BOUND('',#4089,.T.);
#4091=FACETED_PRIMITIVE_FACE('',(#4090));
#4092=POLY_LOOP('',(#3597,#2106,#2099));
#4093=FACE_OUTER_BOUND('',#4092,.T.);
#4094=FACETED_PRIMITIVE_FACE('',(#4093));
#4095=POLY_LOOP('',(#3597,#2099,#2092));
#4096=FACE_OUTER_BOUND('',#4095,.T.);
#4097=FACETED_PRIMITIVE_FACE('',(#4096));
#4098=POLY_LOOP('',(#3601,#2106,#3597));
#4099=FACE_OUTER_BOUND('',#4098,.T.);
#4100=FACETED_PRIMITIVE_FACE('',(#4099));
#4101=POLY_LOOP('',(#2865,#1950,#2169));
#4102=FACE_OUTER_BOUND('',#4101,.T.);
#4103=FACETED_PRIMITIVE_FACE('',(#4102));
#4104=POLY_LOOP('',(#2865,#1901,#1950));
#4105=FACE_OUTER_BOUND('',#4104,.T.);
#4106=FACETED_PRIMITIVE_FACE('',(#4105));
#4107=POLY_LOOP('',(#3689,#2120,#2113));
#4108=FACE_OUTER_BOUND('',#4107,.T.);
#4109=FACETED_PRIMITIVE_FACE('',(#4108));
#4110=POLY_LOOP('',(#3689,#2113,#2106));
#4111=FACE_OUTER_BOUND('',#4110,.T.);
#4112=FACETED_PRIMITIVE_FACE('',(#4111));
#4113=POLY_LOOP('',(#3689,#2106,#3601));
#4114=FACE_OUTER_BOUND('',#4113,.T.);
#4115=FACETED_PRIMITIVE_FACE('',(#4114));
#4116=POLY_LOOP('',(#3855,#2169,#2162));
#4117=FACE_OUTER_BOUND('',#4116,.T.);
#4118=FACETED_PRIMITIVE_FACE('',(#4117));
#4119=POLY_LOOP('',(#3855,#2865,#2169));
#4120=FACE_OUTER_BOUND('',#4119,.T.);
#4121=FACETED_PRIMITIVE_FACE('',(#4120));
#4122=POLY_LOOP('',(#3693,#2120,#3689));
#4123=FACE_OUTER_BOUND('',#4122,.T.);
#4124=FACETED_PRIMITIVE_FACE('',(#4123));
#4125=POLY_LOOP('',(#3851,#2162,#2155));
#4126=FACE_OUTER_BOUND('',#4125,.T.);
#4127=FACETED_PRIMITIVE_FACE('',(#4126));
#4128=POLY_LOOP('',(#3851,#3855,#2162));
#4129=FACE_OUTER_BOUND('',#4128,.T.);
#4130=FACETED_PRIMITIVE_FACE('',(#4129));
#4131=POLY_LOOP('',(#3754,#2134,#2130));
#4132=FACE_OUTER_BOUND('',#4131,.T.);
#4133=FACETED_PRIMITIVE_FACE('',(#4132));
#4134=POLY_LOOP('',(#3754,#2130,#2120));
#4135=FACE_OUTER_BOUND('',#4134,.T.);
#4136=FACETED_PRIMITIVE_FACE('',(#4135));
#4137=POLY_LOOP('',(#3754,#2120,#3693));
#4138=FACE_OUTER_BOUND('',#4137,.T.);
#4139=FACETED_PRIMITIVE_FACE('',(#4138));
#4140=POLY_LOOP('',(#3812,#3851,#2155));
#4141=FACE_OUTER_BOUND('',#4140,.T.);
#4142=FACETED_PRIMITIVE_FACE('',(#4141));
#4143=POLY_LOOP('',(#3812,#2155,#2148));
#4144=FACE_OUTER_BOUND('',#4143,.T.);
#4145=FACETED_PRIMITIVE_FACE('',(#4144));
#4146=POLY_LOOP('',(#3758,#2134,#3754));
#4147=FACE_OUTER_BOUND('',#4146,.T.);
#4148=FACETED_PRIMITIVE_FACE('',(#4147));
#4149=POLY_LOOP('',(#3758,#2141,#2134));
#4150=FACE_OUTER_BOUND('',#4149,.T.);
#4151=FACETED_PRIMITIVE_FACE('',(#4150));
#4152=POLY_LOOP('',(#3808,#3812,#2148));
#4153=FACE_OUTER_BOUND('',#4152,.T.);
#4154=FACETED_PRIMITIVE_FACE('',(#4153));
#4155=POLY_LOOP('',(#3808,#2148,#2141));
#4156=FACE_OUTER_BOUND('',#4155,.T.);
#4157=FACETED_PRIMITIVE_FACE('',(#4156));
#4158=POLY_LOOP('',(#3808,#2141,#3758));
#4159=FACE_OUTER_BOUND('',#4158,.T.);
#4160=FACETED_PRIMITIVE_FACE('',(#4159));
#4162=POLY_LOOP('',(#2846,#2182,#4161));
#4163=FACE_OUTER_BOUND('',#4162,.T.);
#4164=FACETED_PRIMITIVE_FACE('',(#4163));
#4166=POLY_LOOP('',(#2846,#4161,#4165));
#4167=FACE_OUTER_BOUND('',#4166,.T.);
#4168=FACETED_PRIMITIVE_FACE('',(#4167));
#4170=POLY_LOOP('',(#2846,#4165,#4169));
#4171=FACE_OUTER_BOUND('',#4170,.T.);
#4172=FACETED_PRIMITIVE_FACE('',(#4171));
#4174=POLY_LOOP('',(#2846,#4169,#4173));
#4175=FACE_OUTER_BOUND('',#4174,.T.);
#4176=FACETED_PRIMITIVE_FACE('',(#4175));
#4178=POLY_LOOP('',(#4177,#2846,#4173));
#4179=FACE_OUTER_BOUND('',#4178,.T.);
#4180=FACETED_PRIMITIVE_FACE('',(#4179));
#4183=POLY_LOOP('',(#2685,#4181,#4182));
#4184=FACE_OUTER_BOUND('',#4183,.T.);
#4185=FACETED_PRIMITIVE_FACE('',(#4184));
#4187=POLY_LOOP('',(#2685,#4182,#4186));
#4188=FACE_OUTER_BOUND('',#4187,.T.);
#4189=FACETED_PRIMITIVE_FACE('',(#4188));
#4191=POLY_LOOP('',(#2685,#4186,#4190));
#4192=FACE_OUTER_BOUND('',#4191,.T.);
#4193=FACETED_PRIMITIVE_FACE('',(#4192));
#4195=POLY_LOOP('',(#2685,#4190,#4194));
#4196=FACE_OUTER_BOUND('',#4195,.T.);
#4197=FACETED_PRIMITIVE_FACE('',(#4196));
#4198=POLY_LOOP('',(#2685,#4194,#2301));
#4199=FACE_OUTER_BOUND('',#4198,.T.);
#4200=FACETED_PRIMITIVE_FACE('',(#4199));
#4202=POLY_LOOP('',(#4201,#1901,#2865));
#4203=FACE_OUTER_BOUND('',#4202,.T.);
#4204=FACETED_PRIMITIVE_FACE('',(#4203));
#4206=POLY_LOOP('',(#2762,#4205,#2779));
#4207=FACE_OUTER_BOUND('',#4206,.T.);
#4208=FACETED_PRIMITIVE_FACE('',(#4207));
#4210=POLY_LOOP('',(#4209,#4205,#2762));
#4211=FACE_OUTER_BOUND('',#4210,.T.);
#4212=FACETED_PRIMITIVE_FACE('',(#4211));
#4214=POLY_LOOP('',(#4213,#4209,#2762));
#4215=FACE_OUTER_BOUND('',#4214,.T.);
#4216=FACETED_PRIMITIVE_FACE('',(#4215));
#4218=POLY_LOOP('',(#4217,#4213,#2762));
#4219=FACE_OUTER_BOUND('',#4218,.T.);
#4220=FACETED_PRIMITIVE_FACE('',(#4219));
#4222=POLY_LOOP('',(#4221,#4217,#2762));
#4223=FACE_OUTER_BOUND('',#4222,.T.);
#4224=FACETED_PRIMITIVE_FACE('',(#4223));
#4225=POLY_LOOP('',(#2020,#4221,#2762));
#4226=FACE_OUTER_BOUND('',#4225,.T.);
#4227=FACETED_PRIMITIVE_FACE('',(#4226));
#4229=POLY_LOOP('',(#4228,#3190,#2846));
#4230=FACE_OUTER_BOUND('',#4229,.T.);
#4231=FACETED_PRIMITIVE_FACE('',(#4230));
#4232=POLY_LOOP('',(#4228,#3194,#3190));
#4233=FACE_OUTER_BOUND('',#4232,.T.);
#4234=FACETED_PRIMITIVE_FACE('',(#4233));
#4235=POLY_LOOP('',(#4228,#2846,#4177));
#4236=FACE_OUTER_BOUND('',#4235,.T.);
#4237=FACETED_PRIMITIVE_FACE('',(#4236));
#4239=POLY_LOOP('',(#4228,#4177,#4238));
#4240=FACE_OUTER_BOUND('',#4239,.T.);
#4241=FACETED_PRIMITIVE_FACE('',(#4240));
#4243=POLY_LOOP('',(#4242,#4228,#4238));
#4244=FACE_OUTER_BOUND('',#4243,.T.);
#4245=FACETED_PRIMITIVE_FACE('',(#4244));
#4247=POLY_LOOP('',(#4242,#4238,#4246));
#4248=FACE_OUTER_BOUND('',#4247,.T.);
#4249=FACETED_PRIMITIVE_FACE('',(#4248));
#4251=POLY_LOOP('',(#4250,#4242,#4246));
#4252=FACE_OUTER_BOUND('',#4251,.T.);
#4253=FACETED_PRIMITIVE_FACE('',(#4252));
#4255=POLY_LOOP('',(#4250,#4246,#4254));
#4256=FACE_OUTER_BOUND('',#4255,.T.);
#4257=FACETED_PRIMITIVE_FACE('',(#4256));
#4259=POLY_LOOP('',(#4258,#3291,#3194));
#4260=FACE_OUTER_BOUND('',#4259,.T.);
#4261=FACETED_PRIMITIVE_FACE('',(#4260));
#4262=POLY_LOOP('',(#4258,#3295,#3291));
#4263=FACE_OUTER_BOUND('',#4262,.T.);
#4264=FACETED_PRIMITIVE_FACE('',(#4263));
#4265=POLY_LOOP('',(#4258,#3194,#4228));
#4266=FACE_OUTER_BOUND('',#4265,.T.);
#4267=FACETED_PRIMITIVE_FACE('',(#4266));
#4269=POLY_LOOP('',(#4268,#4250,#4254));
#4270=FACE_OUTER_BOUND('',#4269,.T.);
#4271=FACETED_PRIMITIVE_FACE('',(#4270));
#4273=POLY_LOOP('',(#4268,#4254,#4272));
#4274=FACE_OUTER_BOUND('',#4273,.T.);
#4275=FACETED_PRIMITIVE_FACE('',(#4274));
#4277=POLY_LOOP('',(#4276,#4268,#4272));
#4278=FACE_OUTER_BOUND('',#4277,.T.);
#4279=FACETED_PRIMITIVE_FACE('',(#4278));
#4281=POLY_LOOP('',(#4276,#4272,#4280));
#4282=FACE_OUTER_BOUND('',#4281,.T.);
#4283=FACETED_PRIMITIVE_FACE('',(#4282));
#4285=POLY_LOOP('',(#4284,#4258,#4228));
#4286=FACE_OUTER_BOUND('',#4285,.T.);
#4287=FACETED_PRIMITIVE_FACE('',(#4286));
#4288=POLY_LOOP('',(#4284,#4228,#4242));
#4289=FACE_OUTER_BOUND('',#4288,.T.);
#4290=FACETED_PRIMITIVE_FACE('',(#4289));
#4291=POLY_LOOP('',(#4284,#4242,#4250));
#4292=FACE_OUTER_BOUND('',#4291,.T.);
#4293=FACETED_PRIMITIVE_FACE('',(#4292));
#4295=POLY_LOOP('',(#4294,#4276,#4280));
#4296=FACE_OUTER_BOUND('',#4295,.T.);
#4297=FACETED_PRIMITIVE_FACE('',(#4296));
#4299=POLY_LOOP('',(#4294,#4280,#4298));
#4300=FACE_OUTER_BOUND('',#4299,.T.);
#4301=FACETED_PRIMITIVE_FACE('',(#4300));
#4303=POLY_LOOP('',(#4294,#4298,#4302));
#4304=FACE_OUTER_BOUND('',#4303,.T.);
#4305=FACETED_PRIMITIVE_FACE('',(#4304));
#4307=POLY_LOOP('',(#4306,#4284,#4250));
#4308=FACE_OUTER_BOUND('',#4307,.T.);
#4309=FACETED_PRIMITIVE_FACE('',(#4308));
#4311=POLY_LOOP('',(#4310,#3392,#3295));
#4312=FACE_OUTER_BOUND('',#4311,.T.);
#4313=FACETED_PRIMITIVE_FACE('',(#4312));
#4314=POLY_LOOP('',(#4310,#3396,#3392));
#4315=FACE_OUTER_BOUND('',#4314,.T.);
#4316=FACETED_PRIMITIVE_FACE('',(#4315));
#4317=POLY_LOOP('',(#4310,#3295,#4258));
#4318=FACE_OUTER_BOUND('',#4317,.T.);
#4319=FACETED_PRIMITIVE_FACE('',(#4318));
#4320=POLY_LOOP('',(#4310,#4258,#4284));
#4321=FACE_OUTER_BOUND('',#4320,.T.);
#4322=FACETED_PRIMITIVE_FACE('',(#4321));
#4324=POLY_LOOP('',(#4323,#4306,#4250));
#4325=FACE_OUTER_BOUND('',#4324,.T.);
#4326=FACETED_PRIMITIVE_FACE('',(#4325));
#4327=POLY_LOOP('',(#4323,#4250,#4268));
#4328=FACE_OUTER_BOUND('',#4327,.T.);
#4329=FACETED_PRIMITIVE_FACE('',(#4328));
#4331=POLY_LOOP('',(#4330,#4294,#4302));
#4332=FACE_OUTER_BOUND('',#4331,.T.);
#4333=FACETED_PRIMITIVE_FACE('',(#4332));
#4335=POLY_LOOP('',(#4330,#4302,#4334));
#4336=FACE_OUTER_BOUND('',#4335,.T.);
#4337=FACETED_PRIMITIVE_FACE('',(#4336));
#4339=POLY_LOOP('',(#4330,#4334,#4338));
#4340=FACE_OUTER_BOUND('',#4339,.T.);
#4341=FACETED_PRIMITIVE_FACE('',(#4340));
#4343=POLY_LOOP('',(#4342,#4268,#4276));
#4344=FACE_OUTER_BOUND('',#4343,.T.);
#4345=FACETED_PRIMITIVE_FACE('',(#4344));
#4346=POLY_LOOP('',(#4342,#4323,#4268));
#4347=FACE_OUTER_BOUND('',#4346,.T.);
#4348=FACETED_PRIMITIVE_FACE('',(#4347));
#4350=POLY_LOOP('',(#4349,#4310,#4284));
#4351=FACE_OUTER_BOUND('',#4350,.T.);
#4352=FACETED_PRIMITIVE_FACE('',(#4351));
#4354=POLY_LOOP('',(#4353,#4342,#4276));
#4355=FACE_OUTER_BOUND('',#4354,.T.);
#4356=FACETED_PRIMITIVE_FACE('',(#4355));
#4357=POLY_LOOP('',(#4353,#4276,#4294));
#4358=FACE_OUTER_BOUND('',#4357,.T.);
#4359=FACETED_PRIMITIVE_FACE('',(#4358));
#4361=POLY_LOOP('',(#4360,#4284,#4306));
#4362=FACE_OUTER_BOUND('',#4361,.T.);
#4363=FACETED_PRIMITIVE_FACE('',(#4362));
#4364=POLY_LOOP('',(#4360,#4349,#4284));
#4365=FACE_OUTER_BOUND('',#4364,.T.);
#4366=FACETED_PRIMITIVE_FACE('',(#4365));
#4367=POLY_LOOP('',(#4360,#4306,#4323));
#4368=FACE_OUTER_BOUND('',#4367,.T.);
#4369=FACETED_PRIMITIVE_FACE('',(#4368));
#4371=POLY_LOOP('',(#4370,#4330,#4338));
#4372=FACE_OUTER_BOUND('',#4371,.T.);
#4373=FACETED_PRIMITIVE_FACE('',(#4372));
#4375=POLY_LOOP('',(#4370,#4338,#4374));
#4376=FACE_OUTER_BOUND('',#4375,.T.);
#4377=FACETED_PRIMITIVE_FACE('',(#4376));
#4379=POLY_LOOP('',(#4370,#4374,#4378));
#4380=FACE_OUTER_BOUND('',#4379,.T.);
#4381=FACETED_PRIMITIVE_FACE('',(#4380));
#4383=POLY_LOOP('',(#4382,#3481,#3396));
#4384=FACE_OUTER_BOUND('',#4383,.T.);
#4385=FACETED_PRIMITIVE_FACE('',(#4384));
#4386=POLY_LOOP('',(#4382,#3485,#3481));
#4387=FACE_OUTER_BOUND('',#4386,.T.);
#4388=FACETED_PRIMITIVE_FACE('',(#4387));
#4389=POLY_LOOP('',(#4382,#3396,#4310));
#4390=FACE_OUTER_BOUND('',#4389,.T.);
#4391=FACETED_PRIMITIVE_FACE('',(#4390));
#4393=POLY_LOOP('',(#4392,#4323,#4342));
#4394=FACE_OUTER_BOUND('',#4393,.T.);
#4395=FACETED_PRIMITIVE_FACE('',(#4394));
#4396=POLY_LOOP('',(#4392,#4360,#4323));
#4397=FACE_OUTER_BOUND('',#4396,.T.);
#4398=FACETED_PRIMITIVE_FACE('',(#4397));
#4400=POLY_LOOP('',(#4399,#4294,#4330));
#4401=FACE_OUTER_BOUND('',#4400,.T.);
#4402=FACETED_PRIMITIVE_FACE('',(#4401));
#4403=POLY_LOOP('',(#4399,#4353,#4294));
#4404=FACE_OUTER_BOUND('',#4403,.T.);
#4405=FACETED_PRIMITIVE_FACE('',(#4404));
#4407=POLY_LOOP('',(#4406,#4370,#4378));
#4408=FACE_OUTER_BOUND('',#4407,.T.);
#4409=FACETED_PRIMITIVE_FACE('',(#4408));
#4411=POLY_LOOP('',(#4406,#4378,#4410));
#4412=FACE_OUTER_BOUND('',#4411,.T.);
#4413=FACETED_PRIMITIVE_FACE('',(#4412));
#4415=POLY_LOOP('',(#4406,#4410,#4414));
#4416=FACE_OUTER_BOUND('',#4415,.T.);
#4417=FACETED_PRIMITIVE_FACE('',(#4416));
#4419=POLY_LOOP('',(#4418,#4392,#4342));
#4420=FACE_OUTER_BOUND('',#4419,.T.);
#4421=FACETED_PRIMITIVE_FACE('',(#4420));
#4423=POLY_LOOP('',(#4422,#4382,#4310));
#4424=FACE_OUTER_BOUND('',#4423,.T.);
#4425=FACETED_PRIMITIVE_FACE('',(#4424));
#4426=POLY_LOOP('',(#4422,#4310,#4349));
#4427=FACE_OUTER_BOUND('',#4426,.T.);
#4428=FACETED_PRIMITIVE_FACE('',(#4427));
#4430=POLY_LOOP('',(#4429,#4342,#4353));
#4431=FACE_OUTER_BOUND('',#4430,.T.);
#4432=FACETED_PRIMITIVE_FACE('',(#4431));
#4433=POLY_LOOP('',(#4429,#4418,#4342));
#4434=FACE_OUTER_BOUND('',#4433,.T.);
#4435=FACETED_PRIMITIVE_FACE('',(#4434));
#4437=POLY_LOOP('',(#4436,#4349,#4360));
#4438=FACE_OUTER_BOUND('',#4437,.T.);
#4439=FACETED_PRIMITIVE_FACE('',(#4438));
#4440=POLY_LOOP('',(#4436,#4422,#4349));
#4441=FACE_OUTER_BOUND('',#4440,.T.);
#4442=FACETED_PRIMITIVE_FACE('',(#4441));
#4444=POLY_LOOP('',(#4443,#4330,#4370));
#4445=FACE_OUTER_BOUND('',#4444,.T.);
#4446=FACETED_PRIMITIVE_FACE('',(#4445));
#4447=POLY_LOOP('',(#4443,#4399,#4330));
#4448=FACE_OUTER_BOUND('',#4447,.T.);
#4449=FACETED_PRIMITIVE_FACE('',(#4448));
#4451=POLY_LOOP('',(#4450,#4406,#4414));
#4452=FACE_OUTER_BOUND('',#4451,.T.);
#4453=FACETED_PRIMITIVE_FACE('',(#4452));
#4455=POLY_LOOP('',(#4450,#4414,#4454));
#4456=FACE_OUTER_BOUND('',#4455,.T.);
#4457=FACETED_PRIMITIVE_FACE('',(#4456));
#4459=POLY_LOOP('',(#4450,#4454,#4458));
#4460=FACE_OUTER_BOUND('',#4459,.T.);
#4461=FACETED_PRIMITIVE_FACE('',(#4460));
#4463=POLY_LOOP('',(#4462,#3597,#3485));
#4464=FACE_OUTER_BOUND('',#4463,.T.);
#4465=FACETED_PRIMITIVE_FACE('',(#4464));
#4466=POLY_LOOP('',(#4462,#3601,#3597));
#4467=FACE_OUTER_BOUND('',#4466,.T.);
#4468=FACETED_PRIMITIVE_FACE('',(#4467));
#4469=POLY_LOOP('',(#4462,#3485,#4382));
#4470=FACE_OUTER_BOUND('',#4469,.T.);
#4471=FACETED_PRIMITIVE_FACE('',(#4470));
#4473=POLY_LOOP('',(#4472,#4436,#4360));
#4474=FACE_OUTER_BOUND('',#4473,.T.);
#4475=FACETED_PRIMITIVE_FACE('',(#4474));
#4476=POLY_LOOP('',(#4472,#4392,#4418));
#4477=FACE_OUTER_BOUND('',#4476,.T.);
#4478=FACETED_PRIMITIVE_FACE('',(#4477));
#4479=POLY_LOOP('',(#4472,#4360,#4392));
#4480=FACE_OUTER_BOUND('',#4479,.T.);
#4481=FACETED_PRIMITIVE_FACE('',(#4480));
#4483=POLY_LOOP('',(#4482,#4429,#4353));
#4484=FACE_OUTER_BOUND('',#4483,.T.);
#4485=FACETED_PRIMITIVE_FACE('',(#4484));
#4486=POLY_LOOP('',(#4482,#4399,#4443));
#4487=FACE_OUTER_BOUND('',#4486,.T.);
#4488=FACETED_PRIMITIVE_FACE('',(#4487));
#4489=POLY_LOOP('',(#4482,#4353,#4399));
#4490=FACE_OUTER_BOUND('',#4489,.T.);
#4491=FACETED_PRIMITIVE_FACE('',(#4490));
#4493=POLY_LOOP('',(#4492,#4406,#4450));
#4494=FACE_OUTER_BOUND('',#4493,.T.);
#4495=FACETED_PRIMITIVE_FACE('',(#4494));
#4496=POLY_LOOP('',(#4492,#4370,#4406));
#4497=FACE_OUTER_BOUND('',#4496,.T.);
#4498=FACETED_PRIMITIVE_FACE('',(#4497));
#4499=POLY_LOOP('',(#4492,#4443,#4370));
#4500=FACE_OUTER_BOUND('',#4499,.T.);
#4501=FACETED_PRIMITIVE_FACE('',(#4500));
#4503=POLY_LOOP('',(#4502,#4450,#4458));
#4504=FACE_OUTER_BOUND('',#4503,.T.);
#4505=FACETED_PRIMITIVE_FACE('',(#4504));
#4507=POLY_LOOP('',(#4502,#4458,#4506));
#4508=FACE_OUTER_BOUND('',#4507,.T.);
#4509=FACETED_PRIMITIVE_FACE('',(#4508));
#4511=POLY_LOOP('',(#4502,#4506,#4510));
#4512=FACE_OUTER_BOUND('',#4511,.T.);
#4513=FACETED_PRIMITIVE_FACE('',(#4512));
#4515=POLY_LOOP('',(#4514,#4472,#4418));
#4516=FACE_OUTER_BOUND('',#4515,.T.);
#4517=FACETED_PRIMITIVE_FACE('',(#4516));
#4519=POLY_LOOP('',(#4518,#4382,#4422));
#4520=FACE_OUTER_BOUND('',#4519,.T.);
#4521=FACETED_PRIMITIVE_FACE('',(#4520));
#4522=POLY_LOOP('',(#4518,#4462,#4382));
#4523=FACE_OUTER_BOUND('',#4522,.T.);
#4524=FACETED_PRIMITIVE_FACE('',(#4523));
#4526=POLY_LOOP('',(#4525,#4514,#4418));
#4527=FACE_OUTER_BOUND('',#4526,.T.);
#4528=FACETED_PRIMITIVE_FACE('',(#4527));
#4529=POLY_LOOP('',(#4525,#4418,#4429));
#4530=FACE_OUTER_BOUND('',#4529,.T.);
#4531=FACETED_PRIMITIVE_FACE('',(#4530));
#4533=POLY_LOOP('',(#4532,#4422,#4436));
#4534=FACE_OUTER_BOUND('',#4533,.T.);
#4535=FACETED_PRIMITIVE_FACE('',(#4534));
#4536=POLY_LOOP('',(#4532,#4518,#4422));
#4537=FACE_OUTER_BOUND('',#4536,.T.);
#4538=FACETED_PRIMITIVE_FACE('',(#4537));
#4540=POLY_LOOP('',(#4539,#4482,#4443));
#4541=FACE_OUTER_BOUND('',#4540,.T.);
#4542=FACETED_PRIMITIVE_FACE('',(#4541));
#4544=POLY_LOOP('',(#4543,#4492,#4450));
#4545=FACE_OUTER_BOUND('',#4544,.T.);
#4546=FACETED_PRIMITIVE_FACE('',(#4545));
#4548=POLY_LOOP('',(#4547,#2685,#2689));
#4549=FACE_OUTER_BOUND('',#4548,.T.);
#4550=FACETED_PRIMITIVE_FACE('',(#4549));
#4551=POLY_LOOP('',(#4547,#2689,#2696));
#4552=FACE_OUTER_BOUND('',#4551,.T.);
#4553=FACETED_PRIMITIVE_FACE('',(#4552));
#4554=POLY_LOOP('',(#4547,#4181,#2685));
#4555=FACE_OUTER_BOUND('',#4554,.T.);
#4556=FACETED_PRIMITIVE_FACE('',(#4555));
#4557=POLY_LOOP('',(#4547,#4502,#4510));
#4558=FACE_OUTER_BOUND('',#4557,.T.);
#4559=FACETED_PRIMITIVE_FACE('',(#4558));
#4560=POLY_LOOP('',(#4547,#4510,#4181));
#4561=FACE_OUTER_BOUND('',#4560,.T.);
#4562=FACETED_PRIMITIVE_FACE('',(#4561));
#4564=POLY_LOOP('',(#4563,#3689,#3601));
#4565=FACE_OUTER_BOUND('',#4564,.T.);
#4566=FACETED_PRIMITIVE_FACE('',(#4565));
#4567=POLY_LOOP('',(#4563,#3693,#3689));
#4568=FACE_OUTER_BOUND('',#4567,.T.);
#4569=FACETED_PRIMITIVE_FACE('',(#4568));
#4570=POLY_LOOP('',(#4563,#4462,#4518));
#4571=FACE_OUTER_BOUND('',#4570,.T.);
#4572=FACETED_PRIMITIVE_FACE('',(#4571));
#4573=POLY_LOOP('',(#4563,#3601,#4462));
#4574=FACE_OUTER_BOUND('',#4573,.T.);
#4575=FACETED_PRIMITIVE_FACE('',(#4574));
#4577=POLY_LOOP('',(#4576,#4436,#4472));
#4578=FACE_OUTER_BOUND('',#4577,.T.);
#4579=FACETED_PRIMITIVE_FACE('',(#4578));
#4580=POLY_LOOP('',(#4576,#4532,#4436));
#4581=FACE_OUTER_BOUND('',#4580,.T.);
#4582=FACETED_PRIMITIVE_FACE('',(#4581));
#4584=POLY_LOOP('',(#4583,#4482,#4539));
#4585=FACE_OUTER_BOUND('',#4584,.T.);
#4586=FACETED_PRIMITIVE_FACE('',(#4585));
#4587=POLY_LOOP('',(#4583,#4525,#4429));
#4588=FACE_OUTER_BOUND('',#4587,.T.);
#4589=FACETED_PRIMITIVE_FACE('',(#4588));
#4590=POLY_LOOP('',(#4583,#4429,#4482));
#4591=FACE_OUTER_BOUND('',#4590,.T.);
#4592=FACETED_PRIMITIVE_FACE('',(#4591));
#4594=POLY_LOOP('',(#4593,#4443,#4492));
#4595=FACE_OUTER_BOUND('',#4594,.T.);
#4596=FACETED_PRIMITIVE_FACE('',(#4595));
#4597=POLY_LOOP('',(#4593,#4492,#4543));
#4598=FACE_OUTER_BOUND('',#4597,.T.);
#4599=FACETED_PRIMITIVE_FACE('',(#4598));
#4600=POLY_LOOP('',(#4593,#4539,#4443));
#4601=FACE_OUTER_BOUND('',#4600,.T.);
#4602=FACETED_PRIMITIVE_FACE('',(#4601));
#4604=POLY_LOOP('',(#4603,#4543,#4450));
#4605=FACE_OUTER_BOUND('',#4604,.T.);
#4606=FACETED_PRIMITIVE_FACE('',(#4605));
#4607=POLY_LOOP('',(#4603,#4450,#4502));
#4608=FACE_OUTER_BOUND('',#4607,.T.);
#4609=FACETED_PRIMITIVE_FACE('',(#4608));
#4611=POLY_LOOP('',(#4610,#4472,#4514));
#4612=FACE_OUTER_BOUND('',#4611,.T.);
#4613=FACETED_PRIMITIVE_FACE('',(#4612));
#4614=POLY_LOOP('',(#4610,#4514,#4525));
#4615=FACE_OUTER_BOUND('',#4614,.T.);
#4616=FACETED_PRIMITIVE_FACE('',(#4615));
#4617=POLY_LOOP('',(#4610,#4576,#4472));
#4618=FACE_OUTER_BOUND('',#4617,.T.);
#4619=FACETED_PRIMITIVE_FACE('',(#4618));
#4621=POLY_LOOP('',(#4620,#4563,#4518));
#4622=FACE_OUTER_BOUND('',#4621,.T.);
#4623=FACETED_PRIMITIVE_FACE('',(#4622));
#4625=POLY_LOOP('',(#4624,#4610,#4525));
#4626=FACE_OUTER_BOUND('',#4625,.T.);
#4627=FACETED_PRIMITIVE_FACE('',(#4626));
#4629=POLY_LOOP('',(#4628,#4620,#4518));
#4630=FACE_OUTER_BOUND('',#4629,.T.);
#4631=FACETED_PRIMITIVE_FACE('',(#4630));
#4632=POLY_LOOP('',(#4628,#4532,#4576));
#4633=FACE_OUTER_BOUND('',#4632,.T.);
#4634=FACETED_PRIMITIVE_FACE('',(#4633));
#4635=POLY_LOOP('',(#4628,#4518,#4532));
#4636=FACE_OUTER_BOUND('',#4635,.T.);
#4637=FACETED_PRIMITIVE_FACE('',(#4636));
#4639=POLY_LOOP('',(#4638,#4583,#4539));
#4640=FACE_OUTER_BOUND('',#4639,.T.);
#4641=FACETED_PRIMITIVE_FACE('',(#4640));
#4643=POLY_LOOP('',(#4642,#4593,#4543));
#4644=FACE_OUTER_BOUND('',#4643,.T.);
#4645=FACETED_PRIMITIVE_FACE('',(#4644));
#4647=POLY_LOOP('',(#4646,#4603,#4502));
#4648=FACE_OUTER_BOUND('',#4647,.T.);
#4649=FACETED_PRIMITIVE_FACE('',(#4648));
#4650=POLY_LOOP('',(#4646,#4547,#2696));
#4651=FACE_OUTER_BOUND('',#4650,.T.);
#4652=FACETED_PRIMITIVE_FACE('',(#4651));
#4653=POLY_LOOP('',(#4646,#2696,#2703));
#4654=FACE_OUTER_BOUND('',#4653,.T.);
#4655=FACETED_PRIMITIVE_FACE('',(#4654));
#4656=POLY_LOOP('',(#4646,#2703,#2713));
#4657=FACE_OUTER_BOUND('',#4656,.T.);
#4658=FACETED_PRIMITIVE_FACE('',(#4657));
#4659=POLY_LOOP('',(#4646,#4502,#4547));
#4660=FACE_OUTER_BOUND('',#4659,.T.);
#4661=FACETED_PRIMITIVE_FACE('',(#4660));
#4663=POLY_LOOP('',(#4662,#3693,#4563));
#4664=FACE_OUTER_BOUND('',#4663,.T.);
#4665=FACETED_PRIMITIVE_FACE('',(#4664));
#4666=POLY_LOOP('',(#4662,#3754,#3693));
#4667=FACE_OUTER_BOUND('',#4666,.T.);
#4668=FACETED_PRIMITIVE_FACE('',(#4667));
#4669=POLY_LOOP('',(#4662,#3758,#3754));
#4670=FACE_OUTER_BOUND('',#4669,.T.);
#4671=FACETED_PRIMITIVE_FACE('',(#4670));
#4673=POLY_LOOP('',(#4672,#4628,#4576));
#4674=FACE_OUTER_BOUND('',#4673,.T.);
#4675=FACETED_PRIMITIVE_FACE('',(#4674));
#4677=POLY_LOOP('',(#4676,#4525,#4583));
#4678=FACE_OUTER_BOUND('',#4677,.T.);
#4679=FACETED_PRIMITIVE_FACE('',(#4678));
#4680=POLY_LOOP('',(#4676,#4624,#4525));
#4681=FACE_OUTER_BOUND('',#4680,.T.);
#4682=FACETED_PRIMITIVE_FACE('',(#4681));
#4683=POLY_LOOP('',(#4676,#4583,#4638));
#4684=FACE_OUTER_BOUND('',#4683,.T.);
#4685=FACETED_PRIMITIVE_FACE('',(#4684));
#4687=POLY_LOOP('',(#4686,#4539,#4593));
#4688=FACE_OUTER_BOUND('',#4687,.T.);
#4689=FACETED_PRIMITIVE_FACE('',(#4688));
#4690=POLY_LOOP('',(#4686,#4638,#4539));
#4691=FACE_OUTER_BOUND('',#4690,.T.);
#4692=FACETED_PRIMITIVE_FACE('',(#4691));
#4694=POLY_LOOP('',(#4693,#4543,#4603));
#4695=FACE_OUTER_BOUND('',#4694,.T.);
#4696=FACETED_PRIMITIVE_FACE('',(#4695));
#4697=POLY_LOOP('',(#4693,#4642,#4543));
#4698=FACE_OUTER_BOUND('',#4697,.T.);
#4699=FACETED_PRIMITIVE_FACE('',(#4698));
#4701=POLY_LOOP('',(#4700,#4672,#4576));
#4702=FACE_OUTER_BOUND('',#4701,.T.);
#4703=FACETED_PRIMITIVE_FACE('',(#4702));
#4704=POLY_LOOP('',(#4700,#4576,#4610));
#4705=FACE_OUTER_BOUND('',#4704,.T.);
#4706=FACETED_PRIMITIVE_FACE('',(#4705));
#4708=POLY_LOOP('',(#4707,#4563,#4620));
#4709=FACE_OUTER_BOUND('',#4708,.T.);
#4710=FACETED_PRIMITIVE_FACE('',(#4709));
#4711=POLY_LOOP('',(#4707,#4662,#4563));
#4712=FACE_OUTER_BOUND('',#4711,.T.);
#4713=FACETED_PRIMITIVE_FACE('',(#4712));
#4715=POLY_LOOP('',(#4714,#4624,#4676));
#4716=FACE_OUTER_BOUND('',#4715,.T.);
#4717=FACETED_PRIMITIVE_FACE('',(#4716));
#4718=POLY_LOOP('',(#4714,#4610,#4624));
#4719=FACE_OUTER_BOUND('',#4718,.T.);
#4720=FACETED_PRIMITIVE_FACE('',(#4719));
#4721=POLY_LOOP('',(#4714,#4700,#4610));
#4722=FACE_OUTER_BOUND('',#4721,.T.);
#4723=FACETED_PRIMITIVE_FACE('',(#4722));
#4725=POLY_LOOP('',(#4724,#4707,#4620));
#4726=FACE_OUTER_BOUND('',#4725,.T.);
#4727=FACETED_PRIMITIVE_FACE('',(#4726));
#4728=POLY_LOOP('',(#4724,#4620,#4628));
#4729=FACE_OUTER_BOUND('',#4728,.T.);
#4730=FACETED_PRIMITIVE_FACE('',(#4729));
#4731=POLY_LOOP('',(#4724,#4628,#4672));
#4732=FACE_OUTER_BOUND('',#4731,.T.);
#4733=FACETED_PRIMITIVE_FACE('',(#4732));
#4735=POLY_LOOP('',(#4734,#4676,#4638));
#4736=FACE_OUTER_BOUND('',#4735,.T.);
#4737=FACETED_PRIMITIVE_FACE('',(#4736));
#4739=POLY_LOOP('',(#4738,#4593,#4642));
#4740=FACE_OUTER_BOUND('',#4739,.T.);
#4741=FACETED_PRIMITIVE_FACE('',(#4740));
#4742=POLY_LOOP('',(#4738,#4686,#4593));
#4743=FACE_OUTER_BOUND('',#4742,.T.);
#4744=FACETED_PRIMITIVE_FACE('',(#4743));
#4746=POLY_LOOP('',(#4745,#4693,#4603));
#4747=FACE_OUTER_BOUND('',#4746,.T.);
#4748=FACETED_PRIMITIVE_FACE('',(#4747));
#4749=POLY_LOOP('',(#4745,#4646,#2713));
#4750=FACE_OUTER_BOUND('',#4749,.T.);
#4751=FACETED_PRIMITIVE_FACE('',(#4750));
#4752=POLY_LOOP('',(#4745,#2713,#2720));
#4753=FACE_OUTER_BOUND('',#4752,.T.);
#4754=FACETED_PRIMITIVE_FACE('',(#4753));
#4755=POLY_LOOP('',(#4745,#2720,#2727));
#4756=FACE_OUTER_BOUND('',#4755,.T.);
#4757=FACETED_PRIMITIVE_FACE('',(#4756));
#4758=POLY_LOOP('',(#4745,#4603,#4646));
#4759=FACE_OUTER_BOUND('',#4758,.T.);
#4760=FACETED_PRIMITIVE_FACE('',(#4759));
#4762=POLY_LOOP('',(#4761,#3808,#3758));
#4763=FACE_OUTER_BOUND('',#4762,.T.);
#4764=FACETED_PRIMITIVE_FACE('',(#4763));
#4765=POLY_LOOP('',(#4761,#3812,#3808));
#4766=FACE_OUTER_BOUND('',#4765,.T.);
#4767=FACETED_PRIMITIVE_FACE('',(#4766));
#4768=POLY_LOOP('',(#4761,#3758,#4662));
#4769=FACE_OUTER_BOUND('',#4768,.T.);
#4770=FACETED_PRIMITIVE_FACE('',(#4769));
#4772=POLY_LOOP('',(#4771,#4672,#4700));
#4773=FACE_OUTER_BOUND('',#4772,.T.);
#4774=FACETED_PRIMITIVE_FACE('',(#4773));
#4775=POLY_LOOP('',(#4771,#4724,#4672));
#4776=FACE_OUTER_BOUND('',#4775,.T.);
#4777=FACETED_PRIMITIVE_FACE('',(#4776));
#4779=POLY_LOOP('',(#4778,#4714,#4676));
#4780=FACE_OUTER_BOUND('',#4779,.T.);
#4781=FACETED_PRIMITIVE_FACE('',(#4780));
#4783=POLY_LOOP('',(#4782,#4734,#4638));
#4784=FACE_OUTER_BOUND('',#4783,.T.);
#4785=FACETED_PRIMITIVE_FACE('',(#4784));
#4786=POLY_LOOP('',(#4782,#4638,#4686));
#4787=FACE_OUTER_BOUND('',#4786,.T.);
#4788=FACETED_PRIMITIVE_FACE('',(#4787));
#4790=POLY_LOOP('',(#4789,#4738,#4642));
#4791=FACE_OUTER_BOUND('',#4790,.T.);
#4792=FACETED_PRIMITIVE_FACE('',(#4791));
#4793=POLY_LOOP('',(#4789,#4642,#4693));
#4794=FACE_OUTER_BOUND('',#4793,.T.);
#4795=FACETED_PRIMITIVE_FACE('',(#4794));
#4797=POLY_LOOP('',(#4796,#4771,#4700));
#4798=FACE_OUTER_BOUND('',#4797,.T.);
#4799=FACETED_PRIMITIVE_FACE('',(#4798));
#4801=POLY_LOOP('',(#4800,#4662,#4707));
#4802=FACE_OUTER_BOUND('',#4801,.T.);
#4803=FACETED_PRIMITIVE_FACE('',(#4802));
#4804=POLY_LOOP('',(#4800,#4761,#4662));
#4805=FACE_OUTER_BOUND('',#4804,.T.);
#4806=FACETED_PRIMITIVE_FACE('',(#4805));
#4808=POLY_LOOP('',(#4807,#4796,#4700));
#4809=FACE_OUTER_BOUND('',#4808,.T.);
#4810=FACETED_PRIMITIVE_FACE('',(#4809));
#4811=POLY_LOOP('',(#4807,#4700,#4714));
#4812=FACE_OUTER_BOUND('',#4811,.T.);
#4813=FACETED_PRIMITIVE_FACE('',(#4812));
#4814=POLY_LOOP('',(#4807,#4714,#4778));
#4815=FACE_OUTER_BOUND('',#4814,.T.);
#4816=FACETED_PRIMITIVE_FACE('',(#4815));
#4818=POLY_LOOP('',(#4817,#4800,#4707));
#4819=FACE_OUTER_BOUND('',#4818,.T.);
#4820=FACETED_PRIMITIVE_FACE('',(#4819));
#4821=POLY_LOOP('',(#4817,#4707,#4724));
#4822=FACE_OUTER_BOUND('',#4821,.T.);
#4823=FACETED_PRIMITIVE_FACE('',(#4822));
#4825=POLY_LOOP('',(#4824,#4676,#4734));
#4826=FACE_OUTER_BOUND('',#4825,.T.);
#4827=FACETED_PRIMITIVE_FACE('',(#4826));
#4828=POLY_LOOP('',(#4824,#4778,#4676));
#4829=FACE_OUTER_BOUND('',#4828,.T.);
#4830=FACETED_PRIMITIVE_FACE('',(#4829));
#4832=POLY_LOOP('',(#4831,#4686,#4738));
#4833=FACE_OUTER_BOUND('',#4832,.T.);
#4834=FACETED_PRIMITIVE_FACE('',(#4833));
#4835=POLY_LOOP('',(#4831,#4782,#4686));
#4836=FACE_OUTER_BOUND('',#4835,.T.);
#4837=FACETED_PRIMITIVE_FACE('',(#4836));
#4839=POLY_LOOP('',(#4838,#4693,#4745));
#4840=FACE_OUTER_BOUND('',#4839,.T.);
#4841=FACETED_PRIMITIVE_FACE('',(#4840));
#4842=POLY_LOOP('',(#4838,#2727,#2734));
#4843=FACE_OUTER_BOUND('',#4842,.T.);
#4844=FACETED_PRIMITIVE_FACE('',(#4843));
#4845=POLY_LOOP('',(#4838,#2734,#2744));
#4846=FACE_OUTER_BOUND('',#4845,.T.);
#4847=FACETED_PRIMITIVE_FACE('',(#4846));
#4848=POLY_LOOP('',(#4838,#4789,#4693));
#4849=FACE_OUTER_BOUND('',#4848,.T.);
#4850=FACETED_PRIMITIVE_FACE('',(#4849));
#4851=POLY_LOOP('',(#4838,#4745,#2727));
#4852=FACE_OUTER_BOUND('',#4851,.T.);
#4853=FACETED_PRIMITIVE_FACE('',(#4852));
#4855=POLY_LOOP('',(#4854,#3851,#3812));
#4856=FACE_OUTER_BOUND('',#4855,.T.);
#4857=FACETED_PRIMITIVE_FACE('',(#4856));
#4858=POLY_LOOP('',(#4854,#3855,#3851));
#4859=FACE_OUTER_BOUND('',#4858,.T.);
#4860=FACETED_PRIMITIVE_FACE('',(#4859));
#4861=POLY_LOOP('',(#4854,#3812,#4761));
#4862=FACE_OUTER_BOUND('',#4861,.T.);
#4863=FACETED_PRIMITIVE_FACE('',(#4862));
#4865=POLY_LOOP('',(#4864,#4817,#4724));
#4866=FACE_OUTER_BOUND('',#4865,.T.);
#4867=FACETED_PRIMITIVE_FACE('',(#4866));
#4868=POLY_LOOP('',(#4864,#4724,#4771));
#4869=FACE_OUTER_BOUND('',#4868,.T.);
#4870=FACETED_PRIMITIVE_FACE('',(#4869));
#4872=POLY_LOOP('',(#4871,#4807,#4778));
#4873=FACE_OUTER_BOUND('',#4872,.T.);
#4874=FACETED_PRIMITIVE_FACE('',(#4873));
#4875=POLY_LOOP('',(#4871,#4778,#4824));
#4876=FACE_OUTER_BOUND('',#4875,.T.);
#4877=FACETED_PRIMITIVE_FACE('',(#4876));
#4879=POLY_LOOP('',(#4878,#4782,#4831));
#4880=FACE_OUTER_BOUND('',#4879,.T.);
#4881=FACETED_PRIMITIVE_FACE('',(#4880));
#4882=POLY_LOOP('',(#4878,#4734,#4782));
#4883=FACE_OUTER_BOUND('',#4882,.T.);
#4884=FACETED_PRIMITIVE_FACE('',(#4883));
#4885=POLY_LOOP('',(#4878,#4824,#4734));
#4886=FACE_OUTER_BOUND('',#4885,.T.);
#4887=FACETED_PRIMITIVE_FACE('',(#4886));
#4889=POLY_LOOP('',(#4888,#4831,#4738));
#4890=FACE_OUTER_BOUND('',#4889,.T.);
#4891=FACETED_PRIMITIVE_FACE('',(#4890));
#4892=POLY_LOOP('',(#4888,#4738,#4789));
#4893=FACE_OUTER_BOUND('',#4892,.T.);
#4894=FACETED_PRIMITIVE_FACE('',(#4893));
#4896=POLY_LOOP('',(#4895,#4864,#4771));
#4897=FACE_OUTER_BOUND('',#4896,.T.);
#4898=FACETED_PRIMITIVE_FACE('',(#4897));
#4899=POLY_LOOP('',(#4895,#4771,#4796));
#4900=FACE_OUTER_BOUND('',#4899,.T.);
#4901=FACETED_PRIMITIVE_FACE('',(#4900));
#4903=POLY_LOOP('',(#4902,#4854,#4761));
#4904=FACE_OUTER_BOUND('',#4903,.T.);
#4905=FACETED_PRIMITIVE_FACE('',(#4904));
#4908=POLY_LOOP('',(#4902,#4906,#4907));
#4909=FACE_OUTER_BOUND('',#4908,.T.);
#4910=FACETED_PRIMITIVE_FACE('',(#4909));
#4911=POLY_LOOP('',(#4902,#4761,#4800));
#4912=FACE_OUTER_BOUND('',#4911,.T.);
#4913=FACETED_PRIMITIVE_FACE('',(#4912));
#4915=POLY_LOOP('',(#4914,#4895,#4796));
#4916=FACE_OUTER_BOUND('',#4915,.T.);
#4917=FACETED_PRIMITIVE_FACE('',(#4916));
#4918=POLY_LOOP('',(#4914,#4796,#4807));
#4919=FACE_OUTER_BOUND('',#4918,.T.);
#4920=FACETED_PRIMITIVE_FACE('',(#4919));
#4922=POLY_LOOP('',(#4921,#4817,#4864));
#4923=FACE_OUTER_BOUND('',#4922,.T.);
#4924=FACETED_PRIMITIVE_FACE('',(#4923));
#4925=POLY_LOOP('',(#4921,#4902,#4800));
#4926=FACE_OUTER_BOUND('',#4925,.T.);
#4927=FACETED_PRIMITIVE_FACE('',(#4926));
#4928=POLY_LOOP('',(#4921,#4906,#4902));
#4929=FACE_OUTER_BOUND('',#4928,.T.);
#4930=FACETED_PRIMITIVE_FACE('',(#4929));
#4931=POLY_LOOP('',(#4921,#4800,#4817));
#4932=FACE_OUTER_BOUND('',#4931,.T.);
#4933=FACETED_PRIMITIVE_FACE('',(#4932));
#4935=POLY_LOOP('',(#4934,#4824,#4878));
#4936=FACE_OUTER_BOUND('',#4935,.T.);
#4937=FACETED_PRIMITIVE_FACE('',(#4936));
#4938=POLY_LOOP('',(#4934,#4871,#4824));
#4939=FACE_OUTER_BOUND('',#4938,.T.);
#4940=FACETED_PRIMITIVE_FACE('',(#4939));
#4942=POLY_LOOP('',(#4941,#4878,#4831));
#4943=FACE_OUTER_BOUND('',#4942,.T.);
#4944=FACETED_PRIMITIVE_FACE('',(#4943));
#4946=POLY_LOOP('',(#4945,#4888,#4789));
#4947=FACE_OUTER_BOUND('',#4946,.T.);
#4948=FACETED_PRIMITIVE_FACE('',(#4947));
#4949=POLY_LOOP('',(#4945,#4838,#2744));
#4950=FACE_OUTER_BOUND('',#4949,.T.);
#4951=FACETED_PRIMITIVE_FACE('',(#4950));
#4952=POLY_LOOP('',(#4945,#2744,#2748));
#4953=FACE_OUTER_BOUND('',#4952,.T.);
#4954=FACETED_PRIMITIVE_FACE('',(#4953));
#4955=POLY_LOOP('',(#4945,#2748,#2758));
#4956=FACE_OUTER_BOUND('',#4955,.T.);
#4957=FACETED_PRIMITIVE_FACE('',(#4956));
#4958=POLY_LOOP('',(#4945,#4789,#4838));
#4959=FACE_OUTER_BOUND('',#4958,.T.);
#4960=FACETED_PRIMITIVE_FACE('',(#4959));
#4962=POLY_LOOP('',(#4961,#4906,#4921));
#4963=FACE_OUTER_BOUND('',#4962,.T.);
#4964=FACETED_PRIMITIVE_FACE('',(#4963));
#4966=POLY_LOOP('',(#4961,#4965,#4906));
#4967=FACE_OUTER_BOUND('',#4966,.T.);
#4968=FACETED_PRIMITIVE_FACE('',(#4967));
#4970=POLY_LOOP('',(#4961,#4969,#4965));
#4971=FACE_OUTER_BOUND('',#4970,.T.);
#4972=FACETED_PRIMITIVE_FACE('',(#4971));
#4973=POLY_LOOP('',(#4961,#4921,#4864));
#4974=FACE_OUTER_BOUND('',#4973,.T.);
#4975=FACETED_PRIMITIVE_FACE('',(#4974));
#4977=POLY_LOOP('',(#4976,#4807,#4871));
#4978=FACE_OUTER_BOUND('',#4977,.T.);
#4979=FACETED_PRIMITIVE_FACE('',(#4978));
#4980=POLY_LOOP('',(#4976,#4914,#4807));
#4981=FACE_OUTER_BOUND('',#4980,.T.);
#4982=FACETED_PRIMITIVE_FACE('',(#4981));
#4984=POLY_LOOP('',(#4983,#4934,#4878));
#4985=FACE_OUTER_BOUND('',#4984,.T.);
#4986=FACETED_PRIMITIVE_FACE('',(#4985));
#4988=POLY_LOOP('',(#4987,#4941,#4831));
#4989=FACE_OUTER_BOUND('',#4988,.T.);
#4990=FACETED_PRIMITIVE_FACE('',(#4989));
#4991=POLY_LOOP('',(#4987,#4831,#4888));
#4992=FACE_OUTER_BOUND('',#4991,.T.);
#4993=FACETED_PRIMITIVE_FACE('',(#4992));
#4995=POLY_LOOP('',(#4994,#4864,#4895));
#4996=FACE_OUTER_BOUND('',#4995,.T.);
#4997=FACETED_PRIMITIVE_FACE('',(#4996));
#4998=POLY_LOOP('',(#4994,#4969,#4961));
#4999=FACE_OUTER_BOUND('',#4998,.T.);
#5000=FACETED_PRIMITIVE_FACE('',(#4999));
#5001=POLY_LOOP('',(#4994,#4961,#4864));
#5002=FACE_OUTER_BOUND('',#5001,.T.);
#5003=FACETED_PRIMITIVE_FACE('',(#5002));
#5006=POLY_LOOP('',(#5004,#5005,#4969));
#5007=FACE_OUTER_BOUND('',#5006,.T.);
#5008=FACETED_PRIMITIVE_FACE('',(#5007));
#5010=POLY_LOOP('',(#5004,#5009,#5005));
#5011=FACE_OUTER_BOUND('',#5010,.T.);
#5012=FACETED_PRIMITIVE_FACE('',(#5011));
#5013=POLY_LOOP('',(#5004,#4969,#4994));
#5014=FACE_OUTER_BOUND('',#5013,.T.);
#5015=FACETED_PRIMITIVE_FACE('',(#5014));
#5016=POLY_LOOP('',(#5004,#4994,#4895));
#5017=FACE_OUTER_BOUND('',#5016,.T.);
#5018=FACETED_PRIMITIVE_FACE('',(#5017));
#5019=POLY_LOOP('',(#5004,#4895,#4914));
#5020=FACE_OUTER_BOUND('',#5019,.T.);
#5021=FACETED_PRIMITIVE_FACE('',(#5020));
#5023=POLY_LOOP('',(#5022,#4871,#4934));
#5024=FACE_OUTER_BOUND('',#5023,.T.);
#5025=FACETED_PRIMITIVE_FACE('',(#5024));
#5026=POLY_LOOP('',(#5022,#4976,#4871));
#5027=FACE_OUTER_BOUND('',#5026,.T.);
#5028=FACETED_PRIMITIVE_FACE('',(#5027));
#5030=POLY_LOOP('',(#5029,#4878,#4941));
#5031=FACE_OUTER_BOUND('',#5030,.T.);
#5032=FACETED_PRIMITIVE_FACE('',(#5031));
#5033=POLY_LOOP('',(#5029,#4983,#4878));
#5034=FACE_OUTER_BOUND('',#5033,.T.);
#5035=FACETED_PRIMITIVE_FACE('',(#5034));
#5037=POLY_LOOP('',(#5036,#4888,#4945));
#5038=FACE_OUTER_BOUND('',#5037,.T.);
#5039=FACETED_PRIMITIVE_FACE('',(#5038));
#5040=POLY_LOOP('',(#5036,#4987,#4888));
#5041=FACE_OUTER_BOUND('',#5040,.T.);
#5042=FACETED_PRIMITIVE_FACE('',(#5041));
#5043=POLY_LOOP('',(#5036,#4945,#2758));
#5044=FACE_OUTER_BOUND('',#5043,.T.);
#5045=FACETED_PRIMITIVE_FACE('',(#5044));
#5046=POLY_LOOP('',(#5036,#2758,#2769));
#5047=FACE_OUTER_BOUND('',#5046,.T.);
#5048=FACETED_PRIMITIVE_FACE('',(#5047));
#5049=POLY_LOOP('',(#5036,#2769,#2786));
#5050=FACE_OUTER_BOUND('',#5049,.T.);
#5051=FACETED_PRIMITIVE_FACE('',(#5050));
#5053=POLY_LOOP('',(#5052,#4914,#4976));
#5054=FACE_OUTER_BOUND('',#5053,.T.);
#5055=FACETED_PRIMITIVE_FACE('',(#5054));
#5057=POLY_LOOP('',(#5052,#5056,#5009));
#5058=FACE_OUTER_BOUND('',#5057,.T.);
#5059=FACETED_PRIMITIVE_FACE('',(#5058));
#5061=POLY_LOOP('',(#5052,#5060,#5056));
#5062=FACE_OUTER_BOUND('',#5061,.T.);
#5063=FACETED_PRIMITIVE_FACE('',(#5062));
#5064=POLY_LOOP('',(#5052,#5009,#5004));
#5065=FACE_OUTER_BOUND('',#5064,.T.);
#5066=FACETED_PRIMITIVE_FACE('',(#5065));
#5067=POLY_LOOP('',(#5052,#5004,#4914));
#5068=FACE_OUTER_BOUND('',#5067,.T.);
#5069=FACETED_PRIMITIVE_FACE('',(#5068));
#5070=POLY_LOOP('',(#5052,#4976,#5022));
#5071=FACE_OUTER_BOUND('',#5070,.T.);
#5072=FACETED_PRIMITIVE_FACE('',(#5071));
#5074=POLY_LOOP('',(#5073,#4934,#4983));
#5075=FACE_OUTER_BOUND('',#5074,.T.);
#5076=FACETED_PRIMITIVE_FACE('',(#5075));
#5077=POLY_LOOP('',(#5073,#5022,#4934));
#5078=FACE_OUTER_BOUND('',#5077,.T.);
#5079=FACETED_PRIMITIVE_FACE('',(#5078));
#5081=POLY_LOOP('',(#5080,#5029,#4941));
#5082=FACE_OUTER_BOUND('',#5081,.T.);
#5083=FACETED_PRIMITIVE_FACE('',(#5082));
#5084=POLY_LOOP('',(#5080,#4987,#5036));
#5085=FACE_OUTER_BOUND('',#5084,.T.);
#5086=FACETED_PRIMITIVE_FACE('',(#5085));
#5087=POLY_LOOP('',(#5080,#4941,#4987));
#5088=FACE_OUTER_BOUND('',#5087,.T.);
#5089=FACETED_PRIMITIVE_FACE('',(#5088));
#5092=POLY_LOOP('',(#5090,#5091,#5060));
#5093=FACE_OUTER_BOUND('',#5092,.T.);
#5094=FACETED_PRIMITIVE_FACE('',(#5093));
#5096=POLY_LOOP('',(#5090,#5095,#5091));
#5097=FACE_OUTER_BOUND('',#5096,.T.);
#5098=FACETED_PRIMITIVE_FACE('',(#5097));
#5099=POLY_LOOP('',(#5090,#5060,#5052));
#5100=FACE_OUTER_BOUND('',#5099,.T.);
#5101=FACETED_PRIMITIVE_FACE('',(#5100));
#5102=POLY_LOOP('',(#5090,#5052,#5022));
#5103=FACE_OUTER_BOUND('',#5102,.T.);
#5104=FACETED_PRIMITIVE_FACE('',(#5103));
#5106=POLY_LOOP('',(#5105,#4983,#5029));
#5107=FACE_OUTER_BOUND('',#5106,.T.);
#5108=FACETED_PRIMITIVE_FACE('',(#5107));
#5109=POLY_LOOP('',(#5105,#5073,#4983));
#5110=FACE_OUTER_BOUND('',#5109,.T.);
#5111=FACETED_PRIMITIVE_FACE('',(#5110));
#5113=POLY_LOOP('',(#5112,#5080,#5036));
#5114=FACE_OUTER_BOUND('',#5113,.T.);
#5115=FACETED_PRIMITIVE_FACE('',(#5114));
#5116=POLY_LOOP('',(#5112,#2786,#2797));
#5117=FACE_OUTER_BOUND('',#5116,.T.);
#5118=FACETED_PRIMITIVE_FACE('',(#5117));
#5119=POLY_LOOP('',(#5112,#2797,#2814));
#5120=FACE_OUTER_BOUND('',#5119,.T.);
#5121=FACETED_PRIMITIVE_FACE('',(#5120));
#5122=POLY_LOOP('',(#5112,#5036,#2786));
#5123=FACE_OUTER_BOUND('',#5122,.T.);
#5124=FACETED_PRIMITIVE_FACE('',(#5123));
#5127=POLY_LOOP('',(#5125,#5126,#5095));
#5128=FACE_OUTER_BOUND('',#5127,.T.);
#5129=FACETED_PRIMITIVE_FACE('',(#5128));
#5131=POLY_LOOP('',(#5125,#5130,#5126));
#5132=FACE_OUTER_BOUND('',#5131,.T.);
#5133=FACETED_PRIMITIVE_FACE('',(#5132));
#5134=POLY_LOOP('',(#5125,#5022,#5073));
#5135=FACE_OUTER_BOUND('',#5134,.T.);
#5136=FACETED_PRIMITIVE_FACE('',(#5135));
#5137=POLY_LOOP('',(#5125,#5095,#5090));
#5138=FACE_OUTER_BOUND('',#5137,.T.);
#5139=FACETED_PRIMITIVE_FACE('',(#5138));
#5140=POLY_LOOP('',(#5125,#5090,#5022));
#5141=FACE_OUTER_BOUND('',#5140,.T.);
#5142=FACETED_PRIMITIVE_FACE('',(#5141));
#5143=POLY_LOOP('',(#5125,#5073,#5105));
#5144=FACE_OUTER_BOUND('',#5143,.T.);
#5145=FACETED_PRIMITIVE_FACE('',(#5144));
#5147=POLY_LOOP('',(#5146,#5029,#5080));
#5148=FACE_OUTER_BOUND('',#5147,.T.);
#5149=FACETED_PRIMITIVE_FACE('',(#5148));
#5150=POLY_LOOP('',(#5146,#5105,#5029));
#5151=FACE_OUTER_BOUND('',#5150,.T.);
#5152=FACETED_PRIMITIVE_FACE('',(#5151));
#5155=POLY_LOOP('',(#5153,#5154,#5130));
#5156=FACE_OUTER_BOUND('',#5155,.T.);
#5157=FACETED_PRIMITIVE_FACE('',(#5156));
#5159=POLY_LOOP('',(#5153,#5158,#5154));
#5160=FACE_OUTER_BOUND('',#5159,.T.);
#5161=FACETED_PRIMITIVE_FACE('',(#5160));
#5162=POLY_LOOP('',(#5153,#5130,#5125));
#5163=FACE_OUTER_BOUND('',#5162,.T.);
#5164=FACETED_PRIMITIVE_FACE('',(#5163));
#5165=POLY_LOOP('',(#5153,#5125,#5105));
#5166=FACE_OUTER_BOUND('',#5165,.T.);
#5167=FACETED_PRIMITIVE_FACE('',(#5166));
#5169=POLY_LOOP('',(#5168,#2814,#2821));
#5170=FACE_OUTER_BOUND('',#5169,.T.);
#5171=FACETED_PRIMITIVE_FACE('',(#5170));
#5172=POLY_LOOP('',(#5168,#2821,#2807));
#5173=FACE_OUTER_BOUND('',#5172,.T.);
#5174=FACETED_PRIMITIVE_FACE('',(#5173));
#5175=POLY_LOOP('',(#5168,#5080,#5112));
#5176=FACE_OUTER_BOUND('',#5175,.T.);
#5177=FACETED_PRIMITIVE_FACE('',(#5176));
#5178=POLY_LOOP('',(#5168,#5146,#5080));
#5179=FACE_OUTER_BOUND('',#5178,.T.);
#5180=FACETED_PRIMITIVE_FACE('',(#5179));
#5181=POLY_LOOP('',(#5168,#5112,#2814));
#5182=FACE_OUTER_BOUND('',#5181,.T.);
#5183=FACETED_PRIMITIVE_FACE('',(#5182));
#5185=POLY_LOOP('',(#5184,#5153,#5105));
#5186=FACE_OUTER_BOUND('',#5185,.T.);
#5187=FACETED_PRIMITIVE_FACE('',(#5186));
#5189=POLY_LOOP('',(#5184,#5188,#5158));
#5190=FACE_OUTER_BOUND('',#5189,.T.);
#5191=FACETED_PRIMITIVE_FACE('',(#5190));
#5193=POLY_LOOP('',(#5184,#5192,#5188));
#5194=FACE_OUTER_BOUND('',#5193,.T.);
#5195=FACETED_PRIMITIVE_FACE('',(#5194));
#5196=POLY_LOOP('',(#5184,#5158,#5153));
#5197=FACE_OUTER_BOUND('',#5196,.T.);
#5198=FACETED_PRIMITIVE_FACE('',(#5197));
#5199=POLY_LOOP('',(#5184,#5105,#5146));
#5200=FACE_OUTER_BOUND('',#5199,.T.);
#5201=FACETED_PRIMITIVE_FACE('',(#5200));
#5203=POLY_LOOP('',(#5202,#5168,#2807));
#5204=FACE_OUTER_BOUND('',#5203,.T.);
#5205=FACETED_PRIMITIVE_FACE('',(#5204));
#5206=POLY_LOOP('',(#5202,#5184,#5146));
#5207=FACE_OUTER_BOUND('',#5206,.T.);
#5208=FACETED_PRIMITIVE_FACE('',(#5207));
#5209=POLY_LOOP('',(#5202,#4205,#5192));
#5210=FACE_OUTER_BOUND('',#5209,.T.);
#5211=FACETED_PRIMITIVE_FACE('',(#5210));
#5212=POLY_LOOP('',(#5202,#5192,#5184));
#5213=FACE_OUTER_BOUND('',#5212,.T.);
#5214=FACETED_PRIMITIVE_FACE('',(#5213));
#5215=POLY_LOOP('',(#5202,#2807,#2790));
#5216=FACE_OUTER_BOUND('',#5215,.T.);
#5217=FACETED_PRIMITIVE_FACE('',(#5216));
#5218=POLY_LOOP('',(#5202,#2790,#2779));
#5219=FACE_OUTER_BOUND('',#5218,.T.);
#5220=FACETED_PRIMITIVE_FACE('',(#5219));
#5221=POLY_LOOP('',(#5202,#2779,#4205));
#5222=FACE_OUTER_BOUND('',#5221,.T.);
#5223=FACETED_PRIMITIVE_FACE('',(#5222));
#5224=POLY_LOOP('',(#5202,#5146,#5168));
#5225=FACE_OUTER_BOUND('',#5224,.T.);
#5226=FACETED_PRIMITIVE_FACE('',(#5225));
#5228=POLY_LOOP('',(#5227,#4854,#4902));
#5229=FACE_OUTER_BOUND('',#5228,.T.);
#5230=FACETED_PRIMITIVE_FACE('',(#5229));
#5231=POLY_LOOP('',(#5227,#2865,#3855));
#5232=FACE_OUTER_BOUND('',#5231,.T.);
#5233=FACETED_PRIMITIVE_FACE('',(#5232));
#5235=POLY_LOOP('',(#5227,#4907,#5234));
#5236=FACE_OUTER_BOUND('',#5235,.T.);
#5237=FACETED_PRIMITIVE_FACE('',(#5236));
#5238=POLY_LOOP('',(#5227,#4902,#4907));
#5239=FACE_OUTER_BOUND('',#5238,.T.);
#5240=FACETED_PRIMITIVE_FACE('',(#5239));
#5241=POLY_LOOP('',(#5227,#3855,#4854));
#5242=FACE_OUTER_BOUND('',#5241,.T.);
#5243=FACETED_PRIMITIVE_FACE('',(#5242));
#5245=POLY_LOOP('',(#5244,#5227,#5234));
#5246=FACE_OUTER_BOUND('',#5245,.T.);
#5247=FACETED_PRIMITIVE_FACE('',(#5246));
#5248=POLY_LOOP('',(#5244,#4201,#2865));
#5249=FACE_OUTER_BOUND('',#5248,.T.);
#5250=FACETED_PRIMITIVE_FACE('',(#5249));
#5252=POLY_LOOP('',(#5244,#5251,#4201));
#5253=FACE_OUTER_BOUND('',#5252,.T.);
#5254=FACETED_PRIMITIVE_FACE('',(#5253));
#5256=POLY_LOOP('',(#5244,#5255,#5251));
#5257=FACE_OUTER_BOUND('',#5256,.T.);
#5258=FACETED_PRIMITIVE_FACE('',(#5257));
#5260=POLY_LOOP('',(#5244,#5259,#5255));
#5261=FACE_OUTER_BOUND('',#5260,.T.);
#5262=FACETED_PRIMITIVE_FACE('',(#5261));
#5264=POLY_LOOP('',(#5244,#5263,#5259));
#5265=FACE_OUTER_BOUND('',#5264,.T.);
#5266=FACETED_PRIMITIVE_FACE('',(#5265));
#5267=POLY_LOOP('',(#5244,#5234,#5263));
#5268=FACE_OUTER_BOUND('',#5267,.T.);
#5269=FACETED_PRIMITIVE_FACE('',(#5268));
#5270=POLY_LOOP('',(#5244,#2865,#5227));
#5271=FACE_OUTER_BOUND('',#5270,.T.);
#5272=FACETED_PRIMITIVE_FACE('',(#5271));
#5275=POLY_LOOP('',(#4907,#5273,#5274));
#5276=FACE_OUTER_BOUND('',#5275,.T.);
#5277=FACETED_PRIMITIVE_FACE('',(#5276));
#5279=POLY_LOOP('',(#4906,#5278,#5273));
#5280=FACE_OUTER_BOUND('',#5279,.T.);
#5281=FACETED_PRIMITIVE_FACE('',(#5280));
#5282=POLY_LOOP('',(#4906,#5273,#4907));
#5283=FACE_OUTER_BOUND('',#5282,.T.);
#5284=FACETED_PRIMITIVE_FACE('',(#5283));
#5286=POLY_LOOP('',(#5234,#5274,#5285));
#5287=FACE_OUTER_BOUND('',#5286,.T.);
#5288=FACETED_PRIMITIVE_FACE('',(#5287));
#5289=POLY_LOOP('',(#5234,#4907,#5274));
#5290=FACE_OUTER_BOUND('',#5289,.T.);
#5291=FACETED_PRIMITIVE_FACE('',(#5290));
#5293=POLY_LOOP('',(#4965,#5292,#5278));
#5294=FACE_OUTER_BOUND('',#5293,.T.);
#5295=FACETED_PRIMITIVE_FACE('',(#5294));
#5296=POLY_LOOP('',(#4965,#5278,#4906));
#5297=FACE_OUTER_BOUND('',#5296,.T.);
#5298=FACETED_PRIMITIVE_FACE('',(#5297));
#5300=POLY_LOOP('',(#5263,#5285,#5299));
#5301=FACE_OUTER_BOUND('',#5300,.T.);
#5302=FACETED_PRIMITIVE_FACE('',(#5301));
#5303=POLY_LOOP('',(#5263,#5234,#5285));
#5304=FACE_OUTER_BOUND('',#5303,.T.);
#5305=FACETED_PRIMITIVE_FACE('',(#5304));
#5307=POLY_LOOP('',(#5259,#5299,#5306));
#5308=FACE_OUTER_BOUND('',#5307,.T.);
#5309=FACETED_PRIMITIVE_FACE('',(#5308));
#5310=POLY_LOOP('',(#5259,#5263,#5299));
#5311=FACE_OUTER_BOUND('',#5310,.T.);
#5312=FACETED_PRIMITIVE_FACE('',(#5311));
#5315=POLY_LOOP('',(#4969,#5313,#5314));
#5316=FACE_OUTER_BOUND('',#5315,.T.);
#5317=FACETED_PRIMITIVE_FACE('',(#5316));
#5318=POLY_LOOP('',(#4969,#5314,#5292));
#5319=FACE_OUTER_BOUND('',#5318,.T.);
#5320=FACETED_PRIMITIVE_FACE('',(#5319));
#5321=POLY_LOOP('',(#4969,#5292,#4965));
#5322=FACE_OUTER_BOUND('',#5321,.T.);
#5323=FACETED_PRIMITIVE_FACE('',(#5322));
#5324=POLY_LOOP('',(#5255,#5259,#5306));
#5325=FACE_OUTER_BOUND('',#5324,.T.);
#5326=FACETED_PRIMITIVE_FACE('',(#5325));
#5328=POLY_LOOP('',(#5251,#5306,#5327));
#5329=FACE_OUTER_BOUND('',#5328,.T.);
#5330=FACETED_PRIMITIVE_FACE('',(#5329));
#5331=POLY_LOOP('',(#5251,#5255,#5306));
#5332=FACE_OUTER_BOUND('',#5331,.T.);
#5333=FACETED_PRIMITIVE_FACE('',(#5332));
#5335=POLY_LOOP('',(#5005,#5334,#5313));
#5336=FACE_OUTER_BOUND('',#5335,.T.);
#5337=FACETED_PRIMITIVE_FACE('',(#5336));
#5338=POLY_LOOP('',(#5005,#5313,#4969));
#5339=FACE_OUTER_BOUND('',#5338,.T.);
#5340=FACETED_PRIMITIVE_FACE('',(#5339));
#5341=POLY_LOOP('',(#4201,#5251,#5327));
#5342=FACE_OUTER_BOUND('',#5341,.T.);
#5343=FACETED_PRIMITIVE_FACE('',(#5342));
#5345=POLY_LOOP('',(#4201,#5327,#5344));
#5346=FACE_OUTER_BOUND('',#5345,.T.);
#5347=FACETED_PRIMITIVE_FACE('',(#5346));
#5349=POLY_LOOP('',(#1901,#5344,#5348));
#5350=FACE_OUTER_BOUND('',#5349,.T.);
#5351=FACETED_PRIMITIVE_FACE('',(#5350));
#5352=POLY_LOOP('',(#1901,#4201,#5344));
#5353=FACE_OUTER_BOUND('',#5352,.T.);
#5354=FACETED_PRIMITIVE_FACE('',(#5353));
#5355=POLY_LOOP('',(#5009,#5334,#5005));
#5356=FACE_OUTER_BOUND('',#5355,.T.);
#5357=FACETED_PRIMITIVE_FACE('',(#5356));
#5359=POLY_LOOP('',(#5009,#5358,#5334));
#5360=FACE_OUTER_BOUND('',#5359,.T.);
#5361=FACETED_PRIMITIVE_FACE('',(#5360));
#5362=POLY_LOOP('',(#5056,#5358,#5009));
#5363=FACE_OUTER_BOUND('',#5362,.T.);
#5364=FACETED_PRIMITIVE_FACE('',(#5363));
#5366=POLY_LOOP('',(#5056,#5365,#5358));
#5367=FACE_OUTER_BOUND('',#5366,.T.);
#5368=FACETED_PRIMITIVE_FACE('',(#5367));
#5369=POLY_LOOP('',(#5060,#5365,#5056));
#5370=FACE_OUTER_BOUND('',#5369,.T.);
#5371=FACETED_PRIMITIVE_FACE('',(#5370));
#5373=POLY_LOOP('',(#5060,#5372,#5365));
#5374=FACE_OUTER_BOUND('',#5373,.T.);
#5375=FACETED_PRIMITIVE_FACE('',(#5374));
#5377=POLY_LOOP('',(#5091,#5376,#5372));
#5378=FACE_OUTER_BOUND('',#5377,.T.);
#5379=FACETED_PRIMITIVE_FACE('',(#5378));
#5380=POLY_LOOP('',(#5091,#5372,#5060));
#5381=FACE_OUTER_BOUND('',#5380,.T.);
#5382=FACETED_PRIMITIVE_FACE('',(#5381));
#5383=POLY_LOOP('',(#5095,#5376,#5091));
#5384=FACE_OUTER_BOUND('',#5383,.T.);
#5385=FACETED_PRIMITIVE_FACE('',(#5384));
#5387=POLY_LOOP('',(#5386,#5376,#5095));
#5388=FACE_OUTER_BOUND('',#5387,.T.);
#5389=FACETED_PRIMITIVE_FACE('',(#5388));
#5390=POLY_LOOP('',(#5126,#5386,#5095));
#5391=FACE_OUTER_BOUND('',#5390,.T.);
#5392=FACETED_PRIMITIVE_FACE('',(#5391));
#5394=POLY_LOOP('',(#5393,#5386,#5126));
#5395=FACE_OUTER_BOUND('',#5394,.T.);
#5396=FACETED_PRIMITIVE_FACE('',(#5395));
#5398=POLY_LOOP('',(#1950,#5348,#5397));
#5399=FACE_OUTER_BOUND('',#5398,.T.);
#5400=FACETED_PRIMITIVE_FACE('',(#5399));
#5401=POLY_LOOP('',(#1950,#1901,#5348));
#5402=FACE_OUTER_BOUND('',#5401,.T.);
#5403=FACETED_PRIMITIVE_FACE('',(#5402));
#5404=POLY_LOOP('',(#5130,#5393,#5126));
#5405=FACE_OUTER_BOUND('',#5404,.T.);
#5406=FACETED_PRIMITIVE_FACE('',(#5405));
#5408=POLY_LOOP('',(#5407,#5393,#5130));
#5409=FACE_OUTER_BOUND('',#5408,.T.);
#5410=FACETED_PRIMITIVE_FACE('',(#5409));
#5411=POLY_LOOP('',(#5154,#5407,#5130));
#5412=FACE_OUTER_BOUND('',#5411,.T.);
#5413=FACETED_PRIMITIVE_FACE('',(#5412));
#5415=POLY_LOOP('',(#5414,#5407,#5154));
#5416=FACE_OUTER_BOUND('',#5415,.T.);
#5417=FACETED_PRIMITIVE_FACE('',(#5416));
#5418=POLY_LOOP('',(#5158,#5414,#5154));
#5419=FACE_OUTER_BOUND('',#5418,.T.);
#5420=FACETED_PRIMITIVE_FACE('',(#5419));
#5422=POLY_LOOP('',(#5421,#5414,#5158));
#5423=FACE_OUTER_BOUND('',#5422,.T.);
#5424=FACETED_PRIMITIVE_FACE('',(#5423));
#5425=POLY_LOOP('',(#5188,#5421,#5158));
#5426=FACE_OUTER_BOUND('',#5425,.T.);
#5427=FACETED_PRIMITIVE_FACE('',(#5426));
#5429=POLY_LOOP('',(#5428,#5421,#5188));
#5430=FACE_OUTER_BOUND('',#5429,.T.);
#5431=FACETED_PRIMITIVE_FACE('',(#5430));
#5432=POLY_LOOP('',(#5192,#5428,#5188));
#5433=FACE_OUTER_BOUND('',#5432,.T.);
#5434=FACETED_PRIMITIVE_FACE('',(#5433));
#5436=POLY_LOOP('',(#5435,#5428,#5192));
#5437=FACE_OUTER_BOUND('',#5436,.T.);
#5438=FACETED_PRIMITIVE_FACE('',(#5437));
#5439=POLY_LOOP('',(#4205,#5435,#5192));
#5440=FACE_OUTER_BOUND('',#5439,.T.);
#5441=FACETED_PRIMITIVE_FACE('',(#5440));
#5443=POLY_LOOP('',(#5442,#5435,#4205));
#5444=FACE_OUTER_BOUND('',#5443,.T.);
#5445=FACETED_PRIMITIVE_FACE('',(#5444));
#5446=POLY_LOOP('',(#4209,#5442,#4205));
#5447=FACE_OUTER_BOUND('',#5446,.T.);
#5448=FACETED_PRIMITIVE_FACE('',(#5447));
#5450=POLY_LOOP('',(#5449,#5442,#4209));
#5451=FACE_OUTER_BOUND('',#5450,.T.);
#5452=FACETED_PRIMITIVE_FACE('',(#5451));
#5454=POLY_LOOP('',(#5453,#4209,#4213));
#5455=FACE_OUTER_BOUND('',#5454,.T.);
#5456=FACETED_PRIMITIVE_FACE('',(#5455));
#5457=POLY_LOOP('',(#5453,#5449,#4209));
#5458=FACE_OUTER_BOUND('',#5457,.T.);
#5459=FACETED_PRIMITIVE_FACE('',(#5458));
#5461=POLY_LOOP('',(#5460,#4213,#4217));
#5462=FACE_OUTER_BOUND('',#5461,.T.);
#5463=FACETED_PRIMITIVE_FACE('',(#5462));
#5464=POLY_LOOP('',(#5460,#5453,#4213));
#5465=FACE_OUTER_BOUND('',#5464,.T.);
#5466=FACETED_PRIMITIVE_FACE('',(#5465));
#5468=POLY_LOOP('',(#5467,#4217,#4221));
#5469=FACE_OUTER_BOUND('',#5468,.T.);
#5470=FACETED_PRIMITIVE_FACE('',(#5469));
#5471=POLY_LOOP('',(#5467,#5460,#4217));
#5472=FACE_OUTER_BOUND('',#5471,.T.);
#5473=FACETED_PRIMITIVE_FACE('',(#5472));
#5475=POLY_LOOP('',(#5474,#4221,#2020));
#5476=FACE_OUTER_BOUND('',#5475,.T.);
#5477=FACETED_PRIMITIVE_FACE('',(#5476));
#5478=POLY_LOOP('',(#5474,#5467,#4221));
#5479=FACE_OUTER_BOUND('',#5478,.T.);
#5480=FACETED_PRIMITIVE_FACE('',(#5479));
#5482=POLY_LOOP('',(#5481,#2020,#2027));
#5483=FACE_OUTER_BOUND('',#5482,.T.);
#5484=FACETED_PRIMITIVE_FACE('',(#5483));
#5485=POLY_LOOP('',(#5481,#5474,#2020));
#5486=FACE_OUTER_BOUND('',#5485,.T.);
#5487=FACETED_PRIMITIVE_FACE('',(#5486));
#5490=POLY_LOOP('',(#5488,#5489,#2036));
#5491=FACE_OUTER_BOUND('',#5490,.T.);
#5492=FACETED_PRIMITIVE_FACE('',(#5491));
#5493=POLY_LOOP('',(#5488,#2036,#2035));
#5494=FACE_OUTER_BOUND('',#5493,.T.);
#5495=FACETED_PRIMITIVE_FACE('',(#5494));
#5497=POLY_LOOP('',(#5496,#2035,#2043));
#5498=FACE_OUTER_BOUND('',#5497,.T.);
#5499=FACETED_PRIMITIVE_FACE('',(#5498));
#5500=POLY_LOOP('',(#5496,#5488,#2035));
#5501=FACE_OUTER_BOUND('',#5500,.T.);
#5502=FACETED_PRIMITIVE_FACE('',(#5501));
#5504=POLY_LOOP('',(#5503,#2043,#2050));
#5505=FACE_OUTER_BOUND('',#5504,.T.);
#5506=FACETED_PRIMITIVE_FACE('',(#5505));
#5507=POLY_LOOP('',(#5503,#5496,#2043));
#5508=FACE_OUTER_BOUND('',#5507,.T.);
#5509=FACETED_PRIMITIVE_FACE('',(#5508));
#5511=POLY_LOOP('',(#5510,#2050,#2060));
#5512=FACE_OUTER_BOUND('',#5511,.T.);
#5513=FACETED_PRIMITIVE_FACE('',(#5512));
#5514=POLY_LOOP('',(#5510,#5503,#2050));
#5515=FACE_OUTER_BOUND('',#5514,.T.);
#5516=FACETED_PRIMITIVE_FACE('',(#5515));
#5518=POLY_LOOP('',(#5517,#2064,#2074));
#5519=FACE_OUTER_BOUND('',#5518,.T.);
#5520=FACETED_PRIMITIVE_FACE('',(#5519));
#5521=POLY_LOOP('',(#5517,#2060,#2064));
#5522=FACE_OUTER_BOUND('',#5521,.T.);
#5523=FACETED_PRIMITIVE_FACE('',(#5522));
#5524=POLY_LOOP('',(#5517,#5510,#2060));
#5525=FACE_OUTER_BOUND('',#5524,.T.);
#5526=FACETED_PRIMITIVE_FACE('',(#5525));
#5528=POLY_LOOP('',(#5527,#5517,#2074));
#5529=FACE_OUTER_BOUND('',#5528,.T.);
#5530=FACETED_PRIMITIVE_FACE('',(#5529));
#5532=POLY_LOOP('',(#5531,#2074,#2081));
#5533=FACE_OUTER_BOUND('',#5532,.T.);
#5534=FACETED_PRIMITIVE_FACE('',(#5533));
#5535=POLY_LOOP('',(#5531,#5527,#2074));
#5536=FACE_OUTER_BOUND('',#5535,.T.);
#5537=FACETED_PRIMITIVE_FACE('',(#5536));
#5539=POLY_LOOP('',(#5538,#2081,#2085));
#5540=FACE_OUTER_BOUND('',#5539,.T.);
#5541=FACETED_PRIMITIVE_FACE('',(#5540));
#5542=POLY_LOOP('',(#5538,#5531,#2081));
#5543=FACE_OUTER_BOUND('',#5542,.T.);
#5544=FACETED_PRIMITIVE_FACE('',(#5543));
#5546=POLY_LOOP('',(#5545,#2085,#2092));
#5547=FACE_OUTER_BOUND('',#5546,.T.);
#5548=FACETED_PRIMITIVE_FACE('',(#5547));
#5549=POLY_LOOP('',(#5545,#5538,#2085));
#5550=FACE_OUTER_BOUND('',#5549,.T.);
#5551=FACETED_PRIMITIVE_FACE('',(#5550));
#5553=POLY_LOOP('',(#5552,#2099,#2106));
#5554=FACE_OUTER_BOUND('',#5553,.T.);
#5555=FACETED_PRIMITIVE_FACE('',(#5554));
#5556=POLY_LOOP('',(#5552,#2092,#2099));
#5557=FACE_OUTER_BOUND('',#5556,.T.);
#5558=FACETED_PRIMITIVE_FACE('',(#5557));
#5559=POLY_LOOP('',(#5552,#5545,#2092));
#5560=FACE_OUTER_BOUND('',#5559,.T.);
#5561=FACETED_PRIMITIVE_FACE('',(#5560));
#5563=POLY_LOOP('',(#5562,#5552,#2106));
#5564=FACE_OUTER_BOUND('',#5563,.T.);
#5565=FACETED_PRIMITIVE_FACE('',(#5564));
#5567=POLY_LOOP('',(#5566,#2113,#2120));
#5568=FACE_OUTER_BOUND('',#5567,.T.);
#5569=FACETED_PRIMITIVE_FACE('',(#5568));
#5570=POLY_LOOP('',(#5566,#2106,#2113));
#5571=FACE_OUTER_BOUND('',#5570,.T.);
#5572=FACETED_PRIMITIVE_FACE('',(#5571));
#5573=POLY_LOOP('',(#5566,#5562,#2106));
#5574=FACE_OUTER_BOUND('',#5573,.T.);
#5575=FACETED_PRIMITIVE_FACE('',(#5574));
#5577=POLY_LOOP('',(#5576,#5566,#2120));
#5578=FACE_OUTER_BOUND('',#5577,.T.);
#5579=FACETED_PRIMITIVE_FACE('',(#5578));
#5581=POLY_LOOP('',(#5580,#5576,#2120));
#5582=FACE_OUTER_BOUND('',#5581,.T.);
#5583=FACETED_PRIMITIVE_FACE('',(#5582));
#5584=POLY_LOOP('',(#5580,#2130,#2134));
#5585=FACE_OUTER_BOUND('',#5584,.T.);
#5586=FACETED_PRIMITIVE_FACE('',(#5585));
#5587=POLY_LOOP('',(#5580,#2120,#2130));
#5588=FACE_OUTER_BOUND('',#5587,.T.);
#5589=FACETED_PRIMITIVE_FACE('',(#5588));
#5591=POLY_LOOP('',(#5590,#5580,#2134));
#5592=FACE_OUTER_BOUND('',#5591,.T.);
#5593=FACETED_PRIMITIVE_FACE('',(#5592));
#5595=POLY_LOOP('',(#5594,#2134,#2141));
#5596=FACE_OUTER_BOUND('',#5595,.T.);
#5597=FACETED_PRIMITIVE_FACE('',(#5596));
#5598=POLY_LOOP('',(#5594,#5590,#2134));
#5599=FACE_OUTER_BOUND('',#5598,.T.);
#5600=FACETED_PRIMITIVE_FACE('',(#5599));
#5602=POLY_LOOP('',(#5601,#2148,#2155));
#5603=FACE_OUTER_BOUND('',#5602,.T.);
#5604=FACETED_PRIMITIVE_FACE('',(#5603));
#5605=POLY_LOOP('',(#5601,#2141,#2148));
#5606=FACE_OUTER_BOUND('',#5605,.T.);
#5607=FACETED_PRIMITIVE_FACE('',(#5606));
#5608=POLY_LOOP('',(#5601,#5594,#2141));
#5609=FACE_OUTER_BOUND('',#5608,.T.);
#5610=FACETED_PRIMITIVE_FACE('',(#5609));
#5612=POLY_LOOP('',(#5611,#5601,#2155));
#5613=FACE_OUTER_BOUND('',#5612,.T.);
#5614=FACETED_PRIMITIVE_FACE('',(#5613));
#5616=POLY_LOOP('',(#5615,#2155,#2162));
#5617=FACE_OUTER_BOUND('',#5616,.T.);
#5618=FACETED_PRIMITIVE_FACE('',(#5617));
#5619=POLY_LOOP('',(#5615,#5611,#2155));
#5620=FACE_OUTER_BOUND('',#5619,.T.);
#5621=FACETED_PRIMITIVE_FACE('',(#5620));
#5623=POLY_LOOP('',(#5622,#2162,#2169));
#5624=FACE_OUTER_BOUND('',#5623,.T.);
#5625=FACETED_PRIMITIVE_FACE('',(#5624));
#5626=POLY_LOOP('',(#5622,#5615,#2162));
#5627=FACE_OUTER_BOUND('',#5626,.T.);
#5628=FACETED_PRIMITIVE_FACE('',(#5627));
#5629=POLY_LOOP('',(#5397,#2169,#1950));
#5630=FACE_OUTER_BOUND('',#5629,.T.);
#5631=FACETED_PRIMITIVE_FACE('',(#5630));
#5632=POLY_LOOP('',(#5397,#5622,#2169));
#5633=FACE_OUTER_BOUND('',#5632,.T.);
#5634=FACETED_PRIMITIVE_FACE('',(#5633));
#5637=POLY_LOOP('',(#2182,#5635,#5636));
#5638=FACE_OUTER_BOUND('',#5637,.T.);
#5639=FACETED_PRIMITIVE_FACE('',(#5638));
#5640=POLY_LOOP('',(#2182,#5489,#5635));
#5641=FACE_OUTER_BOUND('',#5640,.T.);
#5642=FACETED_PRIMITIVE_FACE('',(#5641));
#5643=POLY_LOOP('',(#2182,#2036,#5489));
#5644=FACE_OUTER_BOUND('',#5643,.T.);
#5645=FACETED_PRIMITIVE_FACE('',(#5644));
#5647=POLY_LOOP('',(#4161,#5636,#5646));
#5648=FACE_OUTER_BOUND('',#5647,.T.);
#5649=FACETED_PRIMITIVE_FACE('',(#5648));
#5650=POLY_LOOP('',(#4161,#2182,#5636));
#5651=FACE_OUTER_BOUND('',#5650,.T.);
#5652=FACETED_PRIMITIVE_FACE('',(#5651));
#5654=POLY_LOOP('',(#4165,#5646,#5653));
#5655=FACE_OUTER_BOUND('',#5654,.T.);
#5656=FACETED_PRIMITIVE_FACE('',(#5655));
#5657=POLY_LOOP('',(#4165,#4161,#5646));
#5658=FACE_OUTER_BOUND('',#5657,.T.);
#5659=FACETED_PRIMITIVE_FACE('',(#5658));
#5660=POLY_LOOP('',(#4169,#4165,#5653));
#5661=FACE_OUTER_BOUND('',#5660,.T.);
#5662=FACETED_PRIMITIVE_FACE('',(#5661));
#5664=POLY_LOOP('',(#4173,#5653,#5663));
#5665=FACE_OUTER_BOUND('',#5664,.T.);
#5666=FACETED_PRIMITIVE_FACE('',(#5665));
#5667=POLY_LOOP('',(#4173,#4169,#5653));
#5668=FACE_OUTER_BOUND('',#5667,.T.);
#5669=FACETED_PRIMITIVE_FACE('',(#5668));
#5670=POLY_LOOP('',(#4177,#4173,#5663));
#5671=FACE_OUTER_BOUND('',#5670,.T.);
#5672=FACETED_PRIMITIVE_FACE('',(#5671));
#5674=POLY_LOOP('',(#5673,#4177,#5663));
#5675=FACE_OUTER_BOUND('',#5674,.T.);
#5676=FACETED_PRIMITIVE_FACE('',(#5675));
#5677=POLY_LOOP('',(#4238,#4177,#5673));
#5678=FACE_OUTER_BOUND('',#5677,.T.);
#5679=FACETED_PRIMITIVE_FACE('',(#5678));
#5681=POLY_LOOP('',(#5680,#4238,#5673));
#5682=FACE_OUTER_BOUND('',#5681,.T.);
#5683=FACETED_PRIMITIVE_FACE('',(#5682));
#5684=POLY_LOOP('',(#4246,#4238,#5680));
#5685=FACE_OUTER_BOUND('',#5684,.T.);
#5686=FACETED_PRIMITIVE_FACE('',(#5685));
#5688=POLY_LOOP('',(#5687,#4246,#5680));
#5689=FACE_OUTER_BOUND('',#5688,.T.);
#5690=FACETED_PRIMITIVE_FACE('',(#5689));
#5691=POLY_LOOP('',(#4254,#4246,#5687));
#5692=FACE_OUTER_BOUND('',#5691,.T.);
#5693=FACETED_PRIMITIVE_FACE('',(#5692));
#5695=POLY_LOOP('',(#5694,#4254,#5687));
#5696=FACE_OUTER_BOUND('',#5695,.T.);
#5697=FACETED_PRIMITIVE_FACE('',(#5696));
#5698=POLY_LOOP('',(#4272,#4254,#5694));
#5699=FACE_OUTER_BOUND('',#5698,.T.);
#5700=FACETED_PRIMITIVE_FACE('',(#5699));
#5702=POLY_LOOP('',(#5701,#4272,#5694));
#5703=FACE_OUTER_BOUND('',#5702,.T.);
#5704=FACETED_PRIMITIVE_FACE('',(#5703));
#5705=POLY_LOOP('',(#4280,#4272,#5701));
#5706=FACE_OUTER_BOUND('',#5705,.T.);
#5707=FACETED_PRIMITIVE_FACE('',(#5706));
#5709=POLY_LOOP('',(#5708,#4280,#5701));
#5710=FACE_OUTER_BOUND('',#5709,.T.);
#5711=FACETED_PRIMITIVE_FACE('',(#5710));
#5713=POLY_LOOP('',(#5712,#4298,#4280));
#5714=FACE_OUTER_BOUND('',#5713,.T.);
#5715=FACETED_PRIMITIVE_FACE('',(#5714));
#5716=POLY_LOOP('',(#5712,#4280,#5708));
#5717=FACE_OUTER_BOUND('',#5716,.T.);
#5718=FACETED_PRIMITIVE_FACE('',(#5717));
#5720=POLY_LOOP('',(#5719,#4302,#4298));
#5721=FACE_OUTER_BOUND('',#5720,.T.);
#5722=FACETED_PRIMITIVE_FACE('',(#5721));
#5723=POLY_LOOP('',(#5719,#4298,#5712));
#5724=FACE_OUTER_BOUND('',#5723,.T.);
#5725=FACETED_PRIMITIVE_FACE('',(#5724));
#5727=POLY_LOOP('',(#5726,#4334,#4302));
#5728=FACE_OUTER_BOUND('',#5727,.T.);
#5729=FACETED_PRIMITIVE_FACE('',(#5728));
#5730=POLY_LOOP('',(#5726,#4302,#5719));
#5731=FACE_OUTER_BOUND('',#5730,.T.);
#5732=FACETED_PRIMITIVE_FACE('',(#5731));
#5734=POLY_LOOP('',(#5733,#4338,#4334));
#5735=FACE_OUTER_BOUND('',#5734,.T.);
#5736=FACETED_PRIMITIVE_FACE('',(#5735));
#5737=POLY_LOOP('',(#5733,#4334,#5726));
#5738=FACE_OUTER_BOUND('',#5737,.T.);
#5739=FACETED_PRIMITIVE_FACE('',(#5738));
#5741=POLY_LOOP('',(#2301,#5740,#2309));
#5742=FACE_OUTER_BOUND('',#5741,.T.);
#5743=FACETED_PRIMITIVE_FACE('',(#5742));
#5745=POLY_LOOP('',(#5744,#4374,#4338));
#5746=FACE_OUTER_BOUND('',#5745,.T.);
#5747=FACETED_PRIMITIVE_FACE('',(#5746));
#5748=POLY_LOOP('',(#5744,#4338,#5733));
#5749=FACE_OUTER_BOUND('',#5748,.T.);
#5750=FACETED_PRIMITIVE_FACE('',(#5749));
#5752=POLY_LOOP('',(#5751,#5740,#2301));
#5753=FACE_OUTER_BOUND('',#5752,.T.);
#5754=FACETED_PRIMITIVE_FACE('',(#5753));
#5755=POLY_LOOP('',(#5751,#2301,#4194));
#5756=FACE_OUTER_BOUND('',#5755,.T.);
#5757=FACETED_PRIMITIVE_FACE('',(#5756));
#5759=POLY_LOOP('',(#5758,#4378,#4374));
#5760=FACE_OUTER_BOUND('',#5759,.T.);
#5761=FACETED_PRIMITIVE_FACE('',(#5760));
#5762=POLY_LOOP('',(#5758,#4374,#5744));
#5763=FACE_OUTER_BOUND('',#5762,.T.);
#5764=FACETED_PRIMITIVE_FACE('',(#5763));
#5766=POLY_LOOP('',(#5765,#4194,#4190));
#5767=FACE_OUTER_BOUND('',#5766,.T.);
#5768=FACETED_PRIMITIVE_FACE('',(#5767));
#5769=POLY_LOOP('',(#5765,#5751,#4194));
#5770=FACE_OUTER_BOUND('',#5769,.T.);
#5771=FACETED_PRIMITIVE_FACE('',(#5770));
#5773=POLY_LOOP('',(#5772,#4410,#4378));
#5774=FACE_OUTER_BOUND('',#5773,.T.);
#5775=FACETED_PRIMITIVE_FACE('',(#5774));
#5776=POLY_LOOP('',(#5772,#4378,#5758));
#5777=FACE_OUTER_BOUND('',#5776,.T.);
#5778=FACETED_PRIMITIVE_FACE('',(#5777));
#5780=POLY_LOOP('',(#5779,#5765,#4190));
#5781=FACE_OUTER_BOUND('',#5780,.T.);
#5782=FACETED_PRIMITIVE_FACE('',(#5781));
#5783=POLY_LOOP('',(#5779,#4190,#4186));
#5784=FACE_OUTER_BOUND('',#5783,.T.);
#5785=FACETED_PRIMITIVE_FACE('',(#5784));
#5787=POLY_LOOP('',(#5786,#4186,#4182));
#5788=FACE_OUTER_BOUND('',#5787,.T.);
#5789=FACETED_PRIMITIVE_FACE('',(#5788));
#5790=POLY_LOOP('',(#5786,#5779,#4186));
#5791=FACE_OUTER_BOUND('',#5790,.T.);
#5792=FACETED_PRIMITIVE_FACE('',(#5791));
#5794=POLY_LOOP('',(#5793,#4414,#4410));
#5795=FACE_OUTER_BOUND('',#5794,.T.);
#5796=FACETED_PRIMITIVE_FACE('',(#5795));
#5797=POLY_LOOP('',(#5793,#4410,#5772));
#5798=FACE_OUTER_BOUND('',#5797,.T.);
#5799=FACETED_PRIMITIVE_FACE('',(#5798));
#5801=POLY_LOOP('',(#5800,#5786,#4182));
#5802=FACE_OUTER_BOUND('',#5801,.T.);
#5803=FACETED_PRIMITIVE_FACE('',(#5802));
#5805=POLY_LOOP('',(#5804,#4182,#4181));
#5806=FACE_OUTER_BOUND('',#5805,.T.);
#5807=FACETED_PRIMITIVE_FACE('',(#5806));
#5808=POLY_LOOP('',(#5804,#5800,#4182));
#5809=FACE_OUTER_BOUND('',#5808,.T.);
#5810=FACETED_PRIMITIVE_FACE('',(#5809));
#5812=POLY_LOOP('',(#5811,#4454,#4414));
#5813=FACE_OUTER_BOUND('',#5812,.T.);
#5814=FACETED_PRIMITIVE_FACE('',(#5813));
#5815=POLY_LOOP('',(#5811,#4414,#5793));
#5816=FACE_OUTER_BOUND('',#5815,.T.);
#5817=FACETED_PRIMITIVE_FACE('',(#5816));
#5819=POLY_LOOP('',(#5818,#4181,#4510));
#5820=FACE_OUTER_BOUND('',#5819,.T.);
#5821=FACETED_PRIMITIVE_FACE('',(#5820));
#5822=POLY_LOOP('',(#5818,#5804,#4181));
#5823=FACE_OUTER_BOUND('',#5822,.T.);
#5824=FACETED_PRIMITIVE_FACE('',(#5823));
#5826=POLY_LOOP('',(#5825,#4458,#4454));
#5827=FACE_OUTER_BOUND('',#5826,.T.);
#5828=FACETED_PRIMITIVE_FACE('',(#5827));
#5829=POLY_LOOP('',(#5825,#4454,#5811));
#5830=FACE_OUTER_BOUND('',#5829,.T.);
#5831=FACETED_PRIMITIVE_FACE('',(#5830));
#5833=POLY_LOOP('',(#5832,#4510,#4506));
#5834=FACE_OUTER_BOUND('',#5833,.T.);
#5835=FACETED_PRIMITIVE_FACE('',(#5834));
#5836=POLY_LOOP('',(#5832,#5818,#4510));
#5837=FACE_OUTER_BOUND('',#5836,.T.);
#5838=FACETED_PRIMITIVE_FACE('',(#5837));
#5840=POLY_LOOP('',(#5839,#4506,#4458));
#5841=FACE_OUTER_BOUND('',#5840,.T.);
#5842=FACETED_PRIMITIVE_FACE('',(#5841));
#5843=POLY_LOOP('',(#5839,#5832,#4506));
#5844=FACE_OUTER_BOUND('',#5843,.T.);
#5845=FACETED_PRIMITIVE_FACE('',(#5844));
#5846=POLY_LOOP('',(#5839,#4458,#5825));
#5847=FACE_OUTER_BOUND('',#5846,.T.);
#5848=FACETED_PRIMITIVE_FACE('',(#5847));
#5849=POLY_LOOP('',(#2666,#2762,#2779));
#5850=FACE_OUTER_BOUND('',#5849,.T.);
#5851=FACETED_PRIMITIVE_FACE('',(#5850));
#5852=POLY_LOOP('',(#2666,#2020,#2762));
#5853=FACE_OUTER_BOUND('',#5852,.T.);
#5854=FACETED_PRIMITIVE_FACE('',(#5853));
#5855=POLY_LOOP('',(#2666,#2027,#2020));
#5856=FACE_OUTER_BOUND('',#5855,.T.);
#5857=FACETED_PRIMITIVE_FACE('',(#5856));
#5858=POLY_LOOP('',(#2665,#2779,#2790));
#5859=FACE_OUTER_BOUND('',#5858,.T.);
#5860=FACETED_PRIMITIVE_FACE('',(#5859));
#5861=POLY_LOOP('',(#2665,#2666,#2779));
#5862=FACE_OUTER_BOUND('',#5861,.T.);
#5863=FACETED_PRIMITIVE_FACE('',(#5862));
#5864=POLY_LOOP('',(#2658,#2790,#2807));
#5865=FACE_OUTER_BOUND('',#5864,.T.);
#5866=FACETED_PRIMITIVE_FACE('',(#5865));
#5867=POLY_LOOP('',(#2658,#2665,#2790));
#5868=FACE_OUTER_BOUND('',#5867,.T.);
#5869=FACETED_PRIMITIVE_FACE('',(#5868));
#5870=POLY_LOOP('',(#2651,#2658,#2807));
#5871=FACE_OUTER_BOUND('',#5870,.T.);
#5872=FACETED_PRIMITIVE_FACE('',(#5871));
#5873=POLY_LOOP('',(#2821,#2651,#2807));
#5874=FACE_OUTER_BOUND('',#5873,.T.);
#5875=FACETED_PRIMITIVE_FACE('',(#5874));
#5876=POLY_LOOP('',(#2644,#2651,#2821));
#5877=FACE_OUTER_BOUND('',#5876,.T.);
#5878=FACETED_PRIMITIVE_FACE('',(#5877));
#5879=POLY_LOOP('',(#2814,#2640,#2644));
#5880=FACE_OUTER_BOUND('',#5879,.T.);
#5881=FACETED_PRIMITIVE_FACE('',(#5880));
#5882=POLY_LOOP('',(#2814,#2627,#2640));
#5883=FACE_OUTER_BOUND('',#5882,.T.);
#5884=FACETED_PRIMITIVE_FACE('',(#5883));
#5885=POLY_LOOP('',(#2814,#2644,#2821));
#5886=FACE_OUTER_BOUND('',#5885,.T.);
#5887=FACETED_PRIMITIVE_FACE('',(#5886));
#5888=POLY_LOOP('',(#2797,#2617,#2627));
#5889=FACE_OUTER_BOUND('',#5888,.T.);
#5890=FACETED_PRIMITIVE_FACE('',(#5889));
#5891=POLY_LOOP('',(#2797,#2627,#2814));
#5892=FACE_OUTER_BOUND('',#5891,.T.);
#5893=FACETED_PRIMITIVE_FACE('',(#5892));
#5894=POLY_LOOP('',(#2786,#2617,#2797));
#5895=FACE_OUTER_BOUND('',#5894,.T.);
#5896=FACETED_PRIMITIVE_FACE('',(#5895));
#5897=POLY_LOOP('',(#2769,#2616,#2617));
#5898=FACE_OUTER_BOUND('',#5897,.T.);
#5899=FACETED_PRIMITIVE_FACE('',(#5898));
#5900=POLY_LOOP('',(#2769,#2617,#2786));
#5901=FACE_OUTER_BOUND('',#5900,.T.);
#5902=FACETED_PRIMITIVE_FACE('',(#5901));
#5903=POLY_LOOP('',(#2758,#2609,#2616));
#5904=FACE_OUTER_BOUND('',#5903,.T.);
#5905=FACETED_PRIMITIVE_FACE('',(#5904));
#5906=POLY_LOOP('',(#2758,#2616,#2769));
#5907=FACE_OUTER_BOUND('',#5906,.T.);
#5908=FACETED_PRIMITIVE_FACE('',(#5907));
#5909=POLY_LOOP('',(#2748,#2609,#2758));
#5910=FACE_OUTER_BOUND('',#5909,.T.);
#5911=FACETED_PRIMITIVE_FACE('',(#5910));
#5912=POLY_LOOP('',(#2748,#2602,#2609));
#5913=FACE_OUTER_BOUND('',#5912,.T.);
#5914=FACETED_PRIMITIVE_FACE('',(#5913));
#5915=POLY_LOOP('',(#2748,#2595,#2602));
#5916=FACE_OUTER_BOUND('',#5915,.T.);
#5917=FACETED_PRIMITIVE_FACE('',(#5916));
#5918=POLY_LOOP('',(#2685,#2301,#2309));
#5919=FACE_OUTER_BOUND('',#5918,.T.);
#5920=FACETED_PRIMITIVE_FACE('',(#5919));
#5921=POLY_LOOP('',(#2685,#2542,#2546));
#5922=FACE_OUTER_BOUND('',#5921,.T.);
#5923=FACETED_PRIMITIVE_FACE('',(#5922));
#5924=POLY_LOOP('',(#2685,#2309,#2542));
#5925=FACE_OUTER_BOUND('',#5924,.T.);
#5926=FACETED_PRIMITIVE_FACE('',(#5925));
#5927=POLY_LOOP('',(#2744,#2595,#2748));
#5928=FACE_OUTER_BOUND('',#5927,.T.);
#5929=FACETED_PRIMITIVE_FACE('',(#5928));
#5930=POLY_LOOP('',(#2744,#2588,#2595));
#5931=FACE_OUTER_BOUND('',#5930,.T.);
#5932=FACETED_PRIMITIVE_FACE('',(#5931));
#5933=POLY_LOOP('',(#2689,#2685,#2546));
#5934=FACE_OUTER_BOUND('',#5933,.T.);
#5935=FACETED_PRIMITIVE_FACE('',(#5934));
#5936=POLY_LOOP('',(#2734,#2588,#2744));
#5937=FACE_OUTER_BOUND('',#5936,.T.);
#5938=FACETED_PRIMITIVE_FACE('',(#5937));
#5939=POLY_LOOP('',(#2696,#2689,#2546));
#5940=FACE_OUTER_BOUND('',#5939,.T.);
#5941=FACETED_PRIMITIVE_FACE('',(#5940));
#5942=POLY_LOOP('',(#2696,#2546,#2553));
#5943=FACE_OUTER_BOUND('',#5942,.T.);
#5944=FACETED_PRIMITIVE_FACE('',(#5943));
#5945=POLY_LOOP('',(#2727,#2588,#2734));
#5946=FACE_OUTER_BOUND('',#5945,.T.);
#5947=FACETED_PRIMITIVE_FACE('',(#5946));
#5948=POLY_LOOP('',(#2727,#2581,#2588));
#5949=FACE_OUTER_BOUND('',#5948,.T.);
#5950=FACETED_PRIMITIVE_FACE('',(#5949));
#5951=POLY_LOOP('',(#2727,#2574,#2581));
#5952=FACE_OUTER_BOUND('',#5951,.T.);
#5953=FACETED_PRIMITIVE_FACE('',(#5952));
#5954=POLY_LOOP('',(#2703,#2696,#2553));
#5955=FACE_OUTER_BOUND('',#5954,.T.);
#5956=FACETED_PRIMITIVE_FACE('',(#5955));
#5957=POLY_LOOP('',(#2703,#2553,#2560));
#5958=FACE_OUTER_BOUND('',#5957,.T.);
#5959=FACETED_PRIMITIVE_FACE('',(#5958));
#5960=POLY_LOOP('',(#2720,#2574,#2727));
#5961=FACE_OUTER_BOUND('',#5960,.T.);
#5962=FACETED_PRIMITIVE_FACE('',(#5961));
#5963=POLY_LOOP('',(#2720,#2561,#2574));
#5964=FACE_OUTER_BOUND('',#5963,.T.);
#5965=FACETED_PRIMITIVE_FACE('',(#5964));
#5966=POLY_LOOP('',(#2713,#2703,#2560));
#5967=FACE_OUTER_BOUND('',#5966,.T.);
#5968=FACETED_PRIMITIVE_FACE('',(#5967));
#5969=POLY_LOOP('',(#2713,#2561,#2720));
#5970=FACE_OUTER_BOUND('',#5969,.T.);
#5971=FACETED_PRIMITIVE_FACE('',(#5970));
#5972=POLY_LOOP('',(#2713,#2560,#2561));
#5973=FACE_OUTER_BOUND('',#5972,.T.);
#5974=FACETED_PRIMITIVE_FACE('',(#5973));
#5976=POLY_LOOP('',(#2309,#5740,#5975));
#5977=FACE_OUTER_BOUND('',#5976,.T.);
#5978=FACETED_PRIMITIVE_FACE('',(#5977));
#5979=POLY_LOOP('',(#2542,#2309,#5975));
#5980=FACE_OUTER_BOUND('',#5979,.T.);
#5981=FACETED_PRIMITIVE_FACE('',(#5980));
#5983=POLY_LOOP('',(#2546,#5975,#5982));
#5984=FACE_OUTER_BOUND('',#5983,.T.);
#5985=FACETED_PRIMITIVE_FACE('',(#5984));
#5986=POLY_LOOP('',(#2546,#2542,#5975));
#5987=FACE_OUTER_BOUND('',#5986,.T.);
#5988=FACETED_PRIMITIVE_FACE('',(#5987));
#5990=POLY_LOOP('',(#2553,#5982,#5989));
#5991=FACE_OUTER_BOUND('',#5990,.T.);
#5992=FACETED_PRIMITIVE_FACE('',(#5991));
#5993=POLY_LOOP('',(#2553,#2546,#5982));
#5994=FACE_OUTER_BOUND('',#5993,.T.);
#5995=FACETED_PRIMITIVE_FACE('',(#5994));
#5998=POLY_LOOP('',(#2560,#5996,#5997));
#5999=FACE_OUTER_BOUND('',#5998,.T.);
#6000=FACETED_PRIMITIVE_FACE('',(#5999));
#6001=POLY_LOOP('',(#2560,#5989,#5996));
#6002=FACE_OUTER_BOUND('',#6001,.T.);
#6003=FACETED_PRIMITIVE_FACE('',(#6002));
#6004=POLY_LOOP('',(#2560,#2553,#5989));
#6005=FACE_OUTER_BOUND('',#6004,.T.);
#6006=FACETED_PRIMITIVE_FACE('',(#6005));
#6008=POLY_LOOP('',(#2561,#5997,#6007));
#6009=FACE_OUTER_BOUND('',#6008,.T.);
#6010=FACETED_PRIMITIVE_FACE('',(#6009));
#6011=POLY_LOOP('',(#2561,#2560,#5997));
#6012=FACE_OUTER_BOUND('',#6011,.T.);
#6013=FACETED_PRIMITIVE_FACE('',(#6012));
#6014=POLY_LOOP('',(#2574,#2561,#6007));
#6015=FACE_OUTER_BOUND('',#6014,.T.);
#6016=FACETED_PRIMITIVE_FACE('',(#6015));
#6018=POLY_LOOP('',(#2581,#6007,#6017));
#6019=FACE_OUTER_BOUND('',#6018,.T.);
#6020=FACETED_PRIMITIVE_FACE('',(#6019));
#6021=POLY_LOOP('',(#2581,#2574,#6007));
#6022=FACE_OUTER_BOUND('',#6021,.T.);
#6023=FACETED_PRIMITIVE_FACE('',(#6022));
#6025=POLY_LOOP('',(#2588,#6017,#6024));
#6026=FACE_OUTER_BOUND('',#6025,.T.);
#6027=FACETED_PRIMITIVE_FACE('',(#6026));
#6028=POLY_LOOP('',(#2588,#2581,#6017));
#6029=FACE_OUTER_BOUND('',#6028,.T.);
#6030=FACETED_PRIMITIVE_FACE('',(#6029));
#6032=POLY_LOOP('',(#2595,#6024,#6031));
#6033=FACE_OUTER_BOUND('',#6032,.T.);
#6034=FACETED_PRIMITIVE_FACE('',(#6033));
#6035=POLY_LOOP('',(#2595,#2588,#6024));
#6036=FACE_OUTER_BOUND('',#6035,.T.);
#6037=FACETED_PRIMITIVE_FACE('',(#6036));
#6040=POLY_LOOP('',(#2602,#6038,#6039));
#6041=FACE_OUTER_BOUND('',#6040,.T.);
#6042=FACETED_PRIMITIVE_FACE('',(#6041));
#6043=POLY_LOOP('',(#2602,#6031,#6038));
#6044=FACE_OUTER_BOUND('',#6043,.T.);
#6045=FACETED_PRIMITIVE_FACE('',(#6044));
#6046=POLY_LOOP('',(#2602,#2595,#6031));
#6047=FACE_OUTER_BOUND('',#6046,.T.);
#6048=FACETED_PRIMITIVE_FACE('',(#6047));
#6049=POLY_LOOP('',(#2609,#2602,#6039));
#6050=FACE_OUTER_BOUND('',#6049,.T.);
#6051=FACETED_PRIMITIVE_FACE('',(#6050));
#6054=POLY_LOOP('',(#2616,#6052,#6053));
#6055=FACE_OUTER_BOUND('',#6054,.T.);
#6056=FACETED_PRIMITIVE_FACE('',(#6055));
#6057=POLY_LOOP('',(#2616,#6039,#6052));
#6058=FACE_OUTER_BOUND('',#6057,.T.);
#6059=FACETED_PRIMITIVE_FACE('',(#6058));
#6060=POLY_LOOP('',(#2616,#2609,#6039));
#6061=FACE_OUTER_BOUND('',#6060,.T.);
#6062=FACETED_PRIMITIVE_FACE('',(#6061));
#6063=POLY_LOOP('',(#2617,#2616,#6053));
#6064=FACE_OUTER_BOUND('',#6063,.T.);
#6065=FACETED_PRIMITIVE_FACE('',(#6064));
#6066=POLY_LOOP('',(#2627,#2617,#6053));
#6067=FACE_OUTER_BOUND('',#6066,.T.);
#6068=FACETED_PRIMITIVE_FACE('',(#6067));
#6070=POLY_LOOP('',(#2627,#6053,#6069));
#6071=FACE_OUTER_BOUND('',#6070,.T.);
#6072=FACETED_PRIMITIVE_FACE('',(#6071));
#6074=POLY_LOOP('',(#2640,#6069,#6073));
#6075=FACE_OUTER_BOUND('',#6074,.T.);
#6076=FACETED_PRIMITIVE_FACE('',(#6075));
#6077=POLY_LOOP('',(#2640,#2627,#6069));
#6078=FACE_OUTER_BOUND('',#6077,.T.);
#6079=FACETED_PRIMITIVE_FACE('',(#6078));
#6082=POLY_LOOP('',(#2644,#6080,#6081));
#6083=FACE_OUTER_BOUND('',#6082,.T.);
#6084=FACETED_PRIMITIVE_FACE('',(#6083));
#6085=POLY_LOOP('',(#2644,#6073,#6080));
#6086=FACE_OUTER_BOUND('',#6085,.T.);
#6087=FACETED_PRIMITIVE_FACE('',(#6086));
#6088=POLY_LOOP('',(#2644,#2640,#6073));
#6089=FACE_OUTER_BOUND('',#6088,.T.);
#6090=FACETED_PRIMITIVE_FACE('',(#6089));
#6091=POLY_LOOP('',(#2651,#2644,#6081));
#6092=FACE_OUTER_BOUND('',#6091,.T.);
#6093=FACETED_PRIMITIVE_FACE('',(#6092));
#6095=POLY_LOOP('',(#2658,#6081,#6094));
#6096=FACE_OUTER_BOUND('',#6095,.T.);
#6097=FACETED_PRIMITIVE_FACE('',(#6096));
#6098=POLY_LOOP('',(#2658,#2651,#6081));
#6099=FACE_OUTER_BOUND('',#6098,.T.);
#6100=FACETED_PRIMITIVE_FACE('',(#6099));
#6103=POLY_LOOP('',(#2665,#6101,#6102));
#6104=FACE_OUTER_BOUND('',#6103,.T.);
#6105=FACETED_PRIMITIVE_FACE('',(#6104));
#6106=POLY_LOOP('',(#2665,#6094,#6101));
#6107=FACE_OUTER_BOUND('',#6106,.T.);
#6108=FACETED_PRIMITIVE_FACE('',(#6107));
#6109=POLY_LOOP('',(#2665,#2658,#6094));
#6110=FACE_OUTER_BOUND('',#6109,.T.);
#6111=FACETED_PRIMITIVE_FACE('',(#6110));
#6112=POLY_LOOP('',(#2666,#2665,#6102));
#6113=FACE_OUTER_BOUND('',#6112,.T.);
#6114=FACETED_PRIMITIVE_FACE('',(#6113));
#6115=POLY_LOOP('',(#2027,#6102,#5481));
#6116=FACE_OUTER_BOUND('',#6115,.T.);
#6117=FACETED_PRIMITIVE_FACE('',(#6116));
#6118=POLY_LOOP('',(#2027,#2666,#6102));
#6119=FACE_OUTER_BOUND('',#6118,.T.);
#6120=FACETED_PRIMITIVE_FACE('',(#6119));
#6122=POLY_LOOP('',(#5975,#5751,#6121));
#6123=FACE_OUTER_BOUND('',#6122,.T.);
#6124=FACETED_PRIMITIVE_FACE('',(#6123));
#6126=POLY_LOOP('',(#5975,#6121,#6125));
#6127=FACE_OUTER_BOUND('',#6126,.T.);
#6128=FACETED_PRIMITIVE_FACE('',(#6127));
#6129=POLY_LOOP('',(#5975,#5740,#5751));
#6130=FACE_OUTER_BOUND('',#6129,.T.);
#6131=FACETED_PRIMITIVE_FACE('',(#6130));
#6133=POLY_LOOP('',(#5982,#6125,#6132));
#6134=FACE_OUTER_BOUND('',#6133,.T.);
#6135=FACETED_PRIMITIVE_FACE('',(#6134));
#6136=POLY_LOOP('',(#5982,#5975,#6125));
#6137=FACE_OUTER_BOUND('',#6136,.T.);
#6138=FACETED_PRIMITIVE_FACE('',(#6137));
#6140=POLY_LOOP('',(#5989,#6132,#6139));
#6141=FACE_OUTER_BOUND('',#6140,.T.);
#6142=FACETED_PRIMITIVE_FACE('',(#6141));
#6143=POLY_LOOP('',(#5989,#5982,#6132));
#6144=FACE_OUTER_BOUND('',#6143,.T.);
#6145=FACETED_PRIMITIVE_FACE('',(#6144));
#6146=POLY_LOOP('',(#5996,#5989,#6139));
#6147=FACE_OUTER_BOUND('',#6146,.T.);
#6148=FACETED_PRIMITIVE_FACE('',(#6147));
#6150=POLY_LOOP('',(#6149,#5996,#6139));
#6151=FACE_OUTER_BOUND('',#6150,.T.);
#6152=FACETED_PRIMITIVE_FACE('',(#6151));
#6153=POLY_LOOP('',(#5997,#5996,#6149));
#6154=FACE_OUTER_BOUND('',#6153,.T.);
#6155=FACETED_PRIMITIVE_FACE('',(#6154));
#6157=POLY_LOOP('',(#6156,#6007,#5997));
#6158=FACE_OUTER_BOUND('',#6157,.T.);
#6159=FACETED_PRIMITIVE_FACE('',(#6158));
#6160=POLY_LOOP('',(#6156,#5997,#6149));
#6161=FACE_OUTER_BOUND('',#6160,.T.);
#6162=FACETED_PRIMITIVE_FACE('',(#6161));
#6164=POLY_LOOP('',(#6163,#6017,#6007));
#6165=FACE_OUTER_BOUND('',#6164,.T.);
#6166=FACETED_PRIMITIVE_FACE('',(#6165));
#6167=POLY_LOOP('',(#6163,#6007,#6156));
#6168=FACE_OUTER_BOUND('',#6167,.T.);
#6169=FACETED_PRIMITIVE_FACE('',(#6168));
#6171=POLY_LOOP('',(#6170,#6031,#6024));
#6172=FACE_OUTER_BOUND('',#6171,.T.);
#6173=FACETED_PRIMITIVE_FACE('',(#6172));
#6174=POLY_LOOP('',(#6170,#6024,#6017));
#6175=FACE_OUTER_BOUND('',#6174,.T.);
#6176=FACETED_PRIMITIVE_FACE('',(#6175));
#6177=POLY_LOOP('',(#6170,#6017,#6163));
#6178=FACE_OUTER_BOUND('',#6177,.T.);
#6179=FACETED_PRIMITIVE_FACE('',(#6178));
#6181=POLY_LOOP('',(#6180,#6031,#6170));
#6182=FACE_OUTER_BOUND('',#6181,.T.);
#6183=FACETED_PRIMITIVE_FACE('',(#6182));
#6185=POLY_LOOP('',(#6184,#6031,#6180));
#6186=FACE_OUTER_BOUND('',#6185,.T.);
#6187=FACETED_PRIMITIVE_FACE('',(#6186));
#6188=POLY_LOOP('',(#6184,#6039,#6038));
#6189=FACE_OUTER_BOUND('',#6188,.T.);
#6190=FACETED_PRIMITIVE_FACE('',(#6189));
#6191=POLY_LOOP('',(#6184,#6038,#6031));
#6192=FACE_OUTER_BOUND('',#6191,.T.);
#6193=FACETED_PRIMITIVE_FACE('',(#6192));
#6195=POLY_LOOP('',(#6194,#6039,#6184));
#6196=FACE_OUTER_BOUND('',#6195,.T.);
#6197=FACETED_PRIMITIVE_FACE('',(#6196));
#6199=POLY_LOOP('',(#6198,#5481,#6102));
#6200=FACE_OUTER_BOUND('',#6199,.T.);
#6201=FACETED_PRIMITIVE_FACE('',(#6200));
#6202=POLY_LOOP('',(#6198,#5474,#5481));
#6203=FACE_OUTER_BOUND('',#6202,.T.);
#6204=FACETED_PRIMITIVE_FACE('',(#6203));
#6206=POLY_LOOP('',(#6205,#6053,#6052));
#6207=FACE_OUTER_BOUND('',#6206,.T.);
#6208=FACETED_PRIMITIVE_FACE('',(#6207));
#6209=POLY_LOOP('',(#6205,#6052,#6039));
#6210=FACE_OUTER_BOUND('',#6209,.T.);
#6211=FACETED_PRIMITIVE_FACE('',(#6210));
#6212=POLY_LOOP('',(#6205,#6039,#6194));
#6213=FACE_OUTER_BOUND('',#6212,.T.);
#6214=FACETED_PRIMITIVE_FACE('',(#6213));
#6216=POLY_LOOP('',(#6215,#6102,#6101));
#6217=FACE_OUTER_BOUND('',#6216,.T.);
#6218=FACETED_PRIMITIVE_FACE('',(#6217));
#6219=POLY_LOOP('',(#6215,#6198,#6102));
#6220=FACE_OUTER_BOUND('',#6219,.T.);
#6221=FACETED_PRIMITIVE_FACE('',(#6220));
#6223=POLY_LOOP('',(#6222,#6053,#6205));
#6224=FACE_OUTER_BOUND('',#6223,.T.);
#6225=FACETED_PRIMITIVE_FACE('',(#6224));
#6227=POLY_LOOP('',(#6226,#6101,#6094));
#6228=FACE_OUTER_BOUND('',#6227,.T.);
#6229=FACETED_PRIMITIVE_FACE('',(#6228));
#6230=POLY_LOOP('',(#6226,#6215,#6101));
#6231=FACE_OUTER_BOUND('',#6230,.T.);
#6232=FACETED_PRIMITIVE_FACE('',(#6231));
#6234=POLY_LOOP('',(#6233,#6073,#6069));
#6235=FACE_OUTER_BOUND('',#6234,.T.);
#6236=FACETED_PRIMITIVE_FACE('',(#6235));
#6237=POLY_LOOP('',(#6233,#6069,#6053));
#6238=FACE_OUTER_BOUND('',#6237,.T.);
#6239=FACETED_PRIMITIVE_FACE('',(#6238));
#6240=POLY_LOOP('',(#6233,#6053,#6222));
#6241=FACE_OUTER_BOUND('',#6240,.T.);
#6242=FACETED_PRIMITIVE_FACE('',(#6241));
#6244=POLY_LOOP('',(#6243,#6226,#6094));
#6245=FACE_OUTER_BOUND('',#6244,.T.);
#6246=FACETED_PRIMITIVE_FACE('',(#6245));
#6247=POLY_LOOP('',(#6243,#6094,#6081));
#6248=FACE_OUTER_BOUND('',#6247,.T.);
#6249=FACETED_PRIMITIVE_FACE('',(#6248));
#6251=POLY_LOOP('',(#6250,#6073,#6233));
#6252=FACE_OUTER_BOUND('',#6251,.T.);
#6253=FACETED_PRIMITIVE_FACE('',(#6252));
#6254=POLY_LOOP('',(#6250,#6080,#6073));
#6255=FACE_OUTER_BOUND('',#6254,.T.);
#6256=FACETED_PRIMITIVE_FACE('',(#6255));
#6258=POLY_LOOP('',(#6257,#6243,#6081));
#6259=FACE_OUTER_BOUND('',#6258,.T.);
#6260=FACETED_PRIMITIVE_FACE('',(#6259));
#6261=POLY_LOOP('',(#6257,#6081,#6080));
#6262=FACE_OUTER_BOUND('',#6261,.T.);
#6263=FACETED_PRIMITIVE_FACE('',(#6262));
#6264=POLY_LOOP('',(#6257,#6080,#6250));
#6265=FACE_OUTER_BOUND('',#6264,.T.);
#6266=FACETED_PRIMITIVE_FACE('',(#6265));
#6267=POLY_LOOP('',(#6121,#5751,#5765));
#6268=FACE_OUTER_BOUND('',#6267,.T.);
#6269=FACETED_PRIMITIVE_FACE('',(#6268));
#6270=POLY_LOOP('',(#6121,#5765,#5779));
#6271=FACE_OUTER_BOUND('',#6270,.T.);
#6272=FACETED_PRIMITIVE_FACE('',(#6271));
#6273=POLY_LOOP('',(#6121,#5779,#5786));
#6274=FACE_OUTER_BOUND('',#6273,.T.);
#6275=FACETED_PRIMITIVE_FACE('',(#6274));
#6276=POLY_LOOP('',(#6121,#5786,#5800));
#6277=FACE_OUTER_BOUND('',#6276,.T.);
#6278=FACETED_PRIMITIVE_FACE('',(#6277));
#6280=POLY_LOOP('',(#6279,#5663,#5653));
#6281=FACE_OUTER_BOUND('',#6280,.T.);
#6282=FACETED_PRIMITIVE_FACE('',(#6281));
#6283=POLY_LOOP('',(#6279,#5653,#5646));
#6284=FACE_OUTER_BOUND('',#6283,.T.);
#6285=FACETED_PRIMITIVE_FACE('',(#6284));
#6286=POLY_LOOP('',(#6279,#5646,#5636));
#6287=FACE_OUTER_BOUND('',#6286,.T.);
#6288=FACETED_PRIMITIVE_FACE('',(#6287));
#6289=POLY_LOOP('',(#6279,#5636,#5635));
#6290=FACE_OUTER_BOUND('',#6289,.T.);
#6291=FACETED_PRIMITIVE_FACE('',(#6290));
#6292=POLY_LOOP('',(#5467,#5474,#6198));
#6293=FACE_OUTER_BOUND('',#6292,.T.);
#6294=FACETED_PRIMITIVE_FACE('',(#6293));
#6295=POLY_LOOP('',(#5460,#5467,#6198));
#6296=FACE_OUTER_BOUND('',#6295,.T.);
#6297=FACETED_PRIMITIVE_FACE('',(#6296));
#6298=POLY_LOOP('',(#5453,#5460,#6198));
#6299=FACE_OUTER_BOUND('',#6298,.T.);
#6300=FACETED_PRIMITIVE_FACE('',(#6299));
#6301=POLY_LOOP('',(#5449,#5453,#6198));
#6302=FACE_OUTER_BOUND('',#6301,.T.);
#6303=FACETED_PRIMITIVE_FACE('',(#6302));
#6304=POLY_LOOP('',(#5442,#6198,#6215));
#6305=FACE_OUTER_BOUND('',#6304,.T.);
#6306=FACETED_PRIMITIVE_FACE('',(#6305));
#6307=POLY_LOOP('',(#5442,#5449,#6198));
#6308=FACE_OUTER_BOUND('',#6307,.T.);
#6309=FACETED_PRIMITIVE_FACE('',(#6308));
#6311=POLY_LOOP('',(#5344,#5327,#6310));
#6312=FACE_OUTER_BOUND('',#6311,.T.);
#6313=FACETED_PRIMITIVE_FACE('',(#6312));
#6314=POLY_LOOP('',(#5348,#5344,#6310));
#6315=FACE_OUTER_BOUND('',#6314,.T.);
#6316=FACETED_PRIMITIVE_FACE('',(#6315));
#6318=POLY_LOOP('',(#6317,#6125,#6121));
#6319=FACE_OUTER_BOUND('',#6318,.T.);
#6320=FACETED_PRIMITIVE_FACE('',(#6319));
#6321=POLY_LOOP('',(#6317,#6132,#6125));
#6322=FACE_OUTER_BOUND('',#6321,.T.);
#6323=FACETED_PRIMITIVE_FACE('',(#6322));
#6324=POLY_LOOP('',(#6317,#6121,#5800));
#6325=FACE_OUTER_BOUND('',#6324,.T.);
#6326=FACETED_PRIMITIVE_FACE('',(#6325));
#6327=POLY_LOOP('',(#6317,#5800,#5804));
#6328=FACE_OUTER_BOUND('',#6327,.T.);
#6329=FACETED_PRIMITIVE_FACE('',(#6328));
#6330=POLY_LOOP('',(#6317,#5804,#5818));
#6331=FACE_OUTER_BOUND('',#6330,.T.);
#6332=FACETED_PRIMITIVE_FACE('',(#6331));
#6334=POLY_LOOP('',(#6333,#6317,#5818));
#6335=FACE_OUTER_BOUND('',#6334,.T.);
#6336=FACETED_PRIMITIVE_FACE('',(#6335));
#6337=POLY_LOOP('',(#6333,#5818,#5832));
#6338=FACE_OUTER_BOUND('',#6337,.T.);
#6339=FACETED_PRIMITIVE_FACE('',(#6338));
#6340=POLY_LOOP('',(#6333,#5832,#5839));
#6341=FACE_OUTER_BOUND('',#6340,.T.);
#6342=FACETED_PRIMITIVE_FACE('',(#6341));
#6344=POLY_LOOP('',(#6343,#6139,#6132));
#6345=FACE_OUTER_BOUND('',#6344,.T.);
#6346=FACETED_PRIMITIVE_FACE('',(#6345));
#6347=POLY_LOOP('',(#6343,#6149,#6139));
#6348=FACE_OUTER_BOUND('',#6347,.T.);
#6349=FACETED_PRIMITIVE_FACE('',(#6348));
#6350=POLY_LOOP('',(#6343,#6132,#6317));
#6351=FACE_OUTER_BOUND('',#6350,.T.);
#6352=FACETED_PRIMITIVE_FACE('',(#6351));
#6353=POLY_LOOP('',(#6343,#6317,#6333));
#6354=FACE_OUTER_BOUND('',#6353,.T.);
#6355=FACETED_PRIMITIVE_FACE('',(#6354));
#6357=POLY_LOOP('',(#6356,#6333,#5839));
#6358=FACE_OUTER_BOUND('',#6357,.T.);
#6359=FACETED_PRIMITIVE_FACE('',(#6358));
#6360=POLY_LOOP('',(#6356,#5839,#5825));
#6361=FACE_OUTER_BOUND('',#6360,.T.);
#6362=FACETED_PRIMITIVE_FACE('',(#6361));
#6363=POLY_LOOP('',(#6356,#5825,#5811));
#6364=FACE_OUTER_BOUND('',#6363,.T.);
#6365=FACETED_PRIMITIVE_FACE('',(#6364));
#6367=POLY_LOOP('',(#6366,#6343,#6333));
#6368=FACE_OUTER_BOUND('',#6367,.T.);
#6369=FACETED_PRIMITIVE_FACE('',(#6368));
#6370=POLY_LOOP('',(#6366,#6333,#6356));
#6371=FACE_OUTER_BOUND('',#6370,.T.);
#6372=FACETED_PRIMITIVE_FACE('',(#6371));
#6374=POLY_LOOP('',(#6373,#6356,#5811));
#6375=FACE_OUTER_BOUND('',#6374,.T.);
#6376=FACETED_PRIMITIVE_FACE('',(#6375));
#6377=POLY_LOOP('',(#6373,#5811,#5793));
#6378=FACE_OUTER_BOUND('',#6377,.T.);
#6379=FACETED_PRIMITIVE_FACE('',(#6378));
#6380=POLY_LOOP('',(#6373,#5793,#5772));
#6381=FACE_OUTER_BOUND('',#6380,.T.);
#6382=FACETED_PRIMITIVE_FACE('',(#6381));
#6384=POLY_LOOP('',(#6383,#6156,#6149));
#6385=FACE_OUTER_BOUND('',#6384,.T.);
#6386=FACETED_PRIMITIVE_FACE('',(#6385));
#6387=POLY_LOOP('',(#6383,#6163,#6156));
#6388=FACE_OUTER_BOUND('',#6387,.T.);
#6389=FACETED_PRIMITIVE_FACE('',(#6388));
#6390=POLY_LOOP('',(#6383,#6149,#6343));
#6391=FACE_OUTER_BOUND('',#6390,.T.);
#6392=FACETED_PRIMITIVE_FACE('',(#6391));
#6394=POLY_LOOP('',(#6393,#6366,#6356));
#6395=FACE_OUTER_BOUND('',#6394,.T.);
#6396=FACETED_PRIMITIVE_FACE('',(#6395));
#6398=POLY_LOOP('',(#6397,#6373,#5772));
#6399=FACE_OUTER_BOUND('',#6398,.T.);
#6400=FACETED_PRIMITIVE_FACE('',(#6399));
#6401=POLY_LOOP('',(#6397,#5772,#5758));
#6402=FACE_OUTER_BOUND('',#6401,.T.);
#6403=FACETED_PRIMITIVE_FACE('',(#6402));
#6404=POLY_LOOP('',(#6397,#5758,#5744));
#6405=FACE_OUTER_BOUND('',#6404,.T.);
#6406=FACETED_PRIMITIVE_FACE('',(#6405));
#6408=POLY_LOOP('',(#6407,#6343,#6366));
#6409=FACE_OUTER_BOUND('',#6408,.T.);
#6410=FACETED_PRIMITIVE_FACE('',(#6409));
#6411=POLY_LOOP('',(#6407,#6383,#6343));
#6412=FACE_OUTER_BOUND('',#6411,.T.);
#6413=FACETED_PRIMITIVE_FACE('',(#6412));
#6415=POLY_LOOP('',(#6414,#6356,#6373));
#6416=FACE_OUTER_BOUND('',#6415,.T.);
#6417=FACETED_PRIMITIVE_FACE('',(#6416));
#6418=POLY_LOOP('',(#6414,#6373,#6397));
#6419=FACE_OUTER_BOUND('',#6418,.T.);
#6420=FACETED_PRIMITIVE_FACE('',(#6419));
#6421=POLY_LOOP('',(#6414,#6393,#6356));
#6422=FACE_OUTER_BOUND('',#6421,.T.);
#6423=FACETED_PRIMITIVE_FACE('',(#6422));
#6425=POLY_LOOP('',(#6424,#6397,#5744));
#6426=FACE_OUTER_BOUND('',#6425,.T.);
#6427=FACETED_PRIMITIVE_FACE('',(#6426));
#6428=POLY_LOOP('',(#6424,#5744,#5733));
#6429=FACE_OUTER_BOUND('',#6428,.T.);
#6430=FACETED_PRIMITIVE_FACE('',(#6429));
#6431=POLY_LOOP('',(#6424,#5733,#5726));
#6432=FACE_OUTER_BOUND('',#6431,.T.);
#6433=FACETED_PRIMITIVE_FACE('',(#6432));
#6435=POLY_LOOP('',(#6434,#6170,#6163));
#6436=FACE_OUTER_BOUND('',#6435,.T.);
#6437=FACETED_PRIMITIVE_FACE('',(#6436));
#6438=POLY_LOOP('',(#6434,#6180,#6170));
#6439=FACE_OUTER_BOUND('',#6438,.T.);
#6440=FACETED_PRIMITIVE_FACE('',(#6439));
#6441=POLY_LOOP('',(#6434,#6383,#6407));
#6442=FACE_OUTER_BOUND('',#6441,.T.);
#6443=FACETED_PRIMITIVE_FACE('',(#6442));
#6444=POLY_LOOP('',(#6434,#6163,#6383));
#6445=FACE_OUTER_BOUND('',#6444,.T.);
#6446=FACETED_PRIMITIVE_FACE('',(#6445));
#6448=POLY_LOOP('',(#6447,#6366,#6393));
#6449=FACE_OUTER_BOUND('',#6448,.T.);
#6450=FACETED_PRIMITIVE_FACE('',(#6449));
#6451=POLY_LOOP('',(#6447,#6393,#6414));
#6452=FACE_OUTER_BOUND('',#6451,.T.);
#6453=FACETED_PRIMITIVE_FACE('',(#6452));
#6454=POLY_LOOP('',(#6447,#6407,#6366));
#6455=FACE_OUTER_BOUND('',#6454,.T.);
#6456=FACETED_PRIMITIVE_FACE('',(#6455));
#6458=POLY_LOOP('',(#6457,#6414,#6397));
#6459=FACE_OUTER_BOUND('',#6458,.T.);
#6460=FACETED_PRIMITIVE_FACE('',(#6459));
#6462=POLY_LOOP('',(#6461,#6424,#5726));
#6463=FACE_OUTER_BOUND('',#6462,.T.);
#6464=FACETED_PRIMITIVE_FACE('',(#6463));
#6465=POLY_LOOP('',(#6461,#5726,#5719));
#6466=FACE_OUTER_BOUND('',#6465,.T.);
#6467=FACETED_PRIMITIVE_FACE('',(#6466));
#6468=POLY_LOOP('',(#6461,#5719,#5712));
#6469=FACE_OUTER_BOUND('',#6468,.T.);
#6470=FACETED_PRIMITIVE_FACE('',(#6469));
#6472=POLY_LOOP('',(#6471,#6434,#6407));
#6473=FACE_OUTER_BOUND('',#6472,.T.);
#6474=FACETED_PRIMITIVE_FACE('',(#6473));
#6476=POLY_LOOP('',(#6475,#6447,#6414));
#6477=FACE_OUTER_BOUND('',#6476,.T.);
#6478=FACETED_PRIMITIVE_FACE('',(#6477));
#6480=POLY_LOOP('',(#6479,#6457,#6397));
#6481=FACE_OUTER_BOUND('',#6480,.T.);
#6482=FACETED_PRIMITIVE_FACE('',(#6481));
#6483=POLY_LOOP('',(#6479,#6397,#6424));
#6484=FACE_OUTER_BOUND('',#6483,.T.);
#6485=FACETED_PRIMITIVE_FACE('',(#6484));
#6487=POLY_LOOP('',(#6486,#6461,#5712));
#6488=FACE_OUTER_BOUND('',#6487,.T.);
#6489=FACETED_PRIMITIVE_FACE('',(#6488));
#6490=POLY_LOOP('',(#6486,#5712,#5708));
#6491=FACE_OUTER_BOUND('',#6490,.T.);
#6492=FACETED_PRIMITIVE_FACE('',(#6491));
#6493=POLY_LOOP('',(#6486,#5708,#5701));
#6494=FACE_OUTER_BOUND('',#6493,.T.);
#6495=FACETED_PRIMITIVE_FACE('',(#6494));
#6497=POLY_LOOP('',(#6496,#6184,#6180));
#6498=FACE_OUTER_BOUND('',#6497,.T.);
#6499=FACETED_PRIMITIVE_FACE('',(#6498));
#6500=POLY_LOOP('',(#6496,#6194,#6184));
#6501=FACE_OUTER_BOUND('',#6500,.T.);
#6502=FACETED_PRIMITIVE_FACE('',(#6501));
#6503=POLY_LOOP('',(#6496,#6180,#6434));
#6504=FACE_OUTER_BOUND('',#6503,.T.);
#6505=FACETED_PRIMITIVE_FACE('',(#6504));
#6507=POLY_LOOP('',(#6506,#6471,#6407));
#6508=FACE_OUTER_BOUND('',#6507,.T.);
#6509=FACETED_PRIMITIVE_FACE('',(#6508));
#6510=POLY_LOOP('',(#6506,#6407,#6447));
#6511=FACE_OUTER_BOUND('',#6510,.T.);
#6512=FACETED_PRIMITIVE_FACE('',(#6511));
#6514=POLY_LOOP('',(#6513,#6475,#6414));
#6515=FACE_OUTER_BOUND('',#6514,.T.);
#6516=FACETED_PRIMITIVE_FACE('',(#6515));
#6517=POLY_LOOP('',(#6513,#6414,#6457));
#6518=FACE_OUTER_BOUND('',#6517,.T.);
#6519=FACETED_PRIMITIVE_FACE('',(#6518));
#6521=POLY_LOOP('',(#6520,#6479,#6424));
#6522=FACE_OUTER_BOUND('',#6521,.T.);
#6523=FACETED_PRIMITIVE_FACE('',(#6522));
#6524=POLY_LOOP('',(#6520,#6424,#6461));
#6525=FACE_OUTER_BOUND('',#6524,.T.);
#6526=FACETED_PRIMITIVE_FACE('',(#6525));
#6528=POLY_LOOP('',(#6527,#6486,#5701));
#6529=FACE_OUTER_BOUND('',#6528,.T.);
#6530=FACETED_PRIMITIVE_FACE('',(#6529));
#6531=POLY_LOOP('',(#6527,#5701,#5694));
#6532=FACE_OUTER_BOUND('',#6531,.T.);
#6533=FACETED_PRIMITIVE_FACE('',(#6532));
#6534=POLY_LOOP('',(#6527,#5694,#5687));
#6535=FACE_OUTER_BOUND('',#6534,.T.);
#6536=FACETED_PRIMITIVE_FACE('',(#6535));
#6538=POLY_LOOP('',(#6537,#6496,#6434));
#6539=FACE_OUTER_BOUND('',#6538,.T.);
#6540=FACETED_PRIMITIVE_FACE('',(#6539));
#6541=POLY_LOOP('',(#6537,#6434,#6471));
#6542=FACE_OUTER_BOUND('',#6541,.T.);
#6543=FACETED_PRIMITIVE_FACE('',(#6542));
#6545=POLY_LOOP('',(#6544,#6506,#6447));
#6546=FACE_OUTER_BOUND('',#6545,.T.);
#6547=FACETED_PRIMITIVE_FACE('',(#6546));
#6548=POLY_LOOP('',(#6544,#6447,#6475));
#6549=FACE_OUTER_BOUND('',#6548,.T.);
#6550=FACETED_PRIMITIVE_FACE('',(#6549));
#6552=POLY_LOOP('',(#6551,#6457,#6479));
#6553=FACE_OUTER_BOUND('',#6552,.T.);
#6554=FACETED_PRIMITIVE_FACE('',(#6553));
#6555=POLY_LOOP('',(#6551,#6513,#6457));
#6556=FACE_OUTER_BOUND('',#6555,.T.);
#6557=FACETED_PRIMITIVE_FACE('',(#6556));
#6559=POLY_LOOP('',(#6558,#6520,#6461));
#6560=FACE_OUTER_BOUND('',#6559,.T.);
#6561=FACETED_PRIMITIVE_FACE('',(#6560));
#6562=POLY_LOOP('',(#6558,#6461,#6486));
#6563=FACE_OUTER_BOUND('',#6562,.T.);
#6564=FACETED_PRIMITIVE_FACE('',(#6563));
#6566=POLY_LOOP('',(#6565,#6527,#5687));
#6567=FACE_OUTER_BOUND('',#6566,.T.);
#6568=FACETED_PRIMITIVE_FACE('',(#6567));
#6569=POLY_LOOP('',(#6565,#5687,#5680));
#6570=FACE_OUTER_BOUND('',#6569,.T.);
#6571=FACETED_PRIMITIVE_FACE('',(#6570));
#6572=POLY_LOOP('',(#6565,#5680,#5673));
#6573=FACE_OUTER_BOUND('',#6572,.T.);
#6574=FACETED_PRIMITIVE_FACE('',(#6573));
#6576=POLY_LOOP('',(#6575,#6205,#6194));
#6577=FACE_OUTER_BOUND('',#6576,.T.);
#6578=FACETED_PRIMITIVE_FACE('',(#6577));
#6579=POLY_LOOP('',(#6575,#6222,#6205));
#6580=FACE_OUTER_BOUND('',#6579,.T.);
#6581=FACETED_PRIMITIVE_FACE('',(#6580));
#6582=POLY_LOOP('',(#6575,#6496,#6537));
#6583=FACE_OUTER_BOUND('',#6582,.T.);
#6584=FACETED_PRIMITIVE_FACE('',(#6583));
#6585=POLY_LOOP('',(#6575,#6194,#6496));
#6586=FACE_OUTER_BOUND('',#6585,.T.);
#6587=FACETED_PRIMITIVE_FACE('',(#6586));
#6589=POLY_LOOP('',(#6588,#6471,#6506));
#6590=FACE_OUTER_BOUND('',#6589,.T.);
#6591=FACETED_PRIMITIVE_FACE('',(#6590));
#6592=POLY_LOOP('',(#6588,#6506,#6544));
#6593=FACE_OUTER_BOUND('',#6592,.T.);
#6594=FACETED_PRIMITIVE_FACE('',(#6593));
#6595=POLY_LOOP('',(#6588,#6537,#6471));
#6596=FACE_OUTER_BOUND('',#6595,.T.);
#6597=FACETED_PRIMITIVE_FACE('',(#6596));
#6599=POLY_LOOP('',(#6598,#6544,#6475));
#6600=FACE_OUTER_BOUND('',#6599,.T.);
#6601=FACETED_PRIMITIVE_FACE('',(#6600));
#6602=POLY_LOOP('',(#6598,#6475,#6513));
#6603=FACE_OUTER_BOUND('',#6602,.T.);
#6604=FACETED_PRIMITIVE_FACE('',(#6603));
#6606=POLY_LOOP('',(#6605,#6479,#6520));
#6607=FACE_OUTER_BOUND('',#6606,.T.);
#6608=FACETED_PRIMITIVE_FACE('',(#6607));
#6609=POLY_LOOP('',(#6605,#6551,#6479));
#6610=FACE_OUTER_BOUND('',#6609,.T.);
#6611=FACETED_PRIMITIVE_FACE('',(#6610));
#6613=POLY_LOOP('',(#6612,#6486,#6527));
#6614=FACE_OUTER_BOUND('',#6613,.T.);
#6615=FACETED_PRIMITIVE_FACE('',(#6614));
#6616=POLY_LOOP('',(#6612,#6558,#6486));
#6617=FACE_OUTER_BOUND('',#6616,.T.);
#6618=FACETED_PRIMITIVE_FACE('',(#6617));
#6619=POLY_LOOP('',(#6612,#6527,#6565));
#6620=FACE_OUTER_BOUND('',#6619,.T.);
#6621=FACETED_PRIMITIVE_FACE('',(#6620));
#6623=POLY_LOOP('',(#6622,#6575,#6537));
#6624=FACE_OUTER_BOUND('',#6623,.T.);
#6625=FACETED_PRIMITIVE_FACE('',(#6624));
#6628=POLY_LOOP('',(#6626,#6279,#6627));
#6629=FACE_OUTER_BOUND('',#6628,.T.);
#6630=FACETED_PRIMITIVE_FACE('',(#6629));
#6632=POLY_LOOP('',(#6626,#6627,#6631));
#6633=FACE_OUTER_BOUND('',#6632,.T.);
#6634=FACETED_PRIMITIVE_FACE('',(#6633));
#6635=POLY_LOOP('',(#6626,#5663,#6279));
#6636=FACE_OUTER_BOUND('',#6635,.T.);
#6637=FACETED_PRIMITIVE_FACE('',(#6636));
#6638=POLY_LOOP('',(#6626,#6565,#5673));
#6639=FACE_OUTER_BOUND('',#6638,.T.);
#6640=FACETED_PRIMITIVE_FACE('',(#6639));
#6641=POLY_LOOP('',(#6626,#5673,#5663));
#6642=FACE_OUTER_BOUND('',#6641,.T.);
#6643=FACETED_PRIMITIVE_FACE('',(#6642));
#6645=POLY_LOOP('',(#6644,#6588,#6544));
#6646=FACE_OUTER_BOUND('',#6645,.T.);
#6647=FACETED_PRIMITIVE_FACE('',(#6646));
#6649=POLY_LOOP('',(#6648,#6598,#6513));
#6650=FACE_OUTER_BOUND('',#6649,.T.);
#6651=FACETED_PRIMITIVE_FACE('',(#6650));
#6652=POLY_LOOP('',(#6648,#6551,#6605));
#6653=FACE_OUTER_BOUND('',#6652,.T.);
#6654=FACETED_PRIMITIVE_FACE('',(#6653));
#6655=POLY_LOOP('',(#6648,#6513,#6551));
#6656=FACE_OUTER_BOUND('',#6655,.T.);
#6657=FACETED_PRIMITIVE_FACE('',(#6656));
#6659=POLY_LOOP('',(#6658,#6520,#6558));
#6660=FACE_OUTER_BOUND('',#6659,.T.);
#6661=FACETED_PRIMITIVE_FACE('',(#6660));
#6662=POLY_LOOP('',(#6658,#6605,#6520));
#6663=FACE_OUTER_BOUND('',#6662,.T.);
#6664=FACETED_PRIMITIVE_FACE('',(#6663));
#6666=POLY_LOOP('',(#6665,#6612,#6565));
#6667=FACE_OUTER_BOUND('',#6666,.T.);
#6668=FACETED_PRIMITIVE_FACE('',(#6667));
#6670=POLY_LOOP('',(#6669,#6233,#6222));
#6671=FACE_OUTER_BOUND('',#6670,.T.);
#6672=FACETED_PRIMITIVE_FACE('',(#6671));
#6673=POLY_LOOP('',(#6669,#6250,#6233));
#6674=FACE_OUTER_BOUND('',#6673,.T.);
#6675=FACETED_PRIMITIVE_FACE('',(#6674));
#6676=POLY_LOOP('',(#6669,#6222,#6575));
#6677=FACE_OUTER_BOUND('',#6676,.T.);
#6678=FACETED_PRIMITIVE_FACE('',(#6677));
#6680=POLY_LOOP('',(#6679,#6537,#6588));
#6681=FACE_OUTER_BOUND('',#6680,.T.);
#6682=FACETED_PRIMITIVE_FACE('',(#6681));
#6683=POLY_LOOP('',(#6679,#6622,#6537));
#6684=FACE_OUTER_BOUND('',#6683,.T.);
#6685=FACETED_PRIMITIVE_FACE('',(#6684));
#6687=POLY_LOOP('',(#6686,#6644,#6544));
#6688=FACE_OUTER_BOUND('',#6687,.T.);
#6689=FACETED_PRIMITIVE_FACE('',(#6688));
#6690=POLY_LOOP('',(#6686,#6544,#6598));
#6691=FACE_OUTER_BOUND('',#6690,.T.);
#6692=FACETED_PRIMITIVE_FACE('',(#6691));
#6694=POLY_LOOP('',(#6693,#6605,#6658));
#6695=FACE_OUTER_BOUND('',#6694,.T.);
#6696=FACETED_PRIMITIVE_FACE('',(#6695));
#6697=POLY_LOOP('',(#6693,#6648,#6605));
#6698=FACE_OUTER_BOUND('',#6697,.T.);
#6699=FACETED_PRIMITIVE_FACE('',(#6698));
#6701=POLY_LOOP('',(#6700,#6658,#6558));
#6702=FACE_OUTER_BOUND('',#6701,.T.);
#6703=FACETED_PRIMITIVE_FACE('',(#6702));
#6704=POLY_LOOP('',(#6700,#6558,#6612));
#6705=FACE_OUTER_BOUND('',#6704,.T.);
#6706=FACETED_PRIMITIVE_FACE('',(#6705));
#6708=POLY_LOOP('',(#6707,#6669,#6575));
#6709=FACE_OUTER_BOUND('',#6708,.T.);
#6710=FACETED_PRIMITIVE_FACE('',(#6709));
#6711=POLY_LOOP('',(#6707,#6575,#6622));
#6712=FACE_OUTER_BOUND('',#6711,.T.);
#6713=FACETED_PRIMITIVE_FACE('',(#6712));
#6715=POLY_LOOP('',(#6714,#6565,#6626));
#6716=FACE_OUTER_BOUND('',#6715,.T.);
#6717=FACETED_PRIMITIVE_FACE('',(#6716));
#6718=POLY_LOOP('',(#6714,#6626,#6631));
#6719=FACE_OUTER_BOUND('',#6718,.T.);
#6720=FACETED_PRIMITIVE_FACE('',(#6719));
#6722=POLY_LOOP('',(#6714,#6631,#6721));
#6723=FACE_OUTER_BOUND('',#6722,.T.);
#6724=FACETED_PRIMITIVE_FACE('',(#6723));
#6726=POLY_LOOP('',(#6714,#6721,#6725));
#6727=FACE_OUTER_BOUND('',#6726,.T.);
#6728=FACETED_PRIMITIVE_FACE('',(#6727));
#6729=POLY_LOOP('',(#6714,#6665,#6565));
#6730=FACE_OUTER_BOUND('',#6729,.T.);
#6731=FACETED_PRIMITIVE_FACE('',(#6730));
#6733=POLY_LOOP('',(#6732,#6644,#6686));
#6734=FACE_OUTER_BOUND('',#6733,.T.);
#6735=FACETED_PRIMITIVE_FACE('',(#6734));
#6736=POLY_LOOP('',(#6732,#6588,#6644));
#6737=FACE_OUTER_BOUND('',#6736,.T.);
#6738=FACETED_PRIMITIVE_FACE('',(#6737));
#6739=POLY_LOOP('',(#6732,#6679,#6588));
#6740=FACE_OUTER_BOUND('',#6739,.T.);
#6741=FACETED_PRIMITIVE_FACE('',(#6740));
#6743=POLY_LOOP('',(#6742,#6686,#6598));
#6744=FACE_OUTER_BOUND('',#6743,.T.);
#6745=FACETED_PRIMITIVE_FACE('',(#6744));
#6746=POLY_LOOP('',(#6742,#6598,#6648));
#6747=FACE_OUTER_BOUND('',#6746,.T.);
#6748=FACETED_PRIMITIVE_FACE('',(#6747));
#6750=POLY_LOOP('',(#6749,#6693,#6658));
#6751=FACE_OUTER_BOUND('',#6750,.T.);
#6752=FACETED_PRIMITIVE_FACE('',(#6751));
#6754=POLY_LOOP('',(#6753,#6700,#6612));
#6755=FACE_OUTER_BOUND('',#6754,.T.);
#6756=FACETED_PRIMITIVE_FACE('',(#6755));
#6757=POLY_LOOP('',(#6753,#6612,#6665));
#6758=FACE_OUTER_BOUND('',#6757,.T.);
#6759=FACETED_PRIMITIVE_FACE('',(#6758));
#6761=POLY_LOOP('',(#6760,#6669,#6707));
#6762=FACE_OUTER_BOUND('',#6761,.T.);
#6763=FACETED_PRIMITIVE_FACE('',(#6762));
#6764=POLY_LOOP('',(#6760,#6257,#6250));
#6765=FACE_OUTER_BOUND('',#6764,.T.);
#6766=FACETED_PRIMITIVE_FACE('',(#6765));
#6767=POLY_LOOP('',(#6760,#6243,#6257));
#6768=FACE_OUTER_BOUND('',#6767,.T.);
#6769=FACETED_PRIMITIVE_FACE('',(#6768));
#6770=POLY_LOOP('',(#6760,#6250,#6669));
#6771=FACE_OUTER_BOUND('',#6770,.T.);
#6772=FACETED_PRIMITIVE_FACE('',(#6771));
#6774=POLY_LOOP('',(#6773,#6707,#6622));
#6775=FACE_OUTER_BOUND('',#6774,.T.);
#6776=FACETED_PRIMITIVE_FACE('',(#6775));
#6777=POLY_LOOP('',(#6773,#6622,#6679));
#6778=FACE_OUTER_BOUND('',#6777,.T.);
#6779=FACETED_PRIMITIVE_FACE('',(#6778));
#6781=POLY_LOOP('',(#6780,#6732,#6686));
#6782=FACE_OUTER_BOUND('',#6781,.T.);
#6783=FACETED_PRIMITIVE_FACE('',(#6782));
#6785=POLY_LOOP('',(#6784,#6742,#6648));
#6786=FACE_OUTER_BOUND('',#6785,.T.);
#6787=FACETED_PRIMITIVE_FACE('',(#6786));
#6788=POLY_LOOP('',(#6784,#6648,#6693));
#6789=FACE_OUTER_BOUND('',#6788,.T.);
#6790=FACETED_PRIMITIVE_FACE('',(#6789));
#6792=POLY_LOOP('',(#6791,#6658,#6700));
#6793=FACE_OUTER_BOUND('',#6792,.T.);
#6794=FACETED_PRIMITIVE_FACE('',(#6793));
#6795=POLY_LOOP('',(#6791,#6749,#6658));
#6796=FACE_OUTER_BOUND('',#6795,.T.);
#6797=FACETED_PRIMITIVE_FACE('',(#6796));
#6799=POLY_LOOP('',(#6798,#6760,#6707));
#6800=FACE_OUTER_BOUND('',#6799,.T.);
#6801=FACETED_PRIMITIVE_FACE('',(#6800));
#6803=POLY_LOOP('',(#6802,#6665,#6714));
#6804=FACE_OUTER_BOUND('',#6803,.T.);
#6805=FACETED_PRIMITIVE_FACE('',(#6804));
#6806=POLY_LOOP('',(#6802,#6714,#6725));
#6807=FACE_OUTER_BOUND('',#6806,.T.);
#6808=FACETED_PRIMITIVE_FACE('',(#6807));
#6810=POLY_LOOP('',(#6802,#6725,#6809));
#6811=FACE_OUTER_BOUND('',#6810,.T.);
#6812=FACETED_PRIMITIVE_FACE('',(#6811));
#6814=POLY_LOOP('',(#6802,#6809,#6813));
#6815=FACE_OUTER_BOUND('',#6814,.T.);
#6816=FACETED_PRIMITIVE_FACE('',(#6815));
#6817=POLY_LOOP('',(#6802,#6753,#6665));
#6818=FACE_OUTER_BOUND('',#6817,.T.);
#6819=FACETED_PRIMITIVE_FACE('',(#6818));
#6821=POLY_LOOP('',(#6820,#6679,#6732));
#6822=FACE_OUTER_BOUND('',#6821,.T.);
#6823=FACETED_PRIMITIVE_FACE('',(#6822));
#6824=POLY_LOOP('',(#6820,#6773,#6679));
#6825=FACE_OUTER_BOUND('',#6824,.T.);
#6826=FACETED_PRIMITIVE_FACE('',(#6825));
#6828=POLY_LOOP('',(#6827,#6686,#6742));
#6829=FACE_OUTER_BOUND('',#6828,.T.);
#6830=FACETED_PRIMITIVE_FACE('',(#6829));
#6831=POLY_LOOP('',(#6827,#6780,#6686));
#6832=FACE_OUTER_BOUND('',#6831,.T.);
#6833=FACETED_PRIMITIVE_FACE('',(#6832));
#6835=POLY_LOOP('',(#6834,#6784,#6693));
#6836=FACE_OUTER_BOUND('',#6835,.T.);
#6837=FACETED_PRIMITIVE_FACE('',(#6836));
#6838=POLY_LOOP('',(#6834,#6693,#6749));
#6839=FACE_OUTER_BOUND('',#6838,.T.);
#6840=FACETED_PRIMITIVE_FACE('',(#6839));
#6842=POLY_LOOP('',(#6841,#6791,#6700));
#6843=FACE_OUTER_BOUND('',#6842,.T.);
#6844=FACETED_PRIMITIVE_FACE('',(#6843));
#6845=POLY_LOOP('',(#6841,#6700,#6753));
#6846=FACE_OUTER_BOUND('',#6845,.T.);
#6847=FACETED_PRIMITIVE_FACE('',(#6846));
#6848=POLY_LOOP('',(#6841,#6753,#6802));
#6849=FACE_OUTER_BOUND('',#6848,.T.);
#6850=FACETED_PRIMITIVE_FACE('',(#6849));
#6852=POLY_LOOP('',(#6851,#6226,#6243));
#6853=FACE_OUTER_BOUND('',#6852,.T.);
#6854=FACETED_PRIMITIVE_FACE('',(#6853));
#6855=POLY_LOOP('',(#6851,#6215,#6226));
#6856=FACE_OUTER_BOUND('',#6855,.T.);
#6857=FACETED_PRIMITIVE_FACE('',(#6856));
#6858=POLY_LOOP('',(#6851,#5442,#6215));
#6859=FACE_OUTER_BOUND('',#6858,.T.);
#6860=FACETED_PRIMITIVE_FACE('',(#6859));
#6861=POLY_LOOP('',(#6851,#5435,#5442));
#6862=FACE_OUTER_BOUND('',#6861,.T.);
#6863=FACETED_PRIMITIVE_FACE('',(#6862));
#6864=POLY_LOOP('',(#6851,#6243,#6760));
#6865=FACE_OUTER_BOUND('',#6864,.T.);
#6866=FACETED_PRIMITIVE_FACE('',(#6865));
#6867=POLY_LOOP('',(#6851,#6760,#6798));
#6868=FACE_OUTER_BOUND('',#6867,.T.);
#6869=FACETED_PRIMITIVE_FACE('',(#6868));
#6871=POLY_LOOP('',(#6870,#6707,#6773));
#6872=FACE_OUTER_BOUND('',#6871,.T.);
#6873=FACETED_PRIMITIVE_FACE('',(#6872));
#6874=POLY_LOOP('',(#6870,#6798,#6707));
#6875=FACE_OUTER_BOUND('',#6874,.T.);
#6876=FACETED_PRIMITIVE_FACE('',(#6875));
#6878=POLY_LOOP('',(#6877,#6780,#6827));
#6879=FACE_OUTER_BOUND('',#6878,.T.);
#6880=FACETED_PRIMITIVE_FACE('',(#6879));
#6881=POLY_LOOP('',(#6877,#6732,#6780));
#6882=FACE_OUTER_BOUND('',#6881,.T.);
#6883=FACETED_PRIMITIVE_FACE('',(#6882));
#6884=POLY_LOOP('',(#6877,#6820,#6732));
#6885=FACE_OUTER_BOUND('',#6884,.T.);
#6886=FACETED_PRIMITIVE_FACE('',(#6885));
#6888=POLY_LOOP('',(#6887,#6742,#6784));
#6889=FACE_OUTER_BOUND('',#6888,.T.);
#6890=FACETED_PRIMITIVE_FACE('',(#6889));
#6891=POLY_LOOP('',(#6887,#6827,#6742));
#6892=FACE_OUTER_BOUND('',#6891,.T.);
#6893=FACETED_PRIMITIVE_FACE('',(#6892));
#6895=POLY_LOOP('',(#6894,#6749,#6791));
#6896=FACE_OUTER_BOUND('',#6895,.T.);
#6897=FACETED_PRIMITIVE_FACE('',(#6896));
#6898=POLY_LOOP('',(#6894,#6791,#6841));
#6899=FACE_OUTER_BOUND('',#6898,.T.);
#6900=FACETED_PRIMITIVE_FACE('',(#6899));
#6901=POLY_LOOP('',(#6894,#6834,#6749));
#6902=FACE_OUTER_BOUND('',#6901,.T.);
#6903=FACETED_PRIMITIVE_FACE('',(#6902));
#6905=POLY_LOOP('',(#6904,#5428,#5435));
#6906=FACE_OUTER_BOUND('',#6905,.T.);
#6907=FACETED_PRIMITIVE_FACE('',(#6906));
#6908=POLY_LOOP('',(#6904,#5421,#5428));
#6909=FACE_OUTER_BOUND('',#6908,.T.);
#6910=FACETED_PRIMITIVE_FACE('',(#6909));
#6911=POLY_LOOP('',(#6904,#5435,#6851));
#6912=FACE_OUTER_BOUND('',#6911,.T.);
#6913=FACETED_PRIMITIVE_FACE('',(#6912));
#6914=POLY_LOOP('',(#6904,#6851,#6798));
#6915=FACE_OUTER_BOUND('',#6914,.T.);
#6916=FACETED_PRIMITIVE_FACE('',(#6915));
#6918=POLY_LOOP('',(#6917,#6841,#6802));
#6919=FACE_OUTER_BOUND('',#6918,.T.);
#6920=FACETED_PRIMITIVE_FACE('',(#6919));
#6922=POLY_LOOP('',(#6917,#6813,#6921));
#6923=FACE_OUTER_BOUND('',#6922,.T.);
#6924=FACETED_PRIMITIVE_FACE('',(#6923));
#6926=POLY_LOOP('',(#6917,#6921,#6925));
#6927=FACE_OUTER_BOUND('',#6926,.T.);
#6928=FACETED_PRIMITIVE_FACE('',(#6927));
#6929=POLY_LOOP('',(#6917,#6802,#6813));
#6930=FACE_OUTER_BOUND('',#6929,.T.);
#6931=FACETED_PRIMITIVE_FACE('',(#6930));
#6933=POLY_LOOP('',(#6932,#6773,#6820));
#6934=FACE_OUTER_BOUND('',#6933,.T.);
#6935=FACETED_PRIMITIVE_FACE('',(#6934));
#6936=POLY_LOOP('',(#6932,#6870,#6773));
#6937=FACE_OUTER_BOUND('',#6936,.T.);
#6938=FACETED_PRIMITIVE_FACE('',(#6937));
#6939=POLY_LOOP('',(#6932,#6820,#6877));
#6940=FACE_OUTER_BOUND('',#6939,.T.);
#6941=FACETED_PRIMITIVE_FACE('',(#6940));
#6943=POLY_LOOP('',(#6942,#6877,#6827));
#6944=FACE_OUTER_BOUND('',#6943,.T.);
#6945=FACETED_PRIMITIVE_FACE('',(#6944));
#6947=POLY_LOOP('',(#6946,#6784,#6834));
#6948=FACE_OUTER_BOUND('',#6947,.T.);
#6949=FACETED_PRIMITIVE_FACE('',(#6948));
#6950=POLY_LOOP('',(#6946,#6887,#6784));
#6951=FACE_OUTER_BOUND('',#6950,.T.);
#6952=FACETED_PRIMITIVE_FACE('',(#6951));
#6954=POLY_LOOP('',(#6953,#6894,#6841));
#6955=FACE_OUTER_BOUND('',#6954,.T.);
#6956=FACETED_PRIMITIVE_FACE('',(#6955));
#6958=POLY_LOOP('',(#6957,#6798,#6870));
#6959=FACE_OUTER_BOUND('',#6958,.T.);
#6960=FACETED_PRIMITIVE_FACE('',(#6959));
#6961=POLY_LOOP('',(#6957,#5414,#5421));
#6962=FACE_OUTER_BOUND('',#6961,.T.);
#6963=FACETED_PRIMITIVE_FACE('',(#6962));
#6964=POLY_LOOP('',(#6957,#5407,#5414));
#6965=FACE_OUTER_BOUND('',#6964,.T.);
#6966=FACETED_PRIMITIVE_FACE('',(#6965));
#6967=POLY_LOOP('',(#6957,#5421,#6904));
#6968=FACE_OUTER_BOUND('',#6967,.T.);
#6969=FACETED_PRIMITIVE_FACE('',(#6968));
#6970=POLY_LOOP('',(#6957,#6904,#6798));
#6971=FACE_OUTER_BOUND('',#6970,.T.);
#6972=FACETED_PRIMITIVE_FACE('',(#6971));
#6974=POLY_LOOP('',(#6973,#6932,#6877));
#6975=FACE_OUTER_BOUND('',#6974,.T.);
#6976=FACETED_PRIMITIVE_FACE('',(#6975));
#6978=POLY_LOOP('',(#6977,#6942,#6827));
#6979=FACE_OUTER_BOUND('',#6978,.T.);
#6980=FACETED_PRIMITIVE_FACE('',(#6979));
#6981=POLY_LOOP('',(#6977,#6827,#6887));
#6982=FACE_OUTER_BOUND('',#6981,.T.);
#6983=FACETED_PRIMITIVE_FACE('',(#6982));
#6984=POLY_LOOP('',(#6977,#6887,#6946));
#6985=FACE_OUTER_BOUND('',#6984,.T.);
#6986=FACETED_PRIMITIVE_FACE('',(#6985));
#6988=POLY_LOOP('',(#6987,#6946,#6834));
#6989=FACE_OUTER_BOUND('',#6988,.T.);
#6990=FACETED_PRIMITIVE_FACE('',(#6989));
#6991=POLY_LOOP('',(#6987,#6834,#6894));
#6992=FACE_OUTER_BOUND('',#6991,.T.);
#6993=FACETED_PRIMITIVE_FACE('',(#6992));
#6995=POLY_LOOP('',(#6994,#6917,#6925));
#6996=FACE_OUTER_BOUND('',#6995,.T.);
#6997=FACETED_PRIMITIVE_FACE('',(#6996));
#6998=POLY_LOOP('',(#6994,#6953,#6841));
#6999=FACE_OUTER_BOUND('',#6998,.T.);
#7000=FACETED_PRIMITIVE_FACE('',(#6999));
#7002=POLY_LOOP('',(#6994,#6925,#7001));
#7003=FACE_OUTER_BOUND('',#7002,.T.);
#7004=FACETED_PRIMITIVE_FACE('',(#7003));
#7006=POLY_LOOP('',(#6994,#7001,#7005));
#7007=FACE_OUTER_BOUND('',#7006,.T.);
#7008=FACETED_PRIMITIVE_FACE('',(#7007));
#7009=POLY_LOOP('',(#6994,#6841,#6917));
#7010=FACE_OUTER_BOUND('',#7009,.T.);
#7011=FACETED_PRIMITIVE_FACE('',(#7010));
#7013=POLY_LOOP('',(#7012,#5393,#5407));
#7014=FACE_OUTER_BOUND('',#7013,.T.);
#7015=FACETED_PRIMITIVE_FACE('',(#7014));
#7016=POLY_LOOP('',(#7012,#5386,#5393));
#7017=FACE_OUTER_BOUND('',#7016,.T.);
#7018=FACETED_PRIMITIVE_FACE('',(#7017));
#7019=POLY_LOOP('',(#7012,#5407,#6957));
#7020=FACE_OUTER_BOUND('',#7019,.T.);
#7021=FACETED_PRIMITIVE_FACE('',(#7020));
#7022=POLY_LOOP('',(#7012,#6870,#6932));
#7023=FACE_OUTER_BOUND('',#7022,.T.);
#7024=FACETED_PRIMITIVE_FACE('',(#7023));
#7025=POLY_LOOP('',(#7012,#6957,#6870));
#7026=FACE_OUTER_BOUND('',#7025,.T.);
#7027=FACETED_PRIMITIVE_FACE('',(#7026));
#7029=POLY_LOOP('',(#7028,#6973,#6877));
#7030=FACE_OUTER_BOUND('',#7029,.T.);
#7031=FACETED_PRIMITIVE_FACE('',(#7030));
#7032=POLY_LOOP('',(#7028,#6942,#6977));
#7033=FACE_OUTER_BOUND('',#7032,.T.);
#7034=FACETED_PRIMITIVE_FACE('',(#7033));
#7035=POLY_LOOP('',(#7028,#6877,#6942));
#7036=FACE_OUTER_BOUND('',#7035,.T.);
#7037=FACETED_PRIMITIVE_FACE('',(#7036));
#7039=POLY_LOOP('',(#7038,#6977,#6946));
#7040=FACE_OUTER_BOUND('',#7039,.T.);
#7041=FACETED_PRIMITIVE_FACE('',(#7040));
#7043=POLY_LOOP('',(#7042,#6987,#6894));
#7044=FACE_OUTER_BOUND('',#7043,.T.);
#7045=FACETED_PRIMITIVE_FACE('',(#7044));
#7046=POLY_LOOP('',(#7042,#6894,#6953));
#7047=FACE_OUTER_BOUND('',#7046,.T.);
#7048=FACETED_PRIMITIVE_FACE('',(#7047));
#7050=POLY_LOOP('',(#7049,#7012,#6932));
#7051=FACE_OUTER_BOUND('',#7050,.T.);
#7052=FACETED_PRIMITIVE_FACE('',(#7051));
#7053=POLY_LOOP('',(#7049,#5376,#5386));
#7054=FACE_OUTER_BOUND('',#7053,.T.);
#7055=FACETED_PRIMITIVE_FACE('',(#7054));
#7056=POLY_LOOP('',(#7049,#6932,#6973));
#7057=FACE_OUTER_BOUND('',#7056,.T.);
#7058=FACETED_PRIMITIVE_FACE('',(#7057));
#7059=POLY_LOOP('',(#7049,#5372,#5376));
#7060=FACE_OUTER_BOUND('',#7059,.T.);
#7061=FACETED_PRIMITIVE_FACE('',(#7060));
#7062=POLY_LOOP('',(#7049,#5386,#7012));
#7063=FACE_OUTER_BOUND('',#7062,.T.);
#7064=FACETED_PRIMITIVE_FACE('',(#7063));
#7066=POLY_LOOP('',(#7065,#7028,#6977));
#7067=FACE_OUTER_BOUND('',#7066,.T.);
#7068=FACETED_PRIMITIVE_FACE('',(#7067));
#7070=POLY_LOOP('',(#7069,#6946,#6987));
#7071=FACE_OUTER_BOUND('',#7070,.T.);
#7072=FACETED_PRIMITIVE_FACE('',(#7071));
#7073=POLY_LOOP('',(#7069,#7038,#6946));
#7074=FACE_OUTER_BOUND('',#7073,.T.);
#7075=FACETED_PRIMITIVE_FACE('',(#7074));
#7077=POLY_LOOP('',(#7076,#7042,#6953));
#7078=FACE_OUTER_BOUND('',#7077,.T.);
#7079=FACETED_PRIMITIVE_FACE('',(#7078));
#7080=POLY_LOOP('',(#7076,#6953,#6994));
#7081=FACE_OUTER_BOUND('',#7080,.T.);
#7082=FACETED_PRIMITIVE_FACE('',(#7081));
#7083=POLY_LOOP('',(#7076,#6994,#7005));
#7084=FACE_OUTER_BOUND('',#7083,.T.);
#7085=FACETED_PRIMITIVE_FACE('',(#7084));
#7087=POLY_LOOP('',(#7076,#7005,#7086));
#7088=FACE_OUTER_BOUND('',#7087,.T.);
#7089=FACETED_PRIMITIVE_FACE('',(#7088));
#7091=POLY_LOOP('',(#7076,#7086,#7090));
#7092=FACE_OUTER_BOUND('',#7091,.T.);
#7093=FACETED_PRIMITIVE_FACE('',(#7092));
#7095=POLY_LOOP('',(#7094,#7049,#6973));
#7096=FACE_OUTER_BOUND('',#7095,.T.);
#7097=FACETED_PRIMITIVE_FACE('',(#7096));
#7098=POLY_LOOP('',(#7094,#5365,#5372));
#7099=FACE_OUTER_BOUND('',#7098,.T.);
#7100=FACETED_PRIMITIVE_FACE('',(#7099));
#7101=POLY_LOOP('',(#7094,#5358,#5365));
#7102=FACE_OUTER_BOUND('',#7101,.T.);
#7103=FACETED_PRIMITIVE_FACE('',(#7102));
#7104=POLY_LOOP('',(#7094,#7028,#7065));
#7105=FACE_OUTER_BOUND('',#7104,.T.);
#7106=FACETED_PRIMITIVE_FACE('',(#7105));
#7107=POLY_LOOP('',(#7094,#6973,#7028));
#7108=FACE_OUTER_BOUND('',#7107,.T.);
#7109=FACETED_PRIMITIVE_FACE('',(#7108));
#7110=POLY_LOOP('',(#7094,#5372,#7049));
#7111=FACE_OUTER_BOUND('',#7110,.T.);
#7112=FACETED_PRIMITIVE_FACE('',(#7111));
#7114=POLY_LOOP('',(#7113,#6977,#7038));
#7115=FACE_OUTER_BOUND('',#7114,.T.);
#7116=FACETED_PRIMITIVE_FACE('',(#7115));
#7117=POLY_LOOP('',(#7113,#7038,#7069));
#7118=FACE_OUTER_BOUND('',#7117,.T.);
#7119=FACETED_PRIMITIVE_FACE('',(#7118));
#7120=POLY_LOOP('',(#7113,#7065,#6977));
#7121=FACE_OUTER_BOUND('',#7120,.T.);
#7122=FACETED_PRIMITIVE_FACE('',(#7121));
#7124=POLY_LOOP('',(#7123,#6987,#7042));
#7125=FACE_OUTER_BOUND('',#7124,.T.);
#7126=FACETED_PRIMITIVE_FACE('',(#7125));
#7127=POLY_LOOP('',(#7123,#7069,#6987));
#7128=FACE_OUTER_BOUND('',#7127,.T.);
#7129=FACETED_PRIMITIVE_FACE('',(#7128));
#7131=POLY_LOOP('',(#7130,#5358,#7094));
#7132=FACE_OUTER_BOUND('',#7131,.T.);
#7133=FACETED_PRIMITIVE_FACE('',(#7132));
#7134=POLY_LOOP('',(#7130,#7065,#7113));
#7135=FACE_OUTER_BOUND('',#7134,.T.);
#7136=FACETED_PRIMITIVE_FACE('',(#7135));
#7137=POLY_LOOP('',(#7130,#5334,#5358));
#7138=FACE_OUTER_BOUND('',#7137,.T.);
#7139=FACETED_PRIMITIVE_FACE('',(#7138));
#7140=POLY_LOOP('',(#7130,#5313,#5334));
#7141=FACE_OUTER_BOUND('',#7140,.T.);
#7142=FACETED_PRIMITIVE_FACE('',(#7141));
#7143=POLY_LOOP('',(#7130,#7094,#7065));
#7144=FACE_OUTER_BOUND('',#7143,.T.);
#7145=FACETED_PRIMITIVE_FACE('',(#7144));
#7147=POLY_LOOP('',(#7146,#7113,#7069));
#7148=FACE_OUTER_BOUND('',#7147,.T.);
#7149=FACETED_PRIMITIVE_FACE('',(#7148));
#7150=POLY_LOOP('',(#7146,#7069,#7123));
#7151=FACE_OUTER_BOUND('',#7150,.T.);
#7152=FACETED_PRIMITIVE_FACE('',(#7151));
#7154=POLY_LOOP('',(#7153,#7123,#7042));
#7155=FACE_OUTER_BOUND('',#7154,.T.);
#7156=FACETED_PRIMITIVE_FACE('',(#7155));
#7157=POLY_LOOP('',(#7153,#7076,#7090));
#7158=FACE_OUTER_BOUND('',#7157,.T.);
#7159=FACETED_PRIMITIVE_FACE('',(#7158));
#7161=POLY_LOOP('',(#7153,#7090,#7160));
#7162=FACE_OUTER_BOUND('',#7161,.T.);
#7163=FACETED_PRIMITIVE_FACE('',(#7162));
#7165=POLY_LOOP('',(#7153,#7160,#7164));
#7166=FACE_OUTER_BOUND('',#7165,.T.);
#7167=FACETED_PRIMITIVE_FACE('',(#7166));
#7168=POLY_LOOP('',(#7153,#7042,#7076));
#7169=FACE_OUTER_BOUND('',#7168,.T.);
#7170=FACETED_PRIMITIVE_FACE('',(#7169));
#7172=POLY_LOOP('',(#7171,#5314,#5313));
#7173=FACE_OUTER_BOUND('',#7172,.T.);
#7174=FACETED_PRIMITIVE_FACE('',(#7173));
#7175=POLY_LOOP('',(#7171,#5292,#5314));
#7176=FACE_OUTER_BOUND('',#7175,.T.);
#7177=FACETED_PRIMITIVE_FACE('',(#7176));
#7178=POLY_LOOP('',(#7171,#7130,#7113));
#7179=FACE_OUTER_BOUND('',#7178,.T.);
#7180=FACETED_PRIMITIVE_FACE('',(#7179));
#7181=POLY_LOOP('',(#7171,#5313,#7130));
#7182=FACE_OUTER_BOUND('',#7181,.T.);
#7183=FACETED_PRIMITIVE_FACE('',(#7182));
#7185=POLY_LOOP('',(#7184,#7146,#7123));
#7186=FACE_OUTER_BOUND('',#7185,.T.);
#7187=FACETED_PRIMITIVE_FACE('',(#7186));
#7189=POLY_LOOP('',(#7188,#5278,#5292));
#7190=FACE_OUTER_BOUND('',#7189,.T.);
#7191=FACETED_PRIMITIVE_FACE('',(#7190));
#7192=POLY_LOOP('',(#7188,#5273,#5278));
#7193=FACE_OUTER_BOUND('',#7192,.T.);
#7194=FACETED_PRIMITIVE_FACE('',(#7193));
#7195=POLY_LOOP('',(#7188,#7171,#7113));
#7196=FACE_OUTER_BOUND('',#7195,.T.);
#7197=FACETED_PRIMITIVE_FACE('',(#7196));
#7198=POLY_LOOP('',(#7188,#5292,#7171));
#7199=FACE_OUTER_BOUND('',#7198,.T.);
#7200=FACETED_PRIMITIVE_FACE('',(#7199));
#7201=POLY_LOOP('',(#7188,#7113,#7146));
#7202=FACE_OUTER_BOUND('',#7201,.T.);
#7203=FACETED_PRIMITIVE_FACE('',(#7202));
#7205=POLY_LOOP('',(#7204,#7123,#7153));
#7206=FACE_OUTER_BOUND('',#7205,.T.);
#7207=FACETED_PRIMITIVE_FACE('',(#7206));
#7209=POLY_LOOP('',(#7204,#7164,#7208));
#7210=FACE_OUTER_BOUND('',#7209,.T.);
#7211=FACETED_PRIMITIVE_FACE('',(#7210));
#7213=POLY_LOOP('',(#7204,#7208,#7212));
#7214=FACE_OUTER_BOUND('',#7213,.T.);
#7215=FACETED_PRIMITIVE_FACE('',(#7214));
#7216=POLY_LOOP('',(#7204,#7153,#7164));
#7217=FACE_OUTER_BOUND('',#7216,.T.);
#7218=FACETED_PRIMITIVE_FACE('',(#7217));
#7219=POLY_LOOP('',(#7204,#7184,#7123));
#7220=FACE_OUTER_BOUND('',#7219,.T.);
#7221=FACETED_PRIMITIVE_FACE('',(#7220));
#7223=POLY_LOOP('',(#7222,#5274,#5273));
#7224=FACE_OUTER_BOUND('',#7223,.T.);
#7225=FACETED_PRIMITIVE_FACE('',(#7224));
#7226=POLY_LOOP('',(#7222,#5273,#7188));
#7227=FACE_OUTER_BOUND('',#7226,.T.);
#7228=FACETED_PRIMITIVE_FACE('',(#7227));
#7229=POLY_LOOP('',(#7222,#7146,#7184));
#7230=FACE_OUTER_BOUND('',#7229,.T.);
#7231=FACETED_PRIMITIVE_FACE('',(#7230));
#7232=POLY_LOOP('',(#7222,#7188,#7146));
#7233=FACE_OUTER_BOUND('',#7232,.T.);
#7234=FACETED_PRIMITIVE_FACE('',(#7233));
#7237=POLY_LOOP('',(#7235,#7212,#7236));
#7238=FACE_OUTER_BOUND('',#7237,.T.);
#7239=FACETED_PRIMITIVE_FACE('',(#7238));
#7241=POLY_LOOP('',(#7235,#7236,#7240));
#7242=FACE_OUTER_BOUND('',#7241,.T.);
#7243=FACETED_PRIMITIVE_FACE('',(#7242));
#7244=POLY_LOOP('',(#7235,#7204,#7212));
#7245=FACE_OUTER_BOUND('',#7244,.T.);
#7246=FACETED_PRIMITIVE_FACE('',(#7245));
#7247=POLY_LOOP('',(#7235,#7184,#7204));
#7248=FACE_OUTER_BOUND('',#7247,.T.);
#7249=FACETED_PRIMITIVE_FACE('',(#7248));
#7250=POLY_LOOP('',(#7235,#7222,#7184));
#7251=FACE_OUTER_BOUND('',#7250,.T.);
#7252=FACETED_PRIMITIVE_FACE('',(#7251));
#7254=POLY_LOOP('',(#7253,#5285,#5274));
#7255=FACE_OUTER_BOUND('',#7254,.T.);
#7256=FACETED_PRIMITIVE_FACE('',(#7255));
#7257=POLY_LOOP('',(#7253,#7240,#6310));
#7258=FACE_OUTER_BOUND('',#7257,.T.);
#7259=FACETED_PRIMITIVE_FACE('',(#7258));
#7260=POLY_LOOP('',(#7253,#7235,#7240));
#7261=FACE_OUTER_BOUND('',#7260,.T.);
#7262=FACETED_PRIMITIVE_FACE('',(#7261));
#7263=POLY_LOOP('',(#7253,#5274,#7222));
#7264=FACE_OUTER_BOUND('',#7263,.T.);
#7265=FACETED_PRIMITIVE_FACE('',(#7264));
#7266=POLY_LOOP('',(#7253,#7222,#7235));
#7267=FACE_OUTER_BOUND('',#7266,.T.);
#7268=FACETED_PRIMITIVE_FACE('',(#7267));
#7270=POLY_LOOP('',(#7269,#5299,#5285));
#7271=FACE_OUTER_BOUND('',#7270,.T.);
#7272=FACETED_PRIMITIVE_FACE('',(#7271));
#7273=POLY_LOOP('',(#7269,#5306,#5299));
#7274=FACE_OUTER_BOUND('',#7273,.T.);
#7275=FACETED_PRIMITIVE_FACE('',(#7274));
#7276=POLY_LOOP('',(#7269,#5327,#5306));
#7277=FACE_OUTER_BOUND('',#7276,.T.);
#7278=FACETED_PRIMITIVE_FACE('',(#7277));
#7279=POLY_LOOP('',(#7269,#5285,#7253));
#7280=FACE_OUTER_BOUND('',#7279,.T.);
#7281=FACETED_PRIMITIVE_FACE('',(#7280));
#7282=POLY_LOOP('',(#7269,#7253,#6310));
#7283=FACE_OUTER_BOUND('',#7282,.T.);
#7284=FACETED_PRIMITIVE_FACE('',(#7283));
#7285=POLY_LOOP('',(#7269,#6310,#5327));
#7286=FACE_OUTER_BOUND('',#7285,.T.);
#7287=FACETED_PRIMITIVE_FACE('',(#7286));
#7288=POLY_LOOP('',(#5622,#6310,#7240));
#7289=FACE_OUTER_BOUND('',#7288,.T.);
#7290=FACETED_PRIMITIVE_FACE('',(#7289));
#7291=POLY_LOOP('',(#5622,#5348,#6310));
#7292=FACE_OUTER_BOUND('',#7291,.T.);
#7293=FACETED_PRIMITIVE_FACE('',(#7292));
#7294=POLY_LOOP('',(#5622,#5397,#5348));
#7295=FACE_OUTER_BOUND('',#7294,.T.);
#7296=FACETED_PRIMITIVE_FACE('',(#7295));
#7297=POLY_LOOP('',(#5615,#7240,#7236));
#7298=FACE_OUTER_BOUND('',#7297,.T.);
#7299=FACETED_PRIMITIVE_FACE('',(#7298));
#7300=POLY_LOOP('',(#5615,#5622,#7240));
#7301=FACE_OUTER_BOUND('',#7300,.T.);
#7302=FACETED_PRIMITIVE_FACE('',(#7301));
#7303=POLY_LOOP('',(#5611,#7236,#7212));
#7304=FACE_OUTER_BOUND('',#7303,.T.);
#7305=FACETED_PRIMITIVE_FACE('',(#7304));
#7306=POLY_LOOP('',(#5611,#5615,#7236));
#7307=FACE_OUTER_BOUND('',#7306,.T.);
#7308=FACETED_PRIMITIVE_FACE('',(#7307));
#7309=POLY_LOOP('',(#5601,#5611,#7212));
#7310=FACE_OUTER_BOUND('',#7309,.T.);
#7311=FACETED_PRIMITIVE_FACE('',(#7310));
#7312=POLY_LOOP('',(#7208,#5601,#7212));
#7313=FACE_OUTER_BOUND('',#7312,.T.);
#7314=FACETED_PRIMITIVE_FACE('',(#7313));
#7315=POLY_LOOP('',(#5594,#5601,#7208));
#7316=FACE_OUTER_BOUND('',#7315,.T.);
#7317=FACETED_PRIMITIVE_FACE('',(#7316));
#7318=POLY_LOOP('',(#7164,#5590,#5594));
#7319=FACE_OUTER_BOUND('',#7318,.T.);
#7320=FACETED_PRIMITIVE_FACE('',(#7319));
#7321=POLY_LOOP('',(#7164,#5580,#5590));
#7322=FACE_OUTER_BOUND('',#7321,.T.);
#7323=FACETED_PRIMITIVE_FACE('',(#7322));
#7324=POLY_LOOP('',(#7164,#5594,#7208));
#7325=FACE_OUTER_BOUND('',#7324,.T.);
#7326=FACETED_PRIMITIVE_FACE('',(#7325));
#7327=POLY_LOOP('',(#7160,#5576,#5580));
#7328=FACE_OUTER_BOUND('',#7327,.T.);
#7329=FACETED_PRIMITIVE_FACE('',(#7328));
#7330=POLY_LOOP('',(#7160,#5580,#7164));
#7331=FACE_OUTER_BOUND('',#7330,.T.);
#7332=FACETED_PRIMITIVE_FACE('',(#7331));
#7333=POLY_LOOP('',(#7090,#5576,#7160));
#7334=FACE_OUTER_BOUND('',#7333,.T.);
#7335=FACETED_PRIMITIVE_FACE('',(#7334));
#7336=POLY_LOOP('',(#7086,#5566,#5576));
#7337=FACE_OUTER_BOUND('',#7336,.T.);
#7338=FACETED_PRIMITIVE_FACE('',(#7337));
#7339=POLY_LOOP('',(#7086,#5576,#7090));
#7340=FACE_OUTER_BOUND('',#7339,.T.);
#7341=FACETED_PRIMITIVE_FACE('',(#7340));
#7342=POLY_LOOP('',(#7005,#5562,#5566));
#7343=FACE_OUTER_BOUND('',#7342,.T.);
#7344=FACETED_PRIMITIVE_FACE('',(#7343));
#7345=POLY_LOOP('',(#7005,#5566,#7086));
#7346=FACE_OUTER_BOUND('',#7345,.T.);
#7347=FACETED_PRIMITIVE_FACE('',(#7346));
#7348=POLY_LOOP('',(#7001,#5562,#7005));
#7349=FACE_OUTER_BOUND('',#7348,.T.);
#7350=FACETED_PRIMITIVE_FACE('',(#7349));
#7351=POLY_LOOP('',(#7001,#5552,#5562));
#7352=FACE_OUTER_BOUND('',#7351,.T.);
#7353=FACETED_PRIMITIVE_FACE('',(#7352));
#7354=POLY_LOOP('',(#7001,#5545,#5552));
#7355=FACE_OUTER_BOUND('',#7354,.T.);
#7356=FACETED_PRIMITIVE_FACE('',(#7355));
#7357=POLY_LOOP('',(#6279,#5635,#5489));
#7358=FACE_OUTER_BOUND('',#7357,.T.);
#7359=FACETED_PRIMITIVE_FACE('',(#7358));
#7360=POLY_LOOP('',(#6279,#5488,#5496));
#7361=FACE_OUTER_BOUND('',#7360,.T.);
#7362=FACETED_PRIMITIVE_FACE('',(#7361));
#7363=POLY_LOOP('',(#6279,#5489,#5488));
#7364=FACE_OUTER_BOUND('',#7363,.T.);
#7365=FACETED_PRIMITIVE_FACE('',(#7364));
#7366=POLY_LOOP('',(#6925,#5545,#7001));
#7367=FACE_OUTER_BOUND('',#7366,.T.);
#7368=FACETED_PRIMITIVE_FACE('',(#7367));
#7369=POLY_LOOP('',(#6925,#5538,#5545));
#7370=FACE_OUTER_BOUND('',#7369,.T.);
#7371=FACETED_PRIMITIVE_FACE('',(#7370));
#7372=POLY_LOOP('',(#6627,#6279,#5496));
#7373=FACE_OUTER_BOUND('',#7372,.T.);
#7374=FACETED_PRIMITIVE_FACE('',(#7373));
#7375=POLY_LOOP('',(#6921,#5538,#6925));
#7376=FACE_OUTER_BOUND('',#7375,.T.);
#7377=FACETED_PRIMITIVE_FACE('',(#7376));
#7378=POLY_LOOP('',(#6631,#6627,#5496));
#7379=FACE_OUTER_BOUND('',#7378,.T.);
#7380=FACETED_PRIMITIVE_FACE('',(#7379));
#7381=POLY_LOOP('',(#6631,#5496,#5503));
#7382=FACE_OUTER_BOUND('',#7381,.T.);
#7383=FACETED_PRIMITIVE_FACE('',(#7382));
#7384=POLY_LOOP('',(#6813,#5538,#6921));
#7385=FACE_OUTER_BOUND('',#7384,.T.);
#7386=FACETED_PRIMITIVE_FACE('',(#7385));
#7387=POLY_LOOP('',(#6813,#5531,#5538));
#7388=FACE_OUTER_BOUND('',#7387,.T.);
#7389=FACETED_PRIMITIVE_FACE('',(#7388));
#7390=POLY_LOOP('',(#6813,#5527,#5531));
#7391=FACE_OUTER_BOUND('',#7390,.T.);
#7392=FACETED_PRIMITIVE_FACE('',(#7391));
#7393=POLY_LOOP('',(#6721,#6631,#5503));
#7394=FACE_OUTER_BOUND('',#7393,.T.);
#7395=FACETED_PRIMITIVE_FACE('',(#7394));
#7396=POLY_LOOP('',(#6721,#5503,#5510));
#7397=FACE_OUTER_BOUND('',#7396,.T.);
#7398=FACETED_PRIMITIVE_FACE('',(#7397));
#7399=POLY_LOOP('',(#6809,#5527,#6813));
#7400=FACE_OUTER_BOUND('',#7399,.T.);
#7401=FACETED_PRIMITIVE_FACE('',(#7400));
#7402=POLY_LOOP('',(#6809,#5517,#5527));
#7403=FACE_OUTER_BOUND('',#7402,.T.);
#7404=FACETED_PRIMITIVE_FACE('',(#7403));
#7405=POLY_LOOP('',(#6725,#6721,#5510));
#7406=FACE_OUTER_BOUND('',#7405,.T.);
#7407=FACETED_PRIMITIVE_FACE('',(#7406));
#7408=POLY_LOOP('',(#6725,#5517,#6809));
#7409=FACE_OUTER_BOUND('',#7408,.T.);
#7410=FACETED_PRIMITIVE_FACE('',(#7409));
#7411=POLY_LOOP('',(#6725,#5510,#5517));
#7412=FACE_OUTER_BOUND('',#7411,.T.);
#7413=FACETED_PRIMITIVE_FACE('',(#7412));
#7414=POLY_LOOP('',(#5488,#5635,#6279));
#7415=FACE_OUTER_BOUND('',#7414,.T.);
#7416=FACETED_PRIMITIVE_FACE('',(#7415));
#7417=POLY_LOOP('',(#5488,#6279,#6627));
#7418=FACE_OUTER_BOUND('',#7417,.T.);
#7419=FACETED_PRIMITIVE_FACE('',(#7418));
#7420=POLY_LOOP('',(#5488,#5489,#5635));
#7421=FACE_OUTER_BOUND('',#7420,.T.);
#7422=FACETED_PRIMITIVE_FACE('',(#7421));
#7423=POLY_LOOP('',(#5496,#6627,#6631));
#7424=FACE_OUTER_BOUND('',#7423,.T.);
#7425=FACETED_PRIMITIVE_FACE('',(#7424));
#7426=POLY_LOOP('',(#5496,#5488,#6627));
#7427=FACE_OUTER_BOUND('',#7426,.T.);
#7428=FACETED_PRIMITIVE_FACE('',(#7427));
#7429=POLY_LOOP('',(#5503,#6631,#6721));
#7430=FACE_OUTER_BOUND('',#7429,.T.);
#7431=FACETED_PRIMITIVE_FACE('',(#7430));
#7432=POLY_LOOP('',(#5503,#5496,#6631));
#7433=FACE_OUTER_BOUND('',#7432,.T.);
#7434=FACETED_PRIMITIVE_FACE('',(#7433));
#7435=POLY_LOOP('',(#5510,#5503,#6721));
#7436=FACE_OUTER_BOUND('',#7435,.T.);
#7437=FACETED_PRIMITIVE_FACE('',(#7436));
#7438=POLY_LOOP('',(#6725,#5510,#6721));
#7439=FACE_OUTER_BOUND('',#7438,.T.);
#7440=FACETED_PRIMITIVE_FACE('',(#7439));
#7441=POLY_LOOP('',(#5517,#5510,#6725));
#7442=FACE_OUTER_BOUND('',#7441,.T.);
#7443=FACETED_PRIMITIVE_FACE('',(#7442));
#7444=POLY_LOOP('',(#6809,#5527,#5517));
#7445=FACE_OUTER_BOUND('',#7444,.T.);
#7446=FACETED_PRIMITIVE_FACE('',(#7445));
#7447=POLY_LOOP('',(#6809,#5517,#6725));
#7448=FACE_OUTER_BOUND('',#7447,.T.);
#7449=FACETED_PRIMITIVE_FACE('',(#7448));
#7450=POLY_LOOP('',(#6813,#5531,#5527));
#7451=FACE_OUTER_BOUND('',#7450,.T.);
#7452=FACETED_PRIMITIVE_FACE('',(#7451));
#7453=POLY_LOOP('',(#6813,#5527,#6809));
#7454=FACE_OUTER_BOUND('',#7453,.T.);
#7455=FACETED_PRIMITIVE_FACE('',(#7454));
#7456=POLY_LOOP('',(#6921,#5545,#5538));
#7457=FACE_OUTER_BOUND('',#7456,.T.);
#7458=FACETED_PRIMITIVE_FACE('',(#7457));
#7459=POLY_LOOP('',(#6921,#5538,#5531));
#7460=FACE_OUTER_BOUND('',#7459,.T.);
#7461=FACETED_PRIMITIVE_FACE('',(#7460));
#7462=POLY_LOOP('',(#6921,#5531,#6813));
#7463=FACE_OUTER_BOUND('',#7462,.T.);
#7464=FACETED_PRIMITIVE_FACE('',(#7463));
#7465=POLY_LOOP('',(#6925,#5545,#6921));
#7466=FACE_OUTER_BOUND('',#7465,.T.);
#7467=FACETED_PRIMITIVE_FACE('',(#7466));
#7468=POLY_LOOP('',(#7001,#5545,#6925));
#7469=FACE_OUTER_BOUND('',#7468,.T.);
#7470=FACETED_PRIMITIVE_FACE('',(#7469));
#7471=POLY_LOOP('',(#7001,#5562,#5552));
#7472=FACE_OUTER_BOUND('',#7471,.T.);
#7473=FACETED_PRIMITIVE_FACE('',(#7472));
#7474=POLY_LOOP('',(#7001,#5552,#5545));
#7475=FACE_OUTER_BOUND('',#7474,.T.);
#7476=FACETED_PRIMITIVE_FACE('',(#7475));
#7477=POLY_LOOP('',(#7005,#5562,#7001));
#7478=FACE_OUTER_BOUND('',#7477,.T.);
#7479=FACETED_PRIMITIVE_FACE('',(#7478));
#7480=POLY_LOOP('',(#6310,#5397,#5622));
#7481=FACE_OUTER_BOUND('',#7480,.T.);
#7482=FACETED_PRIMITIVE_FACE('',(#7481));
#7483=POLY_LOOP('',(#6310,#5348,#5397));
#7484=FACE_OUTER_BOUND('',#7483,.T.);
#7485=FACETED_PRIMITIVE_FACE('',(#7484));
#7486=POLY_LOOP('',(#7086,#5576,#5566));
#7487=FACE_OUTER_BOUND('',#7486,.T.);
#7488=FACETED_PRIMITIVE_FACE('',(#7487));
#7489=POLY_LOOP('',(#7086,#5566,#5562));
#7490=FACE_OUTER_BOUND('',#7489,.T.);
#7491=FACETED_PRIMITIVE_FACE('',(#7490));
#7492=POLY_LOOP('',(#7086,#5562,#7005));
#7493=FACE_OUTER_BOUND('',#7492,.T.);
#7494=FACETED_PRIMITIVE_FACE('',(#7493));
#7495=POLY_LOOP('',(#7240,#5622,#5615));
#7496=FACE_OUTER_BOUND('',#7495,.T.);
#7497=FACETED_PRIMITIVE_FACE('',(#7496));
#7498=POLY_LOOP('',(#7240,#6310,#5622));
#7499=FACE_OUTER_BOUND('',#7498,.T.);
#7500=FACETED_PRIMITIVE_FACE('',(#7499));
#7501=POLY_LOOP('',(#7090,#5576,#7086));
#7502=FACE_OUTER_BOUND('',#7501,.T.);
#7503=FACETED_PRIMITIVE_FACE('',(#7502));
#7504=POLY_LOOP('',(#7236,#5615,#5611));
#7505=FACE_OUTER_BOUND('',#7504,.T.);
#7506=FACETED_PRIMITIVE_FACE('',(#7505));
#7507=POLY_LOOP('',(#7236,#7240,#5615));
#7508=FACE_OUTER_BOUND('',#7507,.T.);
#7509=FACETED_PRIMITIVE_FACE('',(#7508));
#7510=POLY_LOOP('',(#7160,#5590,#5580));
#7511=FACE_OUTER_BOUND('',#7510,.T.);
#7512=FACETED_PRIMITIVE_FACE('',(#7511));
#7513=POLY_LOOP('',(#7160,#5580,#5576));
#7514=FACE_OUTER_BOUND('',#7513,.T.);
#7515=FACETED_PRIMITIVE_FACE('',(#7514));
#7516=POLY_LOOP('',(#7160,#5576,#7090));
#7517=FACE_OUTER_BOUND('',#7516,.T.);
#7518=FACETED_PRIMITIVE_FACE('',(#7517));
#7519=POLY_LOOP('',(#7212,#7236,#5611));
#7520=FACE_OUTER_BOUND('',#7519,.T.);
#7521=FACETED_PRIMITIVE_FACE('',(#7520));
#7522=POLY_LOOP('',(#7212,#5611,#5601));
#7523=FACE_OUTER_BOUND('',#7522,.T.);
#7524=FACETED_PRIMITIVE_FACE('',(#7523));
#7525=POLY_LOOP('',(#7164,#5590,#7160));
#7526=FACE_OUTER_BOUND('',#7525,.T.);
#7527=FACETED_PRIMITIVE_FACE('',(#7526));
#7528=POLY_LOOP('',(#7164,#5594,#5590));
#7529=FACE_OUTER_BOUND('',#7528,.T.);
#7530=FACETED_PRIMITIVE_FACE('',(#7529));
#7531=POLY_LOOP('',(#7208,#7212,#5601));
#7532=FACE_OUTER_BOUND('',#7531,.T.);
#7533=FACETED_PRIMITIVE_FACE('',(#7532));
#7534=POLY_LOOP('',(#7208,#5601,#5594));
#7535=FACE_OUTER_BOUND('',#7534,.T.);
#7536=FACETED_PRIMITIVE_FACE('',(#7535));
#7537=POLY_LOOP('',(#7208,#5594,#7164));
#7538=FACE_OUTER_BOUND('',#7537,.T.);
#7539=FACETED_PRIMITIVE_FACE('',(#7538));
#7541=POLY_LOOP('',(#6279,#5635,#7540));
#7542=FACE_OUTER_BOUND('',#7541,.T.);
#7543=FACETED_PRIMITIVE_FACE('',(#7542));
#7545=POLY_LOOP('',(#6279,#7540,#7544));
#7546=FACE_OUTER_BOUND('',#7545,.T.);
#7547=FACETED_PRIMITIVE_FACE('',(#7546));
#7549=POLY_LOOP('',(#6279,#7544,#7548));
#7550=FACE_OUTER_BOUND('',#7549,.T.);
#7551=FACETED_PRIMITIVE_FACE('',(#7550));
#7553=POLY_LOOP('',(#6279,#7548,#7552));
#7554=FACE_OUTER_BOUND('',#7553,.T.);
#7555=FACETED_PRIMITIVE_FACE('',(#7554));
#7558=POLY_LOOP('',(#6121,#7556,#7557));
#7559=FACE_OUTER_BOUND('',#7558,.T.);
#7560=FACETED_PRIMITIVE_FACE('',(#7559));
#7562=POLY_LOOP('',(#6121,#7557,#7561));
#7563=FACE_OUTER_BOUND('',#7562,.T.);
#7564=FACETED_PRIMITIVE_FACE('',(#7563));
#7566=POLY_LOOP('',(#6121,#7561,#7565));
#7567=FACE_OUTER_BOUND('',#7566,.T.);
#7568=FACETED_PRIMITIVE_FACE('',(#7567));
#7569=POLY_LOOP('',(#6121,#7565,#5751));
#7570=FACE_OUTER_BOUND('',#7569,.T.);
#7571=FACETED_PRIMITIVE_FACE('',(#7570));
#7573=POLY_LOOP('',(#7572,#5348,#6310));
#7574=FACE_OUTER_BOUND('',#7573,.T.);
#7575=FACETED_PRIMITIVE_FACE('',(#7574));
#7577=POLY_LOOP('',(#7576,#7572,#6310));
#7578=FACE_OUTER_BOUND('',#7577,.T.);
#7579=FACETED_PRIMITIVE_FACE('',(#7578));
#7581=POLY_LOOP('',(#7580,#7576,#6310));
#7582=FACE_OUTER_BOUND('',#7581,.T.);
#7583=FACETED_PRIMITIVE_FACE('',(#7582));
#7585=POLY_LOOP('',(#7584,#7580,#6310));
#7586=FACE_OUTER_BOUND('',#7585,.T.);
#7587=FACETED_PRIMITIVE_FACE('',(#7586));
#7589=POLY_LOOP('',(#7588,#6310,#7240));
#7590=FACE_OUTER_BOUND('',#7589,.T.);
#7591=FACETED_PRIMITIVE_FACE('',(#7590));
#7592=POLY_LOOP('',(#7588,#7584,#6310));
#7593=FACE_OUTER_BOUND('',#7592,.T.);
#7594=FACETED_PRIMITIVE_FACE('',(#7593));
#7597=POLY_LOOP('',(#7595,#7596,#6198));
#7598=FACE_OUTER_BOUND('',#7597,.T.);
#7599=FACETED_PRIMITIVE_FACE('',(#7598));
#7600=POLY_LOOP('',(#5474,#7595,#6198));
#7601=FACE_OUTER_BOUND('',#7600,.T.);
#7602=FACETED_PRIMITIVE_FACE('',(#7601));
#7604=POLY_LOOP('',(#7603,#6627,#6279));
#7605=FACE_OUTER_BOUND('',#7604,.T.);
#7606=FACETED_PRIMITIVE_FACE('',(#7605));
#7607=POLY_LOOP('',(#7603,#6631,#6627));
#7608=FACE_OUTER_BOUND('',#7607,.T.);
#7609=FACETED_PRIMITIVE_FACE('',(#7608));
#7610=POLY_LOOP('',(#7603,#6279,#7552));
#7611=FACE_OUTER_BOUND('',#7610,.T.);
#7612=FACETED_PRIMITIVE_FACE('',(#7611));
#7614=POLY_LOOP('',(#7603,#7552,#7613));
#7615=FACE_OUTER_BOUND('',#7614,.T.);
#7616=FACETED_PRIMITIVE_FACE('',(#7615));
#7618=POLY_LOOP('',(#7603,#7613,#7617));
#7619=FACE_OUTER_BOUND('',#7618,.T.);
#7620=FACETED_PRIMITIVE_FACE('',(#7619));
#7622=POLY_LOOP('',(#7621,#7603,#7617));
#7623=FACE_OUTER_BOUND('',#7622,.T.);
#7624=FACETED_PRIMITIVE_FACE('',(#7623));
#7626=POLY_LOOP('',(#7621,#7617,#7625));
#7627=FACE_OUTER_BOUND('',#7626,.T.);
#7628=FACETED_PRIMITIVE_FACE('',(#7627));
#7630=POLY_LOOP('',(#7621,#7625,#7629));
#7631=FACE_OUTER_BOUND('',#7630,.T.);
#7632=FACETED_PRIMITIVE_FACE('',(#7631));
#7634=POLY_LOOP('',(#7633,#6721,#6631));
#7635=FACE_OUTER_BOUND('',#7634,.T.);
#7636=FACETED_PRIMITIVE_FACE('',(#7635));
#7637=POLY_LOOP('',(#7633,#6725,#6721));
#7638=FACE_OUTER_BOUND('',#7637,.T.);
#7639=FACETED_PRIMITIVE_FACE('',(#7638));
#7640=POLY_LOOP('',(#7633,#6631,#7603));
#7641=FACE_OUTER_BOUND('',#7640,.T.);
#7642=FACETED_PRIMITIVE_FACE('',(#7641));
#7643=POLY_LOOP('',(#7633,#7603,#7621));
#7644=FACE_OUTER_BOUND('',#7643,.T.);
#7645=FACETED_PRIMITIVE_FACE('',(#7644));
#7647=POLY_LOOP('',(#7646,#7621,#7629));
#7648=FACE_OUTER_BOUND('',#7647,.T.);
#7649=FACETED_PRIMITIVE_FACE('',(#7648));
#7651=POLY_LOOP('',(#7646,#7629,#7650));
#7652=FACE_OUTER_BOUND('',#7651,.T.);
#7653=FACETED_PRIMITIVE_FACE('',(#7652));
#7655=POLY_LOOP('',(#7646,#7650,#7654));
#7656=FACE_OUTER_BOUND('',#7655,.T.);
#7657=FACETED_PRIMITIVE_FACE('',(#7656));
#7659=POLY_LOOP('',(#7658,#7633,#7621));
#7660=FACE_OUTER_BOUND('',#7659,.T.);
#7661=FACETED_PRIMITIVE_FACE('',(#7660));
#7662=POLY_LOOP('',(#7658,#7621,#7646));
#7663=FACE_OUTER_BOUND('',#7662,.T.);
#7664=FACETED_PRIMITIVE_FACE('',(#7663));
#7666=POLY_LOOP('',(#7665,#7646,#7654));
#7667=FACE_OUTER_BOUND('',#7666,.T.);
#7668=FACETED_PRIMITIVE_FACE('',(#7667));
#7670=POLY_LOOP('',(#7665,#7654,#7669));
#7671=FACE_OUTER_BOUND('',#7670,.T.);
#7672=FACETED_PRIMITIVE_FACE('',(#7671));
#7674=POLY_LOOP('',(#7665,#7669,#7673));
#7675=FACE_OUTER_BOUND('',#7674,.T.);
#7676=FACETED_PRIMITIVE_FACE('',(#7675));
#7678=POLY_LOOP('',(#7677,#6809,#6725));
#7679=FACE_OUTER_BOUND('',#7678,.T.);
#7680=FACETED_PRIMITIVE_FACE('',(#7679));
#7681=POLY_LOOP('',(#7677,#6813,#6809));
#7682=FACE_OUTER_BOUND('',#7681,.T.);
#7683=FACETED_PRIMITIVE_FACE('',(#7682));
#7684=POLY_LOOP('',(#7677,#6725,#7633));
#7685=FACE_OUTER_BOUND('',#7684,.T.);
#7686=FACETED_PRIMITIVE_FACE('',(#7685));
#7688=POLY_LOOP('',(#7687,#7658,#7646));
#7689=FACE_OUTER_BOUND('',#7688,.T.);
#7690=FACETED_PRIMITIVE_FACE('',(#7689));
#7692=POLY_LOOP('',(#7691,#7665,#7673));
#7693=FACE_OUTER_BOUND('',#7692,.T.);
#7694=FACETED_PRIMITIVE_FACE('',(#7693));
#7696=POLY_LOOP('',(#7691,#7673,#7695));
#7697=FACE_OUTER_BOUND('',#7696,.T.);
#7698=FACETED_PRIMITIVE_FACE('',(#7697));
#7700=POLY_LOOP('',(#7691,#7695,#7699));
#7701=FACE_OUTER_BOUND('',#7700,.T.);
#7702=FACETED_PRIMITIVE_FACE('',(#7701));
#7704=POLY_LOOP('',(#7703,#7633,#7658));
#7705=FACE_OUTER_BOUND('',#7704,.T.);
#7706=FACETED_PRIMITIVE_FACE('',(#7705));
#7707=POLY_LOOP('',(#7703,#7677,#7633));
#7708=FACE_OUTER_BOUND('',#7707,.T.);
#7709=FACETED_PRIMITIVE_FACE('',(#7708));
#7711=POLY_LOOP('',(#7710,#7646,#7665));
#7712=FACE_OUTER_BOUND('',#7711,.T.);
#7713=FACETED_PRIMITIVE_FACE('',(#7712));
#7714=POLY_LOOP('',(#7710,#7687,#7646));
#7715=FACE_OUTER_BOUND('',#7714,.T.);
#7716=FACETED_PRIMITIVE_FACE('',(#7715));
#7718=POLY_LOOP('',(#7717,#7691,#7699));
#7719=FACE_OUTER_BOUND('',#7718,.T.);
#7720=FACETED_PRIMITIVE_FACE('',(#7719));
#7722=POLY_LOOP('',(#7717,#7699,#7721));
#7723=FACE_OUTER_BOUND('',#7722,.T.);
#7724=FACETED_PRIMITIVE_FACE('',(#7723));
#7726=POLY_LOOP('',(#7717,#7721,#7725));
#7727=FACE_OUTER_BOUND('',#7726,.T.);
#7728=FACETED_PRIMITIVE_FACE('',(#7727));
#7730=POLY_LOOP('',(#7729,#6921,#6813));
#7731=FACE_OUTER_BOUND('',#7730,.T.);
#7732=FACETED_PRIMITIVE_FACE('',(#7731));
#7733=POLY_LOOP('',(#7729,#6925,#6921));
#7734=FACE_OUTER_BOUND('',#7733,.T.);
#7735=FACETED_PRIMITIVE_FACE('',(#7734));
#7736=POLY_LOOP('',(#7729,#7677,#7703));
#7737=FACE_OUTER_BOUND('',#7736,.T.);
#7738=FACETED_PRIMITIVE_FACE('',(#7737));
#7739=POLY_LOOP('',(#7729,#6813,#7677));
#7740=FACE_OUTER_BOUND('',#7739,.T.);
#7741=FACETED_PRIMITIVE_FACE('',(#7740));
#7743=POLY_LOOP('',(#7742,#7658,#7687));
#7744=FACE_OUTER_BOUND('',#7743,.T.);
#7745=FACETED_PRIMITIVE_FACE('',(#7744));
#7746=POLY_LOOP('',(#7742,#7687,#7710));
#7747=FACE_OUTER_BOUND('',#7746,.T.);
#7748=FACETED_PRIMITIVE_FACE('',(#7747));
#7749=POLY_LOOP('',(#7742,#7703,#7658));
#7750=FACE_OUTER_BOUND('',#7749,.T.);
#7751=FACETED_PRIMITIVE_FACE('',(#7750));
#7753=POLY_LOOP('',(#7752,#7710,#7665));
#7754=FACE_OUTER_BOUND('',#7753,.T.);
#7755=FACETED_PRIMITIVE_FACE('',(#7754));
#7756=POLY_LOOP('',(#7752,#7665,#7691));
#7757=FACE_OUTER_BOUND('',#7756,.T.);
#7758=FACETED_PRIMITIVE_FACE('',(#7757));
#7759=POLY_LOOP('',(#7752,#7691,#7717));
#7760=FACE_OUTER_BOUND('',#7759,.T.);
#7761=FACETED_PRIMITIVE_FACE('',(#7760));
#7763=POLY_LOOP('',(#7762,#7717,#7725));
#7764=FACE_OUTER_BOUND('',#7763,.T.);
#7765=FACETED_PRIMITIVE_FACE('',(#7764));
#7767=POLY_LOOP('',(#7762,#7725,#7766));
#7768=FACE_OUTER_BOUND('',#7767,.T.);
#7769=FACETED_PRIMITIVE_FACE('',(#7768));
#7771=POLY_LOOP('',(#7762,#7766,#7770));
#7772=FACE_OUTER_BOUND('',#7771,.T.);
#7773=FACETED_PRIMITIVE_FACE('',(#7772));
#7775=POLY_LOOP('',(#7774,#7729,#7703));
#7776=FACE_OUTER_BOUND('',#7775,.T.);
#7777=FACETED_PRIMITIVE_FACE('',(#7776));
#7779=POLY_LOOP('',(#7778,#7742,#7710));
#7780=FACE_OUTER_BOUND('',#7779,.T.);
#7781=FACETED_PRIMITIVE_FACE('',(#7780));
#7782=POLY_LOOP('',(#7778,#7710,#7752));
#7783=FACE_OUTER_BOUND('',#7782,.T.);
#7784=FACETED_PRIMITIVE_FACE('',(#7783));
#7786=POLY_LOOP('',(#7785,#7752,#7717));
#7787=FACE_OUTER_BOUND('',#7786,.T.);
#7788=FACETED_PRIMITIVE_FACE('',(#7787));
#7790=POLY_LOOP('',(#7789,#7762,#7770));
#7791=FACE_OUTER_BOUND('',#7790,.T.);
#7792=FACETED_PRIMITIVE_FACE('',(#7791));
#7794=POLY_LOOP('',(#7789,#7770,#7793));
#7795=FACE_OUTER_BOUND('',#7794,.T.);
#7796=FACETED_PRIMITIVE_FACE('',(#7795));
#7798=POLY_LOOP('',(#7789,#7793,#7797));
#7799=FACE_OUTER_BOUND('',#7798,.T.);
#7800=FACETED_PRIMITIVE_FACE('',(#7799));
#7802=POLY_LOOP('',(#7801,#7001,#6925));
#7803=FACE_OUTER_BOUND('',#7802,.T.);
#7804=FACETED_PRIMITIVE_FACE('',(#7803));
#7805=POLY_LOOP('',(#7801,#7005,#7001));
#7806=FACE_OUTER_BOUND('',#7805,.T.);
#7807=FACETED_PRIMITIVE_FACE('',(#7806));
#7808=POLY_LOOP('',(#7801,#6925,#7729));
#7809=FACE_OUTER_BOUND('',#7808,.T.);
#7810=FACETED_PRIMITIVE_FACE('',(#7809));
#7812=POLY_LOOP('',(#7811,#7774,#7703));
#7813=FACE_OUTER_BOUND('',#7812,.T.);
#7814=FACETED_PRIMITIVE_FACE('',(#7813));
#7815=POLY_LOOP('',(#7811,#7703,#7742));
#7816=FACE_OUTER_BOUND('',#7815,.T.);
#7817=FACETED_PRIMITIVE_FACE('',(#7816));
#7819=POLY_LOOP('',(#7818,#7778,#7752));
#7820=FACE_OUTER_BOUND('',#7819,.T.);
#7821=FACETED_PRIMITIVE_FACE('',(#7820));
#7823=POLY_LOOP('',(#7822,#7717,#7762));
#7824=FACE_OUTER_BOUND('',#7823,.T.);
#7825=FACETED_PRIMITIVE_FACE('',(#7824));
#7826=POLY_LOOP('',(#7822,#7785,#7717));
#7827=FACE_OUTER_BOUND('',#7826,.T.);
#7828=FACETED_PRIMITIVE_FACE('',(#7827));
#7830=POLY_LOOP('',(#7829,#7789,#7797));
#7831=FACE_OUTER_BOUND('',#7830,.T.);
#7832=FACETED_PRIMITIVE_FACE('',(#7831));
#7834=POLY_LOOP('',(#7829,#7797,#7833));
#7835=FACE_OUTER_BOUND('',#7834,.T.);
#7836=FACETED_PRIMITIVE_FACE('',(#7835));
#7838=POLY_LOOP('',(#7829,#7833,#7837));
#7839=FACE_OUTER_BOUND('',#7838,.T.);
#7840=FACETED_PRIMITIVE_FACE('',(#7839));
#7842=POLY_LOOP('',(#7841,#7801,#7729));
#7843=FACE_OUTER_BOUND('',#7842,.T.);
#7844=FACETED_PRIMITIVE_FACE('',(#7843));
#7845=POLY_LOOP('',(#7841,#7729,#7774));
#7846=FACE_OUTER_BOUND('',#7845,.T.);
#7847=FACETED_PRIMITIVE_FACE('',(#7846));
#7849=POLY_LOOP('',(#7848,#7742,#7778));
#7850=FACE_OUTER_BOUND('',#7849,.T.);
#7851=FACETED_PRIMITIVE_FACE('',(#7850));
#7852=POLY_LOOP('',(#7848,#7811,#7742));
#7853=FACE_OUTER_BOUND('',#7852,.T.);
#7854=FACETED_PRIMITIVE_FACE('',(#7853));
#7856=POLY_LOOP('',(#7855,#7752,#7785));
#7857=FACE_OUTER_BOUND('',#7856,.T.);
#7858=FACETED_PRIMITIVE_FACE('',(#7857));
#7859=POLY_LOOP('',(#7855,#7818,#7752));
#7860=FACE_OUTER_BOUND('',#7859,.T.);
#7861=FACETED_PRIMITIVE_FACE('',(#7860));
#7863=POLY_LOOP('',(#7862,#7822,#7762));
#7864=FACE_OUTER_BOUND('',#7863,.T.);
#7865=FACETED_PRIMITIVE_FACE('',(#7864));
#7866=POLY_LOOP('',(#7862,#7762,#7789));
#7867=FACE_OUTER_BOUND('',#7866,.T.);
#7868=FACETED_PRIMITIVE_FACE('',(#7867));
#7870=POLY_LOOP('',(#7869,#7829,#7837));
#7871=FACE_OUTER_BOUND('',#7870,.T.);
#7872=FACETED_PRIMITIVE_FACE('',(#7871));
#7874=POLY_LOOP('',(#7869,#7837,#7873));
#7875=FACE_OUTER_BOUND('',#7874,.T.);
#7876=FACETED_PRIMITIVE_FACE('',(#7875));
#7878=POLY_LOOP('',(#7869,#7873,#7877));
#7879=FACE_OUTER_BOUND('',#7878,.T.);
#7880=FACETED_PRIMITIVE_FACE('',(#7879));
#7882=POLY_LOOP('',(#7881,#7086,#7005));
#7883=FACE_OUTER_BOUND('',#7882,.T.);
#7884=FACETED_PRIMITIVE_FACE('',(#7883));
#7885=POLY_LOOP('',(#7881,#7090,#7086));
#7886=FACE_OUTER_BOUND('',#7885,.T.);
#7887=FACETED_PRIMITIVE_FACE('',(#7886));
#7888=POLY_LOOP('',(#7881,#7005,#7801));
#7889=FACE_OUTER_BOUND('',#7888,.T.);
#7890=FACETED_PRIMITIVE_FACE('',(#7889));
#7892=POLY_LOOP('',(#7891,#7841,#7774));
#7893=FACE_OUTER_BOUND('',#7892,.T.);
#7894=FACETED_PRIMITIVE_FACE('',(#7893));
#7895=POLY_LOOP('',(#7891,#7774,#7811));
#7896=FACE_OUTER_BOUND('',#7895,.T.);
#7897=FACETED_PRIMITIVE_FACE('',(#7896));
#7898=POLY_LOOP('',(#7891,#7811,#7848));
#7899=FACE_OUTER_BOUND('',#7898,.T.);
#7900=FACETED_PRIMITIVE_FACE('',(#7899));
#7902=POLY_LOOP('',(#7901,#7778,#7818));
#7903=FACE_OUTER_BOUND('',#7902,.T.);
#7904=FACETED_PRIMITIVE_FACE('',(#7903));
#7905=POLY_LOOP('',(#7901,#7848,#7778));
#7906=FACE_OUTER_BOUND('',#7905,.T.);
#7907=FACETED_PRIMITIVE_FACE('',(#7906));
#7909=POLY_LOOP('',(#7908,#7785,#7822));
#7910=FACE_OUTER_BOUND('',#7909,.T.);
#7911=FACETED_PRIMITIVE_FACE('',(#7910));
#7912=POLY_LOOP('',(#7908,#7855,#7785));
#7913=FACE_OUTER_BOUND('',#7912,.T.);
#7914=FACETED_PRIMITIVE_FACE('',(#7913));
#7916=POLY_LOOP('',(#7915,#7862,#7789));
#7917=FACE_OUTER_BOUND('',#7916,.T.);
#7918=FACETED_PRIMITIVE_FACE('',(#7917));
#7919=POLY_LOOP('',(#7915,#7789,#7829));
#7920=FACE_OUTER_BOUND('',#7919,.T.);
#7921=FACETED_PRIMITIVE_FACE('',(#7920));
#7923=POLY_LOOP('',(#7922,#7801,#7841));
#7924=FACE_OUTER_BOUND('',#7923,.T.);
#7925=FACETED_PRIMITIVE_FACE('',(#7924));
#7926=POLY_LOOP('',(#7922,#7881,#7801));
#7927=FACE_OUTER_BOUND('',#7926,.T.);
#7928=FACETED_PRIMITIVE_FACE('',(#7927));
#7930=POLY_LOOP('',(#7929,#7869,#7877));
#7931=FACE_OUTER_BOUND('',#7930,.T.);
#7932=FACETED_PRIMITIVE_FACE('',(#7931));
#7933=POLY_LOOP('',(#7929,#6121,#6125));
#7934=FACE_OUTER_BOUND('',#7933,.T.);
#7935=FACETED_PRIMITIVE_FACE('',(#7934));
#7936=POLY_LOOP('',(#7929,#6125,#6132));
#7937=FACE_OUTER_BOUND('',#7936,.T.);
#7938=FACETED_PRIMITIVE_FACE('',(#7937));
#7939=POLY_LOOP('',(#7929,#7556,#6121));
#7940=FACE_OUTER_BOUND('',#7939,.T.);
#7941=FACETED_PRIMITIVE_FACE('',(#7940));
#7942=POLY_LOOP('',(#7929,#7877,#7556));
#7943=FACE_OUTER_BOUND('',#7942,.T.);
#7944=FACETED_PRIMITIVE_FACE('',(#7943));
#7946=POLY_LOOP('',(#7945,#7891,#7848));
#7947=FACE_OUTER_BOUND('',#7946,.T.);
#7948=FACETED_PRIMITIVE_FACE('',(#7947));
#7950=POLY_LOOP('',(#7949,#7818,#7855));
#7951=FACE_OUTER_BOUND('',#7950,.T.);
#7952=FACETED_PRIMITIVE_FACE('',(#7951));
#7953=POLY_LOOP('',(#7949,#7901,#7818));
#7954=FACE_OUTER_BOUND('',#7953,.T.);
#7955=FACETED_PRIMITIVE_FACE('',(#7954));
#7957=POLY_LOOP('',(#7956,#7862,#7915));
#7958=FACE_OUTER_BOUND('',#7957,.T.);
#7959=FACETED_PRIMITIVE_FACE('',(#7958));
#7960=POLY_LOOP('',(#7956,#7908,#7822));
#7961=FACE_OUTER_BOUND('',#7960,.T.);
#7962=FACETED_PRIMITIVE_FACE('',(#7961));
#7963=POLY_LOOP('',(#7956,#7822,#7862));
#7964=FACE_OUTER_BOUND('',#7963,.T.);
#7965=FACETED_PRIMITIVE_FACE('',(#7964));
#7967=POLY_LOOP('',(#7966,#7869,#7929));
#7968=FACE_OUTER_BOUND('',#7967,.T.);
#7969=FACETED_PRIMITIVE_FACE('',(#7968));
#7970=POLY_LOOP('',(#7966,#7915,#7829));
#7971=FACE_OUTER_BOUND('',#7970,.T.);
#7972=FACETED_PRIMITIVE_FACE('',(#7971));
#7973=POLY_LOOP('',(#7966,#7829,#7869));
#7974=FACE_OUTER_BOUND('',#7973,.T.);
#7975=FACETED_PRIMITIVE_FACE('',(#7974));
#7977=POLY_LOOP('',(#7976,#7090,#7881));
#7978=FACE_OUTER_BOUND('',#7977,.T.);
#7979=FACETED_PRIMITIVE_FACE('',(#7978));
#7980=POLY_LOOP('',(#7976,#7160,#7090));
#7981=FACE_OUTER_BOUND('',#7980,.T.);
#7982=FACETED_PRIMITIVE_FACE('',(#7981));
#7983=POLY_LOOP('',(#7976,#7164,#7160));
#7984=FACE_OUTER_BOUND('',#7983,.T.);
#7985=FACETED_PRIMITIVE_FACE('',(#7984));
#7987=POLY_LOOP('',(#7986,#7841,#7891));
#7988=FACE_OUTER_BOUND('',#7987,.T.);
#7989=FACETED_PRIMITIVE_FACE('',(#7988));
#7990=POLY_LOOP('',(#7986,#7922,#7841));
#7991=FACE_OUTER_BOUND('',#7990,.T.);
#7992=FACETED_PRIMITIVE_FACE('',(#7991));
#7994=POLY_LOOP('',(#7993,#7945,#7848));
#7995=FACE_OUTER_BOUND('',#7994,.T.);
#7996=FACETED_PRIMITIVE_FACE('',(#7995));
#7997=POLY_LOOP('',(#7993,#7848,#7901));
#7998=FACE_OUTER_BOUND('',#7997,.T.);
#7999=FACETED_PRIMITIVE_FACE('',(#7998));
#8001=POLY_LOOP('',(#8000,#7855,#7908));
#8002=FACE_OUTER_BOUND('',#8001,.T.);
#8003=FACETED_PRIMITIVE_FACE('',(#8002));
#8004=POLY_LOOP('',(#8000,#7949,#7855));
#8005=FACE_OUTER_BOUND('',#8004,.T.);
#8006=FACETED_PRIMITIVE_FACE('',(#8005));
#8008=POLY_LOOP('',(#8007,#7956,#7915));
#8009=FACE_OUTER_BOUND('',#8008,.T.);
#8010=FACETED_PRIMITIVE_FACE('',(#8009));
#8012=POLY_LOOP('',(#8011,#7922,#7986));
#8013=FACE_OUTER_BOUND('',#8012,.T.);
#8014=FACETED_PRIMITIVE_FACE('',(#8013));
#8015=POLY_LOOP('',(#8011,#7976,#7881));
#8016=FACE_OUTER_BOUND('',#8015,.T.);
#8017=FACETED_PRIMITIVE_FACE('',(#8016));
#8018=POLY_LOOP('',(#8011,#7881,#7922));
#8019=FACE_OUTER_BOUND('',#8018,.T.);
#8020=FACETED_PRIMITIVE_FACE('',(#8019));
#8022=POLY_LOOP('',(#8021,#7929,#6132));
#8023=FACE_OUTER_BOUND('',#8022,.T.);
#8024=FACETED_PRIMITIVE_FACE('',(#8023));
#8025=POLY_LOOP('',(#8021,#7966,#7929));
#8026=FACE_OUTER_BOUND('',#8025,.T.);
#8027=FACETED_PRIMITIVE_FACE('',(#8026));
#8028=POLY_LOOP('',(#8021,#6132,#6139));
#8029=FACE_OUTER_BOUND('',#8028,.T.);
#8030=FACETED_PRIMITIVE_FACE('',(#8029));
#8031=POLY_LOOP('',(#8021,#6139,#6149));
#8032=FACE_OUTER_BOUND('',#8031,.T.);
#8033=FACETED_PRIMITIVE_FACE('',(#8032));
#8035=POLY_LOOP('',(#8034,#7986,#7891));
#8036=FACE_OUTER_BOUND('',#8035,.T.);
#8037=FACETED_PRIMITIVE_FACE('',(#8036));
#8038=POLY_LOOP('',(#8034,#7891,#7945));
#8039=FACE_OUTER_BOUND('',#8038,.T.);
#8040=FACETED_PRIMITIVE_FACE('',(#8039));
#8041=POLY_LOOP('',(#8034,#7945,#7993));
#8042=FACE_OUTER_BOUND('',#8041,.T.);
#8043=FACETED_PRIMITIVE_FACE('',(#8042));
#8045=POLY_LOOP('',(#8044,#7993,#7901));
#8046=FACE_OUTER_BOUND('',#8045,.T.);
#8047=FACETED_PRIMITIVE_FACE('',(#8046));
#8048=POLY_LOOP('',(#8044,#7901,#7949));
#8049=FACE_OUTER_BOUND('',#8048,.T.);
#8050=FACETED_PRIMITIVE_FACE('',(#8049));
#8052=POLY_LOOP('',(#8051,#8000,#7908));
#8053=FACE_OUTER_BOUND('',#8052,.T.);
#8054=FACETED_PRIMITIVE_FACE('',(#8053));
#8055=POLY_LOOP('',(#8051,#7956,#8007));
#8056=FACE_OUTER_BOUND('',#8055,.T.);
#8057=FACETED_PRIMITIVE_FACE('',(#8056));
#8058=POLY_LOOP('',(#8051,#7908,#7956));
#8059=FACE_OUTER_BOUND('',#8058,.T.);
#8060=FACETED_PRIMITIVE_FACE('',(#8059));
#8062=POLY_LOOP('',(#8061,#8007,#7915));
#8063=FACE_OUTER_BOUND('',#8062,.T.);
#8064=FACETED_PRIMITIVE_FACE('',(#8063));
#8065=POLY_LOOP('',(#8061,#7915,#7966));
#8066=FACE_OUTER_BOUND('',#8065,.T.);
#8067=FACETED_PRIMITIVE_FACE('',(#8066));
#8069=POLY_LOOP('',(#8068,#7208,#7164));
#8070=FACE_OUTER_BOUND('',#8069,.T.);
#8071=FACETED_PRIMITIVE_FACE('',(#8070));
#8072=POLY_LOOP('',(#8068,#7212,#7208));
#8073=FACE_OUTER_BOUND('',#8072,.T.);
#8074=FACETED_PRIMITIVE_FACE('',(#8073));
#8075=POLY_LOOP('',(#8068,#7164,#7976));
#8076=FACE_OUTER_BOUND('',#8075,.T.);
#8077=FACETED_PRIMITIVE_FACE('',(#8076));
#8078=POLY_LOOP('',(#8068,#7976,#8011));
#8079=FACE_OUTER_BOUND('',#8078,.T.);
#8080=FACETED_PRIMITIVE_FACE('',(#8079));
#8082=POLY_LOOP('',(#8081,#8011,#7986));
#8083=FACE_OUTER_BOUND('',#8082,.T.);
#8084=FACETED_PRIMITIVE_FACE('',(#8083));
#8086=POLY_LOOP('',(#8085,#8034,#7993));
#8087=FACE_OUTER_BOUND('',#8086,.T.);
#8088=FACETED_PRIMITIVE_FACE('',(#8087));
#8090=POLY_LOOP('',(#8089,#7949,#8000));
#8091=FACE_OUTER_BOUND('',#8090,.T.);
#8092=FACETED_PRIMITIVE_FACE('',(#8091));
#8093=POLY_LOOP('',(#8089,#8044,#7949));
#8094=FACE_OUTER_BOUND('',#8093,.T.);
#8095=FACETED_PRIMITIVE_FACE('',(#8094));
#8097=POLY_LOOP('',(#8096,#8051,#8007));
#8098=FACE_OUTER_BOUND('',#8097,.T.);
#8099=FACETED_PRIMITIVE_FACE('',(#8098));
#8100=POLY_LOOP('',(#8096,#8007,#8061));
#8101=FACE_OUTER_BOUND('',#8100,.T.);
#8102=FACETED_PRIMITIVE_FACE('',(#8101));
#8104=POLY_LOOP('',(#8103,#8068,#8011));
#8105=FACE_OUTER_BOUND('',#8104,.T.);
#8106=FACETED_PRIMITIVE_FACE('',(#8105));
#8108=POLY_LOOP('',(#8107,#8021,#6149));
#8109=FACE_OUTER_BOUND('',#8108,.T.);
#8110=FACETED_PRIMITIVE_FACE('',(#8109));
#8111=POLY_LOOP('',(#8107,#8061,#7966));
#8112=FACE_OUTER_BOUND('',#8111,.T.);
#8113=FACETED_PRIMITIVE_FACE('',(#8112));
#8114=POLY_LOOP('',(#8107,#6149,#6156));
#8115=FACE_OUTER_BOUND('',#8114,.T.);
#8116=FACETED_PRIMITIVE_FACE('',(#8115));
#8117=POLY_LOOP('',(#8107,#6156,#6163));
#8118=FACE_OUTER_BOUND('',#8117,.T.);
#8119=FACETED_PRIMITIVE_FACE('',(#8118));
#8120=POLY_LOOP('',(#8107,#7966,#8021));
#8121=FACE_OUTER_BOUND('',#8120,.T.);
#8122=FACETED_PRIMITIVE_FACE('',(#8121));
#8124=POLY_LOOP('',(#8123,#8081,#7986));
#8125=FACE_OUTER_BOUND('',#8124,.T.);
#8126=FACETED_PRIMITIVE_FACE('',(#8125));
#8127=POLY_LOOP('',(#8123,#7986,#8034));
#8128=FACE_OUTER_BOUND('',#8127,.T.);
#8129=FACETED_PRIMITIVE_FACE('',(#8128));
#8131=POLY_LOOP('',(#8130,#7993,#8044));
#8132=FACE_OUTER_BOUND('',#8131,.T.);
#8133=FACETED_PRIMITIVE_FACE('',(#8132));
#8134=POLY_LOOP('',(#8130,#8085,#7993));
#8135=FACE_OUTER_BOUND('',#8134,.T.);
#8136=FACETED_PRIMITIVE_FACE('',(#8135));
#8137=POLY_LOOP('',(#8130,#8044,#8089));
#8138=FACE_OUTER_BOUND('',#8137,.T.);
#8139=FACETED_PRIMITIVE_FACE('',(#8138));
#8141=POLY_LOOP('',(#8140,#8000,#8051));
#8142=FACE_OUTER_BOUND('',#8141,.T.);
#8143=FACETED_PRIMITIVE_FACE('',(#8142));
#8144=POLY_LOOP('',(#8140,#8089,#8000));
#8145=FACE_OUTER_BOUND('',#8144,.T.);
#8146=FACETED_PRIMITIVE_FACE('',(#8145));
#8148=POLY_LOOP('',(#8147,#8096,#8061));
#8149=FACE_OUTER_BOUND('',#8148,.T.);
#8150=FACETED_PRIMITIVE_FACE('',(#8149));
#8151=POLY_LOOP('',(#8147,#8061,#8107));
#8152=FACE_OUTER_BOUND('',#8151,.T.);
#8153=FACETED_PRIMITIVE_FACE('',(#8152));
#8155=POLY_LOOP('',(#8154,#7236,#7212));
#8156=FACE_OUTER_BOUND('',#8155,.T.);
#8157=FACETED_PRIMITIVE_FACE('',(#8156));
#8158=POLY_LOOP('',(#8154,#7212,#8068));
#8159=FACE_OUTER_BOUND('',#8158,.T.);
#8160=FACETED_PRIMITIVE_FACE('',(#8159));
#8161=POLY_LOOP('',(#8154,#7240,#7236));
#8162=FACE_OUTER_BOUND('',#8161,.T.);
#8163=FACETED_PRIMITIVE_FACE('',(#8162));
#8164=POLY_LOOP('',(#8154,#7588,#7240));
#8165=FACE_OUTER_BOUND('',#8164,.T.);
#8166=FACETED_PRIMITIVE_FACE('',(#8165));
#8168=POLY_LOOP('',(#8154,#8167,#7588));
#8169=FACE_OUTER_BOUND('',#8168,.T.);
#8170=FACETED_PRIMITIVE_FACE('',(#8169));
#8171=POLY_LOOP('',(#8154,#8068,#8103));
#8172=FACE_OUTER_BOUND('',#8171,.T.);
#8173=FACETED_PRIMITIVE_FACE('',(#8172));
#8175=POLY_LOOP('',(#8174,#8011,#8081));
#8176=FACE_OUTER_BOUND('',#8175,.T.);
#8177=FACETED_PRIMITIVE_FACE('',(#8176));
#8178=POLY_LOOP('',(#8174,#8081,#8123));
#8179=FACE_OUTER_BOUND('',#8178,.T.);
#8180=FACETED_PRIMITIVE_FACE('',(#8179));
#8181=POLY_LOOP('',(#8174,#8103,#8011));
#8182=FACE_OUTER_BOUND('',#8181,.T.);
#8183=FACETED_PRIMITIVE_FACE('',(#8182));
#8185=POLY_LOOP('',(#8184,#8034,#8085));
#8186=FACE_OUTER_BOUND('',#8185,.T.);
#8187=FACETED_PRIMITIVE_FACE('',(#8186));
#8188=POLY_LOOP('',(#8184,#8123,#8034));
#8189=FACE_OUTER_BOUND('',#8188,.T.);
#8190=FACETED_PRIMITIVE_FACE('',(#8189));
#8192=POLY_LOOP('',(#8191,#8130,#8089));
#8193=FACE_OUTER_BOUND('',#8192,.T.);
#8194=FACETED_PRIMITIVE_FACE('',(#8193));
#8196=POLY_LOOP('',(#8195,#8051,#8096));
#8197=FACE_OUTER_BOUND('',#8196,.T.);
#8198=FACETED_PRIMITIVE_FACE('',(#8197));
#8199=POLY_LOOP('',(#8195,#8096,#8147));
#8200=FACE_OUTER_BOUND('',#8199,.T.);
#8201=FACETED_PRIMITIVE_FACE('',(#8200));
#8202=POLY_LOOP('',(#8195,#8140,#8051));
#8203=FACE_OUTER_BOUND('',#8202,.T.);
#8204=FACETED_PRIMITIVE_FACE('',(#8203));
#8207=POLY_LOOP('',(#8205,#8206,#8167));
#8208=FACE_OUTER_BOUND('',#8207,.T.);
#8209=FACETED_PRIMITIVE_FACE('',(#8208));
#8211=POLY_LOOP('',(#8205,#8210,#8206));
#8212=FACE_OUTER_BOUND('',#8211,.T.);
#8213=FACETED_PRIMITIVE_FACE('',(#8212));
#8214=POLY_LOOP('',(#8205,#8167,#8154));
#8215=FACE_OUTER_BOUND('',#8214,.T.);
#8216=FACETED_PRIMITIVE_FACE('',(#8215));
#8217=POLY_LOOP('',(#8205,#8154,#8103));
#8218=FACE_OUTER_BOUND('',#8217,.T.);
#8219=FACETED_PRIMITIVE_FACE('',(#8218));
#8221=POLY_LOOP('',(#8220,#6163,#6170));
#8222=FACE_OUTER_BOUND('',#8221,.T.);
#8223=FACETED_PRIMITIVE_FACE('',(#8222));
#8224=POLY_LOOP('',(#8220,#6170,#6180));
#8225=FACE_OUTER_BOUND('',#8224,.T.);
#8226=FACETED_PRIMITIVE_FACE('',(#8225));
#8227=POLY_LOOP('',(#8220,#8147,#8107));
#8228=FACE_OUTER_BOUND('',#8227,.T.);
#8229=FACETED_PRIMITIVE_FACE('',(#8228));
#8230=POLY_LOOP('',(#8220,#8107,#6163));
#8231=FACE_OUTER_BOUND('',#8230,.T.);
#8232=FACETED_PRIMITIVE_FACE('',(#8231));
#8234=POLY_LOOP('',(#8233,#8174,#8123));
#8235=FACE_OUTER_BOUND('',#8234,.T.);
#8236=FACETED_PRIMITIVE_FACE('',(#8235));
#8238=POLY_LOOP('',(#8237,#8085,#8130));
#8239=FACE_OUTER_BOUND('',#8238,.T.);
#8240=FACETED_PRIMITIVE_FACE('',(#8239));
#8241=POLY_LOOP('',(#8237,#8184,#8085));
#8242=FACE_OUTER_BOUND('',#8241,.T.);
#8243=FACETED_PRIMITIVE_FACE('',(#8242));
#8245=POLY_LOOP('',(#8244,#8191,#8089));
#8246=FACE_OUTER_BOUND('',#8245,.T.);
#8247=FACETED_PRIMITIVE_FACE('',(#8246));
#8248=POLY_LOOP('',(#8244,#8089,#8140));
#8249=FACE_OUTER_BOUND('',#8248,.T.);
#8250=FACETED_PRIMITIVE_FACE('',(#8249));
#8252=POLY_LOOP('',(#8251,#8195,#8147));
#8253=FACE_OUTER_BOUND('',#8252,.T.);
#8254=FACETED_PRIMITIVE_FACE('',(#8253));
#8256=POLY_LOOP('',(#8255,#8205,#8103));
#8257=FACE_OUTER_BOUND('',#8256,.T.);
#8258=FACETED_PRIMITIVE_FACE('',(#8257));
#8259=POLY_LOOP('',(#8255,#8174,#8233));
#8260=FACE_OUTER_BOUND('',#8259,.T.);
#8261=FACETED_PRIMITIVE_FACE('',(#8260));
#8263=POLY_LOOP('',(#8255,#8262,#8210));
#8264=FACE_OUTER_BOUND('',#8263,.T.);
#8265=FACETED_PRIMITIVE_FACE('',(#8264));
#8267=POLY_LOOP('',(#8255,#8266,#8262));
#8268=FACE_OUTER_BOUND('',#8267,.T.);
#8269=FACETED_PRIMITIVE_FACE('',(#8268));
#8270=POLY_LOOP('',(#8255,#8210,#8205));
#8271=FACE_OUTER_BOUND('',#8270,.T.);
#8272=FACETED_PRIMITIVE_FACE('',(#8271));
#8273=POLY_LOOP('',(#8255,#8103,#8174));
#8274=FACE_OUTER_BOUND('',#8273,.T.);
#8275=FACETED_PRIMITIVE_FACE('',(#8274));
#8277=POLY_LOOP('',(#8276,#8123,#8184));
#8278=FACE_OUTER_BOUND('',#8277,.T.);
#8279=FACETED_PRIMITIVE_FACE('',(#8278));
#8280=POLY_LOOP('',(#8276,#8233,#8123));
#8281=FACE_OUTER_BOUND('',#8280,.T.);
#8282=FACETED_PRIMITIVE_FACE('',(#8281));
#8284=POLY_LOOP('',(#8283,#8237,#8130));
#8285=FACE_OUTER_BOUND('',#8284,.T.);
#8286=FACETED_PRIMITIVE_FACE('',(#8285));
#8287=POLY_LOOP('',(#8283,#8191,#8244));
#8288=FACE_OUTER_BOUND('',#8287,.T.);
#8289=FACETED_PRIMITIVE_FACE('',(#8288));
#8290=POLY_LOOP('',(#8283,#8130,#8191));
#8291=FACE_OUTER_BOUND('',#8290,.T.);
#8292=FACETED_PRIMITIVE_FACE('',(#8291));
#8294=POLY_LOOP('',(#8293,#8140,#8195));
#8295=FACE_OUTER_BOUND('',#8294,.T.);
#8296=FACETED_PRIMITIVE_FACE('',(#8295));
#8297=POLY_LOOP('',(#8293,#8244,#8140));
#8298=FACE_OUTER_BOUND('',#8297,.T.);
#8299=FACETED_PRIMITIVE_FACE('',(#8298));
#8301=POLY_LOOP('',(#8300,#8220,#6180));
#8302=FACE_OUTER_BOUND('',#8301,.T.);
#8303=FACETED_PRIMITIVE_FACE('',(#8302));
#8304=POLY_LOOP('',(#8300,#8251,#8147));
#8305=FACE_OUTER_BOUND('',#8304,.T.);
#8306=FACETED_PRIMITIVE_FACE('',(#8305));
#8307=POLY_LOOP('',(#8300,#6180,#6184));
#8308=FACE_OUTER_BOUND('',#8307,.T.);
#8309=FACETED_PRIMITIVE_FACE('',(#8308));
#8310=POLY_LOOP('',(#8300,#6184,#6194));
#8311=FACE_OUTER_BOUND('',#8310,.T.);
#8312=FACETED_PRIMITIVE_FACE('',(#8311));
#8313=POLY_LOOP('',(#8300,#8147,#8220));
#8314=FACE_OUTER_BOUND('',#8313,.T.);
#8315=FACETED_PRIMITIVE_FACE('',(#8314));
#8318=POLY_LOOP('',(#8316,#8317,#8266));
#8319=FACE_OUTER_BOUND('',#8318,.T.);
#8320=FACETED_PRIMITIVE_FACE('',(#8319));
#8322=POLY_LOOP('',(#8316,#8321,#8317));
#8323=FACE_OUTER_BOUND('',#8322,.T.);
#8324=FACETED_PRIMITIVE_FACE('',(#8323));
#8325=POLY_LOOP('',(#8316,#8255,#8233));
#8326=FACE_OUTER_BOUND('',#8325,.T.);
#8327=FACETED_PRIMITIVE_FACE('',(#8326));
#8328=POLY_LOOP('',(#8316,#8266,#8255));
#8329=FACE_OUTER_BOUND('',#8328,.T.);
#8330=FACETED_PRIMITIVE_FACE('',(#8329));
#8332=POLY_LOOP('',(#8331,#8184,#8237));
#8333=FACE_OUTER_BOUND('',#8332,.T.);
#8334=FACETED_PRIMITIVE_FACE('',(#8333));
#8335=POLY_LOOP('',(#8331,#8237,#8283));
#8336=FACE_OUTER_BOUND('',#8335,.T.);
#8337=FACETED_PRIMITIVE_FACE('',(#8336));
#8338=POLY_LOOP('',(#8331,#8276,#8184));
#8339=FACE_OUTER_BOUND('',#8338,.T.);
#8340=FACETED_PRIMITIVE_FACE('',(#8339));
#8342=POLY_LOOP('',(#8341,#8244,#8293));
#8343=FACE_OUTER_BOUND('',#8342,.T.);
#8344=FACETED_PRIMITIVE_FACE('',(#8343));
#8345=POLY_LOOP('',(#8341,#8283,#8244));
#8346=FACE_OUTER_BOUND('',#8345,.T.);
#8347=FACETED_PRIMITIVE_FACE('',(#8346));
#8349=POLY_LOOP('',(#8348,#8293,#8195));
#8350=FACE_OUTER_BOUND('',#8349,.T.);
#8351=FACETED_PRIMITIVE_FACE('',(#8350));
#8352=POLY_LOOP('',(#8348,#8195,#8251));
#8353=FACE_OUTER_BOUND('',#8352,.T.);
#8354=FACETED_PRIMITIVE_FACE('',(#8353));
#8356=POLY_LOOP('',(#8355,#8316,#8233));
#8357=FACE_OUTER_BOUND('',#8356,.T.);
#8358=FACETED_PRIMITIVE_FACE('',(#8357));
#8359=POLY_LOOP('',(#8355,#8321,#8316));
#8360=FACE_OUTER_BOUND('',#8359,.T.);
#8361=FACETED_PRIMITIVE_FACE('',(#8360));
#8362=POLY_LOOP('',(#8355,#8233,#8276));
#8363=FACE_OUTER_BOUND('',#8362,.T.);
#8364=FACETED_PRIMITIVE_FACE('',(#8363));
#8366=POLY_LOOP('',(#8355,#8365,#8321));
#8367=FACE_OUTER_BOUND('',#8366,.T.);
#8368=FACETED_PRIMITIVE_FACE('',(#8367));
#8370=POLY_LOOP('',(#8355,#8369,#8365));
#8371=FACE_OUTER_BOUND('',#8370,.T.);
#8372=FACETED_PRIMITIVE_FACE('',(#8371));
#8374=POLY_LOOP('',(#8373,#8331,#8283));
#8375=FACE_OUTER_BOUND('',#8374,.T.);
#8376=FACETED_PRIMITIVE_FACE('',(#8375));
#8378=POLY_LOOP('',(#8377,#8341,#8293));
#8379=FACE_OUTER_BOUND('',#8378,.T.);
#8380=FACETED_PRIMITIVE_FACE('',(#8379));
#8382=POLY_LOOP('',(#8381,#8348,#8251));
#8383=FACE_OUTER_BOUND('',#8382,.T.);
#8384=FACETED_PRIMITIVE_FACE('',(#8383));
#8385=POLY_LOOP('',(#8381,#8251,#8300));
#8386=FACE_OUTER_BOUND('',#8385,.T.);
#8387=FACETED_PRIMITIVE_FACE('',(#8386));
#8388=POLY_LOOP('',(#8381,#8300,#6194));
#8389=FACE_OUTER_BOUND('',#8388,.T.);
#8390=FACETED_PRIMITIVE_FACE('',(#8389));
#8391=POLY_LOOP('',(#8381,#6194,#6205));
#8392=FACE_OUTER_BOUND('',#8391,.T.);
#8393=FACETED_PRIMITIVE_FACE('',(#8392));
#8394=POLY_LOOP('',(#8381,#6205,#6222));
#8395=FACE_OUTER_BOUND('',#8394,.T.);
#8396=FACETED_PRIMITIVE_FACE('',(#8395));
#8398=POLY_LOOP('',(#8397,#8331,#8373));
#8399=FACE_OUTER_BOUND('',#8398,.T.);
#8400=FACETED_PRIMITIVE_FACE('',(#8399));
#8401=POLY_LOOP('',(#8397,#8355,#8276));
#8402=FACE_OUTER_BOUND('',#8401,.T.);
#8403=FACETED_PRIMITIVE_FACE('',(#8402));
#8405=POLY_LOOP('',(#8397,#8404,#8369));
#8406=FACE_OUTER_BOUND('',#8405,.T.);
#8407=FACETED_PRIMITIVE_FACE('',(#8406));
#8408=POLY_LOOP('',(#8397,#8276,#8331));
#8409=FACE_OUTER_BOUND('',#8408,.T.);
#8410=FACETED_PRIMITIVE_FACE('',(#8409));
#8412=POLY_LOOP('',(#8397,#8411,#8404));
#8413=FACE_OUTER_BOUND('',#8412,.T.);
#8414=FACETED_PRIMITIVE_FACE('',(#8413));
#8415=POLY_LOOP('',(#8397,#8369,#8355));
#8416=FACE_OUTER_BOUND('',#8415,.T.);
#8417=FACETED_PRIMITIVE_FACE('',(#8416));
#8419=POLY_LOOP('',(#8418,#8283,#8341));
#8420=FACE_OUTER_BOUND('',#8419,.T.);
#8421=FACETED_PRIMITIVE_FACE('',(#8420));
#8422=POLY_LOOP('',(#8418,#8341,#8377));
#8423=FACE_OUTER_BOUND('',#8422,.T.);
#8424=FACETED_PRIMITIVE_FACE('',(#8423));
#8425=POLY_LOOP('',(#8418,#8373,#8283));
#8426=FACE_OUTER_BOUND('',#8425,.T.);
#8427=FACETED_PRIMITIVE_FACE('',(#8426));
#8429=POLY_LOOP('',(#8428,#8293,#8348));
#8430=FACE_OUTER_BOUND('',#8429,.T.);
#8431=FACETED_PRIMITIVE_FACE('',(#8430));
#8432=POLY_LOOP('',(#8428,#8377,#8293));
#8433=FACE_OUTER_BOUND('',#8432,.T.);
#8434=FACETED_PRIMITIVE_FACE('',(#8433));
#8436=POLY_LOOP('',(#8435,#8373,#8418));
#8437=FACE_OUTER_BOUND('',#8436,.T.);
#8438=FACETED_PRIMITIVE_FACE('',(#8437));
#8440=POLY_LOOP('',(#8435,#8439,#8411));
#8441=FACE_OUTER_BOUND('',#8440,.T.);
#8442=FACETED_PRIMITIVE_FACE('',(#8441));
#8444=POLY_LOOP('',(#8435,#8443,#8439));
#8445=FACE_OUTER_BOUND('',#8444,.T.);
#8446=FACETED_PRIMITIVE_FACE('',(#8445));
#8447=POLY_LOOP('',(#8435,#8397,#8373));
#8448=FACE_OUTER_BOUND('',#8447,.T.);
#8449=FACETED_PRIMITIVE_FACE('',(#8448));
#8450=POLY_LOOP('',(#8435,#8411,#8397));
#8451=FACE_OUTER_BOUND('',#8450,.T.);
#8452=FACETED_PRIMITIVE_FACE('',(#8451));
#8454=POLY_LOOP('',(#8453,#8418,#8377));
#8455=FACE_OUTER_BOUND('',#8454,.T.);
#8456=FACETED_PRIMITIVE_FACE('',(#8455));
#8458=POLY_LOOP('',(#8457,#8348,#8381));
#8459=FACE_OUTER_BOUND('',#8458,.T.);
#8460=FACETED_PRIMITIVE_FACE('',(#8459));
#8461=POLY_LOOP('',(#8457,#8381,#6222));
#8462=FACE_OUTER_BOUND('',#8461,.T.);
#8463=FACETED_PRIMITIVE_FACE('',(#8462));
#8464=POLY_LOOP('',(#8457,#8428,#8348));
#8465=FACE_OUTER_BOUND('',#8464,.T.);
#8466=FACETED_PRIMITIVE_FACE('',(#8465));
#8467=POLY_LOOP('',(#8457,#6222,#6233));
#8468=FACE_OUTER_BOUND('',#8467,.T.);
#8469=FACETED_PRIMITIVE_FACE('',(#8468));
#8470=POLY_LOOP('',(#8457,#6233,#6250));
#8471=FACE_OUTER_BOUND('',#8470,.T.);
#8472=FACETED_PRIMITIVE_FACE('',(#8471));
#8475=POLY_LOOP('',(#8473,#8474,#8443));
#8476=FACE_OUTER_BOUND('',#8475,.T.);
#8477=FACETED_PRIMITIVE_FACE('',(#8476));
#8479=POLY_LOOP('',(#8473,#8478,#8474));
#8480=FACE_OUTER_BOUND('',#8479,.T.);
#8481=FACETED_PRIMITIVE_FACE('',(#8480));
#8482=POLY_LOOP('',(#8473,#8443,#8435));
#8483=FACE_OUTER_BOUND('',#8482,.T.);
#8484=FACETED_PRIMITIVE_FACE('',(#8483));
#8485=POLY_LOOP('',(#8473,#8435,#8418));
#8486=FACE_OUTER_BOUND('',#8485,.T.);
#8487=FACETED_PRIMITIVE_FACE('',(#8486));
#8489=POLY_LOOP('',(#8488,#8377,#8428));
#8490=FACE_OUTER_BOUND('',#8489,.T.);
#8491=FACETED_PRIMITIVE_FACE('',(#8490));
#8492=POLY_LOOP('',(#8488,#8453,#8377));
#8493=FACE_OUTER_BOUND('',#8492,.T.);
#8494=FACETED_PRIMITIVE_FACE('',(#8493));
#8497=POLY_LOOP('',(#8495,#8496,#8478));
#8498=FACE_OUTER_BOUND('',#8497,.T.);
#8499=FACETED_PRIMITIVE_FACE('',(#8498));
#8501=POLY_LOOP('',(#8495,#8500,#8496));
#8502=FACE_OUTER_BOUND('',#8501,.T.);
#8503=FACETED_PRIMITIVE_FACE('',(#8502));
#8504=POLY_LOOP('',(#8495,#8418,#8453));
#8505=FACE_OUTER_BOUND('',#8504,.T.);
#8506=FACETED_PRIMITIVE_FACE('',(#8505));
#8507=POLY_LOOP('',(#8495,#8478,#8473));
#8508=FACE_OUTER_BOUND('',#8507,.T.);
#8509=FACETED_PRIMITIVE_FACE('',(#8508));
#8510=POLY_LOOP('',(#8495,#8473,#8418));
#8511=FACE_OUTER_BOUND('',#8510,.T.);
#8512=FACETED_PRIMITIVE_FACE('',(#8511));
#8514=POLY_LOOP('',(#8513,#8428,#8457));
#8515=FACE_OUTER_BOUND('',#8514,.T.);
#8516=FACETED_PRIMITIVE_FACE('',(#8515));
#8517=POLY_LOOP('',(#8513,#6250,#6257));
#8518=FACE_OUTER_BOUND('',#8517,.T.);
#8519=FACETED_PRIMITIVE_FACE('',(#8518));
#8520=POLY_LOOP('',(#8513,#6257,#6243));
#8521=FACE_OUTER_BOUND('',#8520,.T.);
#8522=FACETED_PRIMITIVE_FACE('',(#8521));
#8523=POLY_LOOP('',(#8513,#8488,#8428));
#8524=FACE_OUTER_BOUND('',#8523,.T.);
#8525=FACETED_PRIMITIVE_FACE('',(#8524));
#8526=POLY_LOOP('',(#8513,#8457,#6250));
#8527=FACE_OUTER_BOUND('',#8526,.T.);
#8528=FACETED_PRIMITIVE_FACE('',(#8527));
#8531=POLY_LOOP('',(#8529,#8530,#8500));
#8532=FACE_OUTER_BOUND('',#8531,.T.);
#8533=FACETED_PRIMITIVE_FACE('',(#8532));
#8534=POLY_LOOP('',(#8529,#8495,#8453));
#8535=FACE_OUTER_BOUND('',#8534,.T.);
#8536=FACETED_PRIMITIVE_FACE('',(#8535));
#8537=POLY_LOOP('',(#8529,#8453,#8488));
#8538=FACE_OUTER_BOUND('',#8537,.T.);
#8539=FACETED_PRIMITIVE_FACE('',(#8538));
#8540=POLY_LOOP('',(#8529,#8500,#8495));
#8541=FACE_OUTER_BOUND('',#8540,.T.);
#8542=FACETED_PRIMITIVE_FACE('',(#8541));
#8543=POLY_LOOP('',(#8529,#8488,#8513));
#8544=FACE_OUTER_BOUND('',#8543,.T.);
#8545=FACETED_PRIMITIVE_FACE('',(#8544));
#8547=POLY_LOOP('',(#8546,#6243,#6226));
#8548=FACE_OUTER_BOUND('',#8547,.T.);
#8549=FACETED_PRIMITIVE_FACE('',(#8548));
#8550=POLY_LOOP('',(#8546,#6226,#6215));
#8551=FACE_OUTER_BOUND('',#8550,.T.);
#8552=FACETED_PRIMITIVE_FACE('',(#8551));
#8553=POLY_LOOP('',(#8546,#8513,#6243));
#8554=FACE_OUTER_BOUND('',#8553,.T.);
#8555=FACETED_PRIMITIVE_FACE('',(#8554));
#8556=POLY_LOOP('',(#8546,#8529,#8513));
#8557=FACE_OUTER_BOUND('',#8556,.T.);
#8558=FACETED_PRIMITIVE_FACE('',(#8557));
#8561=POLY_LOOP('',(#8559,#8560,#8530));
#8562=FACE_OUTER_BOUND('',#8561,.T.);
#8563=FACETED_PRIMITIVE_FACE('',(#8562));
#8564=POLY_LOOP('',(#8559,#6215,#6198));
#8565=FACE_OUTER_BOUND('',#8564,.T.);
#8566=FACETED_PRIMITIVE_FACE('',(#8565));
#8567=POLY_LOOP('',(#8559,#8530,#8529));
#8568=FACE_OUTER_BOUND('',#8567,.T.);
#8569=FACETED_PRIMITIVE_FACE('',(#8568));
#8570=POLY_LOOP('',(#8559,#8546,#6215));
#8571=FACE_OUTER_BOUND('',#8570,.T.);
#8572=FACETED_PRIMITIVE_FACE('',(#8571));
#8573=POLY_LOOP('',(#8559,#8529,#8546));
#8574=FACE_OUTER_BOUND('',#8573,.T.);
#8575=FACETED_PRIMITIVE_FACE('',(#8574));
#8578=POLY_LOOP('',(#8576,#8577,#8560));
#8579=FACE_OUTER_BOUND('',#8578,.T.);
#8580=FACETED_PRIMITIVE_FACE('',(#8579));
#8582=POLY_LOOP('',(#8576,#8581,#8577));
#8583=FACE_OUTER_BOUND('',#8582,.T.);
#8584=FACETED_PRIMITIVE_FACE('',(#8583));
#8585=POLY_LOOP('',(#8576,#7596,#8581));
#8586=FACE_OUTER_BOUND('',#8585,.T.);
#8587=FACETED_PRIMITIVE_FACE('',(#8586));
#8588=POLY_LOOP('',(#8576,#8560,#8559));
#8589=FACE_OUTER_BOUND('',#8588,.T.);
#8590=FACETED_PRIMITIVE_FACE('',(#8589));
#8591=POLY_LOOP('',(#8576,#8559,#6198));
#8592=FACE_OUTER_BOUND('',#8591,.T.);
#8593=FACETED_PRIMITIVE_FACE('',(#8592));
#8594=POLY_LOOP('',(#8576,#6198,#7596));
#8595=FACE_OUTER_BOUND('',#8594,.T.);
#8596=FACETED_PRIMITIVE_FACE('',(#8595));
#8599=POLY_LOOP('',(#8210,#8597,#8598));
#8600=FACE_OUTER_BOUND('',#8599,.T.);
#8601=FACETED_PRIMITIVE_FACE('',(#8600));
#8602=POLY_LOOP('',(#8206,#8210,#8598));
#8603=FACE_OUTER_BOUND('',#8602,.T.);
#8604=FACETED_PRIMITIVE_FACE('',(#8603));
#8606=POLY_LOOP('',(#8262,#8605,#8597));
#8607=FACE_OUTER_BOUND('',#8606,.T.);
#8608=FACETED_PRIMITIVE_FACE('',(#8607));
#8609=POLY_LOOP('',(#8262,#8597,#8210));
#8610=FACE_OUTER_BOUND('',#8609,.T.);
#8611=FACETED_PRIMITIVE_FACE('',(#8610));
#8613=POLY_LOOP('',(#8167,#8598,#8612));
#8614=FACE_OUTER_BOUND('',#8613,.T.);
#8615=FACETED_PRIMITIVE_FACE('',(#8614));
#8616=POLY_LOOP('',(#8167,#8206,#8598));
#8617=FACE_OUTER_BOUND('',#8616,.T.);
#8618=FACETED_PRIMITIVE_FACE('',(#8617));
#8620=POLY_LOOP('',(#8266,#8619,#8605));
#8621=FACE_OUTER_BOUND('',#8620,.T.);
#8622=FACETED_PRIMITIVE_FACE('',(#8621));
#8623=POLY_LOOP('',(#8266,#8605,#8262));
#8624=FACE_OUTER_BOUND('',#8623,.T.);
#8625=FACETED_PRIMITIVE_FACE('',(#8624));
#8627=POLY_LOOP('',(#7588,#8612,#8626));
#8628=FACE_OUTER_BOUND('',#8627,.T.);
#8629=FACETED_PRIMITIVE_FACE('',(#8628));
#8630=POLY_LOOP('',(#7588,#8167,#8612));
#8631=FACE_OUTER_BOUND('',#8630,.T.);
#8632=FACETED_PRIMITIVE_FACE('',(#8631));
#8633=POLY_LOOP('',(#7584,#7588,#8626));
#8634=FACE_OUTER_BOUND('',#8633,.T.);
#8635=FACETED_PRIMITIVE_FACE('',(#8634));
#8637=POLY_LOOP('',(#8636,#7584,#8626));
#8638=FACE_OUTER_BOUND('',#8637,.T.);
#8639=FACETED_PRIMITIVE_FACE('',(#8638));
#8641=POLY_LOOP('',(#8317,#8640,#8619));
#8642=FACE_OUTER_BOUND('',#8641,.T.);
#8643=FACETED_PRIMITIVE_FACE('',(#8642));
#8644=POLY_LOOP('',(#8317,#8619,#8266));
#8645=FACE_OUTER_BOUND('',#8644,.T.);
#8646=FACETED_PRIMITIVE_FACE('',(#8645));
#8647=POLY_LOOP('',(#7580,#7584,#8636));
#8648=FACE_OUTER_BOUND('',#8647,.T.);
#8649=FACETED_PRIMITIVE_FACE('',(#8648));
#8650=POLY_LOOP('',(#7576,#7580,#8636));
#8651=FACE_OUTER_BOUND('',#8650,.T.);
#8652=FACETED_PRIMITIVE_FACE('',(#8651));
#8654=POLY_LOOP('',(#7576,#8636,#8653));
#8655=FACE_OUTER_BOUND('',#8654,.T.);
#8656=FACETED_PRIMITIVE_FACE('',(#8655));
#8657=POLY_LOOP('',(#8321,#8640,#8317));
#8658=FACE_OUTER_BOUND('',#8657,.T.);
#8659=FACETED_PRIMITIVE_FACE('',(#8658));
#8661=POLY_LOOP('',(#8660,#8640,#8321));
#8662=FACE_OUTER_BOUND('',#8661,.T.);
#8663=FACETED_PRIMITIVE_FACE('',(#8662));
#8665=POLY_LOOP('',(#7572,#8653,#8664));
#8666=FACE_OUTER_BOUND('',#8665,.T.);
#8667=FACETED_PRIMITIVE_FACE('',(#8666));
#8668=POLY_LOOP('',(#7572,#7576,#8653));
#8669=FACE_OUTER_BOUND('',#8668,.T.);
#8670=FACETED_PRIMITIVE_FACE('',(#8669));
#8671=POLY_LOOP('',(#8365,#8660,#8321));
#8672=FACE_OUTER_BOUND('',#8671,.T.);
#8673=FACETED_PRIMITIVE_FACE('',(#8672));
#8674=POLY_LOOP('',(#5348,#7572,#8664));
#8675=FACE_OUTER_BOUND('',#8674,.T.);
#8676=FACETED_PRIMITIVE_FACE('',(#8675));
#8678=POLY_LOOP('',(#5348,#8664,#8677));
#8679=FACE_OUTER_BOUND('',#8678,.T.);
#8680=FACETED_PRIMITIVE_FACE('',(#8679));
#8682=POLY_LOOP('',(#8681,#8660,#8365));
#8683=FACE_OUTER_BOUND('',#8682,.T.);
#8684=FACETED_PRIMITIVE_FACE('',(#8683));
#8685=POLY_LOOP('',(#8369,#8681,#8365));
#8686=FACE_OUTER_BOUND('',#8685,.T.);
#8687=FACETED_PRIMITIVE_FACE('',(#8686));
#8689=POLY_LOOP('',(#8688,#8681,#8369));
#8690=FACE_OUTER_BOUND('',#8689,.T.);
#8691=FACETED_PRIMITIVE_FACE('',(#8690));
#8692=POLY_LOOP('',(#8404,#8688,#8369));
#8693=FACE_OUTER_BOUND('',#8692,.T.);
#8694=FACETED_PRIMITIVE_FACE('',(#8693));
#8696=POLY_LOOP('',(#8695,#8688,#8404));
#8697=FACE_OUTER_BOUND('',#8696,.T.);
#8698=FACETED_PRIMITIVE_FACE('',(#8697));
#8699=POLY_LOOP('',(#8411,#8695,#8404));
#8700=FACE_OUTER_BOUND('',#8699,.T.);
#8701=FACETED_PRIMITIVE_FACE('',(#8700));
#8702=POLY_LOOP('',(#8439,#8695,#8411));
#8703=FACE_OUTER_BOUND('',#8702,.T.);
#8704=FACETED_PRIMITIVE_FACE('',(#8703));
#8706=POLY_LOOP('',(#8705,#8695,#8439));
#8707=FACE_OUTER_BOUND('',#8706,.T.);
#8708=FACETED_PRIMITIVE_FACE('',(#8707));
#8709=POLY_LOOP('',(#8443,#8705,#8439));
#8710=FACE_OUTER_BOUND('',#8709,.T.);
#8711=FACETED_PRIMITIVE_FACE('',(#8710));
#8713=POLY_LOOP('',(#8712,#8705,#8443));
#8714=FACE_OUTER_BOUND('',#8713,.T.);
#8715=FACETED_PRIMITIVE_FACE('',(#8714));
#8716=POLY_LOOP('',(#5397,#8677,#102));
#8717=FACE_OUTER_BOUND('',#8716,.T.);
#8718=FACETED_PRIMITIVE_FACE('',(#8717));
#8719=POLY_LOOP('',(#5397,#5348,#8677));
#8720=FACE_OUTER_BOUND('',#8719,.T.);
#8721=FACETED_PRIMITIVE_FACE('',(#8720));
#8722=POLY_LOOP('',(#8474,#8712,#8443));
#8723=FACE_OUTER_BOUND('',#8722,.T.);
#8724=FACETED_PRIMITIVE_FACE('',(#8723));
#8726=POLY_LOOP('',(#8725,#8712,#8474));
#8727=FACE_OUTER_BOUND('',#8726,.T.);
#8728=FACETED_PRIMITIVE_FACE('',(#8727));
#8729=POLY_LOOP('',(#8478,#8725,#8474));
#8730=FACE_OUTER_BOUND('',#8729,.T.);
#8731=FACETED_PRIMITIVE_FACE('',(#8730));
#8733=POLY_LOOP('',(#8732,#8725,#8478));
#8734=FACE_OUTER_BOUND('',#8733,.T.);
#8735=FACETED_PRIMITIVE_FACE('',(#8734));
#8736=POLY_LOOP('',(#8496,#8732,#8478));
#8737=FACE_OUTER_BOUND('',#8736,.T.);
#8738=FACETED_PRIMITIVE_FACE('',(#8737));
#8740=POLY_LOOP('',(#8739,#8732,#8496));
#8741=FACE_OUTER_BOUND('',#8740,.T.);
#8742=FACETED_PRIMITIVE_FACE('',(#8741));
#8743=POLY_LOOP('',(#8500,#8739,#8496));
#8744=FACE_OUTER_BOUND('',#8743,.T.);
#8745=FACETED_PRIMITIVE_FACE('',(#8744));
#8747=POLY_LOOP('',(#8746,#8739,#8500));
#8748=FACE_OUTER_BOUND('',#8747,.T.);
#8749=FACETED_PRIMITIVE_FACE('',(#8748));
#8750=POLY_LOOP('',(#8530,#8746,#8500));
#8751=FACE_OUTER_BOUND('',#8750,.T.);
#8752=FACETED_PRIMITIVE_FACE('',(#8751));
#8754=POLY_LOOP('',(#8753,#8746,#8530));
#8755=FACE_OUTER_BOUND('',#8754,.T.);
#8756=FACETED_PRIMITIVE_FACE('',(#8755));
#8757=POLY_LOOP('',(#8560,#8753,#8530));
#8758=FACE_OUTER_BOUND('',#8757,.T.);
#8759=FACETED_PRIMITIVE_FACE('',(#8758));
#8761=POLY_LOOP('',(#8760,#8753,#8560));
#8762=FACE_OUTER_BOUND('',#8761,.T.);
#8763=FACETED_PRIMITIVE_FACE('',(#8762));
#8764=POLY_LOOP('',(#8577,#8760,#8560));
#8765=FACE_OUTER_BOUND('',#8764,.T.);
#8766=FACETED_PRIMITIVE_FACE('',(#8765));
#8768=POLY_LOOP('',(#8767,#8760,#8577));
#8769=FACE_OUTER_BOUND('',#8768,.T.);
#8770=FACETED_PRIMITIVE_FACE('',(#8769));
#8772=POLY_LOOP('',(#8771,#8767,#8577));
#8773=FACE_OUTER_BOUND('',#8772,.T.);
#8774=FACETED_PRIMITIVE_FACE('',(#8773));
#8775=POLY_LOOP('',(#8581,#8771,#8577));
#8776=FACE_OUTER_BOUND('',#8775,.T.);
#8777=FACETED_PRIMITIVE_FACE('',(#8776));
#8779=POLY_LOOP('',(#8778,#8771,#8581));
#8780=FACE_OUTER_BOUND('',#8779,.T.);
#8781=FACETED_PRIMITIVE_FACE('',(#8780));
#8782=POLY_LOOP('',(#7596,#8778,#8581));
#8783=FACE_OUTER_BOUND('',#8782,.T.);
#8784=FACETED_PRIMITIVE_FACE('',(#8783));
#8786=POLY_LOOP('',(#8785,#8778,#7596));
#8787=FACE_OUTER_BOUND('',#8786,.T.);
#8788=FACETED_PRIMITIVE_FACE('',(#8787));
#8789=POLY_LOOP('',(#7595,#8785,#7596));
#8790=FACE_OUTER_BOUND('',#8789,.T.);
#8791=FACETED_PRIMITIVE_FACE('',(#8790));
#8793=POLY_LOOP('',(#8792,#7595,#5474));
#8794=FACE_OUTER_BOUND('',#8793,.T.);
#8795=FACETED_PRIMITIVE_FACE('',(#8794));
#8796=POLY_LOOP('',(#8792,#8785,#7595));
#8797=FACE_OUTER_BOUND('',#8796,.T.);
#8798=FACETED_PRIMITIVE_FACE('',(#8797));
#8799=POLY_LOOP('',(#53,#5474,#5481));
#8800=FACE_OUTER_BOUND('',#8799,.T.);
#8801=FACETED_PRIMITIVE_FACE('',(#8800));
#8802=POLY_LOOP('',(#53,#8792,#5474));
#8803=FACE_OUTER_BOUND('',#8802,.T.);
#8804=FACETED_PRIMITIVE_FACE('',(#8803));
#8805=POLY_LOOP('',(#129,#103,#5489));
#8806=FACE_OUTER_BOUND('',#8805,.T.);
#8807=FACETED_PRIMITIVE_FACE('',(#8806));
#8808=POLY_LOOP('',(#129,#5489,#5488));
#8809=FACE_OUTER_BOUND('',#8808,.T.);
#8810=FACETED_PRIMITIVE_FACE('',(#8809));
#8811=POLY_LOOP('',(#142,#5488,#5496));
#8812=FACE_OUTER_BOUND('',#8811,.T.);
#8813=FACETED_PRIMITIVE_FACE('',(#8812));
#8814=POLY_LOOP('',(#142,#129,#5488));
#8815=FACE_OUTER_BOUND('',#8814,.T.);
#8816=FACETED_PRIMITIVE_FACE('',(#8815));
#8817=POLY_LOOP('',(#172,#5503,#5510));
#8818=FACE_OUTER_BOUND('',#8817,.T.);
#8819=FACETED_PRIMITIVE_FACE('',(#8818));
#8820=POLY_LOOP('',(#172,#5496,#5503));
#8821=FACE_OUTER_BOUND('',#8820,.T.);
#8822=FACETED_PRIMITIVE_FACE('',(#8821));
#8823=POLY_LOOP('',(#172,#142,#5496));
#8824=FACE_OUTER_BOUND('',#8823,.T.);
#8825=FACETED_PRIMITIVE_FACE('',(#8824));
#8826=POLY_LOOP('',(#171,#172,#5510));
#8827=FACE_OUTER_BOUND('',#8826,.T.);
#8828=FACETED_PRIMITIVE_FACE('',(#8827));
#8829=POLY_LOOP('',(#176,#5517,#5527));
#8830=FACE_OUTER_BOUND('',#8829,.T.);
#8831=FACETED_PRIMITIVE_FACE('',(#8830));
#8832=POLY_LOOP('',(#176,#5510,#5517));
#8833=FACE_OUTER_BOUND('',#8832,.T.);
#8834=FACETED_PRIMITIVE_FACE('',(#8833));
#8835=POLY_LOOP('',(#176,#171,#5510));
#8836=FACE_OUTER_BOUND('',#8835,.T.);
#8837=FACETED_PRIMITIVE_FACE('',(#8836));
#8838=POLY_LOOP('',(#177,#5527,#5531));
#8839=FACE_OUTER_BOUND('',#8838,.T.);
#8840=FACETED_PRIMITIVE_FACE('',(#8839));
#8841=POLY_LOOP('',(#177,#176,#5527));
#8842=FACE_OUTER_BOUND('',#8841,.T.);
#8843=FACETED_PRIMITIVE_FACE('',(#8842));
#8844=POLY_LOOP('',(#157,#177,#5531));
#8845=FACE_OUTER_BOUND('',#8844,.T.);
#8846=FACETED_PRIMITIVE_FACE('',(#8845));
#8847=POLY_LOOP('',(#158,#5531,#5538));
#8848=FACE_OUTER_BOUND('',#8847,.T.);
#8849=FACETED_PRIMITIVE_FACE('',(#8848));
#8850=POLY_LOOP('',(#158,#157,#5531));
#8851=FACE_OUTER_BOUND('',#8850,.T.);
#8852=FACETED_PRIMITIVE_FACE('',(#8851));
#8853=POLY_LOOP('',(#137,#5538,#5545));
#8854=FACE_OUTER_BOUND('',#8853,.T.);
#8855=FACETED_PRIMITIVE_FACE('',(#8854));
#8856=POLY_LOOP('',(#137,#158,#5538));
#8857=FACE_OUTER_BOUND('',#8856,.T.);
#8858=FACETED_PRIMITIVE_FACE('',(#8857));
#8859=POLY_LOOP('',(#138,#5545,#5552));
#8860=FACE_OUTER_BOUND('',#8859,.T.);
#8861=FACETED_PRIMITIVE_FACE('',(#8860));
#8862=POLY_LOOP('',(#138,#137,#5545));
#8863=FACE_OUTER_BOUND('',#8862,.T.);
#8864=FACETED_PRIMITIVE_FACE('',(#8863));
#8865=POLY_LOOP('',(#125,#5552,#5562));
#8866=FACE_OUTER_BOUND('',#8865,.T.);
#8867=FACETED_PRIMITIVE_FACE('',(#8866));
#8868=POLY_LOOP('',(#125,#138,#5552));
#8869=FACE_OUTER_BOUND('',#8868,.T.);
#8870=FACETED_PRIMITIVE_FACE('',(#8869));
#8871=POLY_LOOP('',(#120,#5562,#5566));
#8872=FACE_OUTER_BOUND('',#8871,.T.);
#8873=FACETED_PRIMITIVE_FACE('',(#8872));
#8874=POLY_LOOP('',(#120,#125,#5562));
#8875=FACE_OUTER_BOUND('',#8874,.T.);
#8876=FACETED_PRIMITIVE_FACE('',(#8875));
#8877=POLY_LOOP('',(#121,#120,#5566));
#8878=FACE_OUTER_BOUND('',#8877,.T.);
#8879=FACETED_PRIMITIVE_FACE('',(#8878));
#8880=POLY_LOOP('',(#121,#5576,#5580));
#8881=FACE_OUTER_BOUND('',#8880,.T.);
#8882=FACETED_PRIMITIVE_FACE('',(#8881));
#8883=POLY_LOOP('',(#121,#5566,#5576));
#8884=FACE_OUTER_BOUND('',#8883,.T.);
#8885=FACETED_PRIMITIVE_FACE('',(#8884));
#8886=POLY_LOOP('',(#110,#121,#5580));
#8887=FACE_OUTER_BOUND('',#8886,.T.);
#8888=FACETED_PRIMITIVE_FACE('',(#8887));
#8889=POLY_LOOP('',(#112,#110,#5580));
#8890=FACE_OUTER_BOUND('',#8889,.T.);
#8891=FACETED_PRIMITIVE_FACE('',(#8890));
#8892=POLY_LOOP('',(#112,#5580,#5590));
#8893=FACE_OUTER_BOUND('',#8892,.T.);
#8894=FACETED_PRIMITIVE_FACE('',(#8893));
#8895=POLY_LOOP('',(#111,#5590,#5594));
#8896=FACE_OUTER_BOUND('',#8895,.T.);
#8897=FACETED_PRIMITIVE_FACE('',(#8896));
#8898=POLY_LOOP('',(#111,#112,#5590));
#8899=FACE_OUTER_BOUND('',#8898,.T.);
#8900=FACETED_PRIMITIVE_FACE('',(#8899));
#8901=POLY_LOOP('',(#116,#111,#5594));
#8902=FACE_OUTER_BOUND('',#8901,.T.);
#8903=FACETED_PRIMITIVE_FACE('',(#8902));
#8904=POLY_LOOP('',(#116,#5594,#5601));
#8905=FACE_OUTER_BOUND('',#8904,.T.);
#8906=FACETED_PRIMITIVE_FACE('',(#8905));
#8907=POLY_LOOP('',(#143,#5601,#5611));
#8908=FACE_OUTER_BOUND('',#8907,.T.);
#8909=FACETED_PRIMITIVE_FACE('',(#8908));
#8910=POLY_LOOP('',(#143,#116,#5601));
#8911=FACE_OUTER_BOUND('',#8910,.T.);
#8912=FACETED_PRIMITIVE_FACE('',(#8911));
#8913=POLY_LOOP('',(#147,#5611,#5615));
#8914=FACE_OUTER_BOUND('',#8913,.T.);
#8915=FACETED_PRIMITIVE_FACE('',(#8914));
#8916=POLY_LOOP('',(#147,#143,#5611));
#8917=FACE_OUTER_BOUND('',#8916,.T.);
#8918=FACETED_PRIMITIVE_FACE('',(#8917));
#8919=POLY_LOOP('',(#130,#5615,#5622));
#8920=FACE_OUTER_BOUND('',#8919,.T.);
#8921=FACETED_PRIMITIVE_FACE('',(#8920));
#8922=POLY_LOOP('',(#130,#147,#5615));
#8923=FACE_OUTER_BOUND('',#8922,.T.);
#8924=FACETED_PRIMITIVE_FACE('',(#8923));
#8925=POLY_LOOP('',(#102,#5622,#5397));
#8926=FACE_OUTER_BOUND('',#8925,.T.);
#8927=FACETED_PRIMITIVE_FACE('',(#8926));
#8928=POLY_LOOP('',(#102,#130,#5622));
#8929=FACE_OUTER_BOUND('',#8928,.T.);
#8930=FACETED_PRIMITIVE_FACE('',(#8929));
#8932=POLY_LOOP('',(#8931,#5489,#103));
#8933=FACE_OUTER_BOUND('',#8932,.T.);
#8934=FACETED_PRIMITIVE_FACE('',(#8933));
#8935=POLY_LOOP('',(#5635,#5489,#8931));
#8936=FACE_OUTER_BOUND('',#8935,.T.);
#8937=FACETED_PRIMITIVE_FACE('',(#8936));
#8939=POLY_LOOP('',(#8938,#5635,#8931));
#8940=FACE_OUTER_BOUND('',#8939,.T.);
#8941=FACETED_PRIMITIVE_FACE('',(#8940));
#8942=POLY_LOOP('',(#7540,#5635,#8938));
#8943=FACE_OUTER_BOUND('',#8942,.T.);
#8944=FACETED_PRIMITIVE_FACE('',(#8943));
#8946=POLY_LOOP('',(#8945,#7540,#8938));
#8947=FACE_OUTER_BOUND('',#8946,.T.);
#8948=FACETED_PRIMITIVE_FACE('',(#8947));
#8949=POLY_LOOP('',(#7544,#7540,#8945));
#8950=FACE_OUTER_BOUND('',#8949,.T.);
#8951=FACETED_PRIMITIVE_FACE('',(#8950));
#8953=POLY_LOOP('',(#8952,#7544,#8945));
#8954=FACE_OUTER_BOUND('',#8953,.T.);
#8955=FACETED_PRIMITIVE_FACE('',(#8954));
#8956=POLY_LOOP('',(#7548,#7544,#8952));
#8957=FACE_OUTER_BOUND('',#8956,.T.);
#8958=FACETED_PRIMITIVE_FACE('',(#8957));
#8959=POLY_LOOP('',(#7552,#7548,#8952));
#8960=FACE_OUTER_BOUND('',#8959,.T.);
#8961=FACETED_PRIMITIVE_FACE('',(#8960));
#8963=POLY_LOOP('',(#8962,#7552,#8952));
#8964=FACE_OUTER_BOUND('',#8963,.T.);
#8965=FACETED_PRIMITIVE_FACE('',(#8964));
#8966=POLY_LOOP('',(#7613,#7552,#8962));
#8967=FACE_OUTER_BOUND('',#8966,.T.);
#8968=FACETED_PRIMITIVE_FACE('',(#8967));
#8970=POLY_LOOP('',(#8969,#7613,#8962));
#8971=FACE_OUTER_BOUND('',#8970,.T.);
#8972=FACETED_PRIMITIVE_FACE('',(#8971));
#8973=POLY_LOOP('',(#7617,#7613,#8969));
#8974=FACE_OUTER_BOUND('',#8973,.T.);
#8975=FACETED_PRIMITIVE_FACE('',(#8974));
#8977=POLY_LOOP('',(#8976,#7625,#7617));
#8978=FACE_OUTER_BOUND('',#8977,.T.);
#8979=FACETED_PRIMITIVE_FACE('',(#8978));
#8980=POLY_LOOP('',(#8976,#7617,#8969));
#8981=FACE_OUTER_BOUND('',#8980,.T.);
#8982=FACETED_PRIMITIVE_FACE('',(#8981));
#8983=POLY_LOOP('',(#7629,#7625,#8976));
#8984=FACE_OUTER_BOUND('',#8983,.T.);
#8985=FACETED_PRIMITIVE_FACE('',(#8984));
#8987=POLY_LOOP('',(#8986,#7629,#8976));
#8988=FACE_OUTER_BOUND('',#8987,.T.);
#8989=FACETED_PRIMITIVE_FACE('',(#8988));
#8990=POLY_LOOP('',(#7650,#7629,#8986));
#8991=FACE_OUTER_BOUND('',#8990,.T.);
#8992=FACETED_PRIMITIVE_FACE('',(#8991));
#8994=POLY_LOOP('',(#8993,#7650,#8986));
#8995=FACE_OUTER_BOUND('',#8994,.T.);
#8996=FACETED_PRIMITIVE_FACE('',(#8995));
#8997=POLY_LOOP('',(#7654,#7650,#8993));
#8998=FACE_OUTER_BOUND('',#8997,.T.);
#8999=FACETED_PRIMITIVE_FACE('',(#8998));
#9001=POLY_LOOP('',(#9000,#7654,#8993));
#9002=FACE_OUTER_BOUND('',#9001,.T.);
#9003=FACETED_PRIMITIVE_FACE('',(#9002));
#9004=POLY_LOOP('',(#7669,#7654,#9000));
#9005=FACE_OUTER_BOUND('',#9004,.T.);
#9006=FACETED_PRIMITIVE_FACE('',(#9005));
#9008=POLY_LOOP('',(#9007,#7669,#9000));
#9009=FACE_OUTER_BOUND('',#9008,.T.);
#9010=FACETED_PRIMITIVE_FACE('',(#9009));
#9011=POLY_LOOP('',(#7673,#7669,#9007));
#9012=FACE_OUTER_BOUND('',#9011,.T.);
#9013=FACETED_PRIMITIVE_FACE('',(#9012));
#9015=POLY_LOOP('',(#9014,#7673,#9007));
#9016=FACE_OUTER_BOUND('',#9015,.T.);
#9017=FACETED_PRIMITIVE_FACE('',(#9016));
#9018=POLY_LOOP('',(#7695,#7673,#9014));
#9019=FACE_OUTER_BOUND('',#9018,.T.);
#9020=FACETED_PRIMITIVE_FACE('',(#9019));
#9022=POLY_LOOP('',(#9021,#7695,#9014));
#9023=FACE_OUTER_BOUND('',#9022,.T.);
#9024=FACETED_PRIMITIVE_FACE('',(#9023));
#9025=POLY_LOOP('',(#7699,#7695,#9021));
#9026=FACE_OUTER_BOUND('',#9025,.T.);
#9027=FACETED_PRIMITIVE_FACE('',(#9026));
#9029=POLY_LOOP('',(#9028,#7721,#7699));
#9030=FACE_OUTER_BOUND('',#9029,.T.);
#9031=FACETED_PRIMITIVE_FACE('',(#9030));
#9032=POLY_LOOP('',(#9028,#7699,#9021));
#9033=FACE_OUTER_BOUND('',#9032,.T.);
#9034=FACETED_PRIMITIVE_FACE('',(#9033));
#9036=POLY_LOOP('',(#9035,#7725,#7721));
#9037=FACE_OUTER_BOUND('',#9036,.T.);
#9038=FACETED_PRIMITIVE_FACE('',(#9037));
#9039=POLY_LOOP('',(#9035,#7721,#9028));
#9040=FACE_OUTER_BOUND('',#9039,.T.);
#9041=FACETED_PRIMITIVE_FACE('',(#9040));
#9042=POLY_LOOP('',(#5751,#37,#5740));
#9043=FACE_OUTER_BOUND('',#9042,.T.);
#9044=FACETED_PRIMITIVE_FACE('',(#9043));
#9046=POLY_LOOP('',(#9045,#37,#5751));
#9047=FACE_OUTER_BOUND('',#9046,.T.);
#9048=FACETED_PRIMITIVE_FACE('',(#9047));
#9049=POLY_LOOP('',(#7766,#7725,#9035));
#9050=FACE_OUTER_BOUND('',#9049,.T.);
#9051=FACETED_PRIMITIVE_FACE('',(#9050));
#9052=POLY_LOOP('',(#7565,#9045,#5751));
#9053=FACE_OUTER_BOUND('',#9052,.T.);
#9054=FACETED_PRIMITIVE_FACE('',(#9053));
#9056=POLY_LOOP('',(#9055,#7766,#9035));
#9057=FACE_OUTER_BOUND('',#9056,.T.);
#9058=FACETED_PRIMITIVE_FACE('',(#9057));
#9060=POLY_LOOP('',(#9059,#7565,#7561));
#9061=FACE_OUTER_BOUND('',#9060,.T.);
#9062=FACETED_PRIMITIVE_FACE('',(#9061));
#9063=POLY_LOOP('',(#9059,#9045,#7565));
#9064=FACE_OUTER_BOUND('',#9063,.T.);
#9065=FACETED_PRIMITIVE_FACE('',(#9064));
#9066=POLY_LOOP('',(#7770,#7766,#9055));
#9067=FACE_OUTER_BOUND('',#9066,.T.);
#9068=FACETED_PRIMITIVE_FACE('',(#9067));
#9070=POLY_LOOP('',(#9069,#7561,#7557));
#9071=FACE_OUTER_BOUND('',#9070,.T.);
#9072=FACETED_PRIMITIVE_FACE('',(#9071));
#9073=POLY_LOOP('',(#9069,#9059,#7561));
#9074=FACE_OUTER_BOUND('',#9073,.T.);
#9075=FACETED_PRIMITIVE_FACE('',(#9074));
#9077=POLY_LOOP('',(#9076,#7770,#9055));
#9078=FACE_OUTER_BOUND('',#9077,.T.);
#9079=FACETED_PRIMITIVE_FACE('',(#9078));
#9080=POLY_LOOP('',(#7793,#7770,#9076));
#9081=FACE_OUTER_BOUND('',#9080,.T.);
#9082=FACETED_PRIMITIVE_FACE('',(#9081));
#9084=POLY_LOOP('',(#9083,#9069,#7557));
#9085=FACE_OUTER_BOUND('',#9084,.T.);
#9086=FACETED_PRIMITIVE_FACE('',(#9085));
#9087=POLY_LOOP('',(#7556,#9083,#7557));
#9088=FACE_OUTER_BOUND('',#9087,.T.);
#9089=FACETED_PRIMITIVE_FACE('',(#9088));
#9091=POLY_LOOP('',(#9090,#9083,#7556));
#9092=FACE_OUTER_BOUND('',#9091,.T.);
#9093=FACETED_PRIMITIVE_FACE('',(#9092));
#9095=POLY_LOOP('',(#9094,#7797,#7793));
#9096=FACE_OUTER_BOUND('',#9095,.T.);
#9097=FACETED_PRIMITIVE_FACE('',(#9096));
#9098=POLY_LOOP('',(#9094,#7793,#9076));
#9099=FACE_OUTER_BOUND('',#9098,.T.);
#9100=FACETED_PRIMITIVE_FACE('',(#9099));
#9102=POLY_LOOP('',(#9101,#7556,#7877));
#9103=FACE_OUTER_BOUND('',#9102,.T.);
#9104=FACETED_PRIMITIVE_FACE('',(#9103));
#9105=POLY_LOOP('',(#9101,#9090,#7556));
#9106=FACE_OUTER_BOUND('',#9105,.T.);
#9107=FACETED_PRIMITIVE_FACE('',(#9106));
#9109=POLY_LOOP('',(#9108,#7833,#7797));
#9110=FACE_OUTER_BOUND('',#9109,.T.);
#9111=FACETED_PRIMITIVE_FACE('',(#9110));
#9112=POLY_LOOP('',(#9108,#7797,#9094));
#9113=FACE_OUTER_BOUND('',#9112,.T.);
#9114=FACETED_PRIMITIVE_FACE('',(#9113));
#9116=POLY_LOOP('',(#9115,#7877,#7873));
#9117=FACE_OUTER_BOUND('',#9116,.T.);
#9118=FACETED_PRIMITIVE_FACE('',(#9117));
#9119=POLY_LOOP('',(#9115,#9101,#7877));
#9120=FACE_OUTER_BOUND('',#9119,.T.);
#9121=FACETED_PRIMITIVE_FACE('',(#9120));
#9123=POLY_LOOP('',(#9122,#7837,#7833));
#9124=FACE_OUTER_BOUND('',#9123,.T.);
#9125=FACETED_PRIMITIVE_FACE('',(#9124));
#9126=POLY_LOOP('',(#9122,#7833,#9108));
#9127=FACE_OUTER_BOUND('',#9126,.T.);
#9128=FACETED_PRIMITIVE_FACE('',(#9127));
#9130=POLY_LOOP('',(#9129,#7873,#7837));
#9131=FACE_OUTER_BOUND('',#9130,.T.);
#9132=FACETED_PRIMITIVE_FACE('',(#9131));
#9133=POLY_LOOP('',(#9129,#7837,#9122));
#9134=FACE_OUTER_BOUND('',#9133,.T.);
#9135=FACETED_PRIMITIVE_FACE('',(#9134));
#9136=POLY_LOOP('',(#9129,#9115,#7873));
#9137=FACE_OUTER_BOUND('',#9136,.T.);
#9138=FACETED_PRIMITIVE_FACE('',(#9137));
#9139=POLY_LOOP('',(#6102,#6198,#6215));
#9140=FACE_OUTER_BOUND('',#9139,.T.);
#9141=FACETED_PRIMITIVE_FACE('',(#9140));
#9142=POLY_LOOP('',(#6102,#5474,#6198));
#9143=FACE_OUTER_BOUND('',#9142,.T.);
#9144=FACETED_PRIMITIVE_FACE('',(#9143));
#9145=POLY_LOOP('',(#6102,#5481,#5474));
#9146=FACE_OUTER_BOUND('',#9145,.T.);
#9147=FACETED_PRIMITIVE_FACE('',(#9146));
#9148=POLY_LOOP('',(#6101,#6215,#6226));
#9149=FACE_OUTER_BOUND('',#9148,.T.);
#9150=FACETED_PRIMITIVE_FACE('',(#9149));
#9151=POLY_LOOP('',(#6101,#6102,#6215));
#9152=FACE_OUTER_BOUND('',#9151,.T.);
#9153=FACETED_PRIMITIVE_FACE('',(#9152));
#9154=POLY_LOOP('',(#6094,#6226,#6243));
#9155=FACE_OUTER_BOUND('',#9154,.T.);
#9156=FACETED_PRIMITIVE_FACE('',(#9155));
#9157=POLY_LOOP('',(#6094,#6101,#6226));
#9158=FACE_OUTER_BOUND('',#9157,.T.);
#9159=FACETED_PRIMITIVE_FACE('',(#9158));
#9160=POLY_LOOP('',(#6081,#6094,#6243));
#9161=FACE_OUTER_BOUND('',#9160,.T.);
#9162=FACETED_PRIMITIVE_FACE('',(#9161));
#9163=POLY_LOOP('',(#6257,#6081,#6243));
#9164=FACE_OUTER_BOUND('',#9163,.T.);
#9165=FACETED_PRIMITIVE_FACE('',(#9164));
#9166=POLY_LOOP('',(#6080,#6081,#6257));
#9167=FACE_OUTER_BOUND('',#9166,.T.);
#9168=FACETED_PRIMITIVE_FACE('',(#9167));
#9169=POLY_LOOP('',(#6250,#6073,#6080));
#9170=FACE_OUTER_BOUND('',#9169,.T.);
#9171=FACETED_PRIMITIVE_FACE('',(#9170));
#9172=POLY_LOOP('',(#6250,#6069,#6073));
#9173=FACE_OUTER_BOUND('',#9172,.T.);
#9174=FACETED_PRIMITIVE_FACE('',(#9173));
#9175=POLY_LOOP('',(#6250,#6080,#6257));
#9176=FACE_OUTER_BOUND('',#9175,.T.);
#9177=FACETED_PRIMITIVE_FACE('',(#9176));
#9178=POLY_LOOP('',(#6233,#6053,#6069));
#9179=FACE_OUTER_BOUND('',#9178,.T.);
#9180=FACETED_PRIMITIVE_FACE('',(#9179));
#9181=POLY_LOOP('',(#6233,#6069,#6250));
#9182=FACE_OUTER_BOUND('',#9181,.T.);
#9183=FACETED_PRIMITIVE_FACE('',(#9182));
#9184=POLY_LOOP('',(#6222,#6053,#6233));
#9185=FACE_OUTER_BOUND('',#9184,.T.);
#9186=FACETED_PRIMITIVE_FACE('',(#9185));
#9187=POLY_LOOP('',(#6205,#6052,#6053));
#9188=FACE_OUTER_BOUND('',#9187,.T.);
#9189=FACETED_PRIMITIVE_FACE('',(#9188));
#9190=POLY_LOOP('',(#6205,#6053,#6222));
#9191=FACE_OUTER_BOUND('',#9190,.T.);
#9192=FACETED_PRIMITIVE_FACE('',(#9191));
#9193=POLY_LOOP('',(#6194,#6039,#6052));
#9194=FACE_OUTER_BOUND('',#9193,.T.);
#9195=FACETED_PRIMITIVE_FACE('',(#9194));
#9196=POLY_LOOP('',(#6194,#6052,#6205));
#9197=FACE_OUTER_BOUND('',#9196,.T.);
#9198=FACETED_PRIMITIVE_FACE('',(#9197));
#9199=POLY_LOOP('',(#6184,#6039,#6194));
#9200=FACE_OUTER_BOUND('',#9199,.T.);
#9201=FACETED_PRIMITIVE_FACE('',(#9200));
#9202=POLY_LOOP('',(#6184,#6038,#6039));
#9203=FACE_OUTER_BOUND('',#9202,.T.);
#9204=FACETED_PRIMITIVE_FACE('',(#9203));
#9205=POLY_LOOP('',(#6184,#6031,#6038));
#9206=FACE_OUTER_BOUND('',#9205,.T.);
#9207=FACETED_PRIMITIVE_FACE('',(#9206));
#9208=POLY_LOOP('',(#6121,#5751,#5740));
#9209=FACE_OUTER_BOUND('',#9208,.T.);
#9210=FACETED_PRIMITIVE_FACE('',(#9209));
#9211=POLY_LOOP('',(#6121,#5975,#5982));
#9212=FACE_OUTER_BOUND('',#9211,.T.);
#9213=FACETED_PRIMITIVE_FACE('',(#9212));
#9214=POLY_LOOP('',(#6121,#5740,#5975));
#9215=FACE_OUTER_BOUND('',#9214,.T.);
#9216=FACETED_PRIMITIVE_FACE('',(#9215));
#9217=POLY_LOOP('',(#6180,#6031,#6184));
#9218=FACE_OUTER_BOUND('',#9217,.T.);
#9219=FACETED_PRIMITIVE_FACE('',(#9218));
#9220=POLY_LOOP('',(#6180,#6024,#6031));
#9221=FACE_OUTER_BOUND('',#9220,.T.);
#9222=FACETED_PRIMITIVE_FACE('',(#9221));
#9223=POLY_LOOP('',(#6125,#6121,#5982));
#9224=FACE_OUTER_BOUND('',#9223,.T.);
#9225=FACETED_PRIMITIVE_FACE('',(#9224));
#9226=POLY_LOOP('',(#6170,#6024,#6180));
#9227=FACE_OUTER_BOUND('',#9226,.T.);
#9228=FACETED_PRIMITIVE_FACE('',(#9227));
#9229=POLY_LOOP('',(#6132,#6125,#5982));
#9230=FACE_OUTER_BOUND('',#9229,.T.);
#9231=FACETED_PRIMITIVE_FACE('',(#9230));
#9232=POLY_LOOP('',(#6132,#5982,#5989));
#9233=FACE_OUTER_BOUND('',#9232,.T.);
#9234=FACETED_PRIMITIVE_FACE('',(#9233));
#9235=POLY_LOOP('',(#6163,#6024,#6170));
#9236=FACE_OUTER_BOUND('',#9235,.T.);
#9237=FACETED_PRIMITIVE_FACE('',(#9236));
#9238=POLY_LOOP('',(#6163,#6017,#6024));
#9239=FACE_OUTER_BOUND('',#9238,.T.);
#9240=FACETED_PRIMITIVE_FACE('',(#9239));
#9241=POLY_LOOP('',(#6163,#6007,#6017));
#9242=FACE_OUTER_BOUND('',#9241,.T.);
#9243=FACETED_PRIMITIVE_FACE('',(#9242));
#9244=POLY_LOOP('',(#6139,#6132,#5989));
#9245=FACE_OUTER_BOUND('',#9244,.T.);
#9246=FACETED_PRIMITIVE_FACE('',(#9245));
#9247=POLY_LOOP('',(#6139,#5989,#5996));
#9248=FACE_OUTER_BOUND('',#9247,.T.);
#9249=FACETED_PRIMITIVE_FACE('',(#9248));
#9250=POLY_LOOP('',(#6156,#6007,#6163));
#9251=FACE_OUTER_BOUND('',#9250,.T.);
#9252=FACETED_PRIMITIVE_FACE('',(#9251));
#9253=POLY_LOOP('',(#6156,#5997,#6007));
#9254=FACE_OUTER_BOUND('',#9253,.T.);
#9255=FACETED_PRIMITIVE_FACE('',(#9254));
#9256=POLY_LOOP('',(#6149,#6139,#5996));
#9257=FACE_OUTER_BOUND('',#9256,.T.);
#9258=FACETED_PRIMITIVE_FACE('',(#9257));
#9259=POLY_LOOP('',(#6149,#5997,#6156));
#9260=FACE_OUTER_BOUND('',#9259,.T.);
#9261=FACETED_PRIMITIVE_FACE('',(#9260));
#9262=POLY_LOOP('',(#6149,#5996,#5997));
#9263=FACE_OUTER_BOUND('',#9262,.T.);
#9264=FACETED_PRIMITIVE_FACE('',(#9263));
#9265=POLY_LOOP('',(#5975,#5740,#37));
#9266=FACE_OUTER_BOUND('',#9265,.T.);
#9267=FACETED_PRIMITIVE_FACE('',(#9266));
#9268=POLY_LOOP('',(#5975,#37,#38));
#9269=FACE_OUTER_BOUND('',#9268,.T.);
#9270=FACETED_PRIMITIVE_FACE('',(#9269));
#9271=POLY_LOOP('',(#5982,#38,#42));
#9272=FACE_OUTER_BOUND('',#9271,.T.);
#9273=FACETED_PRIMITIVE_FACE('',(#9272));
#9274=POLY_LOOP('',(#5982,#5975,#38));
#9275=FACE_OUTER_BOUND('',#9274,.T.);
#9276=FACETED_PRIMITIVE_FACE('',(#9275));
#9277=POLY_LOOP('',(#5989,#42,#46));
#9278=FACE_OUTER_BOUND('',#9277,.T.);
#9279=FACETED_PRIMITIVE_FACE('',(#9278));
#9280=POLY_LOOP('',(#5989,#5982,#42));
#9281=FACE_OUTER_BOUND('',#9280,.T.);
#9282=FACETED_PRIMITIVE_FACE('',(#9281));
#9283=POLY_LOOP('',(#5996,#21,#22));
#9284=FACE_OUTER_BOUND('',#9283,.T.);
#9285=FACETED_PRIMITIVE_FACE('',(#9284));
#9286=POLY_LOOP('',(#5996,#46,#21));
#9287=FACE_OUTER_BOUND('',#9286,.T.);
#9288=FACETED_PRIMITIVE_FACE('',(#9287));
#9289=POLY_LOOP('',(#5996,#5989,#46));
#9290=FACE_OUTER_BOUND('',#9289,.T.);
#9291=FACETED_PRIMITIVE_FACE('',(#9290));
#9292=POLY_LOOP('',(#5997,#5996,#22));
#9293=FACE_OUTER_BOUND('',#9292,.T.);
#9294=FACETED_PRIMITIVE_FACE('',(#9293));
#9295=POLY_LOOP('',(#6007,#22,#26));
#9296=FACE_OUTER_BOUND('',#9295,.T.);
#9297=FACETED_PRIMITIVE_FACE('',(#9296));
#9298=POLY_LOOP('',(#6007,#5997,#22));
#9299=FACE_OUTER_BOUND('',#9298,.T.);
#9300=FACETED_PRIMITIVE_FACE('',(#9299));
#9301=POLY_LOOP('',(#6017,#26,#20));
#9302=FACE_OUTER_BOUND('',#9301,.T.);
#9303=FACETED_PRIMITIVE_FACE('',(#9302));
#9304=POLY_LOOP('',(#6017,#6007,#26));
#9305=FACE_OUTER_BOUND('',#9304,.T.);
#9306=FACETED_PRIMITIVE_FACE('',(#9305));
#9307=POLY_LOOP('',(#6024,#20,#31));
#9308=FACE_OUTER_BOUND('',#9307,.T.);
#9309=FACETED_PRIMITIVE_FACE('',(#9308));
#9310=POLY_LOOP('',(#6024,#6017,#20));
#9311=FACE_OUTER_BOUND('',#9310,.T.);
#9312=FACETED_PRIMITIVE_FACE('',(#9311));
#9313=POLY_LOOP('',(#6031,#31,#32));
#9314=FACE_OUTER_BOUND('',#9313,.T.);
#9315=FACETED_PRIMITIVE_FACE('',(#9314));
#9316=POLY_LOOP('',(#6031,#6024,#31));
#9317=FACE_OUTER_BOUND('',#9316,.T.);
#9318=FACETED_PRIMITIVE_FACE('',(#9317));
#9319=POLY_LOOP('',(#6038,#32,#30));
#9320=FACE_OUTER_BOUND('',#9319,.T.);
#9321=FACETED_PRIMITIVE_FACE('',(#9320));
#9322=POLY_LOOP('',(#6038,#6031,#32));
#9323=FACE_OUTER_BOUND('',#9322,.T.);
#9324=FACETED_PRIMITIVE_FACE('',(#9323));
#9325=POLY_LOOP('',(#6039,#30,#66));
#9326=FACE_OUTER_BOUND('',#9325,.T.);
#9327=FACETED_PRIMITIVE_FACE('',(#9326));
#9328=POLY_LOOP('',(#6039,#6038,#30));
#9329=FACE_OUTER_BOUND('',#9328,.T.);
#9330=FACETED_PRIMITIVE_FACE('',(#9329));
#9331=POLY_LOOP('',(#6052,#70,#74));
#9332=FACE_OUTER_BOUND('',#9331,.T.);
#9333=FACETED_PRIMITIVE_FACE('',(#9332));
#9334=POLY_LOOP('',(#6052,#66,#70));
#9335=FACE_OUTER_BOUND('',#9334,.T.);
#9336=FACETED_PRIMITIVE_FACE('',(#9335));
#9337=POLY_LOOP('',(#6052,#6039,#66));
#9338=FACE_OUTER_BOUND('',#9337,.T.);
#9339=FACETED_PRIMITIVE_FACE('',(#9338));
#9340=POLY_LOOP('',(#6053,#74,#62));
#9341=FACE_OUTER_BOUND('',#9340,.T.);
#9342=FACETED_PRIMITIVE_FACE('',(#9341));
#9343=POLY_LOOP('',(#6053,#6052,#74));
#9344=FACE_OUTER_BOUND('',#9343,.T.);
#9345=FACETED_PRIMITIVE_FACE('',(#9344));
#9346=POLY_LOOP('',(#6069,#6053,#62));
#9347=FACE_OUTER_BOUND('',#9346,.T.);
#9348=FACETED_PRIMITIVE_FACE('',(#9347));
#9349=POLY_LOOP('',(#6073,#6069,#62));
#9350=FACE_OUTER_BOUND('',#9349,.T.);
#9351=FACETED_PRIMITIVE_FACE('',(#9350));
#9352=POLY_LOOP('',(#6073,#62,#85));
#9353=FACE_OUTER_BOUND('',#9352,.T.);
#9354=FACETED_PRIMITIVE_FACE('',(#9353));
#9355=POLY_LOOP('',(#6080,#85,#84));
#9356=FACE_OUTER_BOUND('',#9355,.T.);
#9357=FACETED_PRIMITIVE_FACE('',(#9356));
#9358=POLY_LOOP('',(#6080,#6073,#85));
#9359=FACE_OUTER_BOUND('',#9358,.T.);
#9360=FACETED_PRIMITIVE_FACE('',(#9359));
#9361=POLY_LOOP('',(#6081,#84,#89));
#9362=FACE_OUTER_BOUND('',#9361,.T.);
#9363=FACETED_PRIMITIVE_FACE('',(#9362));
#9364=POLY_LOOP('',(#6081,#6080,#84));
#9365=FACE_OUTER_BOUND('',#9364,.T.);
#9366=FACETED_PRIMITIVE_FACE('',(#9365));
#9367=POLY_LOOP('',(#6094,#89,#57));
#9368=FACE_OUTER_BOUND('',#9367,.T.);
#9369=FACETED_PRIMITIVE_FACE('',(#9368));
#9370=POLY_LOOP('',(#6094,#6081,#89));
#9371=FACE_OUTER_BOUND('',#9370,.T.);
#9372=FACETED_PRIMITIVE_FACE('',(#9371));
#9373=POLY_LOOP('',(#6101,#58,#36));
#9374=FACE_OUTER_BOUND('',#9373,.T.);
#9375=FACETED_PRIMITIVE_FACE('',(#9374));
#9376=POLY_LOOP('',(#6101,#57,#58));
#9377=FACE_OUTER_BOUND('',#9376,.T.);
#9378=FACETED_PRIMITIVE_FACE('',(#9377));
#9379=POLY_LOOP('',(#6101,#6094,#57));
#9380=FACE_OUTER_BOUND('',#9379,.T.);
#9381=FACETED_PRIMITIVE_FACE('',(#9380));
#9382=POLY_LOOP('',(#6102,#6101,#36));
#9383=FACE_OUTER_BOUND('',#9382,.T.);
#9384=FACETED_PRIMITIVE_FACE('',(#9383));
#9385=POLY_LOOP('',(#5481,#36,#53));
#9386=FACE_OUTER_BOUND('',#9385,.T.);
#9387=FACETED_PRIMITIVE_FACE('',(#9386));
#9388=POLY_LOOP('',(#5481,#6102,#36));
#9389=FACE_OUTER_BOUND('',#9388,.T.);
#9390=FACETED_PRIMITIVE_FACE('',(#9389));
#9392=POLY_LOOP('',(#38,#9045,#9391));
#9393=FACE_OUTER_BOUND('',#9392,.T.);
#9394=FACETED_PRIMITIVE_FACE('',(#9393));
#9396=POLY_LOOP('',(#38,#9391,#9395));
#9397=FACE_OUTER_BOUND('',#9396,.T.);
#9398=FACETED_PRIMITIVE_FACE('',(#9397));
#9399=POLY_LOOP('',(#38,#37,#9045));
#9400=FACE_OUTER_BOUND('',#9399,.T.);
#9401=FACETED_PRIMITIVE_FACE('',(#9400));
#9403=POLY_LOOP('',(#42,#9395,#9402));
#9404=FACE_OUTER_BOUND('',#9403,.T.);
#9405=FACETED_PRIMITIVE_FACE('',(#9404));
#9406=POLY_LOOP('',(#42,#38,#9395));
#9407=FACE_OUTER_BOUND('',#9406,.T.);
#9408=FACETED_PRIMITIVE_FACE('',(#9407));
#9410=POLY_LOOP('',(#46,#9402,#9409));
#9411=FACE_OUTER_BOUND('',#9410,.T.);
#9412=FACETED_PRIMITIVE_FACE('',(#9411));
#9413=POLY_LOOP('',(#46,#42,#9402));
#9414=FACE_OUTER_BOUND('',#9413,.T.);
#9415=FACETED_PRIMITIVE_FACE('',(#9414));
#9416=POLY_LOOP('',(#21,#46,#9409));
#9417=FACE_OUTER_BOUND('',#9416,.T.);
#9418=FACETED_PRIMITIVE_FACE('',(#9417));
#9420=POLY_LOOP('',(#9419,#21,#9409));
#9421=FACE_OUTER_BOUND('',#9420,.T.);
#9422=FACETED_PRIMITIVE_FACE('',(#9421));
#9423=POLY_LOOP('',(#22,#21,#9419));
#9424=FACE_OUTER_BOUND('',#9423,.T.);
#9425=FACETED_PRIMITIVE_FACE('',(#9424));
#9427=POLY_LOOP('',(#9426,#26,#22));
#9428=FACE_OUTER_BOUND('',#9427,.T.);
#9429=FACETED_PRIMITIVE_FACE('',(#9428));
#9430=POLY_LOOP('',(#9426,#22,#9419));
#9431=FACE_OUTER_BOUND('',#9430,.T.);
#9432=FACETED_PRIMITIVE_FACE('',(#9431));
#9434=POLY_LOOP('',(#9433,#20,#26));
#9435=FACE_OUTER_BOUND('',#9434,.T.);
#9436=FACETED_PRIMITIVE_FACE('',(#9435));
#9437=POLY_LOOP('',(#9433,#26,#9426));
#9438=FACE_OUTER_BOUND('',#9437,.T.);
#9439=FACETED_PRIMITIVE_FACE('',(#9438));
#9441=POLY_LOOP('',(#9440,#32,#31));
#9442=FACE_OUTER_BOUND('',#9441,.T.);
#9443=FACETED_PRIMITIVE_FACE('',(#9442));
#9444=POLY_LOOP('',(#9440,#31,#20));
#9445=FACE_OUTER_BOUND('',#9444,.T.);
#9446=FACETED_PRIMITIVE_FACE('',(#9445));
#9447=POLY_LOOP('',(#9440,#20,#9433));
#9448=FACE_OUTER_BOUND('',#9447,.T.);
#9449=FACETED_PRIMITIVE_FACE('',(#9448));
#9451=POLY_LOOP('',(#9450,#32,#9440));
#9452=FACE_OUTER_BOUND('',#9451,.T.);
#9453=FACETED_PRIMITIVE_FACE('',(#9452));
#9455=POLY_LOOP('',(#9454,#32,#9450));
#9456=FACE_OUTER_BOUND('',#9455,.T.);
#9457=FACETED_PRIMITIVE_FACE('',(#9456));
#9458=POLY_LOOP('',(#9454,#66,#30));
#9459=FACE_OUTER_BOUND('',#9458,.T.);
#9460=FACETED_PRIMITIVE_FACE('',(#9459));
#9461=POLY_LOOP('',(#9454,#30,#32));
#9462=FACE_OUTER_BOUND('',#9461,.T.);
#9463=FACETED_PRIMITIVE_FACE('',(#9462));
#9465=POLY_LOOP('',(#9464,#66,#9454));
#9466=FACE_OUTER_BOUND('',#9465,.T.);
#9467=FACETED_PRIMITIVE_FACE('',(#9466));
#9469=POLY_LOOP('',(#9468,#53,#36));
#9470=FACE_OUTER_BOUND('',#9469,.T.);
#9471=FACETED_PRIMITIVE_FACE('',(#9470));
#9472=POLY_LOOP('',(#9468,#8792,#53));
#9473=FACE_OUTER_BOUND('',#9472,.T.);
#9474=FACETED_PRIMITIVE_FACE('',(#9473));
#9476=POLY_LOOP('',(#9475,#74,#70));
#9477=FACE_OUTER_BOUND('',#9476,.T.);
#9478=FACETED_PRIMITIVE_FACE('',(#9477));
#9479=POLY_LOOP('',(#9475,#70,#66));
#9480=FACE_OUTER_BOUND('',#9479,.T.);
#9481=FACETED_PRIMITIVE_FACE('',(#9480));
#9482=POLY_LOOP('',(#9475,#66,#9464));
#9483=FACE_OUTER_BOUND('',#9482,.T.);
#9484=FACETED_PRIMITIVE_FACE('',(#9483));
#9486=POLY_LOOP('',(#9485,#36,#58));
#9487=FACE_OUTER_BOUND('',#9486,.T.);
#9488=FACETED_PRIMITIVE_FACE('',(#9487));
#9489=POLY_LOOP('',(#9485,#9468,#36));
#9490=FACE_OUTER_BOUND('',#9489,.T.);
#9491=FACETED_PRIMITIVE_FACE('',(#9490));
#9493=POLY_LOOP('',(#9492,#74,#9475));
#9494=FACE_OUTER_BOUND('',#9493,.T.);
#9495=FACETED_PRIMITIVE_FACE('',(#9494));
#9497=POLY_LOOP('',(#9496,#58,#57));
#9498=FACE_OUTER_BOUND('',#9497,.T.);
#9499=FACETED_PRIMITIVE_FACE('',(#9498));
#9500=POLY_LOOP('',(#9496,#9485,#58));
#9501=FACE_OUTER_BOUND('',#9500,.T.);
#9502=FACETED_PRIMITIVE_FACE('',(#9501));
#9504=POLY_LOOP('',(#9503,#85,#62));
#9505=FACE_OUTER_BOUND('',#9504,.T.);
#9506=FACETED_PRIMITIVE_FACE('',(#9505));
#9507=POLY_LOOP('',(#9503,#62,#74));
#9508=FACE_OUTER_BOUND('',#9507,.T.);
#9509=FACETED_PRIMITIVE_FACE('',(#9508));
#9510=POLY_LOOP('',(#9503,#74,#9492));
#9511=FACE_OUTER_BOUND('',#9510,.T.);
#9512=FACETED_PRIMITIVE_FACE('',(#9511));
#9514=POLY_LOOP('',(#9513,#9496,#57));
#9515=FACE_OUTER_BOUND('',#9514,.T.);
#9516=FACETED_PRIMITIVE_FACE('',(#9515));
#9517=POLY_LOOP('',(#9513,#57,#89));
#9518=FACE_OUTER_BOUND('',#9517,.T.);
#9519=FACETED_PRIMITIVE_FACE('',(#9518));
#9521=POLY_LOOP('',(#9520,#85,#9503));
#9522=FACE_OUTER_BOUND('',#9521,.T.);
#9523=FACETED_PRIMITIVE_FACE('',(#9522));
#9524=POLY_LOOP('',(#9520,#84,#85));
#9525=FACE_OUTER_BOUND('',#9524,.T.);
#9526=FACETED_PRIMITIVE_FACE('',(#9525));
#9528=POLY_LOOP('',(#9527,#9513,#89));
#9529=FACE_OUTER_BOUND('',#9528,.T.);
#9530=FACETED_PRIMITIVE_FACE('',(#9529));
#9531=POLY_LOOP('',(#9527,#89,#84));
#9532=FACE_OUTER_BOUND('',#9531,.T.);
#9533=FACETED_PRIMITIVE_FACE('',(#9532));
#9534=POLY_LOOP('',(#9527,#84,#9520));
#9535=FACE_OUTER_BOUND('',#9534,.T.);
#9536=FACETED_PRIMITIVE_FACE('',(#9535));
#9537=POLY_LOOP('',(#9391,#9045,#9059));
#9538=FACE_OUTER_BOUND('',#9537,.T.);
#9539=FACETED_PRIMITIVE_FACE('',(#9538));
#9540=POLY_LOOP('',(#9391,#9059,#9069));
#9541=FACE_OUTER_BOUND('',#9540,.T.);
#9542=FACETED_PRIMITIVE_FACE('',(#9541));
#9543=POLY_LOOP('',(#9391,#9069,#9083));
#9544=FACE_OUTER_BOUND('',#9543,.T.);
#9545=FACETED_PRIMITIVE_FACE('',(#9544));
#9546=POLY_LOOP('',(#9090,#9391,#9083));
#9547=FACE_OUTER_BOUND('',#9546,.T.);
#9548=FACETED_PRIMITIVE_FACE('',(#9547));
#9550=POLY_LOOP('',(#9549,#8962,#8952));
#9551=FACE_OUTER_BOUND('',#9550,.T.);
#9552=FACETED_PRIMITIVE_FACE('',(#9551));
#9553=POLY_LOOP('',(#9549,#8952,#8945));
#9554=FACE_OUTER_BOUND('',#9553,.T.);
#9555=FACETED_PRIMITIVE_FACE('',(#9554));
#9556=POLY_LOOP('',(#9549,#8945,#8938));
#9557=FACE_OUTER_BOUND('',#9556,.T.);
#9558=FACETED_PRIMITIVE_FACE('',(#9557));
#9559=POLY_LOOP('',(#9549,#8938,#8931));
#9560=FACE_OUTER_BOUND('',#9559,.T.);
#9561=FACETED_PRIMITIVE_FACE('',(#9560));
#9562=POLY_LOOP('',(#8785,#8792,#9468));
#9563=FACE_OUTER_BOUND('',#9562,.T.);
#9564=FACETED_PRIMITIVE_FACE('',(#9563));
#9565=POLY_LOOP('',(#8778,#8785,#9468));
#9566=FACE_OUTER_BOUND('',#9565,.T.);
#9567=FACETED_PRIMITIVE_FACE('',(#9566));
#9568=POLY_LOOP('',(#8771,#8778,#9468));
#9569=FACE_OUTER_BOUND('',#9568,.T.);
#9570=FACETED_PRIMITIVE_FACE('',(#9569));
#9571=POLY_LOOP('',(#8767,#8771,#9468));
#9572=FACE_OUTER_BOUND('',#9571,.T.);
#9573=FACETED_PRIMITIVE_FACE('',(#9572));
#9574=POLY_LOOP('',(#8760,#8767,#9468));
#9575=FACE_OUTER_BOUND('',#9574,.T.);
#9576=FACETED_PRIMITIVE_FACE('',(#9575));
#9577=POLY_LOOP('',(#8760,#9468,#9485));
#9578=FACE_OUTER_BOUND('',#9577,.T.);
#9579=FACETED_PRIMITIVE_FACE('',(#9578));
#9581=POLY_LOOP('',(#8636,#8626,#9580));
#9582=FACE_OUTER_BOUND('',#9581,.T.);
#9583=FACETED_PRIMITIVE_FACE('',(#9582));
#9584=POLY_LOOP('',(#8653,#8636,#9580));
#9585=FACE_OUTER_BOUND('',#9584,.T.);
#9586=FACETED_PRIMITIVE_FACE('',(#9585));
#9587=POLY_LOOP('',(#8664,#8653,#9580));
#9588=FACE_OUTER_BOUND('',#9587,.T.);
#9589=FACETED_PRIMITIVE_FACE('',(#9588));
#9590=POLY_LOOP('',(#8677,#8664,#9580));
#9591=FACE_OUTER_BOUND('',#9590,.T.);
#9592=FACETED_PRIMITIVE_FACE('',(#9591));
#9594=POLY_LOOP('',(#9593,#9395,#9391));
#9595=FACE_OUTER_BOUND('',#9594,.T.);
#9596=FACETED_PRIMITIVE_FACE('',(#9595));
#9597=POLY_LOOP('',(#9593,#9402,#9395));
#9598=FACE_OUTER_BOUND('',#9597,.T.);
#9599=FACETED_PRIMITIVE_FACE('',(#9598));
#9600=POLY_LOOP('',(#9593,#9391,#9090));
#9601=FACE_OUTER_BOUND('',#9600,.T.);
#9602=FACETED_PRIMITIVE_FACE('',(#9601));
#9603=POLY_LOOP('',(#9593,#9090,#9101));
#9604=FACE_OUTER_BOUND('',#9603,.T.);
#9605=FACETED_PRIMITIVE_FACE('',(#9604));
#9606=POLY_LOOP('',(#9593,#9101,#9115));
#9607=FACE_OUTER_BOUND('',#9606,.T.);
#9608=FACETED_PRIMITIVE_FACE('',(#9607));
#9610=POLY_LOOP('',(#9609,#9593,#9115));
#9611=FACE_OUTER_BOUND('',#9610,.T.);
#9612=FACETED_PRIMITIVE_FACE('',(#9611));
#9613=POLY_LOOP('',(#9609,#9115,#9129));
#9614=FACE_OUTER_BOUND('',#9613,.T.);
#9615=FACETED_PRIMITIVE_FACE('',(#9614));
#9616=POLY_LOOP('',(#9609,#9129,#9122));
#9617=FACE_OUTER_BOUND('',#9616,.T.);
#9618=FACETED_PRIMITIVE_FACE('',(#9617));
#9620=POLY_LOOP('',(#9619,#9409,#9402));
#9621=FACE_OUTER_BOUND('',#9620,.T.);
#9622=FACETED_PRIMITIVE_FACE('',(#9621));
#9623=POLY_LOOP('',(#9619,#9419,#9409));
#9624=FACE_OUTER_BOUND('',#9623,.T.);
#9625=FACETED_PRIMITIVE_FACE('',(#9624));
#9626=POLY_LOOP('',(#9619,#9402,#9593));
#9627=FACE_OUTER_BOUND('',#9626,.T.);
#9628=FACETED_PRIMITIVE_FACE('',(#9627));
#9629=POLY_LOOP('',(#9619,#9593,#9609));
#9630=FACE_OUTER_BOUND('',#9629,.T.);
#9631=FACETED_PRIMITIVE_FACE('',(#9630));
#9633=POLY_LOOP('',(#9632,#9609,#9122));
#9634=FACE_OUTER_BOUND('',#9633,.T.);
#9635=FACETED_PRIMITIVE_FACE('',(#9634));
#9636=POLY_LOOP('',(#9632,#9122,#9108));
#9637=FACE_OUTER_BOUND('',#9636,.T.);
#9638=FACETED_PRIMITIVE_FACE('',(#9637));
#9639=POLY_LOOP('',(#9632,#9108,#9094));
#9640=FACE_OUTER_BOUND('',#9639,.T.);
#9641=FACETED_PRIMITIVE_FACE('',(#9640));
#9643=POLY_LOOP('',(#9642,#9619,#9609));
#9644=FACE_OUTER_BOUND('',#9643,.T.);
#9645=FACETED_PRIMITIVE_FACE('',(#9644));
#9647=POLY_LOOP('',(#9646,#9632,#9094));
#9648=FACE_OUTER_BOUND('',#9647,.T.);
#9649=FACETED_PRIMITIVE_FACE('',(#9648));
#9650=POLY_LOOP('',(#9646,#9094,#9076));
#9651=FACE_OUTER_BOUND('',#9650,.T.);
#9652=FACETED_PRIMITIVE_FACE('',(#9651));
#9653=POLY_LOOP('',(#9646,#9076,#9055));
#9654=FACE_OUTER_BOUND('',#9653,.T.);
#9655=FACETED_PRIMITIVE_FACE('',(#9654));
#9657=POLY_LOOP('',(#9656,#9426,#9419));
#9658=FACE_OUTER_BOUND('',#9657,.T.);
#9659=FACETED_PRIMITIVE_FACE('',(#9658));
#9660=POLY_LOOP('',(#9656,#9433,#9426));
#9661=FACE_OUTER_BOUND('',#9660,.T.);
#9662=FACETED_PRIMITIVE_FACE('',(#9661));
#9663=POLY_LOOP('',(#9656,#9419,#9619));
#9664=FACE_OUTER_BOUND('',#9663,.T.);
#9665=FACETED_PRIMITIVE_FACE('',(#9664));
#9666=POLY_LOOP('',(#9656,#9619,#9642));
#9667=FACE_OUTER_BOUND('',#9666,.T.);
#9668=FACETED_PRIMITIVE_FACE('',(#9667));
#9670=POLY_LOOP('',(#9669,#9642,#9609));
#9671=FACE_OUTER_BOUND('',#9670,.T.);
#9672=FACETED_PRIMITIVE_FACE('',(#9671));
#9673=POLY_LOOP('',(#9669,#9609,#9632));
#9674=FACE_OUTER_BOUND('',#9673,.T.);
#9675=FACETED_PRIMITIVE_FACE('',(#9674));
#9677=POLY_LOOP('',(#9676,#9646,#9055));
#9678=FACE_OUTER_BOUND('',#9677,.T.);
#9679=FACETED_PRIMITIVE_FACE('',(#9678));
#9680=POLY_LOOP('',(#9676,#9055,#9035));
#9681=FACE_OUTER_BOUND('',#9680,.T.);
#9682=FACETED_PRIMITIVE_FACE('',(#9681));
#9683=POLY_LOOP('',(#9676,#9035,#9028));
#9684=FACE_OUTER_BOUND('',#9683,.T.);
#9685=FACETED_PRIMITIVE_FACE('',(#9684));
#9687=POLY_LOOP('',(#9686,#9656,#9642));
#9688=FACE_OUTER_BOUND('',#9687,.T.);
#9689=FACETED_PRIMITIVE_FACE('',(#9688));
#9691=POLY_LOOP('',(#9690,#9669,#9632));
#9692=FACE_OUTER_BOUND('',#9691,.T.);
#9693=FACETED_PRIMITIVE_FACE('',(#9692));
#9694=POLY_LOOP('',(#9690,#9632,#9646));
#9695=FACE_OUTER_BOUND('',#9694,.T.);
#9696=FACETED_PRIMITIVE_FACE('',(#9695));
#9698=POLY_LOOP('',(#9697,#9440,#9433));
#9699=FACE_OUTER_BOUND('',#9698,.T.);
#9700=FACETED_PRIMITIVE_FACE('',(#9699));
#9701=POLY_LOOP('',(#9697,#9450,#9440));
#9702=FACE_OUTER_BOUND('',#9701,.T.);
#9703=FACETED_PRIMITIVE_FACE('',(#9702));
#9704=POLY_LOOP('',(#9697,#9433,#9656));
#9705=FACE_OUTER_BOUND('',#9704,.T.);
#9706=FACETED_PRIMITIVE_FACE('',(#9705));
#9708=POLY_LOOP('',(#9707,#9676,#9028));
#9709=FACE_OUTER_BOUND('',#9708,.T.);
#9710=FACETED_PRIMITIVE_FACE('',(#9709));
#9711=POLY_LOOP('',(#9707,#9028,#9021));
#9712=FACE_OUTER_BOUND('',#9711,.T.);
#9713=FACETED_PRIMITIVE_FACE('',(#9712));
#9714=POLY_LOOP('',(#9707,#9021,#9014));
#9715=FACE_OUTER_BOUND('',#9714,.T.);
#9716=FACETED_PRIMITIVE_FACE('',(#9715));
#9718=POLY_LOOP('',(#9717,#9642,#9669));
#9719=FACE_OUTER_BOUND('',#9718,.T.);
#9720=FACETED_PRIMITIVE_FACE('',(#9719));
#9721=POLY_LOOP('',(#9717,#9686,#9642));
#9722=FACE_OUTER_BOUND('',#9721,.T.);
#9723=FACETED_PRIMITIVE_FACE('',(#9722));
#9725=POLY_LOOP('',(#9724,#9690,#9646));
#9726=FACE_OUTER_BOUND('',#9725,.T.);
#9727=FACETED_PRIMITIVE_FACE('',(#9726));
#9728=POLY_LOOP('',(#9724,#9646,#9676));
#9729=FACE_OUTER_BOUND('',#9728,.T.);
#9730=FACETED_PRIMITIVE_FACE('',(#9729));
#9731=POLY_LOOP('',(#9724,#9676,#9707));
#9732=FACE_OUTER_BOUND('',#9731,.T.);
#9733=FACETED_PRIMITIVE_FACE('',(#9732));
#9735=POLY_LOOP('',(#9734,#9656,#9686));
#9736=FACE_OUTER_BOUND('',#9735,.T.);
#9737=FACETED_PRIMITIVE_FACE('',(#9736));
#9738=POLY_LOOP('',(#9734,#9697,#9656));
#9739=FACE_OUTER_BOUND('',#9738,.T.);
#9740=FACETED_PRIMITIVE_FACE('',(#9739));
#9742=POLY_LOOP('',(#9741,#9707,#9014));
#9743=FACE_OUTER_BOUND('',#9742,.T.);
#9744=FACETED_PRIMITIVE_FACE('',(#9743));
#9745=POLY_LOOP('',(#9741,#9014,#9007));
#9746=FACE_OUTER_BOUND('',#9745,.T.);
#9747=FACETED_PRIMITIVE_FACE('',(#9746));
#9748=POLY_LOOP('',(#9741,#9007,#9000));
#9749=FACE_OUTER_BOUND('',#9748,.T.);
#9750=FACETED_PRIMITIVE_FACE('',(#9749));
#9752=POLY_LOOP('',(#9751,#9717,#9669));
#9753=FACE_OUTER_BOUND('',#9752,.T.);
#9754=FACETED_PRIMITIVE_FACE('',(#9753));
#9755=POLY_LOOP('',(#9751,#9669,#9690));
#9756=FACE_OUTER_BOUND('',#9755,.T.);
#9757=FACETED_PRIMITIVE_FACE('',(#9756));
#9759=POLY_LOOP('',(#9758,#9454,#9450));
#9760=FACE_OUTER_BOUND('',#9759,.T.);
#9761=FACETED_PRIMITIVE_FACE('',(#9760));
#9762=POLY_LOOP('',(#9758,#9464,#9454));
#9763=FACE_OUTER_BOUND('',#9762,.T.);
#9764=FACETED_PRIMITIVE_FACE('',(#9763));
#9765=POLY_LOOP('',(#9758,#9450,#9697));
#9766=FACE_OUTER_BOUND('',#9765,.T.);
#9767=FACETED_PRIMITIVE_FACE('',(#9766));
#9769=POLY_LOOP('',(#9768,#9724,#9707));
#9770=FACE_OUTER_BOUND('',#9769,.T.);
#9771=FACETED_PRIMITIVE_FACE('',(#9770));
#9772=POLY_LOOP('',(#9768,#9707,#9741));
#9773=FACE_OUTER_BOUND('',#9772,.T.);
#9774=FACETED_PRIMITIVE_FACE('',(#9773));
#9776=POLY_LOOP('',(#9775,#9717,#9751));
#9777=FACE_OUTER_BOUND('',#9776,.T.);
#9778=FACETED_PRIMITIVE_FACE('',(#9777));
#9779=POLY_LOOP('',(#9775,#9686,#9717));
#9780=FACE_OUTER_BOUND('',#9779,.T.);
#9781=FACETED_PRIMITIVE_FACE('',(#9780));
#9782=POLY_LOOP('',(#9775,#9734,#9686));
#9783=FACE_OUTER_BOUND('',#9782,.T.);
#9784=FACETED_PRIMITIVE_FACE('',(#9783));
#9786=POLY_LOOP('',(#9785,#9741,#9000));
#9787=FACE_OUTER_BOUND('',#9786,.T.);
#9788=FACETED_PRIMITIVE_FACE('',(#9787));
#9789=POLY_LOOP('',(#9785,#9000,#8993));
#9790=FACE_OUTER_BOUND('',#9789,.T.);
#9791=FACETED_PRIMITIVE_FACE('',(#9790));
#9792=POLY_LOOP('',(#9785,#8993,#8986));
#9793=FACE_OUTER_BOUND('',#9792,.T.);
#9794=FACETED_PRIMITIVE_FACE('',(#9793));
#9796=POLY_LOOP('',(#9795,#9724,#9768));
#9797=FACE_OUTER_BOUND('',#9796,.T.);
#9798=FACETED_PRIMITIVE_FACE('',(#9797));
#9799=POLY_LOOP('',(#9795,#9751,#9690));
#9800=FACE_OUTER_BOUND('',#9799,.T.);
#9801=FACETED_PRIMITIVE_FACE('',(#9800));
#9802=POLY_LOOP('',(#9795,#9690,#9724));
#9803=FACE_OUTER_BOUND('',#9802,.T.);
#9804=FACETED_PRIMITIVE_FACE('',(#9803));
#9806=POLY_LOOP('',(#9805,#9734,#9775));
#9807=FACE_OUTER_BOUND('',#9806,.T.);
#9808=FACETED_PRIMITIVE_FACE('',(#9807));
#9809=POLY_LOOP('',(#9805,#9758,#9697));
#9810=FACE_OUTER_BOUND('',#9809,.T.);
#9811=FACETED_PRIMITIVE_FACE('',(#9810));
#9812=POLY_LOOP('',(#9805,#9697,#9734));
#9813=FACE_OUTER_BOUND('',#9812,.T.);
#9814=FACETED_PRIMITIVE_FACE('',(#9813));
#9816=POLY_LOOP('',(#9815,#9768,#9741));
#9817=FACE_OUTER_BOUND('',#9816,.T.);
#9818=FACETED_PRIMITIVE_FACE('',(#9817));
#9820=POLY_LOOP('',(#9819,#9775,#9751));
#9821=FACE_OUTER_BOUND('',#9820,.T.);
#9822=FACETED_PRIMITIVE_FACE('',(#9821));
#9823=POLY_LOOP('',(#9819,#9751,#9795));
#9824=FACE_OUTER_BOUND('',#9823,.T.);
#9825=FACETED_PRIMITIVE_FACE('',(#9824));
#9827=POLY_LOOP('',(#9826,#9475,#9464));
#9828=FACE_OUTER_BOUND('',#9827,.T.);
#9829=FACETED_PRIMITIVE_FACE('',(#9828));
#9830=POLY_LOOP('',(#9826,#9492,#9475));
#9831=FACE_OUTER_BOUND('',#9830,.T.);
#9832=FACETED_PRIMITIVE_FACE('',(#9831));
#9833=POLY_LOOP('',(#9826,#9464,#9758));
#9834=FACE_OUTER_BOUND('',#9833,.T.);
#9835=FACETED_PRIMITIVE_FACE('',(#9834));
#9837=POLY_LOOP('',(#9836,#9785,#8986));
#9838=FACE_OUTER_BOUND('',#9837,.T.);
#9839=FACETED_PRIMITIVE_FACE('',(#9838));
#9840=POLY_LOOP('',(#9836,#8986,#8976));
#9841=FACE_OUTER_BOUND('',#9840,.T.);
#9842=FACETED_PRIMITIVE_FACE('',(#9841));
#9843=POLY_LOOP('',(#9836,#8976,#8969));
#9844=FACE_OUTER_BOUND('',#9843,.T.);
#9845=FACETED_PRIMITIVE_FACE('',(#9844));
#9847=POLY_LOOP('',(#9846,#9768,#9815));
#9848=FACE_OUTER_BOUND('',#9847,.T.);
#9849=FACETED_PRIMITIVE_FACE('',(#9848));
#9850=POLY_LOOP('',(#9846,#9795,#9768));
#9851=FACE_OUTER_BOUND('',#9850,.T.);
#9852=FACETED_PRIMITIVE_FACE('',(#9851));
#9854=POLY_LOOP('',(#9853,#9805,#9775));
#9855=FACE_OUTER_BOUND('',#9854,.T.);
#9856=FACETED_PRIMITIVE_FACE('',(#9855));
#9857=POLY_LOOP('',(#9853,#9775,#9819));
#9858=FACE_OUTER_BOUND('',#9857,.T.);
#9859=FACETED_PRIMITIVE_FACE('',(#9858));
#9861=POLY_LOOP('',(#9860,#9741,#9785));
#9862=FACE_OUTER_BOUND('',#9861,.T.);
#9863=FACETED_PRIMITIVE_FACE('',(#9862));
#9864=POLY_LOOP('',(#9860,#9815,#9741));
#9865=FACE_OUTER_BOUND('',#9864,.T.);
#9866=FACETED_PRIMITIVE_FACE('',(#9865));
#9868=POLY_LOOP('',(#9867,#9819,#9795));
#9869=FACE_OUTER_BOUND('',#9868,.T.);
#9870=FACETED_PRIMITIVE_FACE('',(#9869));
#9872=POLY_LOOP('',(#9871,#9758,#9805));
#9873=FACE_OUTER_BOUND('',#9872,.T.);
#9874=FACETED_PRIMITIVE_FACE('',(#9873));
#9875=POLY_LOOP('',(#9871,#9826,#9758));
#9876=FACE_OUTER_BOUND('',#9875,.T.);
#9877=FACETED_PRIMITIVE_FACE('',(#9876));
#9879=POLY_LOOP('',(#9878,#9836,#8969));
#9880=FACE_OUTER_BOUND('',#9879,.T.);
#9881=FACETED_PRIMITIVE_FACE('',(#9880));
#9883=POLY_LOOP('',(#9878,#9549,#9882));
#9884=FACE_OUTER_BOUND('',#9883,.T.);
#9885=FACETED_PRIMITIVE_FACE('',(#9884));
#9887=POLY_LOOP('',(#9878,#9882,#9886));
#9888=FACE_OUTER_BOUND('',#9887,.T.);
#9889=FACETED_PRIMITIVE_FACE('',(#9888));
#9890=POLY_LOOP('',(#9878,#8962,#9549));
#9891=FACE_OUTER_BOUND('',#9890,.T.);
#9892=FACETED_PRIMITIVE_FACE('',(#9891));
#9893=POLY_LOOP('',(#9878,#8969,#8962));
#9894=FACE_OUTER_BOUND('',#9893,.T.);
#9895=FACETED_PRIMITIVE_FACE('',(#9894));
#9897=POLY_LOOP('',(#9896,#9815,#9860));
#9898=FACE_OUTER_BOUND('',#9897,.T.);
#9899=FACETED_PRIMITIVE_FACE('',(#9898));
#9900=POLY_LOOP('',(#9896,#9846,#9815));
#9901=FACE_OUTER_BOUND('',#9900,.T.);
#9902=FACETED_PRIMITIVE_FACE('',(#9901));
#9904=POLY_LOOP('',(#9903,#9853,#9819));
#9905=FACE_OUTER_BOUND('',#9904,.T.);
#9906=FACETED_PRIMITIVE_FACE('',(#9905));
#9908=POLY_LOOP('',(#9907,#9503,#9492));
#9909=FACE_OUTER_BOUND('',#9908,.T.);
#9910=FACETED_PRIMITIVE_FACE('',(#9909));
#9911=POLY_LOOP('',(#9907,#9520,#9503));
#9912=FACE_OUTER_BOUND('',#9911,.T.);
#9913=FACETED_PRIMITIVE_FACE('',(#9912));
#9914=POLY_LOOP('',(#9907,#9492,#9826));
#9915=FACE_OUTER_BOUND('',#9914,.T.);
#9916=FACETED_PRIMITIVE_FACE('',(#9915));
#9918=POLY_LOOP('',(#9917,#9860,#9785));
#9919=FACE_OUTER_BOUND('',#9918,.T.);
#9920=FACETED_PRIMITIVE_FACE('',(#9919));
#9921=POLY_LOOP('',(#9917,#9785,#9836));
#9922=FACE_OUTER_BOUND('',#9921,.T.);
#9923=FACETED_PRIMITIVE_FACE('',(#9922));
#9925=POLY_LOOP('',(#9924,#9795,#9846));
#9926=FACE_OUTER_BOUND('',#9925,.T.);
#9927=FACETED_PRIMITIVE_FACE('',(#9926));
#9928=POLY_LOOP('',(#9924,#9867,#9795));
#9929=FACE_OUTER_BOUND('',#9928,.T.);
#9930=FACETED_PRIMITIVE_FACE('',(#9929));
#9932=POLY_LOOP('',(#9931,#9871,#9805));
#9933=FACE_OUTER_BOUND('',#9932,.T.);
#9934=FACETED_PRIMITIVE_FACE('',(#9933));
#9935=POLY_LOOP('',(#9931,#9805,#9853));
#9936=FACE_OUTER_BOUND('',#9935,.T.);
#9937=FACETED_PRIMITIVE_FACE('',(#9936));
#9939=POLY_LOOP('',(#9938,#9896,#9860));
#9940=FACE_OUTER_BOUND('',#9939,.T.);
#9941=FACETED_PRIMITIVE_FACE('',(#9940));
#9943=POLY_LOOP('',(#9942,#9867,#9924));
#9944=FACE_OUTER_BOUND('',#9943,.T.);
#9945=FACETED_PRIMITIVE_FACE('',(#9944));
#9946=POLY_LOOP('',(#9942,#9819,#9867));
#9947=FACE_OUTER_BOUND('',#9946,.T.);
#9948=FACETED_PRIMITIVE_FACE('',(#9947));
#9949=POLY_LOOP('',(#9942,#9903,#9819));
#9950=FACE_OUTER_BOUND('',#9949,.T.);
#9951=FACETED_PRIMITIVE_FACE('',(#9950));
#9953=POLY_LOOP('',(#9952,#9826,#9871));
#9954=FACE_OUTER_BOUND('',#9953,.T.);
#9955=FACETED_PRIMITIVE_FACE('',(#9954));
#9956=POLY_LOOP('',(#9952,#9907,#9826));
#9957=FACE_OUTER_BOUND('',#9956,.T.);
#9958=FACETED_PRIMITIVE_FACE('',(#9957));
#9960=POLY_LOOP('',(#9959,#9836,#9878));
#9961=FACE_OUTER_BOUND('',#9960,.T.);
#9962=FACETED_PRIMITIVE_FACE('',(#9961));
#9963=POLY_LOOP('',(#9959,#9917,#9836));
#9964=FACE_OUTER_BOUND('',#9963,.T.);
#9965=FACETED_PRIMITIVE_FACE('',(#9964));
#9966=POLY_LOOP('',(#9959,#9878,#9886));
#9967=FACE_OUTER_BOUND('',#9966,.T.);
#9968=FACETED_PRIMITIVE_FACE('',(#9967));
#9970=POLY_LOOP('',(#9959,#9886,#9969));
#9971=FACE_OUTER_BOUND('',#9970,.T.);
#9972=FACETED_PRIMITIVE_FACE('',(#9971));
#9974=POLY_LOOP('',(#9959,#9969,#9973));
#9975=FACE_OUTER_BOUND('',#9974,.T.);
#9976=FACETED_PRIMITIVE_FACE('',(#9975));
#9978=POLY_LOOP('',(#9977,#9924,#9846));
#9979=FACE_OUTER_BOUND('',#9978,.T.);
#9980=FACETED_PRIMITIVE_FACE('',(#9979));
#9981=POLY_LOOP('',(#9977,#9846,#9896));
#9982=FACE_OUTER_BOUND('',#9981,.T.);
#9983=FACETED_PRIMITIVE_FACE('',(#9982));
#9985=POLY_LOOP('',(#9984,#9931,#9853));
#9986=FACE_OUTER_BOUND('',#9985,.T.);
#9987=FACETED_PRIMITIVE_FACE('',(#9986));
#9988=POLY_LOOP('',(#9984,#9853,#9903));
#9989=FACE_OUTER_BOUND('',#9988,.T.);
#9990=FACETED_PRIMITIVE_FACE('',(#9989));
#9992=POLY_LOOP('',(#9991,#9527,#9520));
#9993=FACE_OUTER_BOUND('',#9992,.T.);
#9994=FACETED_PRIMITIVE_FACE('',(#9993));
#9995=POLY_LOOP('',(#9991,#9513,#9527));
#9996=FACE_OUTER_BOUND('',#9995,.T.);
#9997=FACETED_PRIMITIVE_FACE('',(#9996));
#9998=POLY_LOOP('',(#9991,#9520,#9907));
#9999=FACE_OUTER_BOUND('',#9998,.T.);
#10000=FACETED_PRIMITIVE_FACE('',(#9999));
#10002=POLY_LOOP('',(#10001,#9860,#9917));
#10003=FACE_OUTER_BOUND('',#10002,.T.);
#10004=FACETED_PRIMITIVE_FACE('',(#10003));
#10005=POLY_LOOP('',(#10001,#9938,#9860));
#10006=FACE_OUTER_BOUND('',#10005,.T.);
#10007=FACETED_PRIMITIVE_FACE('',(#10006));
#10009=POLY_LOOP('',(#10008,#9942,#9924));
#10010=FACE_OUTER_BOUND('',#10009,.T.);
#10011=FACETED_PRIMITIVE_FACE('',(#10010));
#10012=POLY_LOOP('',(#10008,#9924,#9977));
#10013=FACE_OUTER_BOUND('',#10012,.T.);
#10014=FACETED_PRIMITIVE_FACE('',(#10013));
#10016=POLY_LOOP('',(#10015,#9931,#9984));
#10017=FACE_OUTER_BOUND('',#10016,.T.);
#10018=FACETED_PRIMITIVE_FACE('',(#10017));
#10019=POLY_LOOP('',(#10015,#9871,#9931));
#10020=FACE_OUTER_BOUND('',#10019,.T.);
#10021=FACETED_PRIMITIVE_FACE('',(#10020));
#10022=POLY_LOOP('',(#10015,#9952,#9871));
#10023=FACE_OUTER_BOUND('',#10022,.T.);
#10024=FACETED_PRIMITIVE_FACE('',(#10023));
#10026=POLY_LOOP('',(#10025,#9896,#9938));
#10027=FACE_OUTER_BOUND('',#10026,.T.);
#10028=FACETED_PRIMITIVE_FACE('',(#10027));
#10029=POLY_LOOP('',(#10025,#9938,#10001));
#10030=FACE_OUTER_BOUND('',#10029,.T.);
#10031=FACETED_PRIMITIVE_FACE('',(#10030));
#10032=POLY_LOOP('',(#10025,#9977,#9896));
#10033=FACE_OUTER_BOUND('',#10032,.T.);
#10034=FACETED_PRIMITIVE_FACE('',(#10033));
#10036=POLY_LOOP('',(#10035,#9984,#9903));
#10037=FACE_OUTER_BOUND('',#10036,.T.);
#10038=FACETED_PRIMITIVE_FACE('',(#10037));
#10039=POLY_LOOP('',(#10035,#9903,#9942));
#10040=FACE_OUTER_BOUND('',#10039,.T.);
#10041=FACETED_PRIMITIVE_FACE('',(#10040));
#10043=POLY_LOOP('',(#10042,#9991,#9907));
#10044=FACE_OUTER_BOUND('',#10043,.T.);
#10045=FACETED_PRIMITIVE_FACE('',(#10044));
#10046=POLY_LOOP('',(#10042,#9907,#9952));
#10047=FACE_OUTER_BOUND('',#10046,.T.);
#10048=FACETED_PRIMITIVE_FACE('',(#10047));
#10050=POLY_LOOP('',(#10049,#9917,#9959));
#10051=FACE_OUTER_BOUND('',#10050,.T.);
#10052=FACETED_PRIMITIVE_FACE('',(#10051));
#10053=POLY_LOOP('',(#10049,#9959,#9973));
#10054=FACE_OUTER_BOUND('',#10053,.T.);
#10055=FACETED_PRIMITIVE_FACE('',(#10054));
#10056=POLY_LOOP('',(#10049,#10001,#9917));
#10057=FACE_OUTER_BOUND('',#10056,.T.);
#10058=FACETED_PRIMITIVE_FACE('',(#10057));
#10060=POLY_LOOP('',(#10049,#9973,#10059));
#10061=FACE_OUTER_BOUND('',#10060,.T.);
#10062=FACETED_PRIMITIVE_FACE('',(#10061));
#10064=POLY_LOOP('',(#10049,#10059,#10063));
#10065=FACE_OUTER_BOUND('',#10064,.T.);
#10066=FACETED_PRIMITIVE_FACE('',(#10065));
#10068=POLY_LOOP('',(#10067,#9977,#10025));
#10069=FACE_OUTER_BOUND('',#10068,.T.);
#10070=FACETED_PRIMITIVE_FACE('',(#10069));
#10071=POLY_LOOP('',(#10067,#10008,#9977));
#10072=FACE_OUTER_BOUND('',#10071,.T.);
#10073=FACETED_PRIMITIVE_FACE('',(#10072));
#10075=POLY_LOOP('',(#10074,#10015,#9984));
#10076=FACE_OUTER_BOUND('',#10075,.T.);
#10077=FACETED_PRIMITIVE_FACE('',(#10076));
#10079=POLY_LOOP('',(#10078,#9496,#9513));
#10080=FACE_OUTER_BOUND('',#10079,.T.);
#10081=FACETED_PRIMITIVE_FACE('',(#10080));
#10082=POLY_LOOP('',(#10078,#8760,#9485));
#10083=FACE_OUTER_BOUND('',#10082,.T.);
#10084=FACETED_PRIMITIVE_FACE('',(#10083));
#10085=POLY_LOOP('',(#10078,#9485,#9496));
#10086=FACE_OUTER_BOUND('',#10085,.T.);
#10087=FACETED_PRIMITIVE_FACE('',(#10086));
#10088=POLY_LOOP('',(#10078,#9513,#9991));
#10089=FACE_OUTER_BOUND('',#10088,.T.);
#10090=FACETED_PRIMITIVE_FACE('',(#10089));
#10091=POLY_LOOP('',(#10078,#8753,#8760));
#10092=FACE_OUTER_BOUND('',#10091,.T.);
#10093=FACETED_PRIMITIVE_FACE('',(#10092));
#10095=POLY_LOOP('',(#10094,#10025,#10001));
#10096=FACE_OUTER_BOUND('',#10095,.T.);
#10097=FACETED_PRIMITIVE_FACE('',(#10096));
#10099=POLY_LOOP('',(#10098,#10035,#9942));
#10100=FACE_OUTER_BOUND('',#10099,.T.);
#10101=FACETED_PRIMITIVE_FACE('',(#10100));
#10102=POLY_LOOP('',(#10098,#9942,#10008));
#10103=FACE_OUTER_BOUND('',#10102,.T.);
#10104=FACETED_PRIMITIVE_FACE('',(#10103));
#10106=POLY_LOOP('',(#10105,#10015,#10074));
#10107=FACE_OUTER_BOUND('',#10106,.T.);
#10108=FACETED_PRIMITIVE_FACE('',(#10107));
#10109=POLY_LOOP('',(#10105,#10042,#9952));
#10110=FACE_OUTER_BOUND('',#10109,.T.);
#10111=FACETED_PRIMITIVE_FACE('',(#10110));
#10112=POLY_LOOP('',(#10105,#9952,#10015));
#10113=FACE_OUTER_BOUND('',#10112,.T.);
#10114=FACETED_PRIMITIVE_FACE('',(#10113));
#10116=POLY_LOOP('',(#10115,#10067,#10025));
#10117=FACE_OUTER_BOUND('',#10116,.T.);
#10118=FACETED_PRIMITIVE_FACE('',(#10117));
#10120=POLY_LOOP('',(#10119,#9984,#10035));
#10121=FACE_OUTER_BOUND('',#10120,.T.);
#10122=FACETED_PRIMITIVE_FACE('',(#10121));
#10123=POLY_LOOP('',(#10119,#10074,#9984));
#10124=FACE_OUTER_BOUND('',#10123,.T.);
#10125=FACETED_PRIMITIVE_FACE('',(#10124));
#10127=POLY_LOOP('',(#10126,#10078,#9991));
#10128=FACE_OUTER_BOUND('',#10127,.T.);
#10129=FACETED_PRIMITIVE_FACE('',(#10128));
#10130=POLY_LOOP('',(#10126,#8753,#10078));
#10131=FACE_OUTER_BOUND('',#10130,.T.);
#10132=FACETED_PRIMITIVE_FACE('',(#10131));
#10133=POLY_LOOP('',(#10126,#8746,#8753));
#10134=FACE_OUTER_BOUND('',#10133,.T.);
#10135=FACETED_PRIMITIVE_FACE('',(#10134));
#10136=POLY_LOOP('',(#10126,#8739,#8746));
#10137=FACE_OUTER_BOUND('',#10136,.T.);
#10138=FACETED_PRIMITIVE_FACE('',(#10137));
#10139=POLY_LOOP('',(#10126,#9991,#10042));
#10140=FACE_OUTER_BOUND('',#10139,.T.);
#10141=FACETED_PRIMITIVE_FACE('',(#10140));
#10143=POLY_LOOP('',(#10142,#10094,#10001));
#10144=FACE_OUTER_BOUND('',#10143,.T.);
#10145=FACETED_PRIMITIVE_FACE('',(#10144));
#10146=POLY_LOOP('',(#10142,#10049,#10063));
#10147=FACE_OUTER_BOUND('',#10146,.T.);
#10148=FACETED_PRIMITIVE_FACE('',(#10147));
#10150=POLY_LOOP('',(#10142,#10063,#10149));
#10151=FACE_OUTER_BOUND('',#10150,.T.);
#10152=FACETED_PRIMITIVE_FACE('',(#10151));
#10154=POLY_LOOP('',(#10142,#10149,#10153));
#10155=FACE_OUTER_BOUND('',#10154,.T.);
#10156=FACETED_PRIMITIVE_FACE('',(#10155));
#10157=POLY_LOOP('',(#10142,#10001,#10049));
#10158=FACE_OUTER_BOUND('',#10157,.T.);
#10159=FACETED_PRIMITIVE_FACE('',(#10158));
#10161=POLY_LOOP('',(#10160,#10098,#10008));
#10162=FACE_OUTER_BOUND('',#10161,.T.);
#10163=FACETED_PRIMITIVE_FACE('',(#10162));
#10164=POLY_LOOP('',(#10160,#10008,#10067));
#10165=FACE_OUTER_BOUND('',#10164,.T.);
#10166=FACETED_PRIMITIVE_FACE('',(#10165));
#10168=POLY_LOOP('',(#10167,#10105,#10074));
#10169=FACE_OUTER_BOUND('',#10168,.T.);
#10170=FACETED_PRIMITIVE_FACE('',(#10169));
#10172=POLY_LOOP('',(#10171,#10025,#10094));
#10173=FACE_OUTER_BOUND('',#10172,.T.);
#10174=FACETED_PRIMITIVE_FACE('',(#10173));
#10175=POLY_LOOP('',(#10171,#10115,#10025));
#10176=FACE_OUTER_BOUND('',#10175,.T.);
#10177=FACETED_PRIMITIVE_FACE('',(#10176));
#10179=POLY_LOOP('',(#10178,#10035,#10098));
#10180=FACE_OUTER_BOUND('',#10179,.T.);
#10181=FACETED_PRIMITIVE_FACE('',(#10180));
#10182=POLY_LOOP('',(#10178,#10119,#10035));
#10183=FACE_OUTER_BOUND('',#10182,.T.);
#10184=FACETED_PRIMITIVE_FACE('',(#10183));
#10185=POLY_LOOP('',(#10178,#10098,#10160));
#10186=FACE_OUTER_BOUND('',#10185,.T.);
#10187=FACETED_PRIMITIVE_FACE('',(#10186));
#10189=POLY_LOOP('',(#10188,#8739,#10126));
#10190=FACE_OUTER_BOUND('',#10189,.T.);
#10191=FACETED_PRIMITIVE_FACE('',(#10190));
#10192=POLY_LOOP('',(#10188,#8732,#8739));
#10193=FACE_OUTER_BOUND('',#10192,.T.);
#10194=FACETED_PRIMITIVE_FACE('',(#10193));
#10195=POLY_LOOP('',(#10188,#8725,#8732));
#10196=FACE_OUTER_BOUND('',#10195,.T.);
#10197=FACETED_PRIMITIVE_FACE('',(#10196));
#10198=POLY_LOOP('',(#10188,#10042,#10105));
#10199=FACE_OUTER_BOUND('',#10198,.T.);
#10200=FACETED_PRIMITIVE_FACE('',(#10199));
#10201=POLY_LOOP('',(#10188,#10126,#10042));
#10202=FACE_OUTER_BOUND('',#10201,.T.);
#10203=FACETED_PRIMITIVE_FACE('',(#10202));
#10204=POLY_LOOP('',(#10188,#10105,#10167));
#10205=FACE_OUTER_BOUND('',#10204,.T.);
#10206=FACETED_PRIMITIVE_FACE('',(#10205));
#10208=POLY_LOOP('',(#10207,#10160,#10067));
#10209=FACE_OUTER_BOUND('',#10208,.T.);
#10210=FACETED_PRIMITIVE_FACE('',(#10209));
#10211=POLY_LOOP('',(#10207,#10067,#10115));
#10212=FACE_OUTER_BOUND('',#10211,.T.);
#10213=FACETED_PRIMITIVE_FACE('',(#10212));
#10215=POLY_LOOP('',(#10214,#10074,#10119));
#10216=FACE_OUTER_BOUND('',#10215,.T.);
#10217=FACETED_PRIMITIVE_FACE('',(#10216));
#10218=POLY_LOOP('',(#10214,#10167,#10074));
#10219=FACE_OUTER_BOUND('',#10218,.T.);
#10220=FACETED_PRIMITIVE_FACE('',(#10219));
#10222=POLY_LOOP('',(#10221,#10094,#10142));
#10223=FACE_OUTER_BOUND('',#10222,.T.);
#10224=FACETED_PRIMITIVE_FACE('',(#10223));
#10226=POLY_LOOP('',(#10221,#10153,#10225));
#10227=FACE_OUTER_BOUND('',#10226,.T.);
#10228=FACETED_PRIMITIVE_FACE('',(#10227));
#10230=POLY_LOOP('',(#10221,#10225,#10229));
#10231=FACE_OUTER_BOUND('',#10230,.T.);
#10232=FACETED_PRIMITIVE_FACE('',(#10231));
#10233=POLY_LOOP('',(#10221,#10171,#10094));
#10234=FACE_OUTER_BOUND('',#10233,.T.);
#10235=FACETED_PRIMITIVE_FACE('',(#10234));
#10236=POLY_LOOP('',(#10221,#10142,#10153));
#10237=FACE_OUTER_BOUND('',#10236,.T.);
#10238=FACETED_PRIMITIVE_FACE('',(#10237));
#10240=POLY_LOOP('',(#10239,#10178,#10160));
#10241=FACE_OUTER_BOUND('',#10240,.T.);
#10242=FACETED_PRIMITIVE_FACE('',(#10241));
#10244=POLY_LOOP('',(#10243,#8712,#8725));
#10245=FACE_OUTER_BOUND('',#10244,.T.);
#10246=FACETED_PRIMITIVE_FACE('',(#10245));
#10247=POLY_LOOP('',(#10243,#8705,#8712));
#10248=FACE_OUTER_BOUND('',#10247,.T.);
#10249=FACETED_PRIMITIVE_FACE('',(#10248));
#10250=POLY_LOOP('',(#10243,#8725,#10188));
#10251=FACE_OUTER_BOUND('',#10250,.T.);
#10252=FACETED_PRIMITIVE_FACE('',(#10251));
#10253=POLY_LOOP('',(#10243,#10188,#10167));
#10254=FACE_OUTER_BOUND('',#10253,.T.);
#10255=FACETED_PRIMITIVE_FACE('',(#10254));
#10257=POLY_LOOP('',(#10256,#10207,#10115));
#10258=FACE_OUTER_BOUND('',#10257,.T.);
#10259=FACETED_PRIMITIVE_FACE('',(#10258));
#10260=POLY_LOOP('',(#10256,#10115,#10171));
#10261=FACE_OUTER_BOUND('',#10260,.T.);
#10262=FACETED_PRIMITIVE_FACE('',(#10261));
#10264=POLY_LOOP('',(#10263,#10214,#10119));
#10265=FACE_OUTER_BOUND('',#10264,.T.);
#10266=FACETED_PRIMITIVE_FACE('',(#10265));
#10267=POLY_LOOP('',(#10263,#10119,#10178));
#10268=FACE_OUTER_BOUND('',#10267,.T.);
#10269=FACETED_PRIMITIVE_FACE('',(#10268));
#10271=POLY_LOOP('',(#10270,#10160,#10207));
#10272=FACE_OUTER_BOUND('',#10271,.T.);
#10273=FACETED_PRIMITIVE_FACE('',(#10272));
#10274=POLY_LOOP('',(#10270,#10239,#10160));
#10275=FACE_OUTER_BOUND('',#10274,.T.);
#10276=FACETED_PRIMITIVE_FACE('',(#10275));
#10278=POLY_LOOP('',(#10277,#10243,#10167));
#10279=FACE_OUTER_BOUND('',#10278,.T.);
#10280=FACETED_PRIMITIVE_FACE('',(#10279));
#10281=POLY_LOOP('',(#10277,#10214,#10263));
#10282=FACE_OUTER_BOUND('',#10281,.T.);
#10283=FACETED_PRIMITIVE_FACE('',(#10282));
#10284=POLY_LOOP('',(#10277,#8695,#8705));
#10285=FACE_OUTER_BOUND('',#10284,.T.);
#10286=FACETED_PRIMITIVE_FACE('',(#10285));
#10287=POLY_LOOP('',(#10277,#8688,#8695));
#10288=FACE_OUTER_BOUND('',#10287,.T.);
#10289=FACETED_PRIMITIVE_FACE('',(#10288));
#10290=POLY_LOOP('',(#10277,#10167,#10214));
#10291=FACE_OUTER_BOUND('',#10290,.T.);
#10292=FACETED_PRIMITIVE_FACE('',(#10291));
#10293=POLY_LOOP('',(#10277,#8705,#10243));
#10294=FACE_OUTER_BOUND('',#10293,.T.);
#10295=FACETED_PRIMITIVE_FACE('',(#10294));
#10297=POLY_LOOP('',(#10296,#10256,#10171));
#10298=FACE_OUTER_BOUND('',#10297,.T.);
#10299=FACETED_PRIMITIVE_FACE('',(#10298));
#10300=POLY_LOOP('',(#10296,#10171,#10221));
#10301=FACE_OUTER_BOUND('',#10300,.T.);
#10302=FACETED_PRIMITIVE_FACE('',(#10301));
#10304=POLY_LOOP('',(#10296,#10229,#10303));
#10305=FACE_OUTER_BOUND('',#10304,.T.);
#10306=FACETED_PRIMITIVE_FACE('',(#10305));
#10308=POLY_LOOP('',(#10296,#10303,#10307));
#10309=FACE_OUTER_BOUND('',#10308,.T.);
#10310=FACETED_PRIMITIVE_FACE('',(#10309));
#10311=POLY_LOOP('',(#10296,#10221,#10229));
#10312=FACE_OUTER_BOUND('',#10311,.T.);
#10313=FACETED_PRIMITIVE_FACE('',(#10312));
#10315=POLY_LOOP('',(#10314,#10178,#10239));
#10316=FACE_OUTER_BOUND('',#10315,.T.);
#10317=FACETED_PRIMITIVE_FACE('',(#10316));
#10318=POLY_LOOP('',(#10314,#10263,#10178));
#10319=FACE_OUTER_BOUND('',#10318,.T.);
#10320=FACETED_PRIMITIVE_FACE('',(#10319));
#10322=POLY_LOOP('',(#10321,#10270,#10207));
#10323=FACE_OUTER_BOUND('',#10322,.T.);
#10324=FACETED_PRIMITIVE_FACE('',(#10323));
#10325=POLY_LOOP('',(#10321,#10207,#10256));
#10326=FACE_OUTER_BOUND('',#10325,.T.);
#10327=FACETED_PRIMITIVE_FACE('',(#10326));
#10329=POLY_LOOP('',(#10328,#8688,#10277));
#10330=FACE_OUTER_BOUND('',#10329,.T.);
#10331=FACETED_PRIMITIVE_FACE('',(#10330));
#10332=POLY_LOOP('',(#10328,#8681,#8688));
#10333=FACE_OUTER_BOUND('',#10332,.T.);
#10334=FACETED_PRIMITIVE_FACE('',(#10333));
#10335=POLY_LOOP('',(#10328,#8660,#8681));
#10336=FACE_OUTER_BOUND('',#10335,.T.);
#10337=FACETED_PRIMITIVE_FACE('',(#10336));
#10338=POLY_LOOP('',(#10328,#10277,#10263));
#10339=FACE_OUTER_BOUND('',#10338,.T.);
#10340=FACETED_PRIMITIVE_FACE('',(#10339));
#10342=POLY_LOOP('',(#10341,#10314,#10239));
#10343=FACE_OUTER_BOUND('',#10342,.T.);
#10344=FACETED_PRIMITIVE_FACE('',(#10343));
#10345=POLY_LOOP('',(#10341,#10239,#10270));
#10346=FACE_OUTER_BOUND('',#10345,.T.);
#10347=FACETED_PRIMITIVE_FACE('',(#10346));
#10348=POLY_LOOP('',(#10341,#10270,#10321));
#10349=FACE_OUTER_BOUND('',#10348,.T.);
#10350=FACETED_PRIMITIVE_FACE('',(#10349));
#10352=POLY_LOOP('',(#10351,#10321,#10256));
#10353=FACE_OUTER_BOUND('',#10352,.T.);
#10354=FACETED_PRIMITIVE_FACE('',(#10353));
#10355=POLY_LOOP('',(#10351,#10296,#10307));
#10356=FACE_OUTER_BOUND('',#10355,.T.);
#10357=FACETED_PRIMITIVE_FACE('',(#10356));
#10358=POLY_LOOP('',(#10351,#10256,#10296));
#10359=FACE_OUTER_BOUND('',#10358,.T.);
#10360=FACETED_PRIMITIVE_FACE('',(#10359));
#10362=POLY_LOOP('',(#10351,#10307,#10361));
#10363=FACE_OUTER_BOUND('',#10362,.T.);
#10364=FACETED_PRIMITIVE_FACE('',(#10363));
#10366=POLY_LOOP('',(#10351,#10361,#10365));
#10367=FACE_OUTER_BOUND('',#10366,.T.);
#10368=FACETED_PRIMITIVE_FACE('',(#10367));
#10370=POLY_LOOP('',(#10369,#10314,#10341));
#10371=FACE_OUTER_BOUND('',#10370,.T.);
#10372=FACETED_PRIMITIVE_FACE('',(#10371));
#10373=POLY_LOOP('',(#10369,#10263,#10314));
#10374=FACE_OUTER_BOUND('',#10373,.T.);
#10375=FACETED_PRIMITIVE_FACE('',(#10374));
#10376=POLY_LOOP('',(#10369,#8660,#10328));
#10377=FACE_OUTER_BOUND('',#10376,.T.);
#10378=FACETED_PRIMITIVE_FACE('',(#10377));
#10379=POLY_LOOP('',(#10369,#8640,#8660));
#10380=FACE_OUTER_BOUND('',#10379,.T.);
#10381=FACETED_PRIMITIVE_FACE('',(#10380));
#10382=POLY_LOOP('',(#10369,#8619,#8640));
#10383=FACE_OUTER_BOUND('',#10382,.T.);
#10384=FACETED_PRIMITIVE_FACE('',(#10383));
#10385=POLY_LOOP('',(#10369,#10328,#10263));
#10386=FACE_OUTER_BOUND('',#10385,.T.);
#10387=FACETED_PRIMITIVE_FACE('',(#10386));
#10389=POLY_LOOP('',(#10388,#10321,#10351));
#10390=FACE_OUTER_BOUND('',#10389,.T.);
#10391=FACETED_PRIMITIVE_FACE('',(#10390));
#10392=POLY_LOOP('',(#10388,#10341,#10321));
#10393=FACE_OUTER_BOUND('',#10392,.T.);
#10394=FACETED_PRIMITIVE_FACE('',(#10393));
#10396=POLY_LOOP('',(#10395,#10369,#10341));
#10397=FACE_OUTER_BOUND('',#10396,.T.);
#10398=FACETED_PRIMITIVE_FACE('',(#10397));
#10399=POLY_LOOP('',(#10395,#8605,#8619));
#10400=FACE_OUTER_BOUND('',#10399,.T.);
#10401=FACETED_PRIMITIVE_FACE('',(#10400));
#10402=POLY_LOOP('',(#10395,#8597,#8605));
#10403=FACE_OUTER_BOUND('',#10402,.T.);
#10404=FACETED_PRIMITIVE_FACE('',(#10403));
#10405=POLY_LOOP('',(#10395,#8619,#10369));
#10406=FACE_OUTER_BOUND('',#10405,.T.);
#10407=FACETED_PRIMITIVE_FACE('',(#10406));
#10409=POLY_LOOP('',(#10408,#10388,#10351));
#10410=FACE_OUTER_BOUND('',#10409,.T.);
#10411=FACETED_PRIMITIVE_FACE('',(#10410));
#10412=POLY_LOOP('',(#10408,#10351,#10365));
#10413=FACE_OUTER_BOUND('',#10412,.T.);
#10414=FACETED_PRIMITIVE_FACE('',(#10413));
#10416=POLY_LOOP('',(#10408,#10365,#10415));
#10417=FACE_OUTER_BOUND('',#10416,.T.);
#10418=FACETED_PRIMITIVE_FACE('',(#10417));
#10420=POLY_LOOP('',(#10408,#10415,#10419));
#10421=FACE_OUTER_BOUND('',#10420,.T.);
#10422=FACETED_PRIMITIVE_FACE('',(#10421));
#10424=POLY_LOOP('',(#10423,#10395,#10341));
#10425=FACE_OUTER_BOUND('',#10424,.T.);
#10426=FACETED_PRIMITIVE_FACE('',(#10425));
#10427=POLY_LOOP('',(#10423,#10341,#10388));
#10428=FACE_OUTER_BOUND('',#10427,.T.);
#10429=FACETED_PRIMITIVE_FACE('',(#10428));
#10430=POLY_LOOP('',(#10423,#8598,#8597));
#10431=FACE_OUTER_BOUND('',#10430,.T.);
#10432=FACETED_PRIMITIVE_FACE('',(#10431));
#10433=POLY_LOOP('',(#10423,#8612,#8598));
#10434=FACE_OUTER_BOUND('',#10433,.T.);
#10435=FACETED_PRIMITIVE_FACE('',(#10434));
#10436=POLY_LOOP('',(#10423,#8597,#10395));
#10437=FACE_OUTER_BOUND('',#10436,.T.);
#10438=FACETED_PRIMITIVE_FACE('',(#10437));
#10440=POLY_LOOP('',(#10439,#10388,#10408));
#10441=FACE_OUTER_BOUND('',#10440,.T.);
#10442=FACETED_PRIMITIVE_FACE('',(#10441));
#10443=POLY_LOOP('',(#10439,#8612,#10423));
#10444=FACE_OUTER_BOUND('',#10443,.T.);
#10445=FACETED_PRIMITIVE_FACE('',(#10444));
#10446=POLY_LOOP('',(#10439,#8626,#8612));
#10447=FACE_OUTER_BOUND('',#10446,.T.);
#10448=FACETED_PRIMITIVE_FACE('',(#10447));
#10449=POLY_LOOP('',(#10439,#10423,#10388));
#10450=FACE_OUTER_BOUND('',#10449,.T.);
#10451=FACETED_PRIMITIVE_FACE('',(#10450));
#10452=POLY_LOOP('',(#10439,#10408,#10419));
#10453=FACE_OUTER_BOUND('',#10452,.T.);
#10454=FACETED_PRIMITIVE_FACE('',(#10453));
#10456=POLY_LOOP('',(#10439,#10419,#10455));
#10457=FACE_OUTER_BOUND('',#10456,.T.);
#10458=FACETED_PRIMITIVE_FACE('',(#10457));
#10460=POLY_LOOP('',(#10439,#10455,#10459));
#10461=FACE_OUTER_BOUND('',#10460,.T.);
#10462=FACETED_PRIMITIVE_FACE('',(#10461));
#10463=POLY_LOOP('',(#10439,#10459,#9580));
#10464=FACE_OUTER_BOUND('',#10463,.T.);
#10465=FACETED_PRIMITIVE_FACE('',(#10464));
#10466=POLY_LOOP('',(#10439,#9580,#8626));
#10467=FACE_OUTER_BOUND('',#10466,.T.);
#10468=FACETED_PRIMITIVE_FACE('',(#10467));
#10469=POLY_LOOP('',(#130,#9580,#10459));
#10470=FACE_OUTER_BOUND('',#10469,.T.);
#10471=FACETED_PRIMITIVE_FACE('',(#10470));
#10472=POLY_LOOP('',(#130,#8677,#9580));
#10473=FACE_OUTER_BOUND('',#10472,.T.);
#10474=FACETED_PRIMITIVE_FACE('',(#10473));
#10475=POLY_LOOP('',(#130,#102,#8677));
#10476=FACE_OUTER_BOUND('',#10475,.T.);
#10477=FACETED_PRIMITIVE_FACE('',(#10476));
#10478=POLY_LOOP('',(#147,#10459,#10455));
#10479=FACE_OUTER_BOUND('',#10478,.T.);
#10480=FACETED_PRIMITIVE_FACE('',(#10479));
#10481=POLY_LOOP('',(#147,#130,#10459));
#10482=FACE_OUTER_BOUND('',#10481,.T.);
#10483=FACETED_PRIMITIVE_FACE('',(#10482));
#10484=POLY_LOOP('',(#143,#10455,#10419));
#10485=FACE_OUTER_BOUND('',#10484,.T.);
#10486=FACETED_PRIMITIVE_FACE('',(#10485));
#10487=POLY_LOOP('',(#143,#147,#10455));
#10488=FACE_OUTER_BOUND('',#10487,.T.);
#10489=FACETED_PRIMITIVE_FACE('',(#10488));
#10490=POLY_LOOP('',(#116,#143,#10419));
#10491=FACE_OUTER_BOUND('',#10490,.T.);
#10492=FACETED_PRIMITIVE_FACE('',(#10491));
#10493=POLY_LOOP('',(#10415,#116,#10419));
#10494=FACE_OUTER_BOUND('',#10493,.T.);
#10495=FACETED_PRIMITIVE_FACE('',(#10494));
#10496=POLY_LOOP('',(#111,#116,#10415));
#10497=FACE_OUTER_BOUND('',#10496,.T.);
#10498=FACETED_PRIMITIVE_FACE('',(#10497));
#10499=POLY_LOOP('',(#10365,#112,#111));
#10500=FACE_OUTER_BOUND('',#10499,.T.);
#10501=FACETED_PRIMITIVE_FACE('',(#10500));
#10502=POLY_LOOP('',(#10365,#110,#112));
#10503=FACE_OUTER_BOUND('',#10502,.T.);
#10504=FACETED_PRIMITIVE_FACE('',(#10503));
#10505=POLY_LOOP('',(#10365,#111,#10415));
#10506=FACE_OUTER_BOUND('',#10505,.T.);
#10507=FACETED_PRIMITIVE_FACE('',(#10506));
#10508=POLY_LOOP('',(#10361,#121,#110));
#10509=FACE_OUTER_BOUND('',#10508,.T.);
#10510=FACETED_PRIMITIVE_FACE('',(#10509));
#10511=POLY_LOOP('',(#10361,#110,#10365));
#10512=FACE_OUTER_BOUND('',#10511,.T.);
#10513=FACETED_PRIMITIVE_FACE('',(#10512));
#10514=POLY_LOOP('',(#10307,#121,#10361));
#10515=FACE_OUTER_BOUND('',#10514,.T.);
#10516=FACETED_PRIMITIVE_FACE('',(#10515));
#10517=POLY_LOOP('',(#10303,#120,#121));
#10518=FACE_OUTER_BOUND('',#10517,.T.);
#10519=FACETED_PRIMITIVE_FACE('',(#10518));
#10520=POLY_LOOP('',(#10303,#121,#10307));
#10521=FACE_OUTER_BOUND('',#10520,.T.);
#10522=FACETED_PRIMITIVE_FACE('',(#10521));
#10523=POLY_LOOP('',(#10229,#125,#120));
#10524=FACE_OUTER_BOUND('',#10523,.T.);
#10525=FACETED_PRIMITIVE_FACE('',(#10524));
#10526=POLY_LOOP('',(#10229,#120,#10303));
#10527=FACE_OUTER_BOUND('',#10526,.T.);
#10528=FACETED_PRIMITIVE_FACE('',(#10527));
#10529=POLY_LOOP('',(#10225,#125,#10229));
#10530=FACE_OUTER_BOUND('',#10529,.T.);
#10531=FACETED_PRIMITIVE_FACE('',(#10530));
#10532=POLY_LOOP('',(#10225,#138,#125));
#10533=FACE_OUTER_BOUND('',#10532,.T.);
#10534=FACETED_PRIMITIVE_FACE('',(#10533));
#10535=POLY_LOOP('',(#10225,#137,#138));
#10536=FACE_OUTER_BOUND('',#10535,.T.);
#10537=FACETED_PRIMITIVE_FACE('',(#10536));
#10538=POLY_LOOP('',(#9549,#8931,#103));
#10539=FACE_OUTER_BOUND('',#10538,.T.);
#10540=FACETED_PRIMITIVE_FACE('',(#10539));
#10541=POLY_LOOP('',(#9549,#129,#142));
#10542=FACE_OUTER_BOUND('',#10541,.T.);
#10543=FACETED_PRIMITIVE_FACE('',(#10542));
#10544=POLY_LOOP('',(#9549,#103,#129));
#10545=FACE_OUTER_BOUND('',#10544,.T.);
#10546=FACETED_PRIMITIVE_FACE('',(#10545));
#10547=POLY_LOOP('',(#10153,#137,#10225));
#10548=FACE_OUTER_BOUND('',#10547,.T.);
#10549=FACETED_PRIMITIVE_FACE('',(#10548));
#10550=POLY_LOOP('',(#10153,#158,#137));
#10551=FACE_OUTER_BOUND('',#10550,.T.);
#10552=FACETED_PRIMITIVE_FACE('',(#10551));
#10553=POLY_LOOP('',(#9882,#9549,#142));
#10554=FACE_OUTER_BOUND('',#10553,.T.);
#10555=FACETED_PRIMITIVE_FACE('',(#10554));
#10556=POLY_LOOP('',(#10149,#158,#10153));
#10557=FACE_OUTER_BOUND('',#10556,.T.);
#10558=FACETED_PRIMITIVE_FACE('',(#10557));
#10559=POLY_LOOP('',(#9886,#9882,#142));
#10560=FACE_OUTER_BOUND('',#10559,.T.);
#10561=FACETED_PRIMITIVE_FACE('',(#10560));
#10562=POLY_LOOP('',(#9886,#142,#172));
#10563=FACE_OUTER_BOUND('',#10562,.T.);
#10564=FACETED_PRIMITIVE_FACE('',(#10563));
#10565=POLY_LOOP('',(#10063,#158,#10149));
#10566=FACE_OUTER_BOUND('',#10565,.T.);
#10567=FACETED_PRIMITIVE_FACE('',(#10566));
#10568=POLY_LOOP('',(#10063,#157,#158));
#10569=FACE_OUTER_BOUND('',#10568,.T.);
#10570=FACETED_PRIMITIVE_FACE('',(#10569));
#10571=POLY_LOOP('',(#10063,#177,#157));
#10572=FACE_OUTER_BOUND('',#10571,.T.);
#10573=FACETED_PRIMITIVE_FACE('',(#10572));
#10574=POLY_LOOP('',(#9969,#9886,#172));
#10575=FACE_OUTER_BOUND('',#10574,.T.);
#10576=FACETED_PRIMITIVE_FACE('',(#10575));
#10577=POLY_LOOP('',(#9969,#172,#171));
#10578=FACE_OUTER_BOUND('',#10577,.T.);
#10579=FACETED_PRIMITIVE_FACE('',(#10578));
#10580=POLY_LOOP('',(#10059,#177,#10063));
#10581=FACE_OUTER_BOUND('',#10580,.T.);
#10582=FACETED_PRIMITIVE_FACE('',(#10581));
#10583=POLY_LOOP('',(#10059,#176,#177));
#10584=FACE_OUTER_BOUND('',#10583,.T.);
#10585=FACETED_PRIMITIVE_FACE('',(#10584));
#10586=POLY_LOOP('',(#9973,#9969,#171));
#10587=FACE_OUTER_BOUND('',#10586,.T.);
#10588=FACETED_PRIMITIVE_FACE('',(#10587));
#10589=POLY_LOOP('',(#9973,#176,#10059));
#10590=FACE_OUTER_BOUND('',#10589,.T.);
#10591=FACETED_PRIMITIVE_FACE('',(#10590));
#10592=POLY_LOOP('',(#9973,#171,#176));
#10593=FACE_OUTER_BOUND('',#10592,.T.);
#10594=FACETED_PRIMITIVE_FACE('',(#10593));
#10598=POLY_LOOP('',(#10595,#10596,#10597));
#10599=FACE_OUTER_BOUND('',#10598,.T.);
#10600=FACETED_PRIMITIVE_FACE('',(#10599));
#10602=POLY_LOOP('',(#10595,#10601,#10596));
#10603=FACE_OUTER_BOUND('',#10602,.T.);
#10604=FACETED_PRIMITIVE_FACE('',(#10603));
#10608=POLY_LOOP('',(#10605,#10606,#10607));
#10609=FACE_OUTER_BOUND('',#10608,.T.);
#10610=FACETED_PRIMITIVE_FACE('',(#10609));
#10612=POLY_LOOP('',(#10605,#10611,#10606));
#10613=FACE_OUTER_BOUND('',#10612,.T.);
#10614=FACETED_PRIMITIVE_FACE('',(#10613));
#10616=POLY_LOOP('',(#10605,#10607,#10615));
#10617=FACE_OUTER_BOUND('',#10616,.T.);
#10618=FACETED_PRIMITIVE_FACE('',(#10617));
#10622=POLY_LOOP('',(#10619,#10620,#10621));
#10623=FACE_OUTER_BOUND('',#10622,.T.);
#10624=FACETED_PRIMITIVE_FACE('',(#10623));
#10626=POLY_LOOP('',(#10619,#10625,#10620));
#10627=FACE_OUTER_BOUND('',#10626,.T.);
#10628=FACETED_PRIMITIVE_FACE('',(#10627));
#10630=POLY_LOOP('',(#10629,#10625,#10619));
#10631=FACE_OUTER_BOUND('',#10630,.T.);
#10632=FACETED_PRIMITIVE_FACE('',(#10631));
#10636=POLY_LOOP('',(#10633,#10634,#10635));
#10637=FACE_OUTER_BOUND('',#10636,.T.);
#10638=FACETED_PRIMITIVE_FACE('',(#10637));
#10639=POLY_LOOP('',(#10633,#10635,#10611));
#10640=FACE_OUTER_BOUND('',#10639,.T.);
#10641=FACETED_PRIMITIVE_FACE('',(#10640));
#10644=POLY_LOOP('',(#10642,#10595,#10643));
#10645=FACE_OUTER_BOUND('',#10644,.T.);
#10646=FACETED_PRIMITIVE_FACE('',(#10645));
#10647=POLY_LOOP('',(#10642,#10601,#10595));
#10648=FACE_OUTER_BOUND('',#10647,.T.);
#10649=FACETED_PRIMITIVE_FACE('',(#10648));
#10652=POLY_LOOP('',(#10642,#10650,#10651));
#10653=FACE_OUTER_BOUND('',#10652,.T.);
#10654=FACETED_PRIMITIVE_FACE('',(#10653));
#10655=POLY_LOOP('',(#10642,#10651,#10601));
#10656=FACE_OUTER_BOUND('',#10655,.T.);
#10657=FACETED_PRIMITIVE_FACE('',(#10656));
#10659=POLY_LOOP('',(#10642,#10643,#10658));
#10660=FACE_OUTER_BOUND('',#10659,.T.);
#10661=FACETED_PRIMITIVE_FACE('',(#10660));
#10663=POLY_LOOP('',(#10642,#10658,#10662));
#10664=FACE_OUTER_BOUND('',#10663,.T.);
#10665=FACETED_PRIMITIVE_FACE('',(#10664));
#10667=POLY_LOOP('',(#10666,#10611,#10605));
#10668=FACE_OUTER_BOUND('',#10667,.T.);
#10669=FACETED_PRIMITIVE_FACE('',(#10668));
#10671=POLY_LOOP('',(#10670,#10650,#10642));
#10672=FACE_OUTER_BOUND('',#10671,.T.);
#10673=FACETED_PRIMITIVE_FACE('',(#10672));
#10674=POLY_LOOP('',(#10670,#10642,#10662));
#10675=FACE_OUTER_BOUND('',#10674,.T.);
#10676=FACETED_PRIMITIVE_FACE('',(#10675));
#10678=POLY_LOOP('',(#10670,#10662,#10677));
#10679=FACE_OUTER_BOUND('',#10678,.T.);
#10680=FACETED_PRIMITIVE_FACE('',(#10679));
#10682=POLY_LOOP('',(#10670,#10677,#10681));
#10683=FACE_OUTER_BOUND('',#10682,.T.);
#10684=FACETED_PRIMITIVE_FACE('',(#10683));
#10686=POLY_LOOP('',(#10670,#10681,#10685));
#10687=FACE_OUTER_BOUND('',#10686,.T.);
#10688=FACETED_PRIMITIVE_FACE('',(#10687));
#10690=POLY_LOOP('',(#10689,#10650,#10670));
#10691=FACE_OUTER_BOUND('',#10690,.T.);
#10692=FACETED_PRIMITIVE_FACE('',(#10691));
#10693=POLY_LOOP('',(#10689,#10670,#10685));
#10694=FACE_OUTER_BOUND('',#10693,.T.);
#10695=FACETED_PRIMITIVE_FACE('',(#10694));
#10697=POLY_LOOP('',(#10689,#10696,#10650));
#10698=FACE_OUTER_BOUND('',#10697,.T.);
#10699=FACETED_PRIMITIVE_FACE('',(#10698));
#10701=POLY_LOOP('',(#10689,#10685,#10700));
#10702=FACE_OUTER_BOUND('',#10701,.T.);
#10703=FACETED_PRIMITIVE_FACE('',(#10702));
#10705=POLY_LOOP('',(#10689,#10700,#10704));
#10706=FACE_OUTER_BOUND('',#10705,.T.);
#10707=FACETED_PRIMITIVE_FACE('',(#10706));
#10709=POLY_LOOP('',(#10689,#10704,#10708));
#10710=FACE_OUTER_BOUND('',#10709,.T.);
#10711=FACETED_PRIMITIVE_FACE('',(#10710));
#10712=POLY_LOOP('',(#10689,#10615,#10696));
#10713=FACE_OUTER_BOUND('',#10712,.T.);
#10714=FACETED_PRIMITIVE_FACE('',(#10713));
#10716=POLY_LOOP('',(#10715,#10689,#10708));
#10717=FACE_OUTER_BOUND('',#10716,.T.);
#10718=FACETED_PRIMITIVE_FACE('',(#10717));
#10719=POLY_LOOP('',(#10715,#10615,#10689));
#10720=FACE_OUTER_BOUND('',#10719,.T.);
#10721=FACETED_PRIMITIVE_FACE('',(#10720));
#10723=POLY_LOOP('',(#10715,#10708,#10722));
#10724=FACE_OUTER_BOUND('',#10723,.T.);
#10725=FACETED_PRIMITIVE_FACE('',(#10724));
#10727=POLY_LOOP('',(#10715,#10722,#10726));
#10728=FACE_OUTER_BOUND('',#10727,.T.);
#10729=FACETED_PRIMITIVE_FACE('',(#10728));
#10731=POLY_LOOP('',(#10715,#10726,#10730));
#10732=FACE_OUTER_BOUND('',#10731,.T.);
#10733=FACETED_PRIMITIVE_FACE('',(#10732));
#10735=POLY_LOOP('',(#10715,#10730,#10734));
#10736=FACE_OUTER_BOUND('',#10735,.T.);
#10737=FACETED_PRIMITIVE_FACE('',(#10736));
#10739=POLY_LOOP('',(#10715,#10734,#10738));
#10740=FACE_OUTER_BOUND('',#10739,.T.);
#10741=FACETED_PRIMITIVE_FACE('',(#10740));
#10743=POLY_LOOP('',(#10742,#10615,#10715));
#10744=FACE_OUTER_BOUND('',#10743,.T.);
#10745=FACETED_PRIMITIVE_FACE('',(#10744));
#10746=POLY_LOOP('',(#10742,#10715,#10738));
#10747=FACE_OUTER_BOUND('',#10746,.T.);
#10748=FACETED_PRIMITIVE_FACE('',(#10747));
#10749=POLY_LOOP('',(#10742,#10605,#10615));
#10750=FACE_OUTER_BOUND('',#10749,.T.);
#10751=FACETED_PRIMITIVE_FACE('',(#10750));
#10753=POLY_LOOP('',(#10742,#10738,#10752));
#10754=FACE_OUTER_BOUND('',#10753,.T.);
#10755=FACETED_PRIMITIVE_FACE('',(#10754));
#10757=POLY_LOOP('',(#10742,#10752,#10756));
#10758=FACE_OUTER_BOUND('',#10757,.T.);
#10759=FACETED_PRIMITIVE_FACE('',(#10758));
#10761=POLY_LOOP('',(#10742,#10756,#10760));
#10762=FACE_OUTER_BOUND('',#10761,.T.);
#10763=FACETED_PRIMITIVE_FACE('',(#10762));
#10765=POLY_LOOP('',(#10764,#10611,#10666));
#10766=FACE_OUTER_BOUND('',#10765,.T.);
#10767=FACETED_PRIMITIVE_FACE('',(#10766));
#10768=POLY_LOOP('',(#10764,#10633,#10611));
#10769=FACE_OUTER_BOUND('',#10768,.T.);
#10770=FACETED_PRIMITIVE_FACE('',(#10769));
#10772=POLY_LOOP('',(#10771,#10742,#10760));
#10773=FACE_OUTER_BOUND('',#10772,.T.);
#10774=FACETED_PRIMITIVE_FACE('',(#10773));
#10775=POLY_LOOP('',(#10771,#10666,#10605));
#10776=FACE_OUTER_BOUND('',#10775,.T.);
#10777=FACETED_PRIMITIVE_FACE('',(#10776));
#10778=POLY_LOOP('',(#10771,#10605,#10742));
#10779=FACE_OUTER_BOUND('',#10778,.T.);
#10780=FACETED_PRIMITIVE_FACE('',(#10779));
#10782=POLY_LOOP('',(#10771,#10760,#10781));
#10783=FACE_OUTER_BOUND('',#10782,.T.);
#10784=FACETED_PRIMITIVE_FACE('',(#10783));
#10786=POLY_LOOP('',(#10771,#10781,#10785));
#10787=FACE_OUTER_BOUND('',#10786,.T.);
#10788=FACETED_PRIMITIVE_FACE('',(#10787));
#10790=POLY_LOOP('',(#10771,#10785,#10789));
#10791=FACE_OUTER_BOUND('',#10790,.T.);
#10792=FACETED_PRIMITIVE_FACE('',(#10791));
#10794=POLY_LOOP('',(#10793,#10764,#10666));
#10795=FACE_OUTER_BOUND('',#10794,.T.);
#10796=FACETED_PRIMITIVE_FACE('',(#10795));
#10798=POLY_LOOP('',(#10793,#10789,#10797));
#10799=FACE_OUTER_BOUND('',#10798,.T.);
#10800=FACETED_PRIMITIVE_FACE('',(#10799));
#10801=POLY_LOOP('',(#10793,#10666,#10771));
#10802=FACE_OUTER_BOUND('',#10801,.T.);
#10803=FACETED_PRIMITIVE_FACE('',(#10802));
#10804=POLY_LOOP('',(#10793,#10771,#10789));
#10805=FACE_OUTER_BOUND('',#10804,.T.);
#10806=FACETED_PRIMITIVE_FACE('',(#10805));
#10809=POLY_LOOP('',(#10807,#10619,#10808));
#10810=FACE_OUTER_BOUND('',#10809,.T.);
#10811=FACETED_PRIMITIVE_FACE('',(#10810));
#10814=POLY_LOOP('',(#10807,#10812,#10813));
#10815=FACE_OUTER_BOUND('',#10814,.T.);
#10816=FACETED_PRIMITIVE_FACE('',(#10815));
#10818=POLY_LOOP('',(#10807,#10817,#10812));
#10819=FACE_OUTER_BOUND('',#10818,.T.);
#10820=FACETED_PRIMITIVE_FACE('',(#10819));
#10821=POLY_LOOP('',(#10807,#10808,#10817));
#10822=FACE_OUTER_BOUND('',#10821,.T.);
#10823=FACETED_PRIMITIVE_FACE('',(#10822));
#10825=POLY_LOOP('',(#10807,#10813,#10824));
#10826=FACE_OUTER_BOUND('',#10825,.T.);
#10827=FACETED_PRIMITIVE_FACE('',(#10826));
#10829=POLY_LOOP('',(#10807,#10828,#10619));
#10830=FACE_OUTER_BOUND('',#10829,.T.);
#10831=FACETED_PRIMITIVE_FACE('',(#10830));
#10833=POLY_LOOP('',(#10832,#10807,#10824));
#10834=FACE_OUTER_BOUND('',#10833,.T.);
#10835=FACETED_PRIMITIVE_FACE('',(#10834));
#10837=POLY_LOOP('',(#10832,#10836,#10828));
#10838=FACE_OUTER_BOUND('',#10837,.T.);
#10839=FACETED_PRIMITIVE_FACE('',(#10838));
#10840=POLY_LOOP('',(#10832,#10828,#10807));
#10841=FACE_OUTER_BOUND('',#10840,.T.);
#10842=FACETED_PRIMITIVE_FACE('',(#10841));
#10844=POLY_LOOP('',(#10843,#10832,#10824));
#10845=FACE_OUTER_BOUND('',#10844,.T.);
#10846=FACETED_PRIMITIVE_FACE('',(#10845));
#10848=POLY_LOOP('',(#10843,#10824,#10847));
#10849=FACE_OUTER_BOUND('',#10848,.T.);
#10850=FACETED_PRIMITIVE_FACE('',(#10849));
#10852=POLY_LOOP('',(#10843,#10851,#10836));
#10853=FACE_OUTER_BOUND('',#10852,.T.);
#10854=FACETED_PRIMITIVE_FACE('',(#10853));
#10855=POLY_LOOP('',(#10843,#10836,#10832));
#10856=FACE_OUTER_BOUND('',#10855,.T.);
#10857=FACETED_PRIMITIVE_FACE('',(#10856));
#10859=POLY_LOOP('',(#10858,#10843,#10847));
#10860=FACE_OUTER_BOUND('',#10859,.T.);
#10861=FACETED_PRIMITIVE_FACE('',(#10860));
#10863=POLY_LOOP('',(#10858,#10862,#10851));
#10864=FACE_OUTER_BOUND('',#10863,.T.);
#10865=FACETED_PRIMITIVE_FACE('',(#10864));
#10866=POLY_LOOP('',(#10858,#10851,#10843));
#10867=FACE_OUTER_BOUND('',#10866,.T.);
#10868=FACETED_PRIMITIVE_FACE('',(#10867));
#10871=POLY_LOOP('',(#10869,#10847,#10870));
#10872=FACE_OUTER_BOUND('',#10871,.T.);
#10873=FACETED_PRIMITIVE_FACE('',(#10872));
#10874=POLY_LOOP('',(#10869,#10858,#10847));
#10875=FACE_OUTER_BOUND('',#10874,.T.);
#10876=FACETED_PRIMITIVE_FACE('',(#10875));
#10878=POLY_LOOP('',(#10869,#10877,#10862));
#10879=FACE_OUTER_BOUND('',#10878,.T.);
#10880=FACETED_PRIMITIVE_FACE('',(#10879));
#10881=POLY_LOOP('',(#10869,#10862,#10858));
#10882=FACE_OUTER_BOUND('',#10881,.T.);
#10883=FACETED_PRIMITIVE_FACE('',(#10882));
#10885=POLY_LOOP('',(#10884,#10869,#10870));
#10886=FACE_OUTER_BOUND('',#10885,.T.);
#10887=FACETED_PRIMITIVE_FACE('',(#10886));
#10889=POLY_LOOP('',(#10884,#10888,#10877));
#10890=FACE_OUTER_BOUND('',#10889,.T.);
#10891=FACETED_PRIMITIVE_FACE('',(#10890));
#10892=POLY_LOOP('',(#10884,#10877,#10869));
#10893=FACE_OUTER_BOUND('',#10892,.T.);
#10894=FACETED_PRIMITIVE_FACE('',(#10893));
#10896=POLY_LOOP('',(#10895,#10888,#10884));
#10897=FACE_OUTER_BOUND('',#10896,.T.);
#10898=FACETED_PRIMITIVE_FACE('',(#10897));
#10900=POLY_LOOP('',(#10895,#10899,#10888));
#10901=FACE_OUTER_BOUND('',#10900,.T.);
#10902=FACETED_PRIMITIVE_FACE('',(#10901));
#10904=POLY_LOOP('',(#10895,#10870,#10903));
#10905=FACE_OUTER_BOUND('',#10904,.T.);
#10906=FACETED_PRIMITIVE_FACE('',(#10905));
#10907=POLY_LOOP('',(#10895,#10884,#10870));
#10908=FACE_OUTER_BOUND('',#10907,.T.);
#10909=FACETED_PRIMITIVE_FACE('',(#10908));
#10911=POLY_LOOP('',(#10910,#10899,#10895));
#10912=FACE_OUTER_BOUND('',#10911,.T.);
#10913=FACETED_PRIMITIVE_FACE('',(#10912));
#10914=POLY_LOOP('',(#10910,#10895,#10903));
#10915=FACE_OUTER_BOUND('',#10914,.T.);
#10916=FACETED_PRIMITIVE_FACE('',(#10915));
#10918=POLY_LOOP('',(#10910,#10917,#10899));
#10919=FACE_OUTER_BOUND('',#10918,.T.);
#10920=FACETED_PRIMITIVE_FACE('',(#10919));
#10922=POLY_LOOP('',(#10921,#10910,#10903));
#10923=FACE_OUTER_BOUND('',#10922,.T.);
#10924=FACETED_PRIMITIVE_FACE('',(#10923));
#10925=POLY_LOOP('',(#10921,#10917,#10910));
#10926=FACE_OUTER_BOUND('',#10925,.T.);
#10927=FACETED_PRIMITIVE_FACE('',(#10926));
#10929=POLY_LOOP('',(#10921,#10903,#10928));
#10930=FACE_OUTER_BOUND('',#10929,.T.);
#10931=FACETED_PRIMITIVE_FACE('',(#10930));
#10933=POLY_LOOP('',(#10921,#10932,#10917));
#10934=FACE_OUTER_BOUND('',#10933,.T.);
#10935=FACETED_PRIMITIVE_FACE('',(#10934));
#10937=POLY_LOOP('',(#10936,#10921,#10928));
#10938=FACE_OUTER_BOUND('',#10937,.T.);
#10939=FACETED_PRIMITIVE_FACE('',(#10938));
#10940=POLY_LOOP('',(#10936,#10932,#10921));
#10941=FACE_OUTER_BOUND('',#10940,.T.);
#10942=FACETED_PRIMITIVE_FACE('',(#10941));
#10944=POLY_LOOP('',(#10936,#10943,#10932));
#10945=FACE_OUTER_BOUND('',#10944,.T.);
#10946=FACETED_PRIMITIVE_FACE('',(#10945));
#10948=POLY_LOOP('',(#10947,#10936,#10928));
#10949=FACE_OUTER_BOUND('',#10948,.T.);
#10950=FACETED_PRIMITIVE_FACE('',(#10949));
#10951=POLY_LOOP('',(#10947,#10943,#10936));
#10952=FACE_OUTER_BOUND('',#10951,.T.);
#10953=FACETED_PRIMITIVE_FACE('',(#10952));
#10955=POLY_LOOP('',(#10947,#10954,#10943));
#10956=FACE_OUTER_BOUND('',#10955,.T.);
#10957=FACETED_PRIMITIVE_FACE('',(#10956));
#10958=POLY_LOOP('',(#10947,#10928,#10634));
#10959=FACE_OUTER_BOUND('',#10958,.T.);
#10960=FACETED_PRIMITIVE_FACE('',(#10959));
#10962=POLY_LOOP('',(#10961,#10947,#10634));
#10963=FACE_OUTER_BOUND('',#10962,.T.);
#10964=FACETED_PRIMITIVE_FACE('',(#10963));
#10965=POLY_LOOP('',(#10961,#10954,#10947));
#10966=FACE_OUTER_BOUND('',#10965,.T.);
#10967=FACETED_PRIMITIVE_FACE('',(#10966));
#10968=POLY_LOOP('',(#10961,#10634,#10633));
#10969=FACE_OUTER_BOUND('',#10968,.T.);
#10970=FACETED_PRIMITIVE_FACE('',(#10969));
#10972=POLY_LOOP('',(#10961,#10971,#10954));
#10973=FACE_OUTER_BOUND('',#10972,.T.);
#10974=FACETED_PRIMITIVE_FACE('',(#10973));
#10976=POLY_LOOP('',(#10975,#10961,#10633));
#10977=FACE_OUTER_BOUND('',#10976,.T.);
#10978=FACETED_PRIMITIVE_FACE('',(#10977));
#10979=POLY_LOOP('',(#10975,#10971,#10961));
#10980=FACE_OUTER_BOUND('',#10979,.T.);
#10981=FACETED_PRIMITIVE_FACE('',(#10980));
#10983=POLY_LOOP('',(#10975,#10982,#10971));
#10984=FACE_OUTER_BOUND('',#10983,.T.);
#10985=FACETED_PRIMITIVE_FACE('',(#10984));
#10987=POLY_LOOP('',(#10986,#10982,#10975));
#10988=FACE_OUTER_BOUND('',#10987,.T.);
#10989=FACETED_PRIMITIVE_FACE('',(#10988));
#10990=POLY_LOOP('',(#10986,#10975,#10633));
#10991=FACE_OUTER_BOUND('',#10990,.T.);
#10992=FACETED_PRIMITIVE_FACE('',(#10991));
#10994=POLY_LOOP('',(#10986,#10993,#10982));
#10995=FACE_OUTER_BOUND('',#10994,.T.);
#10996=FACETED_PRIMITIVE_FACE('',(#10995));
#10998=POLY_LOOP('',(#10997,#10993,#10986));
#10999=FACE_OUTER_BOUND('',#10998,.T.);
#11000=FACETED_PRIMITIVE_FACE('',(#10999));
#11001=POLY_LOOP('',(#10997,#10633,#10764));
#11002=FACE_OUTER_BOUND('',#11001,.T.);
#11003=FACETED_PRIMITIVE_FACE('',(#11002));
#11004=POLY_LOOP('',(#10997,#10986,#10633));
#11005=FACE_OUTER_BOUND('',#11004,.T.);
#11006=FACETED_PRIMITIVE_FACE('',(#11005));
#11008=POLY_LOOP('',(#10997,#11007,#10993));
#11009=FACE_OUTER_BOUND('',#11008,.T.);
#11010=FACETED_PRIMITIVE_FACE('',(#11009));
#11012=POLY_LOOP('',(#11011,#10997,#10764));
#11013=FACE_OUTER_BOUND('',#11012,.T.);
#11014=FACETED_PRIMITIVE_FACE('',(#11013));
#11015=POLY_LOOP('',(#11011,#11007,#10997));
#11016=FACE_OUTER_BOUND('',#11015,.T.);
#11017=FACETED_PRIMITIVE_FACE('',(#11016));
#11019=POLY_LOOP('',(#11011,#11018,#11007));
#11020=FACE_OUTER_BOUND('',#11019,.T.);
#11021=FACETED_PRIMITIVE_FACE('',(#11020));
#11023=POLY_LOOP('',(#11022,#11018,#11011));
#11024=FACE_OUTER_BOUND('',#11023,.T.);
#11025=FACETED_PRIMITIVE_FACE('',(#11024));
#11026=POLY_LOOP('',(#11022,#10764,#10793));
#11027=FACE_OUTER_BOUND('',#11026,.T.);
#11028=FACETED_PRIMITIVE_FACE('',(#11027));
#11029=POLY_LOOP('',(#11022,#11011,#10764));
#11030=FACE_OUTER_BOUND('',#11029,.T.);
#11031=FACETED_PRIMITIVE_FACE('',(#11030));
#11033=POLY_LOOP('',(#11022,#11032,#11018));
#11034=FACE_OUTER_BOUND('',#11033,.T.);
#11035=FACETED_PRIMITIVE_FACE('',(#11034));
#11037=POLY_LOOP('',(#11036,#11022,#10793));
#11038=FACE_OUTER_BOUND('',#11037,.T.);
#11039=FACETED_PRIMITIVE_FACE('',(#11038));
#11040=POLY_LOOP('',(#11036,#11032,#11022));
#11041=FACE_OUTER_BOUND('',#11040,.T.);
#11042=FACETED_PRIMITIVE_FACE('',(#11041));
#11043=POLY_LOOP('',(#11036,#10793,#10797));
#11044=FACE_OUTER_BOUND('',#11043,.T.);
#11045=FACETED_PRIMITIVE_FACE('',(#11044));
#11048=POLY_LOOP('',(#11036,#11046,#11047));
#11049=FACE_OUTER_BOUND('',#11048,.T.);
#11050=FACETED_PRIMITIVE_FACE('',(#11049));
#11052=POLY_LOOP('',(#11036,#10797,#11051));
#11053=FACE_OUTER_BOUND('',#11052,.T.);
#11054=FACETED_PRIMITIVE_FACE('',(#11053));
#11055=POLY_LOOP('',(#11036,#11051,#11046));
#11056=FACE_OUTER_BOUND('',#11055,.T.);
#11057=FACETED_PRIMITIVE_FACE('',(#11056));
#11059=POLY_LOOP('',(#11036,#11058,#11032));
#11060=FACE_OUTER_BOUND('',#11059,.T.);
#11061=FACETED_PRIMITIVE_FACE('',(#11060));
#11062=POLY_LOOP('',(#11036,#11047,#11058));
#11063=FACE_OUTER_BOUND('',#11062,.T.);
#11064=FACETED_PRIMITIVE_FACE('',(#11063));
#11066=POLY_LOOP('',(#10619,#11065,#10808));
#11067=FACE_OUTER_BOUND('',#11066,.T.);
#11068=FACETED_PRIMITIVE_FACE('',(#11067));
#11069=POLY_LOOP('',(#10619,#10621,#11065));
#11070=FACE_OUTER_BOUND('',#11069,.T.);
#11071=FACETED_PRIMITIVE_FACE('',(#11070));
#11074=POLY_LOOP('',(#11072,#11047,#11073));
#11075=FACE_OUTER_BOUND('',#11074,.T.);
#11076=FACETED_PRIMITIVE_FACE('',(#11075));
#11078=POLY_LOOP('',(#11077,#11047,#11072));
#11079=FACE_OUTER_BOUND('',#11078,.T.);
#11080=FACETED_PRIMITIVE_FACE('',(#11079));
#11082=POLY_LOOP('',(#11081,#11047,#11077));
#11083=FACE_OUTER_BOUND('',#11082,.T.);
#11084=FACETED_PRIMITIVE_FACE('',(#11083));
#11086=POLY_LOOP('',(#11085,#11058,#11047));
#11087=FACE_OUTER_BOUND('',#11086,.T.);
#11088=FACETED_PRIMITIVE_FACE('',(#11087));
#11089=POLY_LOOP('',(#11085,#11047,#11081));
#11090=FACE_OUTER_BOUND('',#11089,.T.);
#11091=FACETED_PRIMITIVE_FACE('',(#11090));
#11093=POLY_LOOP('',(#11092,#11047,#11046));
#11094=FACE_OUTER_BOUND('',#11093,.T.);
#11095=FACETED_PRIMITIVE_FACE('',(#11094));
#11097=POLY_LOOP('',(#11096,#11047,#11092));
#11098=FACE_OUTER_BOUND('',#11097,.T.);
#11099=FACETED_PRIMITIVE_FACE('',(#11098));
#11100=POLY_LOOP('',(#11073,#11047,#11096));
#11101=FACE_OUTER_BOUND('',#11100,.T.);
#11102=FACETED_PRIMITIVE_FACE('',(#11101));
#11105=POLY_LOOP('',(#11103,#11104,#10629));
#11106=FACE_OUTER_BOUND('',#11105,.T.);
#11107=FACETED_PRIMITIVE_FACE('',(#11106));
#11108=POLY_LOOP('',(#11103,#10619,#10828));
#11109=FACE_OUTER_BOUND('',#11108,.T.);
#11110=FACETED_PRIMITIVE_FACE('',(#11109));
#11112=POLY_LOOP('',(#11103,#11111,#11104));
#11113=FACE_OUTER_BOUND('',#11112,.T.);
#11114=FACETED_PRIMITIVE_FACE('',(#11113));
#11116=POLY_LOOP('',(#11103,#11115,#11111));
#11117=FACE_OUTER_BOUND('',#11116,.T.);
#11118=FACETED_PRIMITIVE_FACE('',(#11117));
#11119=POLY_LOOP('',(#11103,#10828,#10836));
#11120=FACE_OUTER_BOUND('',#11119,.T.);
#11121=FACETED_PRIMITIVE_FACE('',(#11120));
#11123=POLY_LOOP('',(#11103,#11122,#11115));
#11124=FACE_OUTER_BOUND('',#11123,.T.);
#11125=FACETED_PRIMITIVE_FACE('',(#11124));
#11126=POLY_LOOP('',(#11103,#10629,#10619));
#11127=FACE_OUTER_BOUND('',#11126,.T.);
#11128=FACETED_PRIMITIVE_FACE('',(#11127));
#11131=POLY_LOOP('',(#11129,#11130,#11122));
#11132=FACE_OUTER_BOUND('',#11131,.T.);
#11133=FACETED_PRIMITIVE_FACE('',(#11132));
#11135=POLY_LOOP('',(#11129,#11134,#11130));
#11136=FACE_OUTER_BOUND('',#11135,.T.);
#11137=FACETED_PRIMITIVE_FACE('',(#11136));
#11138=POLY_LOOP('',(#11129,#11122,#11103));
#11139=FACE_OUTER_BOUND('',#11138,.T.);
#11140=FACETED_PRIMITIVE_FACE('',(#11139));
#11142=POLY_LOOP('',(#11141,#10836,#10851));
#11143=FACE_OUTER_BOUND('',#11142,.T.);
#11144=FACETED_PRIMITIVE_FACE('',(#11143));
#11145=POLY_LOOP('',(#11141,#10851,#10862));
#11146=FACE_OUTER_BOUND('',#11145,.T.);
#11147=FACETED_PRIMITIVE_FACE('',(#11146));
#11148=POLY_LOOP('',(#11141,#11103,#10836));
#11149=FACE_OUTER_BOUND('',#11148,.T.);
#11150=FACETED_PRIMITIVE_FACE('',(#11149));
#11153=POLY_LOOP('',(#11151,#11152,#11134));
#11154=FACE_OUTER_BOUND('',#11153,.T.);
#11155=FACETED_PRIMITIVE_FACE('',(#11154));
#11156=POLY_LOOP('',(#11151,#11134,#11129));
#11157=FACE_OUTER_BOUND('',#11156,.T.);
#11158=FACETED_PRIMITIVE_FACE('',(#11157));
#11161=POLY_LOOP('',(#11159,#11160,#11152));
#11162=FACE_OUTER_BOUND('',#11161,.T.);
#11163=FACETED_PRIMITIVE_FACE('',(#11162));
#11165=POLY_LOOP('',(#11159,#11164,#11160));
#11166=FACE_OUTER_BOUND('',#11165,.T.);
#11167=FACETED_PRIMITIVE_FACE('',(#11166));
#11169=POLY_LOOP('',(#11159,#11168,#11164));
#11170=FACE_OUTER_BOUND('',#11169,.T.);
#11171=FACETED_PRIMITIVE_FACE('',(#11170));
#11173=POLY_LOOP('',(#11159,#11172,#11168));
#11174=FACE_OUTER_BOUND('',#11173,.T.);
#11175=FACETED_PRIMITIVE_FACE('',(#11174));
#11176=POLY_LOOP('',(#11159,#11152,#11151));
#11177=FACE_OUTER_BOUND('',#11176,.T.);
#11178=FACETED_PRIMITIVE_FACE('',(#11177));
#11181=POLY_LOOP('',(#11179,#11180,#11172));
#11182=FACE_OUTER_BOUND('',#11181,.T.);
#11183=FACETED_PRIMITIVE_FACE('',(#11182));
#11185=POLY_LOOP('',(#11179,#11184,#11180));
#11186=FACE_OUTER_BOUND('',#11185,.T.);
#11187=FACETED_PRIMITIVE_FACE('',(#11186));
#11189=POLY_LOOP('',(#11179,#11188,#11184));
#11190=FACE_OUTER_BOUND('',#11189,.T.);
#11191=FACETED_PRIMITIVE_FACE('',(#11190));
#11193=POLY_LOOP('',(#11179,#11192,#11188));
#11194=FACE_OUTER_BOUND('',#11193,.T.);
#11195=FACETED_PRIMITIVE_FACE('',(#11194));
#11196=POLY_LOOP('',(#11179,#11172,#11159));
#11197=FACE_OUTER_BOUND('',#11196,.T.);
#11198=FACETED_PRIMITIVE_FACE('',(#11197));
#11200=POLY_LOOP('',(#11199,#11129,#11103));
#11201=FACE_OUTER_BOUND('',#11200,.T.);
#11202=FACETED_PRIMITIVE_FACE('',(#11201));
#11203=POLY_LOOP('',(#11199,#11103,#11141));
#11204=FACE_OUTER_BOUND('',#11203,.T.);
#11205=FACETED_PRIMITIVE_FACE('',(#11204));
#11206=POLY_LOOP('',(#11199,#11151,#11129));
#11207=FACE_OUTER_BOUND('',#11206,.T.);
#11208=FACETED_PRIMITIVE_FACE('',(#11207));
#11211=POLY_LOOP('',(#11209,#11210,#11192));
#11212=FACE_OUTER_BOUND('',#11211,.T.);
#11213=FACETED_PRIMITIVE_FACE('',(#11212));
#11215=POLY_LOOP('',(#11209,#11214,#11210));
#11216=FACE_OUTER_BOUND('',#11215,.T.);
#11217=FACETED_PRIMITIVE_FACE('',(#11216));
#11219=POLY_LOOP('',(#11209,#11218,#11214));
#11220=FACE_OUTER_BOUND('',#11219,.T.);
#11221=FACETED_PRIMITIVE_FACE('',(#11220));
#11223=POLY_LOOP('',(#11209,#11222,#11218));
#11224=FACE_OUTER_BOUND('',#11223,.T.);
#11225=FACETED_PRIMITIVE_FACE('',(#11224));
#11226=POLY_LOOP('',(#11209,#11192,#11179));
#11227=FACE_OUTER_BOUND('',#11226,.T.);
#11228=FACETED_PRIMITIVE_FACE('',(#11227));
#11231=POLY_LOOP('',(#11229,#11230,#11222));
#11232=FACE_OUTER_BOUND('',#11231,.T.);
#11233=FACETED_PRIMITIVE_FACE('',(#11232));
#11235=POLY_LOOP('',(#11229,#11234,#11230));
#11236=FACE_OUTER_BOUND('',#11235,.T.);
#11237=FACETED_PRIMITIVE_FACE('',(#11236));
#11239=POLY_LOOP('',(#11229,#11238,#11234));
#11240=FACE_OUTER_BOUND('',#11239,.T.);
#11241=FACETED_PRIMITIVE_FACE('',(#11240));
#11243=POLY_LOOP('',(#11229,#11242,#11238));
#11244=FACE_OUTER_BOUND('',#11243,.T.);
#11245=FACETED_PRIMITIVE_FACE('',(#11244));
#11246=POLY_LOOP('',(#11229,#11222,#11209));
#11247=FACE_OUTER_BOUND('',#11246,.T.);
#11248=FACETED_PRIMITIVE_FACE('',(#11247));
#11250=POLY_LOOP('',(#11249,#10862,#10877));
#11251=FACE_OUTER_BOUND('',#11250,.T.);
#11252=FACETED_PRIMITIVE_FACE('',(#11251));
#11253=POLY_LOOP('',(#11249,#10877,#10888));
#11254=FACE_OUTER_BOUND('',#11253,.T.);
#11255=FACETED_PRIMITIVE_FACE('',(#11254));
#11256=POLY_LOOP('',(#11249,#11141,#10862));
#11257=FACE_OUTER_BOUND('',#11256,.T.);
#11258=FACETED_PRIMITIVE_FACE('',(#11257));
#11260=POLY_LOOP('',(#11259,#11151,#11199));
#11261=FACE_OUTER_BOUND('',#11260,.T.);
#11262=FACETED_PRIMITIVE_FACE('',(#11261));
#11264=POLY_LOOP('',(#11263,#11242,#11229));
#11265=FACE_OUTER_BOUND('',#11264,.T.);
#11266=FACETED_PRIMITIVE_FACE('',(#11265));
#11268=POLY_LOOP('',(#11263,#11267,#11242));
#11269=FACE_OUTER_BOUND('',#11268,.T.);
#11270=FACETED_PRIMITIVE_FACE('',(#11269));
#11272=POLY_LOOP('',(#11271,#11159,#11151));
#11273=FACE_OUTER_BOUND('',#11272,.T.);
#11274=FACETED_PRIMITIVE_FACE('',(#11273));
#11275=POLY_LOOP('',(#11271,#11151,#11259));
#11276=FACE_OUTER_BOUND('',#11275,.T.);
#11277=FACETED_PRIMITIVE_FACE('',(#11276));
#11279=POLY_LOOP('',(#11278,#11209,#11179));
#11280=FACE_OUTER_BOUND('',#11279,.T.);
#11281=FACETED_PRIMITIVE_FACE('',(#11280));
#11282=POLY_LOOP('',(#11278,#11159,#11271));
#11283=FACE_OUTER_BOUND('',#11282,.T.);
#11284=FACETED_PRIMITIVE_FACE('',(#11283));
#11285=POLY_LOOP('',(#11278,#11179,#11159));
#11286=FACE_OUTER_BOUND('',#11285,.T.);
#11287=FACETED_PRIMITIVE_FACE('',(#11286));
#11289=POLY_LOOP('',(#11288,#11267,#11263));
#11290=FACE_OUTER_BOUND('',#11289,.T.);
#11291=FACETED_PRIMITIVE_FACE('',(#11290));
#11293=POLY_LOOP('',(#11288,#11292,#11267));
#11294=FACE_OUTER_BOUND('',#11293,.T.);
#11295=FACETED_PRIMITIVE_FACE('',(#11294));
#11297=POLY_LOOP('',(#11296,#11141,#11249));
#11298=FACE_OUTER_BOUND('',#11297,.T.);
#11299=FACETED_PRIMITIVE_FACE('',(#11298));
#11300=POLY_LOOP('',(#11296,#11199,#11141));
#11301=FACE_OUTER_BOUND('',#11300,.T.);
#11302=FACETED_PRIMITIVE_FACE('',(#11301));
#11304=POLY_LOOP('',(#11303,#11209,#11278));
#11305=FACE_OUTER_BOUND('',#11304,.T.);
#11306=FACETED_PRIMITIVE_FACE('',(#11305));
#11308=POLY_LOOP('',(#11307,#11209,#11303));
#11309=FACE_OUTER_BOUND('',#11308,.T.);
#11310=FACETED_PRIMITIVE_FACE('',(#11309));
#11311=POLY_LOOP('',(#11307,#11229,#11209));
#11312=FACE_OUTER_BOUND('',#11311,.T.);
#11313=FACETED_PRIMITIVE_FACE('',(#11312));
#11315=POLY_LOOP('',(#11314,#10888,#10899));
#11316=FACE_OUTER_BOUND('',#11315,.T.);
#11317=FACETED_PRIMITIVE_FACE('',(#11316));
#11318=POLY_LOOP('',(#11314,#10899,#10917));
#11319=FACE_OUTER_BOUND('',#11318,.T.);
#11320=FACETED_PRIMITIVE_FACE('',(#11319));
#11321=POLY_LOOP('',(#11314,#11249,#10888));
#11322=FACE_OUTER_BOUND('',#11321,.T.);
#11323=FACETED_PRIMITIVE_FACE('',(#11322));
#11325=POLY_LOOP('',(#11324,#11199,#11296));
#11326=FACE_OUTER_BOUND('',#11325,.T.);
#11327=FACETED_PRIMITIVE_FACE('',(#11326));
#11328=POLY_LOOP('',(#11324,#11259,#11199));
#11329=FACE_OUTER_BOUND('',#11328,.T.);
#11330=FACETED_PRIMITIVE_FACE('',(#11329));
#11332=POLY_LOOP('',(#11331,#11263,#11229));
#11333=FACE_OUTER_BOUND('',#11332,.T.);
#11334=FACETED_PRIMITIVE_FACE('',(#11333));
#11335=POLY_LOOP('',(#11331,#11229,#11307));
#11336=FACE_OUTER_BOUND('',#11335,.T.);
#11337=FACETED_PRIMITIVE_FACE('',(#11336));
#11339=POLY_LOOP('',(#11338,#11292,#11288));
#11340=FACE_OUTER_BOUND('',#11339,.T.);
#11341=FACETED_PRIMITIVE_FACE('',(#11340));
#11343=POLY_LOOP('',(#11338,#11342,#11292));
#11344=FACE_OUTER_BOUND('',#11343,.T.);
#11345=FACETED_PRIMITIVE_FACE('',(#11344));
#11347=POLY_LOOP('',(#11346,#11259,#11324));
#11348=FACE_OUTER_BOUND('',#11347,.T.);
#11349=FACETED_PRIMITIVE_FACE('',(#11348));
#11350=POLY_LOOP('',(#11346,#11271,#11259));
#11351=FACE_OUTER_BOUND('',#11350,.T.);
#11352=FACETED_PRIMITIVE_FACE('',(#11351));
#11354=POLY_LOOP('',(#11353,#11271,#11346));
#11355=FACE_OUTER_BOUND('',#11354,.T.);
#11356=FACETED_PRIMITIVE_FACE('',(#11355));
#11357=POLY_LOOP('',(#11353,#11278,#11271));
#11358=FACE_OUTER_BOUND('',#11357,.T.);
#11359=FACETED_PRIMITIVE_FACE('',(#11358));
#11361=POLY_LOOP('',(#11360,#11288,#11263));
#11362=FACE_OUTER_BOUND('',#11361,.T.);
#11363=FACETED_PRIMITIVE_FACE('',(#11362));
#11364=POLY_LOOP('',(#11360,#11263,#11331));
#11365=FACE_OUTER_BOUND('',#11364,.T.);
#11366=FACETED_PRIMITIVE_FACE('',(#11365));
#11368=POLY_LOOP('',(#11367,#11249,#11314));
#11369=FACE_OUTER_BOUND('',#11368,.T.);
#11370=FACETED_PRIMITIVE_FACE('',(#11369));
#11371=POLY_LOOP('',(#11367,#11296,#11249));
#11372=FACE_OUTER_BOUND('',#11371,.T.);
#11373=FACETED_PRIMITIVE_FACE('',(#11372));
#11374=POLY_LOOP('',(#11367,#11324,#11296));
#11375=FACE_OUTER_BOUND('',#11374,.T.);
#11376=FACETED_PRIMITIVE_FACE('',(#11375));
#11378=POLY_LOOP('',(#11377,#11303,#11278));
#11379=FACE_OUTER_BOUND('',#11378,.T.);
#11380=FACETED_PRIMITIVE_FACE('',(#11379));
#11381=POLY_LOOP('',(#11377,#11278,#11353));
#11382=FACE_OUTER_BOUND('',#11381,.T.);
#11383=FACETED_PRIMITIVE_FACE('',(#11382));
#11385=POLY_LOOP('',(#11384,#11303,#11377));
#11386=FACE_OUTER_BOUND('',#11385,.T.);
#11387=FACETED_PRIMITIVE_FACE('',(#11386));
#11388=POLY_LOOP('',(#11384,#11307,#11303));
#11389=FACE_OUTER_BOUND('',#11388,.T.);
#11390=FACETED_PRIMITIVE_FACE('',(#11389));
#11392=POLY_LOOP('',(#11391,#10917,#10932));
#11393=FACE_OUTER_BOUND('',#11392,.T.);
#11394=FACETED_PRIMITIVE_FACE('',(#11393));
#11395=POLY_LOOP('',(#11391,#10932,#10943));
#11396=FACE_OUTER_BOUND('',#11395,.T.);
#11397=FACETED_PRIMITIVE_FACE('',(#11396));
#11398=POLY_LOOP('',(#11391,#11314,#10917));
#11399=FACE_OUTER_BOUND('',#11398,.T.);
#11400=FACETED_PRIMITIVE_FACE('',(#11399));
#11402=POLY_LOOP('',(#11401,#11324,#11367));
#11403=FACE_OUTER_BOUND('',#11402,.T.);
#11404=FACETED_PRIMITIVE_FACE('',(#11403));
#11406=POLY_LOOP('',(#11405,#11307,#11384));
#11407=FACE_OUTER_BOUND('',#11406,.T.);
#11408=FACETED_PRIMITIVE_FACE('',(#11407));
#11409=POLY_LOOP('',(#11405,#11331,#11307));
#11410=FACE_OUTER_BOUND('',#11409,.T.);
#11411=FACETED_PRIMITIVE_FACE('',(#11410));
#11413=POLY_LOOP('',(#11412,#11288,#11360));
#11414=FACE_OUTER_BOUND('',#11413,.T.);
#11415=FACETED_PRIMITIVE_FACE('',(#11414));
#11416=POLY_LOOP('',(#11412,#11338,#11288));
#11417=FACE_OUTER_BOUND('',#11416,.T.);
#11418=FACETED_PRIMITIVE_FACE('',(#11417));
#11420=POLY_LOOP('',(#11419,#11346,#11324));
#11421=FACE_OUTER_BOUND('',#11420,.T.);
#11422=FACETED_PRIMITIVE_FACE('',(#11421));
#11423=POLY_LOOP('',(#11419,#11324,#11401));
#11424=FACE_OUTER_BOUND('',#11423,.T.);
#11425=FACETED_PRIMITIVE_FACE('',(#11424));
#11427=POLY_LOOP('',(#11426,#11353,#11346));
#11428=FACE_OUTER_BOUND('',#11427,.T.);
#11429=FACETED_PRIMITIVE_FACE('',(#11428));
#11430=POLY_LOOP('',(#11426,#11377,#11353));
#11431=FACE_OUTER_BOUND('',#11430,.T.);
#11432=FACETED_PRIMITIVE_FACE('',(#11431));
#11433=POLY_LOOP('',(#11426,#11346,#11419));
#11434=FACE_OUTER_BOUND('',#11433,.T.);
#11435=FACETED_PRIMITIVE_FACE('',(#11434));
#11437=POLY_LOOP('',(#11436,#11412,#11360));
#11438=FACE_OUTER_BOUND('',#11437,.T.);
#11439=FACETED_PRIMITIVE_FACE('',(#11438));
#11440=POLY_LOOP('',(#11436,#11360,#11331));
#11441=FACE_OUTER_BOUND('',#11440,.T.);
#11442=FACETED_PRIMITIVE_FACE('',(#11441));
#11443=POLY_LOOP('',(#11436,#11331,#11405));
#11444=FACE_OUTER_BOUND('',#11443,.T.);
#11445=FACETED_PRIMITIVE_FACE('',(#11444));
#11447=POLY_LOOP('',(#11446,#11342,#11338));
#11448=FACE_OUTER_BOUND('',#11447,.T.);
#11449=FACETED_PRIMITIVE_FACE('',(#11448));
#11451=POLY_LOOP('',(#11446,#11450,#11342));
#11452=FACE_OUTER_BOUND('',#11451,.T.);
#11453=FACETED_PRIMITIVE_FACE('',(#11452));
#11455=POLY_LOOP('',(#11446,#11454,#11450));
#11456=FACE_OUTER_BOUND('',#11455,.T.);
#11457=FACETED_PRIMITIVE_FACE('',(#11456));
#11459=POLY_LOOP('',(#11458,#11367,#11314));
#11460=FACE_OUTER_BOUND('',#11459,.T.);
#11461=FACETED_PRIMITIVE_FACE('',(#11460));
#11462=POLY_LOOP('',(#11458,#11401,#11367));
#11463=FACE_OUTER_BOUND('',#11462,.T.);
#11464=FACETED_PRIMITIVE_FACE('',(#11463));
#11465=POLY_LOOP('',(#11458,#11314,#11391));
#11466=FACE_OUTER_BOUND('',#11465,.T.);
#11467=FACETED_PRIMITIVE_FACE('',(#11466));
#11469=POLY_LOOP('',(#11468,#11377,#11426));
#11470=FACE_OUTER_BOUND('',#11469,.T.);
#11471=FACETED_PRIMITIVE_FACE('',(#11470));
#11473=POLY_LOOP('',(#11472,#11384,#11377));
#11474=FACE_OUTER_BOUND('',#11473,.T.);
#11475=FACETED_PRIMITIVE_FACE('',(#11474));
#11476=POLY_LOOP('',(#11472,#11377,#11468));
#11477=FACE_OUTER_BOUND('',#11476,.T.);
#11478=FACETED_PRIMITIVE_FACE('',(#11477));
#11480=POLY_LOOP('',(#11479,#11391,#10943));
#11481=FACE_OUTER_BOUND('',#11480,.T.);
#11482=FACETED_PRIMITIVE_FACE('',(#11481));
#11483=POLY_LOOP('',(#11479,#10943,#10954));
#11484=FACE_OUTER_BOUND('',#11483,.T.);
#11485=FACETED_PRIMITIVE_FACE('',(#11484));
#11486=POLY_LOOP('',(#11479,#10954,#10971));
#11487=FACE_OUTER_BOUND('',#11486,.T.);
#11488=FACETED_PRIMITIVE_FACE('',(#11487));
#11489=POLY_LOOP('',(#11479,#11458,#11391));
#11490=FACE_OUTER_BOUND('',#11489,.T.);
#11491=FACETED_PRIMITIVE_FACE('',(#11490));
#11493=POLY_LOOP('',(#11492,#11454,#11446));
#11494=FACE_OUTER_BOUND('',#11493,.T.);
#11495=FACETED_PRIMITIVE_FACE('',(#11494));
#11497=POLY_LOOP('',(#11492,#11496,#11454));
#11498=FACE_OUTER_BOUND('',#11497,.T.);
#11499=FACETED_PRIMITIVE_FACE('',(#11498));
#11501=POLY_LOOP('',(#11492,#11500,#11496));
#11502=FACE_OUTER_BOUND('',#11501,.T.);
#11503=FACETED_PRIMITIVE_FACE('',(#11502));
#11505=POLY_LOOP('',(#11504,#11401,#11458));
#11506=FACE_OUTER_BOUND('',#11505,.T.);
#11507=FACETED_PRIMITIVE_FACE('',(#11506));
#11509=POLY_LOOP('',(#11508,#11436,#11405));
#11510=FACE_OUTER_BOUND('',#11509,.T.);
#11511=FACETED_PRIMITIVE_FACE('',(#11510));
#11512=POLY_LOOP('',(#11508,#11384,#11472));
#11513=FACE_OUTER_BOUND('',#11512,.T.);
#11514=FACETED_PRIMITIVE_FACE('',(#11513));
#11515=POLY_LOOP('',(#11508,#11405,#11384));
#11516=FACE_OUTER_BOUND('',#11515,.T.);
#11517=FACETED_PRIMITIVE_FACE('',(#11516));
#11519=POLY_LOOP('',(#11518,#11412,#11436));
#11520=FACE_OUTER_BOUND('',#11519,.T.);
#11521=FACETED_PRIMITIVE_FACE('',(#11520));
#11524=POLY_LOOP('',(#11522,#11523,#11500));
#11525=FACE_OUTER_BOUND('',#11524,.T.);
#11526=FACETED_PRIMITIVE_FACE('',(#11525));
#11528=POLY_LOOP('',(#11522,#11527,#11523));
#11529=FACE_OUTER_BOUND('',#11528,.T.);
#11530=FACETED_PRIMITIVE_FACE('',(#11529));
#11532=POLY_LOOP('',(#11522,#11531,#11527));
#11533=FACE_OUTER_BOUND('',#11532,.T.);
#11534=FACETED_PRIMITIVE_FACE('',(#11533));
#11535=POLY_LOOP('',(#11522,#11500,#11492));
#11536=FACE_OUTER_BOUND('',#11535,.T.);
#11537=FACETED_PRIMITIVE_FACE('',(#11536));
#11539=POLY_LOOP('',(#11538,#11401,#11504));
#11540=FACE_OUTER_BOUND('',#11539,.T.);
#11541=FACETED_PRIMITIVE_FACE('',(#11540));
#11542=POLY_LOOP('',(#11538,#11419,#11401));
#11543=FACE_OUTER_BOUND('',#11542,.T.);
#11544=FACETED_PRIMITIVE_FACE('',(#11543));
#11546=POLY_LOOP('',(#11545,#11531,#11522));
#11547=FACE_OUTER_BOUND('',#11546,.T.);
#11548=FACETED_PRIMITIVE_FACE('',(#11547));
#11550=POLY_LOOP('',(#11545,#11549,#11531));
#11551=FACE_OUTER_BOUND('',#11550,.T.);
#11552=FACETED_PRIMITIVE_FACE('',(#11551));
#11554=POLY_LOOP('',(#11545,#11553,#11549));
#11555=FACE_OUTER_BOUND('',#11554,.T.);
#11556=FACETED_PRIMITIVE_FACE('',(#11555));
#11558=POLY_LOOP('',(#11545,#11557,#11553));
#11559=FACE_OUTER_BOUND('',#11558,.T.);
#11560=FACETED_PRIMITIVE_FACE('',(#11559));
#11563=POLY_LOOP('',(#11561,#11562,#11557));
#11564=FACE_OUTER_BOUND('',#11563,.T.);
#11565=FACETED_PRIMITIVE_FACE('',(#11564));
#11567=POLY_LOOP('',(#11561,#11566,#11562));
#11568=FACE_OUTER_BOUND('',#11567,.T.);
#11569=FACETED_PRIMITIVE_FACE('',(#11568));
#11571=POLY_LOOP('',(#11561,#11570,#11566));
#11572=FACE_OUTER_BOUND('',#11571,.T.);
#11573=FACETED_PRIMITIVE_FACE('',(#11572));
#11575=POLY_LOOP('',(#11561,#11574,#11570));
#11576=FACE_OUTER_BOUND('',#11575,.T.);
#11577=FACETED_PRIMITIVE_FACE('',(#11576));
#11579=POLY_LOOP('',(#11561,#11578,#11574));
#11580=FACE_OUTER_BOUND('',#11579,.T.);
#11581=FACETED_PRIMITIVE_FACE('',(#11580));
#11582=POLY_LOOP('',(#11561,#11557,#11545));
#11583=FACE_OUTER_BOUND('',#11582,.T.);
#11584=FACETED_PRIMITIVE_FACE('',(#11583));
#11586=POLY_LOOP('',(#11585,#11426,#11419));
#11587=FACE_OUTER_BOUND('',#11586,.T.);
#11588=FACETED_PRIMITIVE_FACE('',(#11587));
#11589=POLY_LOOP('',(#11585,#11419,#11538));
#11590=FACE_OUTER_BOUND('',#11589,.T.);
#11591=FACETED_PRIMITIVE_FACE('',(#11590));
#11593=POLY_LOOP('',(#11592,#11518,#11436));
#11594=FACE_OUTER_BOUND('',#11593,.T.);
#11595=FACETED_PRIMITIVE_FACE('',(#11594));
#11596=POLY_LOOP('',(#11592,#11436,#11508));
#11597=FACE_OUTER_BOUND('',#11596,.T.);
#11598=FACETED_PRIMITIVE_FACE('',(#11597));
#11600=POLY_LOOP('',(#11599,#11446,#11338));
#11601=FACE_OUTER_BOUND('',#11600,.T.);
#11602=FACETED_PRIMITIVE_FACE('',(#11601));
#11603=POLY_LOOP('',(#11599,#11338,#11412));
#11604=FACE_OUTER_BOUND('',#11603,.T.);
#11605=FACETED_PRIMITIVE_FACE('',(#11604));
#11607=POLY_LOOP('',(#11606,#11504,#11458));
#11608=FACE_OUTER_BOUND('',#11607,.T.);
#11609=FACETED_PRIMITIVE_FACE('',(#11608));
#11610=POLY_LOOP('',(#11606,#11458,#11479));
#11611=FACE_OUTER_BOUND('',#11610,.T.);
#11612=FACETED_PRIMITIVE_FACE('',(#11611));
#11614=POLY_LOOP('',(#11613,#11472,#11468));
#11615=FACE_OUTER_BOUND('',#11614,.T.);
#11616=FACETED_PRIMITIVE_FACE('',(#11615));
#11617=POLY_LOOP('',(#11613,#11426,#11585));
#11618=FACE_OUTER_BOUND('',#11617,.T.);
#11619=FACETED_PRIMITIVE_FACE('',(#11618));
#11620=POLY_LOOP('',(#11613,#11468,#11426));
#11621=FACE_OUTER_BOUND('',#11620,.T.);
#11622=FACETED_PRIMITIVE_FACE('',(#11621));
#11624=POLY_LOOP('',(#11623,#11472,#11613));
#11625=FACE_OUTER_BOUND('',#11624,.T.);
#11626=FACETED_PRIMITIVE_FACE('',(#11625));
#11629=POLY_LOOP('',(#11627,#11628,#11578));
#11630=FACE_OUTER_BOUND('',#11629,.T.);
#11631=FACETED_PRIMITIVE_FACE('',(#11630));
#11633=POLY_LOOP('',(#11627,#11632,#11628));
#11634=FACE_OUTER_BOUND('',#11633,.T.);
#11635=FACETED_PRIMITIVE_FACE('',(#11634));
#11637=POLY_LOOP('',(#11627,#11636,#11632));
#11638=FACE_OUTER_BOUND('',#11637,.T.);
#11639=FACETED_PRIMITIVE_FACE('',(#11638));
#11640=POLY_LOOP('',(#11627,#11578,#11561));
#11641=FACE_OUTER_BOUND('',#11640,.T.);
#11642=FACETED_PRIMITIVE_FACE('',(#11641));
#11644=POLY_LOOP('',(#11643,#10971,#10982));
#11645=FACE_OUTER_BOUND('',#11644,.T.);
#11646=FACETED_PRIMITIVE_FACE('',(#11645));
#11647=POLY_LOOP('',(#11643,#10982,#10993));
#11648=FACE_OUTER_BOUND('',#11647,.T.);
#11649=FACETED_PRIMITIVE_FACE('',(#11648));
#11650=POLY_LOOP('',(#11643,#11606,#11479));
#11651=FACE_OUTER_BOUND('',#11650,.T.);
#11652=FACETED_PRIMITIVE_FACE('',(#11651));
#11653=POLY_LOOP('',(#11643,#11479,#10971));
#11654=FACE_OUTER_BOUND('',#11653,.T.);
#11655=FACETED_PRIMITIVE_FACE('',(#11654));
#11657=POLY_LOOP('',(#11656,#11492,#11446));
#11658=FACE_OUTER_BOUND('',#11657,.T.);
#11659=FACETED_PRIMITIVE_FACE('',(#11658));
#11660=POLY_LOOP('',(#11656,#11446,#11599));
#11661=FACE_OUTER_BOUND('',#11660,.T.);
#11662=FACETED_PRIMITIVE_FACE('',(#11661));
#11663=POLY_LOOP('',(#11656,#11522,#11492));
#11664=FACE_OUTER_BOUND('',#11663,.T.);
#11665=FACETED_PRIMITIVE_FACE('',(#11664));
#11667=POLY_LOOP('',(#11666,#11504,#11606));
#11668=FACE_OUTER_BOUND('',#11667,.T.);
#11669=FACETED_PRIMITIVE_FACE('',(#11668));
#11671=POLY_LOOP('',(#11670,#11508,#11472));
#11672=FACE_OUTER_BOUND('',#11671,.T.);
#11673=FACETED_PRIMITIVE_FACE('',(#11672));
#11674=POLY_LOOP('',(#11670,#11472,#11623));
#11675=FACE_OUTER_BOUND('',#11674,.T.);
#11676=FACETED_PRIMITIVE_FACE('',(#11675));
#11678=POLY_LOOP('',(#11677,#11518,#11592));
#11679=FACE_OUTER_BOUND('',#11678,.T.);
#11680=FACETED_PRIMITIVE_FACE('',(#11679));
#11683=POLY_LOOP('',(#11681,#11682,#11636));
#11684=FACE_OUTER_BOUND('',#11683,.T.);
#11685=FACETED_PRIMITIVE_FACE('',(#11684));
#11687=POLY_LOOP('',(#11681,#11686,#11682));
#11688=FACE_OUTER_BOUND('',#11687,.T.);
#11689=FACETED_PRIMITIVE_FACE('',(#11688));
#11691=POLY_LOOP('',(#11681,#11690,#11686));
#11692=FACE_OUTER_BOUND('',#11691,.T.);
#11693=FACETED_PRIMITIVE_FACE('',(#11692));
#11694=POLY_LOOP('',(#11681,#11636,#11627));
#11695=FACE_OUTER_BOUND('',#11694,.T.);
#11696=FACETED_PRIMITIVE_FACE('',(#11695));
#11698=POLY_LOOP('',(#11697,#11522,#11656));
#11699=FACE_OUTER_BOUND('',#11698,.T.);
#11700=FACETED_PRIMITIVE_FACE('',(#11699));
#11702=POLY_LOOP('',(#11701,#11585,#11538));
#11703=FACE_OUTER_BOUND('',#11702,.T.);
#11704=FACETED_PRIMITIVE_FACE('',(#11703));
#11705=POLY_LOOP('',(#11701,#11538,#11504));
#11706=FACE_OUTER_BOUND('',#11705,.T.);
#11707=FACETED_PRIMITIVE_FACE('',(#11706));
#11708=POLY_LOOP('',(#11701,#11504,#11666));
#11709=FACE_OUTER_BOUND('',#11708,.T.);
#11710=FACETED_PRIMITIVE_FACE('',(#11709));
#11712=POLY_LOOP('',(#11711,#11522,#11697));
#11713=FACE_OUTER_BOUND('',#11712,.T.);
#11714=FACETED_PRIMITIVE_FACE('',(#11713));
#11715=POLY_LOOP('',(#11711,#11545,#11522));
#11716=FACE_OUTER_BOUND('',#11715,.T.);
#11717=FACETED_PRIMITIVE_FACE('',(#11716));
#11719=POLY_LOOP('',(#11718,#11545,#11711));
#11720=FACE_OUTER_BOUND('',#11719,.T.);
#11721=FACETED_PRIMITIVE_FACE('',(#11720));
#11722=POLY_LOOP('',(#11718,#11627,#11561));
#11723=FACE_OUTER_BOUND('',#11722,.T.);
#11724=FACETED_PRIMITIVE_FACE('',(#11723));
#11725=POLY_LOOP('',(#11718,#11561,#11545));
#11726=FACE_OUTER_BOUND('',#11725,.T.);
#11727=FACETED_PRIMITIVE_FACE('',(#11726));
#11729=POLY_LOOP('',(#11728,#11585,#11701));
#11730=FACE_OUTER_BOUND('',#11729,.T.);
#11731=FACETED_PRIMITIVE_FACE('',(#11730));
#11733=POLY_LOOP('',(#11732,#11508,#11670));
#11734=FACE_OUTER_BOUND('',#11733,.T.);
#11735=FACETED_PRIMITIVE_FACE('',(#11734));
#11736=POLY_LOOP('',(#11732,#11592,#11508));
#11737=FACE_OUTER_BOUND('',#11736,.T.);
#11738=FACETED_PRIMITIVE_FACE('',(#11737));
#11740=POLY_LOOP('',(#11739,#11412,#11518));
#11741=FACE_OUTER_BOUND('',#11740,.T.);
#11742=FACETED_PRIMITIVE_FACE('',(#11741));
#11743=POLY_LOOP('',(#11739,#11599,#11412));
#11744=FACE_OUTER_BOUND('',#11743,.T.);
#11745=FACETED_PRIMITIVE_FACE('',(#11744));
#11746=POLY_LOOP('',(#11739,#11518,#11677));
#11747=FACE_OUTER_BOUND('',#11746,.T.);
#11748=FACETED_PRIMITIVE_FACE('',(#11747));
#11749=POLY_LOOP('',(#11739,#11656,#11599));
#11750=FACE_OUTER_BOUND('',#11749,.T.);
#11751=FACETED_PRIMITIVE_FACE('',(#11750));
#11753=POLY_LOOP('',(#11752,#11606,#11643));
#11754=FACE_OUTER_BOUND('',#11753,.T.);
#11755=FACETED_PRIMITIVE_FACE('',(#11754));
#11757=POLY_LOOP('',(#11756,#11613,#11585));
#11758=FACE_OUTER_BOUND('',#11757,.T.);
#11759=FACETED_PRIMITIVE_FACE('',(#11758));
#11760=POLY_LOOP('',(#11756,#11585,#11728));
#11761=FACE_OUTER_BOUND('',#11760,.T.);
#11762=FACETED_PRIMITIVE_FACE('',(#11761));
#11764=POLY_LOOP('',(#11763,#11623,#11613));
#11765=FACE_OUTER_BOUND('',#11764,.T.);
#11766=FACETED_PRIMITIVE_FACE('',(#11765));
#11767=POLY_LOOP('',(#11763,#11613,#11756));
#11768=FACE_OUTER_BOUND('',#11767,.T.);
#11769=FACETED_PRIMITIVE_FACE('',(#11768));
#11771=POLY_LOOP('',(#11770,#11627,#11718));
#11772=FACE_OUTER_BOUND('',#11771,.T.);
#11773=FACETED_PRIMITIVE_FACE('',(#11772));
#11775=POLY_LOOP('',(#11774,#10993,#11007));
#11776=FACE_OUTER_BOUND('',#11775,.T.);
#11777=FACETED_PRIMITIVE_FACE('',(#11776));
#11778=POLY_LOOP('',(#11774,#11007,#11018));
#11779=FACE_OUTER_BOUND('',#11778,.T.);
#11780=FACETED_PRIMITIVE_FACE('',(#11779));
#11781=POLY_LOOP('',(#11774,#11643,#10993));
#11782=FACE_OUTER_BOUND('',#11781,.T.);
#11783=FACETED_PRIMITIVE_FACE('',(#11782));
#11784=POLY_LOOP('',(#10824,#10813,#11690));
#11785=FACE_OUTER_BOUND('',#11784,.T.);
#11786=FACETED_PRIMITIVE_FACE('',(#11785));
#11787=POLY_LOOP('',(#10824,#11690,#11681));
#11788=FACE_OUTER_BOUND('',#11787,.T.);
#11789=FACETED_PRIMITIVE_FACE('',(#11788));
#11791=POLY_LOOP('',(#11790,#11656,#11739));
#11792=FACE_OUTER_BOUND('',#11791,.T.);
#11793=FACETED_PRIMITIVE_FACE('',(#11792));
#11795=POLY_LOOP('',(#11794,#11606,#11752));
#11796=FACE_OUTER_BOUND('',#11795,.T.);
#11797=FACETED_PRIMITIVE_FACE('',(#11796));
#11798=POLY_LOOP('',(#11794,#11666,#11606));
#11799=FACE_OUTER_BOUND('',#11798,.T.);
#11800=FACETED_PRIMITIVE_FACE('',(#11799));
#11802=POLY_LOOP('',(#11801,#11623,#11763));
#11803=FACE_OUTER_BOUND('',#11802,.T.);
#11804=FACETED_PRIMITIVE_FACE('',(#11803));
#11805=POLY_LOOP('',(#11801,#11670,#11623));
#11806=FACE_OUTER_BOUND('',#11805,.T.);
#11807=FACETED_PRIMITIVE_FACE('',(#11806));
#11809=POLY_LOOP('',(#11808,#11592,#11732));
#11810=FACE_OUTER_BOUND('',#11809,.T.);
#11811=FACETED_PRIMITIVE_FACE('',(#11810));
#11812=POLY_LOOP('',(#11808,#11677,#11592));
#11813=FACE_OUTER_BOUND('',#11812,.T.);
#11814=FACETED_PRIMITIVE_FACE('',(#11813));
#11816=POLY_LOOP('',(#11815,#11627,#11770));
#11817=FACE_OUTER_BOUND('',#11816,.T.);
#11818=FACETED_PRIMITIVE_FACE('',(#11817));
#11819=POLY_LOOP('',(#11815,#11681,#11627));
#11820=FACE_OUTER_BOUND('',#11819,.T.);
#11821=FACETED_PRIMITIVE_FACE('',(#11820));
#11823=POLY_LOOP('',(#11822,#11697,#11656));
#11824=FACE_OUTER_BOUND('',#11823,.T.);
#11825=FACETED_PRIMITIVE_FACE('',(#11824));
#11826=POLY_LOOP('',(#11822,#11656,#11790));
#11827=FACE_OUTER_BOUND('',#11826,.T.);
#11828=FACETED_PRIMITIVE_FACE('',(#11827));
#11830=POLY_LOOP('',(#11829,#11666,#11794));
#11831=FACE_OUTER_BOUND('',#11830,.T.);
#11832=FACETED_PRIMITIVE_FACE('',(#11831));
#11833=POLY_LOOP('',(#11829,#11701,#11666));
#11834=FACE_OUTER_BOUND('',#11833,.T.);
#11835=FACETED_PRIMITIVE_FACE('',(#11834));
#11837=POLY_LOOP('',(#11836,#11697,#11822));
#11838=FACE_OUTER_BOUND('',#11837,.T.);
#11839=FACETED_PRIMITIVE_FACE('',(#11838));
#11840=POLY_LOOP('',(#11836,#11711,#11697));
#11841=FACE_OUTER_BOUND('',#11840,.T.);
#11842=FACETED_PRIMITIVE_FACE('',(#11841));
#11843=POLY_LOOP('',(#11836,#11718,#11711));
#11844=FACE_OUTER_BOUND('',#11843,.T.);
#11845=FACETED_PRIMITIVE_FACE('',(#11844));
#11847=POLY_LOOP('',(#11846,#11718,#11836));
#11848=FACE_OUTER_BOUND('',#11847,.T.);
#11849=FACETED_PRIMITIVE_FACE('',(#11848));
#11851=POLY_LOOP('',(#11850,#11701,#11829));
#11852=FACE_OUTER_BOUND('',#11851,.T.);
#11853=FACETED_PRIMITIVE_FACE('',(#11852));
#11854=POLY_LOOP('',(#11850,#11728,#11701));
#11855=FACE_OUTER_BOUND('',#11854,.T.);
#11856=FACETED_PRIMITIVE_FACE('',(#11855));
#11858=POLY_LOOP('',(#11857,#11732,#11670));
#11859=FACE_OUTER_BOUND('',#11858,.T.);
#11860=FACETED_PRIMITIVE_FACE('',(#11859));
#11861=POLY_LOOP('',(#11857,#11670,#11801));
#11862=FACE_OUTER_BOUND('',#11861,.T.);
#11863=FACETED_PRIMITIVE_FACE('',(#11862));
#11865=POLY_LOOP('',(#11864,#11739,#11677));
#11866=FACE_OUTER_BOUND('',#11865,.T.);
#11867=FACETED_PRIMITIVE_FACE('',(#11866));
#11869=POLY_LOOP('',(#11868,#11794,#11752));
#11870=FACE_OUTER_BOUND('',#11869,.T.);
#11871=FACETED_PRIMITIVE_FACE('',(#11870));
#11872=POLY_LOOP('',(#11868,#11643,#11774));
#11873=FACE_OUTER_BOUND('',#11872,.T.);
#11874=FACETED_PRIMITIVE_FACE('',(#11873));
#11875=POLY_LOOP('',(#11868,#11752,#11643));
#11876=FACE_OUTER_BOUND('',#11875,.T.);
#11877=FACETED_PRIMITIVE_FACE('',(#11876));
#11879=POLY_LOOP('',(#11878,#11728,#11850));
#11880=FACE_OUTER_BOUND('',#11879,.T.);
#11881=FACETED_PRIMITIVE_FACE('',(#11880));
#11882=POLY_LOOP('',(#11878,#11756,#11728));
#11883=FACE_OUTER_BOUND('',#11882,.T.);
#11884=FACETED_PRIMITIVE_FACE('',(#11883));
#11886=POLY_LOOP('',(#11885,#11763,#11756));
#11887=FACE_OUTER_BOUND('',#11886,.T.);
#11888=FACETED_PRIMITIVE_FACE('',(#11887));
#11889=POLY_LOOP('',(#11885,#11756,#11878));
#11890=FACE_OUTER_BOUND('',#11889,.T.);
#11891=FACETED_PRIMITIVE_FACE('',(#11890));
#11892=POLY_LOOP('',(#11885,#11801,#11763));
#11893=FACE_OUTER_BOUND('',#11892,.T.);
#11894=FACETED_PRIMITIVE_FACE('',(#11893));
#11896=POLY_LOOP('',(#11895,#11718,#11846));
#11897=FACE_OUTER_BOUND('',#11896,.T.);
#11898=FACETED_PRIMITIVE_FACE('',(#11897));
#11899=POLY_LOOP('',(#11895,#11770,#11718));
#11900=FACE_OUTER_BOUND('',#11899,.T.);
#11901=FACETED_PRIMITIVE_FACE('',(#11900));
#11903=POLY_LOOP('',(#11902,#11018,#11032));
#11904=FACE_OUTER_BOUND('',#11903,.T.);
#11905=FACETED_PRIMITIVE_FACE('',(#11904));
#11906=POLY_LOOP('',(#11902,#11032,#11058));
#11907=FACE_OUTER_BOUND('',#11906,.T.);
#11908=FACETED_PRIMITIVE_FACE('',(#11907));
#11910=POLY_LOOP('',(#11902,#11085,#11909));
#11911=FACE_OUTER_BOUND('',#11910,.T.);
#11912=FACETED_PRIMITIVE_FACE('',(#11911));
#11914=POLY_LOOP('',(#11902,#11909,#11913));
#11915=FACE_OUTER_BOUND('',#11914,.T.);
#11916=FACETED_PRIMITIVE_FACE('',(#11915));
#11918=POLY_LOOP('',(#11902,#11913,#11917));
#11919=FACE_OUTER_BOUND('',#11918,.T.);
#11920=FACETED_PRIMITIVE_FACE('',(#11919));
#11921=POLY_LOOP('',(#11902,#11774,#11018));
#11922=FACE_OUTER_BOUND('',#11921,.T.);
#11923=FACETED_PRIMITIVE_FACE('',(#11922));
#11924=POLY_LOOP('',(#11902,#11058,#11085));
#11925=FACE_OUTER_BOUND('',#11924,.T.);
#11926=FACETED_PRIMITIVE_FACE('',(#11925));
#11927=POLY_LOOP('',(#10847,#11681,#11815));
#11928=FACE_OUTER_BOUND('',#11927,.T.);
#11929=FACETED_PRIMITIVE_FACE('',(#11928));
#11930=POLY_LOOP('',(#10847,#10824,#11681));
#11931=FACE_OUTER_BOUND('',#11930,.T.);
#11932=FACETED_PRIMITIVE_FACE('',(#11931));
#11934=POLY_LOOP('',(#11933,#11790,#11739));
#11935=FACE_OUTER_BOUND('',#11934,.T.);
#11936=FACETED_PRIMITIVE_FACE('',(#11935));
#11937=POLY_LOOP('',(#11933,#11739,#11864));
#11938=FACE_OUTER_BOUND('',#11937,.T.);
#11939=FACETED_PRIMITIVE_FACE('',(#11938));
#11941=POLY_LOOP('',(#11940,#11794,#11868));
#11942=FACE_OUTER_BOUND('',#11941,.T.);
#11943=FACETED_PRIMITIVE_FACE('',(#11942));
#11945=POLY_LOOP('',(#11944,#11801,#11885));
#11946=FACE_OUTER_BOUND('',#11945,.T.);
#11947=FACETED_PRIMITIVE_FACE('',(#11946));
#11949=POLY_LOOP('',(#11948,#11732,#11857));
#11950=FACE_OUTER_BOUND('',#11949,.T.);
#11951=FACETED_PRIMITIVE_FACE('',(#11950));
#11952=POLY_LOOP('',(#11948,#11808,#11732));
#11953=FACE_OUTER_BOUND('',#11952,.T.);
#11954=FACETED_PRIMITIVE_FACE('',(#11953));
#11956=POLY_LOOP('',(#11955,#11770,#11895));
#11957=FACE_OUTER_BOUND('',#11956,.T.);
#11958=FACETED_PRIMITIVE_FACE('',(#11957));
#11959=POLY_LOOP('',(#11955,#11815,#11770));
#11960=FACE_OUTER_BOUND('',#11959,.T.);
#11961=FACETED_PRIMITIVE_FACE('',(#11960));
#11963=POLY_LOOP('',(#11962,#11790,#11933));
#11964=FACE_OUTER_BOUND('',#11963,.T.);
#11965=FACETED_PRIMITIVE_FACE('',(#11964));
#11966=POLY_LOOP('',(#11962,#11822,#11790));
#11967=FACE_OUTER_BOUND('',#11966,.T.);
#11968=FACETED_PRIMITIVE_FACE('',(#11967));
#11970=POLY_LOOP('',(#11969,#11794,#11940));
#11971=FACE_OUTER_BOUND('',#11970,.T.);
#11972=FACETED_PRIMITIVE_FACE('',(#11971));
#11973=POLY_LOOP('',(#11969,#11829,#11794));
#11974=FACE_OUTER_BOUND('',#11973,.T.);
#11975=FACETED_PRIMITIVE_FACE('',(#11974));
#11977=POLY_LOOP('',(#11976,#11836,#11822));
#11978=FACE_OUTER_BOUND('',#11977,.T.);
#11979=FACETED_PRIMITIVE_FACE('',(#11978));
#11980=POLY_LOOP('',(#11976,#11822,#11962));
#11981=FACE_OUTER_BOUND('',#11980,.T.);
#11982=FACETED_PRIMITIVE_FACE('',(#11981));
#11984=POLY_LOOP('',(#11983,#11836,#11976));
#11985=FACE_OUTER_BOUND('',#11984,.T.);
#11986=FACETED_PRIMITIVE_FACE('',(#11985));
#11987=POLY_LOOP('',(#11983,#11846,#11836));
#11988=FACE_OUTER_BOUND('',#11987,.T.);
#11989=FACETED_PRIMITIVE_FACE('',(#11988));
#11991=POLY_LOOP('',(#11990,#11829,#11969));
#11992=FACE_OUTER_BOUND('',#11991,.T.);
#11993=FACETED_PRIMITIVE_FACE('',(#11992));
#11994=POLY_LOOP('',(#11990,#11878,#11850));
#11995=FACE_OUTER_BOUND('',#11994,.T.);
#11996=FACETED_PRIMITIVE_FACE('',(#11995));
#11997=POLY_LOOP('',(#11990,#11850,#11829));
#11998=FACE_OUTER_BOUND('',#11997,.T.);
#11999=FACETED_PRIMITIVE_FACE('',(#11998));
#12001=POLY_LOOP('',(#12000,#11857,#11801));
#12002=FACE_OUTER_BOUND('',#12001,.T.);
#12003=FACETED_PRIMITIVE_FACE('',(#12002));
#12004=POLY_LOOP('',(#12000,#11801,#11944));
#12005=FACE_OUTER_BOUND('',#12004,.T.);
#12006=FACETED_PRIMITIVE_FACE('',(#12005));
#12008=POLY_LOOP('',(#12007,#11864,#11677));
#12009=FACE_OUTER_BOUND('',#12008,.T.);
#12010=FACETED_PRIMITIVE_FACE('',(#12009));
#12011=POLY_LOOP('',(#12007,#11677,#11808));
#12012=FACE_OUTER_BOUND('',#12011,.T.);
#12013=FACETED_PRIMITIVE_FACE('',(#12012));
#12015=POLY_LOOP('',(#12014,#11902,#11917));
#12016=FACE_OUTER_BOUND('',#12015,.T.);
#12017=FACETED_PRIMITIVE_FACE('',(#12016));
#12019=POLY_LOOP('',(#12014,#11917,#12018));
#12020=FACE_OUTER_BOUND('',#12019,.T.);
#12021=FACETED_PRIMITIVE_FACE('',(#12020));
#12023=POLY_LOOP('',(#12014,#12018,#12022));
#12024=FACE_OUTER_BOUND('',#12023,.T.);
#12025=FACETED_PRIMITIVE_FACE('',(#12024));
#12026=POLY_LOOP('',(#12014,#11774,#11902));
#12027=FACE_OUTER_BOUND('',#12026,.T.);
#12028=FACETED_PRIMITIVE_FACE('',(#12027));
#12029=POLY_LOOP('',(#12014,#11868,#11774));
#12030=FACE_OUTER_BOUND('',#12029,.T.);
#12031=FACETED_PRIMITIVE_FACE('',(#12030));
#12033=POLY_LOOP('',(#12032,#11878,#11990));
#12034=FACE_OUTER_BOUND('',#12033,.T.);
#12035=FACETED_PRIMITIVE_FACE('',(#12034));
#12037=POLY_LOOP('',(#12036,#11878,#12032));
#12038=FACE_OUTER_BOUND('',#12037,.T.);
#12039=FACETED_PRIMITIVE_FACE('',(#12038));
#12040=POLY_LOOP('',(#12036,#11885,#11878));
#12041=FACE_OUTER_BOUND('',#12040,.T.);
#12042=FACETED_PRIMITIVE_FACE('',(#12041));
#12043=POLY_LOOP('',(#12036,#11944,#11885));
#12044=FACE_OUTER_BOUND('',#12043,.T.);
#12045=FACETED_PRIMITIVE_FACE('',(#12044));
#12047=POLY_LOOP('',(#12046,#11895,#11846));
#12048=FACE_OUTER_BOUND('',#12047,.T.);
#12049=FACETED_PRIMITIVE_FACE('',(#12048));
#12050=POLY_LOOP('',(#12046,#11846,#11983));
#12051=FACE_OUTER_BOUND('',#12050,.T.);
#12052=FACETED_PRIMITIVE_FACE('',(#12051));
#12053=POLY_LOOP('',(#10870,#10847,#11815));
#12054=FACE_OUTER_BOUND('',#12053,.T.);
#12055=FACETED_PRIMITIVE_FACE('',(#12054));
#12056=POLY_LOOP('',(#10870,#11815,#11955));
#12057=FACE_OUTER_BOUND('',#12056,.T.);
#12058=FACETED_PRIMITIVE_FACE('',(#12057));
#12060=POLY_LOOP('',(#12059,#11864,#12007));
#12061=FACE_OUTER_BOUND('',#12060,.T.);
#12062=FACETED_PRIMITIVE_FACE('',(#12061));
#12063=POLY_LOOP('',(#12059,#11933,#11864));
#12064=FACE_OUTER_BOUND('',#12063,.T.);
#12065=FACETED_PRIMITIVE_FACE('',(#12064));
#12066=POLY_LOOP('',(#12059,#11962,#11933));
#12067=FACE_OUTER_BOUND('',#12066,.T.);
#12068=FACETED_PRIMITIVE_FACE('',(#12067));
#12070=POLY_LOOP('',(#12069,#12014,#12022));
#12071=FACE_OUTER_BOUND('',#12070,.T.);
#12072=FACETED_PRIMITIVE_FACE('',(#12071));
#12074=POLY_LOOP('',(#12069,#12022,#12073));
#12075=FACE_OUTER_BOUND('',#12074,.T.);
#12076=FACETED_PRIMITIVE_FACE('',(#12075));
#12077=POLY_LOOP('',(#12069,#11940,#11868));
#12078=FACE_OUTER_BOUND('',#12077,.T.);
#12079=FACETED_PRIMITIVE_FACE('',(#12078));
#12080=POLY_LOOP('',(#12069,#11868,#12014));
#12081=FACE_OUTER_BOUND('',#12080,.T.);
#12082=FACETED_PRIMITIVE_FACE('',(#12081));
#12084=POLY_LOOP('',(#12083,#11944,#12036));
#12085=FACE_OUTER_BOUND('',#12084,.T.);
#12086=FACETED_PRIMITIVE_FACE('',(#12085));
#12088=POLY_LOOP('',(#12087,#11857,#12000));
#12089=FACE_OUTER_BOUND('',#12088,.T.);
#12090=FACETED_PRIMITIVE_FACE('',(#12089));
#12091=POLY_LOOP('',(#12087,#11948,#11857));
#12092=FACE_OUTER_BOUND('',#12091,.T.);
#12093=FACETED_PRIMITIVE_FACE('',(#12092));
#12095=POLY_LOOP('',(#12094,#11895,#12046));
#12096=FACE_OUTER_BOUND('',#12095,.T.);
#12097=FACETED_PRIMITIVE_FACE('',(#12096));
#12098=POLY_LOOP('',(#12094,#11955,#11895));
#12099=FACE_OUTER_BOUND('',#12098,.T.);
#12100=FACETED_PRIMITIVE_FACE('',(#12099));
#12101=POLY_LOOP('',(#12094,#10870,#11955));
#12102=FACE_OUTER_BOUND('',#12101,.T.);
#12103=FACETED_PRIMITIVE_FACE('',(#12102));
#12105=POLY_LOOP('',(#12104,#11962,#12059));
#12106=FACE_OUTER_BOUND('',#12105,.T.);
#12107=FACETED_PRIMITIVE_FACE('',(#12106));
#12109=POLY_LOOP('',(#12108,#12069,#12073));
#12110=FACE_OUTER_BOUND('',#12109,.T.);
#12111=FACETED_PRIMITIVE_FACE('',(#12110));
#12112=POLY_LOOP('',(#12108,#11940,#12069));
#12113=FACE_OUTER_BOUND('',#12112,.T.);
#12114=FACETED_PRIMITIVE_FACE('',(#12113));
#12116=POLY_LOOP('',(#12108,#12073,#12115));
#12117=FACE_OUTER_BOUND('',#12116,.T.);
#12118=FACETED_PRIMITIVE_FACE('',(#12117));
#12120=POLY_LOOP('',(#12108,#12115,#12119));
#12121=FACE_OUTER_BOUND('',#12120,.T.);
#12122=FACETED_PRIMITIVE_FACE('',(#12121));
#12124=POLY_LOOP('',(#12108,#12119,#12123));
#12125=FACE_OUTER_BOUND('',#12124,.T.);
#12126=FACETED_PRIMITIVE_FACE('',(#12125));
#12128=POLY_LOOP('',(#12108,#12123,#12127));
#12129=FACE_OUTER_BOUND('',#12128,.T.);
#12130=FACETED_PRIMITIVE_FACE('',(#12129));
#12131=POLY_LOOP('',(#12108,#11969,#11940));
#12132=FACE_OUTER_BOUND('',#12131,.T.);
#12133=FACETED_PRIMITIVE_FACE('',(#12132));
#12135=POLY_LOOP('',(#12134,#11962,#12104));
#12136=FACE_OUTER_BOUND('',#12135,.T.);
#12137=FACETED_PRIMITIVE_FACE('',(#12136));
#12138=POLY_LOOP('',(#12134,#11983,#11976));
#12139=FACE_OUTER_BOUND('',#12138,.T.);
#12140=FACETED_PRIMITIVE_FACE('',(#12139));
#12141=POLY_LOOP('',(#12134,#11976,#11962));
#12142=FACE_OUTER_BOUND('',#12141,.T.);
#12143=FACETED_PRIMITIVE_FACE('',(#12142));
#12145=POLY_LOOP('',(#12144,#11983,#12134));
#12146=FACE_OUTER_BOUND('',#12145,.T.);
#12147=FACETED_PRIMITIVE_FACE('',(#12146));
#12149=POLY_LOOP('',(#12148,#12032,#11990));
#12150=FACE_OUTER_BOUND('',#12149,.T.);
#12151=FACETED_PRIMITIVE_FACE('',(#12150));
#12153=POLY_LOOP('',(#12148,#12127,#12152));
#12154=FACE_OUTER_BOUND('',#12153,.T.);
#12155=FACETED_PRIMITIVE_FACE('',(#12154));
#12157=POLY_LOOP('',(#12148,#12152,#12156));
#12158=FACE_OUTER_BOUND('',#12157,.T.);
#12159=FACETED_PRIMITIVE_FACE('',(#12158));
#12161=POLY_LOOP('',(#12148,#12156,#12160));
#12162=FACE_OUTER_BOUND('',#12161,.T.);
#12163=FACETED_PRIMITIVE_FACE('',(#12162));
#12165=POLY_LOOP('',(#12148,#12160,#12164));
#12166=FACE_OUTER_BOUND('',#12165,.T.);
#12167=FACETED_PRIMITIVE_FACE('',(#12166));
#12168=POLY_LOOP('',(#12148,#12108,#12127));
#12169=FACE_OUTER_BOUND('',#12168,.T.);
#12170=FACETED_PRIMITIVE_FACE('',(#12169));
#12171=POLY_LOOP('',(#12148,#11969,#12108));
#12172=FACE_OUTER_BOUND('',#12171,.T.);
#12173=FACETED_PRIMITIVE_FACE('',(#12172));
#12174=POLY_LOOP('',(#12148,#11990,#11969));
#12175=FACE_OUTER_BOUND('',#12174,.T.);
#12176=FACETED_PRIMITIVE_FACE('',(#12175));
#12178=POLY_LOOP('',(#12177,#12000,#11944));
#12179=FACE_OUTER_BOUND('',#12178,.T.);
#12180=FACETED_PRIMITIVE_FACE('',(#12179));
#12181=POLY_LOOP('',(#12177,#12087,#12000));
#12182=FACE_OUTER_BOUND('',#12181,.T.);
#12183=FACETED_PRIMITIVE_FACE('',(#12182));
#12184=POLY_LOOP('',(#12177,#11944,#12083));
#12185=FACE_OUTER_BOUND('',#12184,.T.);
#12186=FACETED_PRIMITIVE_FACE('',(#12185));
#12188=POLY_LOOP('',(#12187,#11948,#12087));
#12189=FACE_OUTER_BOUND('',#12188,.T.);
#12190=FACETED_PRIMITIVE_FACE('',(#12189));
#12191=POLY_LOOP('',(#12187,#11808,#11948));
#12192=FACE_OUTER_BOUND('',#12191,.T.);
#12193=FACETED_PRIMITIVE_FACE('',(#12192));
#12194=POLY_LOOP('',(#12187,#12007,#11808));
#12195=FACE_OUTER_BOUND('',#12194,.T.);
#12196=FACETED_PRIMITIVE_FACE('',(#12195));
#12197=POLY_LOOP('',(#12187,#12059,#12007));
#12198=FACE_OUTER_BOUND('',#12197,.T.);
#12199=FACETED_PRIMITIVE_FACE('',(#12198));
#12201=POLY_LOOP('',(#12200,#12148,#12164));
#12202=FACE_OUTER_BOUND('',#12201,.T.);
#12203=FACETED_PRIMITIVE_FACE('',(#12202));
#12205=POLY_LOOP('',(#12200,#12164,#12204));
#12206=FACE_OUTER_BOUND('',#12205,.T.);
#12207=FACETED_PRIMITIVE_FACE('',(#12206));
#12209=POLY_LOOP('',(#12200,#12204,#12208));
#12210=FACE_OUTER_BOUND('',#12209,.T.);
#12211=FACETED_PRIMITIVE_FACE('',(#12210));
#12213=POLY_LOOP('',(#12200,#12208,#12212));
#12214=FACE_OUTER_BOUND('',#12213,.T.);
#12215=FACETED_PRIMITIVE_FACE('',(#12214));
#12217=POLY_LOOP('',(#12200,#12212,#12216));
#12218=FACE_OUTER_BOUND('',#12217,.T.);
#12219=FACETED_PRIMITIVE_FACE('',(#12218));
#12220=POLY_LOOP('',(#12200,#12032,#12148));
#12221=FACE_OUTER_BOUND('',#12220,.T.);
#12222=FACETED_PRIMITIVE_FACE('',(#12221));
#12224=POLY_LOOP('',(#12223,#12036,#12032));
#12225=FACE_OUTER_BOUND('',#12224,.T.);
#12226=FACETED_PRIMITIVE_FACE('',(#12225));
#12227=POLY_LOOP('',(#12223,#12032,#12200));
#12228=FACE_OUTER_BOUND('',#12227,.T.);
#12229=FACETED_PRIMITIVE_FACE('',(#12228));
#12230=POLY_LOOP('',(#12223,#12200,#12216));
#12231=FACE_OUTER_BOUND('',#12230,.T.);
#12232=FACETED_PRIMITIVE_FACE('',(#12231));
#12234=POLY_LOOP('',(#12223,#12216,#12233));
#12235=FACE_OUTER_BOUND('',#12234,.T.);
#12236=FACETED_PRIMITIVE_FACE('',(#12235));
#12238=POLY_LOOP('',(#12223,#12233,#12237));
#12239=FACE_OUTER_BOUND('',#12238,.T.);
#12240=FACETED_PRIMITIVE_FACE('',(#12239));
#12242=POLY_LOOP('',(#12223,#12237,#12241));
#12243=FACE_OUTER_BOUND('',#12242,.T.);
#12244=FACETED_PRIMITIVE_FACE('',(#12243));
#12246=POLY_LOOP('',(#12223,#12241,#12245));
#12247=FACE_OUTER_BOUND('',#12246,.T.);
#12248=FACETED_PRIMITIVE_FACE('',(#12247));
#12250=POLY_LOOP('',(#12249,#11983,#12144));
#12251=FACE_OUTER_BOUND('',#12250,.T.);
#12252=FACETED_PRIMITIVE_FACE('',(#12251));
#12253=POLY_LOOP('',(#12249,#12046,#11983));
#12254=FACE_OUTER_BOUND('',#12253,.T.);
#12255=FACETED_PRIMITIVE_FACE('',(#12254));
#12256=POLY_LOOP('',(#10903,#10870,#12094));
#12257=FACE_OUTER_BOUND('',#12256,.T.);
#12258=FACETED_PRIMITIVE_FACE('',(#12257));
#12260=POLY_LOOP('',(#12259,#12059,#12187));
#12261=FACE_OUTER_BOUND('',#12260,.T.);
#12262=FACETED_PRIMITIVE_FACE('',(#12261));
#12263=POLY_LOOP('',(#12259,#12104,#12059));
#12264=FACE_OUTER_BOUND('',#12263,.T.);
#12265=FACETED_PRIMITIVE_FACE('',(#12264));
#12267=POLY_LOOP('',(#12266,#12083,#12036));
#12268=FACE_OUTER_BOUND('',#12267,.T.);
#12269=FACETED_PRIMITIVE_FACE('',(#12268));
#12270=POLY_LOOP('',(#12266,#12177,#12083));
#12271=FACE_OUTER_BOUND('',#12270,.T.);
#12272=FACETED_PRIMITIVE_FACE('',(#12271));
#12274=POLY_LOOP('',(#12266,#12245,#12273));
#12275=FACE_OUTER_BOUND('',#12274,.T.);
#12276=FACETED_PRIMITIVE_FACE('',(#12275));
#12277=POLY_LOOP('',(#12266,#12223,#12245));
#12278=FACE_OUTER_BOUND('',#12277,.T.);
#12279=FACETED_PRIMITIVE_FACE('',(#12278));
#12280=POLY_LOOP('',(#12266,#12036,#12223));
#12281=FACE_OUTER_BOUND('',#12280,.T.);
#12282=FACETED_PRIMITIVE_FACE('',(#12281));
#12284=POLY_LOOP('',(#12283,#12087,#12177));
#12285=FACE_OUTER_BOUND('',#12284,.T.);
#12286=FACETED_PRIMITIVE_FACE('',(#12285));
#12288=POLY_LOOP('',(#12287,#12094,#12046));
#12289=FACE_OUTER_BOUND('',#12288,.T.);
#12290=FACETED_PRIMITIVE_FACE('',(#12289));
#12291=POLY_LOOP('',(#12287,#12046,#12249));
#12292=FACE_OUTER_BOUND('',#12291,.T.);
#12293=FACETED_PRIMITIVE_FACE('',(#12292));
#12295=POLY_LOOP('',(#12294,#12104,#12259));
#12296=FACE_OUTER_BOUND('',#12295,.T.);
#12297=FACETED_PRIMITIVE_FACE('',(#12296));
#12299=POLY_LOOP('',(#12298,#12134,#12104));
#12300=FACE_OUTER_BOUND('',#12299,.T.);
#12301=FACETED_PRIMITIVE_FACE('',(#12300));
#12302=POLY_LOOP('',(#12298,#12104,#12294));
#12303=FACE_OUTER_BOUND('',#12302,.T.);
#12304=FACETED_PRIMITIVE_FACE('',(#12303));
#12306=POLY_LOOP('',(#12305,#12144,#12134));
#12307=FACE_OUTER_BOUND('',#12306,.T.);
#12308=FACETED_PRIMITIVE_FACE('',(#12307));
#12309=POLY_LOOP('',(#12305,#12134,#12298));
#12310=FACE_OUTER_BOUND('',#12309,.T.);
#12311=FACETED_PRIMITIVE_FACE('',(#12310));
#12314=POLY_LOOP('',(#12312,#12273,#12313));
#12315=FACE_OUTER_BOUND('',#12314,.T.);
#12316=FACETED_PRIMITIVE_FACE('',(#12315));
#12317=POLY_LOOP('',(#12312,#12313,#10597));
#12318=FACE_OUTER_BOUND('',#12317,.T.);
#12319=FACETED_PRIMITIVE_FACE('',(#12318));
#12320=POLY_LOOP('',(#12312,#12266,#12273));
#12321=FACE_OUTER_BOUND('',#12320,.T.);
#12322=FACETED_PRIMITIVE_FACE('',(#12321));
#12323=POLY_LOOP('',(#12312,#12177,#12266));
#12324=FACE_OUTER_BOUND('',#12323,.T.);
#12325=FACETED_PRIMITIVE_FACE('',(#12324));
#12327=POLY_LOOP('',(#12326,#12187,#12087));
#12328=FACE_OUTER_BOUND('',#12327,.T.);
#12329=FACETED_PRIMITIVE_FACE('',(#12328));
#12330=POLY_LOOP('',(#12326,#12259,#12187));
#12331=FACE_OUTER_BOUND('',#12330,.T.);
#12332=FACETED_PRIMITIVE_FACE('',(#12331));
#12334=POLY_LOOP('',(#12333,#12249,#12144));
#12335=FACE_OUTER_BOUND('',#12334,.T.);
#12336=FACETED_PRIMITIVE_FACE('',(#12335));
#12337=POLY_LOOP('',(#12333,#12287,#12249));
#12338=FACE_OUTER_BOUND('',#12337,.T.);
#12339=FACETED_PRIMITIVE_FACE('',(#12338));
#12340=POLY_LOOP('',(#12333,#12144,#12305));
#12341=FACE_OUTER_BOUND('',#12340,.T.);
#12342=FACETED_PRIMITIVE_FACE('',(#12341));
#12343=POLY_LOOP('',(#10928,#12094,#12287));
#12344=FACE_OUTER_BOUND('',#12343,.T.);
#12345=FACETED_PRIMITIVE_FACE('',(#12344));
#12346=POLY_LOOP('',(#10928,#10903,#12094));
#12347=FACE_OUTER_BOUND('',#12346,.T.);
#12348=FACETED_PRIMITIVE_FACE('',(#12347));
#12350=POLY_LOOP('',(#12349,#12259,#12326));
#12351=FACE_OUTER_BOUND('',#12350,.T.);
#12352=FACETED_PRIMITIVE_FACE('',(#12351));
#12353=POLY_LOOP('',(#10596,#12283,#12177));
#12354=FACE_OUTER_BOUND('',#12353,.T.);
#12355=FACETED_PRIMITIVE_FACE('',(#12354));
#12356=POLY_LOOP('',(#10596,#12312,#10597));
#12357=FACE_OUTER_BOUND('',#12356,.T.);
#12358=FACETED_PRIMITIVE_FACE('',(#12357));
#12359=POLY_LOOP('',(#10596,#12177,#12312));
#12360=FACE_OUTER_BOUND('',#12359,.T.);
#12361=FACETED_PRIMITIVE_FACE('',(#12360));
#12362=POLY_LOOP('',(#10635,#12287,#12333));
#12363=FACE_OUTER_BOUND('',#12362,.T.);
#12364=FACETED_PRIMITIVE_FACE('',(#12363));
#12366=POLY_LOOP('',(#12365,#12259,#12349));
#12367=FACE_OUTER_BOUND('',#12366,.T.);
#12368=FACETED_PRIMITIVE_FACE('',(#12367));
#12369=POLY_LOOP('',(#12365,#12294,#12259));
#12370=FACE_OUTER_BOUND('',#12369,.T.);
#12371=FACETED_PRIMITIVE_FACE('',(#12370));
#12373=POLY_LOOP('',(#12372,#12298,#12294));
#12374=FACE_OUTER_BOUND('',#12373,.T.);
#12375=FACETED_PRIMITIVE_FACE('',(#12374));
#12376=POLY_LOOP('',(#12372,#12294,#12365));
#12377=FACE_OUTER_BOUND('',#12376,.T.);
#12378=FACETED_PRIMITIVE_FACE('',(#12377));
#12379=POLY_LOOP('',(#10607,#12305,#12298));
#12380=FACE_OUTER_BOUND('',#12379,.T.);
#12381=FACETED_PRIMITIVE_FACE('',(#12380));
#12382=POLY_LOOP('',(#10607,#12298,#12372));
#12383=FACE_OUTER_BOUND('',#12382,.T.);
#12384=FACETED_PRIMITIVE_FACE('',(#12383));
#12385=POLY_LOOP('',(#10601,#12349,#12326));
#12386=FACE_OUTER_BOUND('',#12385,.T.);
#12387=FACETED_PRIMITIVE_FACE('',(#12386));
#12388=POLY_LOOP('',(#10601,#12326,#12087));
#12389=FACE_OUTER_BOUND('',#12388,.T.);
#12390=FACETED_PRIMITIVE_FACE('',(#12389));
#12391=POLY_LOOP('',(#10601,#12283,#10596));
#12392=FACE_OUTER_BOUND('',#12391,.T.);
#12393=FACETED_PRIMITIVE_FACE('',(#12392));
#12394=POLY_LOOP('',(#10601,#12087,#12283));
#12395=FACE_OUTER_BOUND('',#12394,.T.);
#12396=FACETED_PRIMITIVE_FACE('',(#12395));
#12397=POLY_LOOP('',(#10606,#12305,#10607));
#12398=FACE_OUTER_BOUND('',#12397,.T.);
#12399=FACETED_PRIMITIVE_FACE('',(#12398));
#12400=POLY_LOOP('',(#10606,#10635,#12333));
#12401=FACE_OUTER_BOUND('',#12400,.T.);
#12402=FACETED_PRIMITIVE_FACE('',(#12401));
#12403=POLY_LOOP('',(#10606,#12333,#12305));
#12404=FACE_OUTER_BOUND('',#12403,.T.);
#12405=FACETED_PRIMITIVE_FACE('',(#12404));
#12406=POLY_LOOP('',(#10634,#12287,#10635));
#12407=FACE_OUTER_BOUND('',#12406,.T.);
#12408=FACETED_PRIMITIVE_FACE('',(#12407));
#12409=POLY_LOOP('',(#10634,#10928,#12287));
#12410=FACE_OUTER_BOUND('',#12409,.T.);
#12411=FACETED_PRIMITIVE_FACE('',(#12410));
#12412=POLY_LOOP('',(#10651,#12349,#10601));
#12413=FACE_OUTER_BOUND('',#12412,.T.);
#12414=FACETED_PRIMITIVE_FACE('',(#12413));
#12415=POLY_LOOP('',(#10611,#10635,#10606));
#12416=FACE_OUTER_BOUND('',#12415,.T.);
#12417=FACETED_PRIMITIVE_FACE('',(#12416));
#12418=POLY_LOOP('',(#10650,#12365,#12349));
#12419=FACE_OUTER_BOUND('',#12418,.T.);
#12420=FACETED_PRIMITIVE_FACE('',(#12419));
#12421=POLY_LOOP('',(#10650,#12349,#10651));
#12422=FACE_OUTER_BOUND('',#12421,.T.);
#12423=FACETED_PRIMITIVE_FACE('',(#12422));
#12424=POLY_LOOP('',(#10650,#12372,#12365));
#12425=FACE_OUTER_BOUND('',#12424,.T.);
#12426=FACETED_PRIMITIVE_FACE('',(#12425));
#12427=POLY_LOOP('',(#10696,#12372,#10650));
#12428=FACE_OUTER_BOUND('',#12427,.T.);
#12429=FACETED_PRIMITIVE_FACE('',(#12428));
#12430=POLY_LOOP('',(#10615,#10607,#12372));
#12431=FACE_OUTER_BOUND('',#12430,.T.);
#12432=FACETED_PRIMITIVE_FACE('',(#12431));
#12433=POLY_LOOP('',(#10615,#12372,#10696));
#12434=FACE_OUTER_BOUND('',#12433,.T.);
#12435=FACETED_PRIMITIVE_FACE('',(#12434));
#12437=POLY_LOOP('',(#10595,#10597,#12436));
#12438=FACE_OUTER_BOUND('',#12437,.T.);
#12439=FACETED_PRIMITIVE_FACE('',(#12438));
#12440=POLY_LOOP('',(#10595,#12436,#10643));
#12441=FACE_OUTER_BOUND('',#12440,.T.);
#12442=FACETED_PRIMITIVE_FACE('',(#12441));
#12443=POLY_LOOP('',(#11184,#11188,#11192));
#12444=FACE_OUTER_BOUND('',#12443,.T.);
#12445=FACETED_PRIMITIVE_FACE('',(#12444));
#12446=POLY_LOOP('',(#11184,#11192,#11210));
#12447=FACE_OUTER_BOUND('',#12446,.T.);
#12448=FACETED_PRIMITIVE_FACE('',(#12447));
#12449=POLY_LOOP('',(#11184,#11210,#11214));
#12450=FACE_OUTER_BOUND('',#12449,.T.);
#12451=FACETED_PRIMITIVE_FACE('',(#12450));
#12452=POLY_LOOP('',(#11180,#11214,#11218));
#12453=FACE_OUTER_BOUND('',#12452,.T.);
#12454=FACETED_PRIMITIVE_FACE('',(#12453));
#12455=POLY_LOOP('',(#11180,#11184,#11214));
#12456=FACE_OUTER_BOUND('',#12455,.T.);
#12457=FACETED_PRIMITIVE_FACE('',(#12456));
#12458=POLY_LOOP('',(#11172,#11218,#11222));
#12459=FACE_OUTER_BOUND('',#12458,.T.);
#12460=FACETED_PRIMITIVE_FACE('',(#12459));
#12461=POLY_LOOP('',(#11172,#11180,#11218));
#12462=FACE_OUTER_BOUND('',#12461,.T.);
#12463=FACETED_PRIMITIVE_FACE('',(#12462));
#12464=POLY_LOOP('',(#11168,#11222,#11230));
#12465=FACE_OUTER_BOUND('',#12464,.T.);
#12466=FACETED_PRIMITIVE_FACE('',(#12465));
#12467=POLY_LOOP('',(#11168,#11230,#11234));
#12468=FACE_OUTER_BOUND('',#12467,.T.);
#12469=FACETED_PRIMITIVE_FACE('',(#12468));
#12470=POLY_LOOP('',(#11168,#11172,#11222));
#12471=FACE_OUTER_BOUND('',#12470,.T.);
#12472=FACETED_PRIMITIVE_FACE('',(#12471));
#12473=POLY_LOOP('',(#11164,#11234,#11238));
#12474=FACE_OUTER_BOUND('',#12473,.T.);
#12475=FACETED_PRIMITIVE_FACE('',(#12474));
#12476=POLY_LOOP('',(#11164,#11168,#11234));
#12477=FACE_OUTER_BOUND('',#12476,.T.);
#12478=FACETED_PRIMITIVE_FACE('',(#12477));
#12479=POLY_LOOP('',(#11160,#11238,#11242));
#12480=FACE_OUTER_BOUND('',#12479,.T.);
#12481=FACETED_PRIMITIVE_FACE('',(#12480));
#12482=POLY_LOOP('',(#11160,#11164,#11238));
#12483=FACE_OUTER_BOUND('',#12482,.T.);
#12484=FACETED_PRIMITIVE_FACE('',(#12483));
#12485=POLY_LOOP('',(#11152,#11242,#11267));
#12486=FACE_OUTER_BOUND('',#12485,.T.);
#12487=FACETED_PRIMITIVE_FACE('',(#12486));
#12488=POLY_LOOP('',(#11152,#11160,#11242));
#12489=FACE_OUTER_BOUND('',#12488,.T.);
#12490=FACETED_PRIMITIVE_FACE('',(#12489));
#12491=POLY_LOOP('',(#11134,#11267,#11292));
#12492=FACE_OUTER_BOUND('',#12491,.T.);
#12493=FACETED_PRIMITIVE_FACE('',(#12492));
#12494=POLY_LOOP('',(#11134,#11152,#11267));
#12495=FACE_OUTER_BOUND('',#12494,.T.);
#12496=FACETED_PRIMITIVE_FACE('',(#12495));
#12497=POLY_LOOP('',(#11130,#11134,#11292));
#12498=FACE_OUTER_BOUND('',#12497,.T.);
#12499=FACETED_PRIMITIVE_FACE('',(#12498));
#12500=POLY_LOOP('',(#11122,#11130,#11292));
#12501=FACE_OUTER_BOUND('',#12500,.T.);
#12502=FACETED_PRIMITIVE_FACE('',(#12501));
#12503=POLY_LOOP('',(#11115,#11292,#11342));
#12504=FACE_OUTER_BOUND('',#12503,.T.);
#12505=FACETED_PRIMITIVE_FACE('',(#12504));
#12506=POLY_LOOP('',(#11115,#11122,#11292));
#12507=FACE_OUTER_BOUND('',#12506,.T.);
#12508=FACETED_PRIMITIVE_FACE('',(#12507));
#12509=POLY_LOOP('',(#11111,#11115,#11342));
#12510=FACE_OUTER_BOUND('',#12509,.T.);
#12511=FACETED_PRIMITIVE_FACE('',(#12510));
#12512=POLY_LOOP('',(#11104,#11111,#11342));
#12513=FACE_OUTER_BOUND('',#12512,.T.);
#12514=FACETED_PRIMITIVE_FACE('',(#12513));
#12515=POLY_LOOP('',(#10629,#11104,#11342));
#12516=FACE_OUTER_BOUND('',#12515,.T.);
#12517=FACETED_PRIMITIVE_FACE('',(#12516));
#12518=POLY_LOOP('',(#10625,#10629,#11342));
#12519=FACE_OUTER_BOUND('',#12518,.T.);
#12520=FACETED_PRIMITIVE_FACE('',(#12519));
#12521=POLY_LOOP('',(#10620,#10625,#11342));
#12522=FACE_OUTER_BOUND('',#12521,.T.);
#12523=FACETED_PRIMITIVE_FACE('',(#12522));
#12524=POLY_LOOP('',(#10621,#10620,#11342));
#12525=FACE_OUTER_BOUND('',#12524,.T.);
#12526=FACETED_PRIMITIVE_FACE('',(#12525));
#12527=POLY_LOOP('',(#11065,#10621,#11342));
#12528=FACE_OUTER_BOUND('',#12527,.T.);
#12529=FACETED_PRIMITIVE_FACE('',(#12528));
#12530=POLY_LOOP('',(#11553,#11531,#11549));
#12531=FACE_OUTER_BOUND('',#12530,.T.);
#12532=FACETED_PRIMITIVE_FACE('',(#12531));
#12533=POLY_LOOP('',(#10808,#11065,#11342));
#12534=FACE_OUTER_BOUND('',#12533,.T.);
#12535=FACETED_PRIMITIVE_FACE('',(#12534));
#12536=POLY_LOOP('',(#11557,#11527,#11531));
#12537=FACE_OUTER_BOUND('',#12536,.T.);
#12538=FACETED_PRIMITIVE_FACE('',(#12537));
#12539=POLY_LOOP('',(#11557,#11531,#11553));
#12540=FACE_OUTER_BOUND('',#12539,.T.);
#12541=FACETED_PRIMITIVE_FACE('',(#12540));
#12542=POLY_LOOP('',(#11562,#11523,#11527));
#12543=FACE_OUTER_BOUND('',#12542,.T.);
#12544=FACETED_PRIMITIVE_FACE('',(#12543));
#12545=POLY_LOOP('',(#11562,#11527,#11557));
#12546=FACE_OUTER_BOUND('',#12545,.T.);
#12547=FACETED_PRIMITIVE_FACE('',(#12546));
#12548=POLY_LOOP('',(#11566,#11500,#11523));
#12549=FACE_OUTER_BOUND('',#12548,.T.);
#12550=FACETED_PRIMITIVE_FACE('',(#12549));
#12551=POLY_LOOP('',(#11566,#11523,#11562));
#12552=FACE_OUTER_BOUND('',#12551,.T.);
#12553=FACETED_PRIMITIVE_FACE('',(#12552));
#12554=POLY_LOOP('',(#10817,#10808,#11342));
#12555=FACE_OUTER_BOUND('',#12554,.T.);
#12556=FACETED_PRIMITIVE_FACE('',(#12555));
#12557=POLY_LOOP('',(#11570,#11500,#11566));
#12558=FACE_OUTER_BOUND('',#12557,.T.);
#12559=FACETED_PRIMITIVE_FACE('',(#12558));
#12560=POLY_LOOP('',(#11574,#11500,#11570));
#12561=FACE_OUTER_BOUND('',#12560,.T.);
#12562=FACETED_PRIMITIVE_FACE('',(#12561));
#12563=POLY_LOOP('',(#11574,#11496,#11500));
#12564=FACE_OUTER_BOUND('',#12563,.T.);
#12565=FACETED_PRIMITIVE_FACE('',(#12564));
#12566=POLY_LOOP('',(#11578,#11496,#11574));
#12567=FACE_OUTER_BOUND('',#12566,.T.);
#12568=FACETED_PRIMITIVE_FACE('',(#12567));
#12569=POLY_LOOP('',(#10812,#10817,#11342));
#12570=FACE_OUTER_BOUND('',#12569,.T.);
#12571=FACETED_PRIMITIVE_FACE('',(#12570));
#12572=POLY_LOOP('',(#11628,#11496,#11578));
#12573=FACE_OUTER_BOUND('',#12572,.T.);
#12574=FACETED_PRIMITIVE_FACE('',(#12573));
#12575=POLY_LOOP('',(#11628,#11454,#11496));
#12576=FACE_OUTER_BOUND('',#12575,.T.);
#12577=FACETED_PRIMITIVE_FACE('',(#12576));
#12578=POLY_LOOP('',(#11632,#11454,#11628));
#12579=FACE_OUTER_BOUND('',#12578,.T.);
#12580=FACETED_PRIMITIVE_FACE('',(#12579));
#12581=POLY_LOOP('',(#10813,#11342,#11450));
#12582=FACE_OUTER_BOUND('',#12581,.T.);
#12583=FACETED_PRIMITIVE_FACE('',(#12582));
#12584=POLY_LOOP('',(#10813,#10812,#11342));
#12585=FACE_OUTER_BOUND('',#12584,.T.);
#12586=FACETED_PRIMITIVE_FACE('',(#12585));
#12587=POLY_LOOP('',(#11636,#11450,#11454));
#12588=FACE_OUTER_BOUND('',#12587,.T.);
#12589=FACETED_PRIMITIVE_FACE('',(#12588));
#12590=POLY_LOOP('',(#11636,#11454,#11632));
#12591=FACE_OUTER_BOUND('',#12590,.T.);
#12592=FACETED_PRIMITIVE_FACE('',(#12591));
#12593=POLY_LOOP('',(#11690,#10813,#11450));
#12594=FACE_OUTER_BOUND('',#12593,.T.);
#12595=FACETED_PRIMITIVE_FACE('',(#12594));
#12596=POLY_LOOP('',(#11682,#11450,#11636));
#12597=FACE_OUTER_BOUND('',#12596,.T.);
#12598=FACETED_PRIMITIVE_FACE('',(#12597));
#12599=POLY_LOOP('',(#11686,#11690,#11450));
#12600=FACE_OUTER_BOUND('',#12599,.T.);
#12601=FACETED_PRIMITIVE_FACE('',(#12600));
#12602=POLY_LOOP('',(#11686,#11450,#11682));
#12603=FACE_OUTER_BOUND('',#12602,.T.);
#12604=FACETED_PRIMITIVE_FACE('',(#12603));
#12605=POLY_LOOP('',(#12156,#12164,#12160));
#12606=FACE_OUTER_BOUND('',#12605,.T.);
#12607=FACETED_PRIMITIVE_FACE('',(#12606));
#12608=POLY_LOOP('',(#12156,#12204,#12164));
#12609=FACE_OUTER_BOUND('',#12608,.T.);
#12610=FACETED_PRIMITIVE_FACE('',(#12609));
#12611=POLY_LOOP('',(#12156,#12208,#12204));
#12612=FACE_OUTER_BOUND('',#12611,.T.);
#12613=FACETED_PRIMITIVE_FACE('',(#12612));
#12614=POLY_LOOP('',(#12152,#12212,#12208));
#12615=FACE_OUTER_BOUND('',#12614,.T.);
#12616=FACETED_PRIMITIVE_FACE('',(#12615));
#12617=POLY_LOOP('',(#12152,#12208,#12156));
#12618=FACE_OUTER_BOUND('',#12617,.T.);
#12619=FACETED_PRIMITIVE_FACE('',(#12618));
#12620=POLY_LOOP('',(#12127,#12216,#12212));
#12621=FACE_OUTER_BOUND('',#12620,.T.);
#12622=FACETED_PRIMITIVE_FACE('',(#12621));
#12623=POLY_LOOP('',(#12127,#12212,#12152));
#12624=FACE_OUTER_BOUND('',#12623,.T.);
#12625=FACETED_PRIMITIVE_FACE('',(#12624));
#12626=POLY_LOOP('',(#12123,#12233,#12216));
#12627=FACE_OUTER_BOUND('',#12626,.T.);
#12628=FACETED_PRIMITIVE_FACE('',(#12627));
#12629=POLY_LOOP('',(#12123,#12237,#12233));
#12630=FACE_OUTER_BOUND('',#12629,.T.);
#12631=FACETED_PRIMITIVE_FACE('',(#12630));
#12632=POLY_LOOP('',(#12123,#12216,#12127));
#12633=FACE_OUTER_BOUND('',#12632,.T.);
#12634=FACETED_PRIMITIVE_FACE('',(#12633));
#12635=POLY_LOOP('',(#12119,#12241,#12237));
#12636=FACE_OUTER_BOUND('',#12635,.T.);
#12637=FACETED_PRIMITIVE_FACE('',(#12636));
#12638=POLY_LOOP('',(#12119,#12237,#12123));
#12639=FACE_OUTER_BOUND('',#12638,.T.);
#12640=FACETED_PRIMITIVE_FACE('',(#12639));
#12641=POLY_LOOP('',(#12115,#12245,#12241));
#12642=FACE_OUTER_BOUND('',#12641,.T.);
#12643=FACETED_PRIMITIVE_FACE('',(#12642));
#12644=POLY_LOOP('',(#12115,#12241,#12119));
#12645=FACE_OUTER_BOUND('',#12644,.T.);
#12646=FACETED_PRIMITIVE_FACE('',(#12645));
#12647=POLY_LOOP('',(#12073,#12273,#12245));
#12648=FACE_OUTER_BOUND('',#12647,.T.);
#12649=FACETED_PRIMITIVE_FACE('',(#12648));
#12650=POLY_LOOP('',(#12073,#12245,#12115));
#12651=FACE_OUTER_BOUND('',#12650,.T.);
#12652=FACETED_PRIMITIVE_FACE('',(#12651));
#12653=POLY_LOOP('',(#12022,#12313,#12273));
#12654=FACE_OUTER_BOUND('',#12653,.T.);
#12655=FACETED_PRIMITIVE_FACE('',(#12654));
#12656=POLY_LOOP('',(#12022,#12273,#12073));
#12657=FACE_OUTER_BOUND('',#12656,.T.);
#12658=FACETED_PRIMITIVE_FACE('',(#12657));
#12659=POLY_LOOP('',(#12018,#12313,#12022));
#12660=FACE_OUTER_BOUND('',#12659,.T.);
#12661=FACETED_PRIMITIVE_FACE('',(#12660));
#12662=POLY_LOOP('',(#11917,#12313,#12018));
#12663=FACE_OUTER_BOUND('',#12662,.T.);
#12664=FACETED_PRIMITIVE_FACE('',(#12663));
#12665=POLY_LOOP('',(#11913,#10597,#12313));
#12666=FACE_OUTER_BOUND('',#12665,.T.);
#12667=FACETED_PRIMITIVE_FACE('',(#12666));
#12668=POLY_LOOP('',(#11913,#12313,#11917));
#12669=FACE_OUTER_BOUND('',#12668,.T.);
#12670=FACETED_PRIMITIVE_FACE('',(#12669));
#12671=POLY_LOOP('',(#11909,#10597,#11913));
#12672=FACE_OUTER_BOUND('',#12671,.T.);
#12673=FACETED_PRIMITIVE_FACE('',(#12672));
#12674=POLY_LOOP('',(#11085,#10597,#11909));
#12675=FACE_OUTER_BOUND('',#12674,.T.);
#12676=FACETED_PRIMITIVE_FACE('',(#12675));
#12677=POLY_LOOP('',(#11081,#10597,#11085));
#12678=FACE_OUTER_BOUND('',#12677,.T.);
#12679=FACETED_PRIMITIVE_FACE('',(#12678));
#12680=POLY_LOOP('',(#11077,#10597,#11081));
#12681=FACE_OUTER_BOUND('',#12680,.T.);
#12682=FACETED_PRIMITIVE_FACE('',(#12681));
#12683=POLY_LOOP('',(#11072,#10597,#11077));
#12684=FACE_OUTER_BOUND('',#12683,.T.);
#12685=FACETED_PRIMITIVE_FACE('',(#12684));
#12686=POLY_LOOP('',(#11073,#10597,#11072));
#12687=FACE_OUTER_BOUND('',#12686,.T.);
#12688=FACETED_PRIMITIVE_FACE('',(#12687));
#12689=POLY_LOOP('',(#11096,#10597,#11073));
#12690=FACE_OUTER_BOUND('',#12689,.T.);
#12691=FACETED_PRIMITIVE_FACE('',(#12690));
#12692=POLY_LOOP('',(#10704,#10700,#10685));
#12693=FACE_OUTER_BOUND('',#12692,.T.);
#12694=FACETED_PRIMITIVE_FACE('',(#12693));
#12695=POLY_LOOP('',(#11092,#10597,#11096));
#12696=FACE_OUTER_BOUND('',#12695,.T.);
#12697=FACETED_PRIMITIVE_FACE('',(#12696));
#12698=POLY_LOOP('',(#10708,#10685,#10681));
#12699=FACE_OUTER_BOUND('',#12698,.T.);
#12700=FACETED_PRIMITIVE_FACE('',(#12699));
#12701=POLY_LOOP('',(#10708,#10704,#10685));
#12702=FACE_OUTER_BOUND('',#12701,.T.);
#12703=FACETED_PRIMITIVE_FACE('',(#12702));
#12704=POLY_LOOP('',(#10722,#10681,#10677));
#12705=FACE_OUTER_BOUND('',#12704,.T.);
#12706=FACETED_PRIMITIVE_FACE('',(#12705));
#12707=POLY_LOOP('',(#10722,#10708,#10681));
#12708=FACE_OUTER_BOUND('',#12707,.T.);
#12709=FACETED_PRIMITIVE_FACE('',(#12708));
#12710=POLY_LOOP('',(#10726,#10677,#10662));
#12711=FACE_OUTER_BOUND('',#12710,.T.);
#12712=FACETED_PRIMITIVE_FACE('',(#12711));
#12713=POLY_LOOP('',(#10726,#10722,#10677));
#12714=FACE_OUTER_BOUND('',#12713,.T.);
#12715=FACETED_PRIMITIVE_FACE('',(#12714));
#12716=POLY_LOOP('',(#11046,#10597,#11092));
#12717=FACE_OUTER_BOUND('',#12716,.T.);
#12718=FACETED_PRIMITIVE_FACE('',(#12717));
#12719=POLY_LOOP('',(#10730,#10726,#10662));
#12720=FACE_OUTER_BOUND('',#12719,.T.);
#12721=FACETED_PRIMITIVE_FACE('',(#12720));
#12722=POLY_LOOP('',(#10734,#10730,#10662));
#12723=FACE_OUTER_BOUND('',#12722,.T.);
#12724=FACETED_PRIMITIVE_FACE('',(#12723));
#12725=POLY_LOOP('',(#10734,#10662,#10658));
#12726=FACE_OUTER_BOUND('',#12725,.T.);
#12727=FACETED_PRIMITIVE_FACE('',(#12726));
#12728=POLY_LOOP('',(#10738,#10734,#10658));
#12729=FACE_OUTER_BOUND('',#12728,.T.);
#12730=FACETED_PRIMITIVE_FACE('',(#12729));
#12731=POLY_LOOP('',(#11051,#10597,#11046));
#12732=FACE_OUTER_BOUND('',#12731,.T.);
#12733=FACETED_PRIMITIVE_FACE('',(#12732));
#12734=POLY_LOOP('',(#10752,#10738,#10658));
#12735=FACE_OUTER_BOUND('',#12734,.T.);
#12736=FACETED_PRIMITIVE_FACE('',(#12735));
#12737=POLY_LOOP('',(#10752,#10658,#10643));
#12738=FACE_OUTER_BOUND('',#12737,.T.);
#12739=FACETED_PRIMITIVE_FACE('',(#12738));
#12740=POLY_LOOP('',(#10756,#10752,#10643));
#12741=FACE_OUTER_BOUND('',#12740,.T.);
#12742=FACETED_PRIMITIVE_FACE('',(#12741));
#12743=POLY_LOOP('',(#10797,#12436,#10597));
#12744=FACE_OUTER_BOUND('',#12743,.T.);
#12745=FACETED_PRIMITIVE_FACE('',(#12744));
#12746=POLY_LOOP('',(#10797,#10597,#11051));
#12747=FACE_OUTER_BOUND('',#12746,.T.);
#12748=FACETED_PRIMITIVE_FACE('',(#12747));
#12749=POLY_LOOP('',(#10760,#10643,#12436));
#12750=FACE_OUTER_BOUND('',#12749,.T.);
#12751=FACETED_PRIMITIVE_FACE('',(#12750));
#12752=POLY_LOOP('',(#10760,#10756,#10643));
#12753=FACE_OUTER_BOUND('',#12752,.T.);
#12754=FACETED_PRIMITIVE_FACE('',(#12753));
#12755=POLY_LOOP('',(#10789,#12436,#10797));
#12756=FACE_OUTER_BOUND('',#12755,.T.);
#12757=FACETED_PRIMITIVE_FACE('',(#12756));
#12758=POLY_LOOP('',(#10781,#10760,#12436));
#12759=FACE_OUTER_BOUND('',#12758,.T.);
#12760=FACETED_PRIMITIVE_FACE('',(#12759));
#12761=POLY_LOOP('',(#10785,#12436,#10789));
#12762=FACE_OUTER_BOUND('',#12761,.T.);
#12763=FACETED_PRIMITIVE_FACE('',(#12762));
#12764=POLY_LOOP('',(#10785,#10781,#12436));
#12765=FACE_OUTER_BOUND('',#12764,.T.);
#12766=FACETED_PRIMITIVE_FACE('',(#12765));
#Microsoft.PowerShell=CLOSED_SHELL('',(#25,#29,#35,#41,#45,#49,#52,#56,#61,#65,#69,#73,#77,#80,#83,#88,#92,#95,#98,#101,#106,#109,#115,#119,#124,#128,#133,#136,#141,#146,#150,#153,#156,#161,#164,#167,#170,#175,#180,#183,#186,#189,#192,#195,#198,#201,#204,#207,#210,#213,#216,#219,#222,#225,#228,#231,#234,#237,#240,#243,#246,#249,#252,#255,#258,#261,#264,#267,#270,#273,#276,#279,#282,#285,#288,#291,#294,#297,#300,#303,#306,#309,#312,#315,#321,#325,#329,#334,#337,#342,#345,#349,#353,#357,#362,#365,#370,#373,#379,#382,#385,#389,#393,#398,#401,#405,#411,#415,#421,#424,#427,#432,#435,#439,#444,#447,#453,#456,#459,#463,#467,#471,#475,#479,#482,#485,#489,#493,#497,#501,#505,#511,#515,#519,#523,#527,#533,#537,#541,#544,#547,#551,#555,#559,#563,#567,#571,#574,#577,#581,#585,#589,#593,#597,#601,#604,#607,#611,#615,#619,#623,#627,#630,#633,#636,#640,#643,#647,#650,#654,#657,#661,#665,#669,#673,#677,#680,#684,#687,#690,#694,#698,#702,#706,#709,#713,#716,#720,#723,#727,#730,#734,#738,#742,#746,#749,#752,#756,#759,#762,#766,#769,#772,#776,#779,#782,#786,#790,#794,#799,#802,#806,#809,#813,#816,#820,#824,#827,#832,#835,#839,#842,#846,#849,#853,#856,#859,#863,#866,#869,#873,#876,#880,#883,#887,#891,#894,#897,#901,#904,#907,#911,#914,#918,#921,#925,#928,#932,#936,#940,#943,#946,#949,#953,#956,#959,#963,#967,#970,#973,#977,#980,#984,#988,#992,#995,#998,#1002,#1006,#1009,#1013,#1016,#1020,#1023,#1027,#1030,#1033,#1037,#1041,#1044,#1048,#1051,#1055,#1058,#1062,#1065,#1069,#1072,#1076,#1079,#1083,#1086,#1090,#1093,#1097,#1100,#1104,#1107,#1111,#1114,#1117,#1121,#1124,#1128,#1131,#1135,#1138,#1142,#1145,#1148,#1152,#1155,#1159,#1162,#1166,#1169,#1173,#1176,#1180,#1184,#1187,#1192,#1195,#1199,#1202,#1206,#1209,#1212,#1216,#1219,#1222,#1226,#1230,#1233,#1236,#1240,#1244,#1248,#1252,#1255,#1258,#1262,#1265,#1269,#1273,#1276,#1280,#1284,#1288,#1291,#1294,#1298,#1301,#1305,#1308,#1311,#1315,#1319,#1323,#1327,#1330,#1333,#1337,#1340,#1344,#1347,#1351,#1355,#1359,#1362,#1365,#1369,#1372,#1376,#1379,#1383,#1387,#1391,#1394,#1397,#1401,#1404,#1408,#1411,#1414,#1418,#1421,#1426,#1429,#1432,#1436,#1439,#1444,#1448,#1451,#1454,#1457,#1461,#1464,#1468,#1471,#1474,#1478,#1482,#1485,#1489,#1493,#1496,#1500,#1503,#1507,#1510,#1515,#1518,#1521,#1525,#1528,#1532,#1536,#1539,#1544,#1548,#1551,#1554,#1557,#1560,#1564,#1567,#1571,#1575,#1578,#1582,#1585,#1588,#1592,#1596,#1599,#1603,#1606,#1609,#1613,#1617,#1621,#1625,#1629,#1632,#1635,#1638,#1643,#1646,#1649,#1653,#1657,#1660,#1663,#1667,#1670,#1675,#1678,#1681,#1686,#1690,#1693,#1696,#1699,#1702,#1706,#1709,#1712,#1716,#1720,#1724,#1728,#1731,#1734,#1738,#1741,#1745,#1749,#1752,#1756,#1760,#1763,#1766,#1770,#1773,#1777,#1781,#1784,#1787,#1791,#1794,#1797,#1801,#1805,#1809,#1813,#1816,#1819,#1822,#1827,#1831,#1834,#1838,#1841,#1845,#1848,#1852,#1855,#1859,#1862,#1865,#1869,#1873,#1876,#1879,#1883,#1886,#1890,#1894,#1897,#1900,#1904,#1907,#1911,#1914,#1918,#1921,#1925,#1928,#1932,#1935,#1939,#1942,#1946,#1949,#1953,#1956,#1959,#1963,#1966,#1970,#1973,#1977,#1980,#1984,#1988,#1991,#1995,#1998,#2002,#2005,#2009,#2012,#2016,#2019,#2023,#2026,#2031,#2034,#2039,#2042,#2046,#2049,#2053,#2056,#2059,#2063,#2067,#2070,#2073,#2077,#2080,#2084,#2088,#2091,#2095,#2098,#2102,#2105,#2109,#2112,#2116,#2119,#2123,#2126,#2129,#2133,#2137,#2140,#2144,#2147,#2151,#2154,#2158,#2161,#2165,#2168,#2172,#2175,#2178,#2181,#2185,#2188,#2192,#2196,#2199,#2203,#2206,#2209,#2213,#2216,#2219,#2223,#2226,#2230,#2233,#2237,#2240,#2244,#2247,#2251,#2255,#2258,#2262,#2265,#2269,#2272,#2276,#2279,#2283,#2286,#2290,#2293,#2297,#2300,#2304,#2308,#2312,#2316,#2319,#2323,#2326,#2330,#2333,#2337,#2340,#2344,#2347,#2351,#2354,#2357,#2361,#2364,#2368,#2371,#2375,#2379,#2382,#2386,#2389,#2392,#2396,#2399,#2402,#2406,#2409,#2413,#2416,#2420,#2423,#2427,#2431,#2435,#2438,#2442,#2445,#2448,#2452,#2455,#2459,#2462,#2465,#2469,#2473,#2476,#2481,#2484,#2487,#2491,#2494,#2497,#2500,#2504,#2507,#2511,#2515,#2518,#2522,#2525,#2529,#2532,#2535,#2538,#2541,#2545,#2549,#2552,#2556,#2559,#2564,#2567,#2570,#2573,#2577,#2580,#2584,#2587,#2591,#2594,#2598,#2601,#2605,#2608,#2612,#2615,#2620,#2623,#2626,#2630,#2633,#2636,#2639,#2643,#2647,#2650,#2654,#2657,#2661,#2664,#2669,#2672,#2675,#2678,#2681,#2684,#2688,#2692,#2695,#2699,#2702,#2706,#2709,#2712,#2716,#2719,#2723,#2726,#2730,#2733,#2737,#2740,#2743,#2747,#2751,#2754,#2757,#2761,#2765,#2768,#2772,#2775,#2778,#2782,#2785,#2789,#2793,#2796,#2800,#2803,#2806,#2810,#2813,#2817,#2820,#2824,#2827,#2830,#2833,#2836,#2839,#2842,#2845,#2849,#2852,#2855,#2858,#2861,#2864,#2868,#2871,#2874,#2877,#2880,#2884,#2887,#2890,#2893,#2897,#2900,#2904,#2907,#2911,#2914,#2917,#2921,#2924,#2928,#2931,#2935,#2938,#2942,#2945,#2948,#2952,#2955,#2959,#2962,#2965,#2969,#2972,#2976,#2979,#2982,#2986,#2989,#2993,#2996,#3000,#3003,#3007,#3010,#3014,#3017,#3020,#3024,#3027,#3030,#3033,#3037,#3040,#3044,#3047,#3050,#3054,#3057,#3060,#3064,#3067,#3071,#3075,#3078,#3082,#3085,#3089,#3093,#3096,#3099,#3103,#3106,#3109,#3113,#3116,#3120,#3123,#3127,#3130,#3133,#3137,#3140,#3143,#3147,#3150,#3154,#3157,#3161,#3164,#3167,#3171,#3174,#3178,#3181,#3185,#3189,#3193,#3197,#3200,#3203,#3207,#3210,#3213,#3217,#3220,#3224,#3228,#3231,#3235,#3238,#3242,#3245,#3248,#3252,#3255,#3258,#3262,#3266,#3270,#3273,#3277,#3280,#3284,#3287,#3290,#3294,#3298,#3302,#3305,#3308,#3312,#3315,#3318,#3322,#3325,#3328,#3332,#3335,#3339,#3342,#3346,#3350,#3353,#3356,#3360,#3363,#3367,#3371,#3374,#3378,#3381,#3385,#3388,#3391,#3395,#3399,#3403,#3406,#3409,#3413,#3416,#3420,#3423,#3427,#3431,#3434,#3438,#3441,#3445,#3448,#3452,#3455,#3459,#3462,#3466,#3469,#3473,#3476,#3480,#3484,#3488,#3491,#3494,#3498,#3501,#3504,#3508,#3511,#3515,#3518,#3522,#3525,#3529,#3532,#3536,#3539,#3543,#3546,#3550,#3553,#3557,#3560,#3563,#3566,#3569,#3573,#3576,#3579,#3583,#3586,#3589,#3593,#3596,#3600,#3604,#3607,#3611,#3614,#3617,#3620,#3624,#3627,#3631,#3635,#3639,#3642,#3645,#3648,#3651,#3655,#3658,#3661,#3664,#3668,#3671,#3675,#3678,#3682,#3685,#3688,#3692,#3696,#3700,#3703,#3706,#3709,#3713,#3716,#3719,#3723,#3726,#3729,#3733,#3736,#3739,#3742,#3745,#3748,#3752,#3757,#3761,#3764,#3767,#3771,#3774,#3777,#3780,#3784,#3787,#3791,#3794,#3797,#3800,#3803,#3807,#3811,#3815,#3818,#3821,#3825,#3828,#3831,#3834,#3837,#3840,#3844,#3847,#3850,#3854,#3858,#3861,#3864,#3867,#3871,#3874,#3877,#3880,#3883,#3887,#3890,#3893,#3896,#3899,#3902,#3905,#3908,#3911,#3914,#3917,#3920,#3923,#3926,#3929,#3932,#3935,#3938,#3941,#3944,#3947,#3950,#3953,#3956,#3959,#3962,#3965,#3968,#3971,#3974,#3977,#3980,#3983,#3986,#3989,#3992,#3995,#3998,#4001,#4004,#4007,#4010,#4013,#4016,#4019,#4022,#4025,#4028,#4031,#4034,#4037,#4040,#4043,#4046,#4049,#4052,#4055,#4058,#4061,#4064,#4067,#4070,#4073,#4076,#4079,#4082,#4085,#4088,#4091,#4094,#4097,#4100,#4103,#4106,#4109,#4112,#4115,#4118,#4121,#4124,#4127,#4130,#4133,#4136,#4139,#4142,#4145,#4148,#4151,#4154,#4157,#4160,#4164,#4168,#4172,#4176,#4180,#4185,#4189,#4193,#4197,#4200,#4204,#4208,#4212,#4216,#4220,#4224,#4227,#4231,#4234,#4237,#4241,#4245,#4249,#4253,#4257,#4261,#4264,#4267,#4271,#4275,#4279,#4283,#4287,#4290,#4293,#4297,#4301,#4305,#4309,#4313,#4316,#4319,#4322,#4326,#4329,#4333,#4337,#4341,#4345,#4348,#4352,#4356,#4359,#4363,#4366,#4369,#4373,#4377,#4381,#4385,#4388,#4391,#4395,#4398,#4402,#4405,#4409,#4413,#4417,#4421,#4425,#4428,#4432,#4435,#4439,#4442,#4446,#4449,#4453,#4457,#4461,#4465,#4468,#4471,#4475,#4478,#4481,#4485,#4488,#4491,#4495,#4498,#4501,#4505,#4509,#4513,#4517,#4521,#4524,#4528,#4531,#4535,#4538,#4542,#4546,#4550,#4553,#4556,#4559,#4562,#4566,#4569,#4572,#4575,#4579,#4582,#4586,#4589,#4592,#4596,#4599,#4602,#4606,#4609,#4613,#4616,#4619,#4623,#4627,#4631,#4634,#4637,#4641,#4645,#4649,#4652,#4655,#4658,#4661,#4665,#4668,#4671,#4675,#4679,#4682,#4685,#4689,#4692,#4696,#4699,#4703,#4706,#4710,#4713,#4717,#4720,#4723,#4727,#4730,#4733,#4737,#4741,#4744,#4748,#4751,#4754,#4757,#4760,#4764,#4767,#4770,#4774,#4777,#4781,#4785,#4788,#4792,#4795,#4799,#4803,#4806,#4810,#4813,#4816,#4820,#4823,#4827,#4830,#4834,#4837,#4841,#4844,#4847,#4850,#4853,#4857,#4860,#4863,#4867,#4870,#4874,#4877,#4881,#4884,#4887,#4891,#4894,#4898,#4901,#4905,#4910,#4913,#4917,#4920,#4924,#4927,#4930,#4933,#4937,#4940,#4944,#4948,#4951,#4954,#4957,#4960,#4964,#4968,#4972,#4975,#4979,#4982,#4986,#4990,#4993,#4997,#5000,#5003,#5008,#5012,#5015,#5018,#5021,#5025,#5028,#5032,#5035,#5039,#5042,#5045,#5048,#5051,#5055,#5059,#5063,#5066,#5069,#5072,#5076,#5079,#5083,#5086,#5089,#5094,#5098,#5101,#5104,#5108,#5111,#5115,#5118,#5121,#5124,#5129,#5133,#5136,#5139,#5142,#5145,#5149,#5152,#5157,#5161,#5164,#5167,#5171,#5174,#5177,#5180,#5183,#5187,#5191,#5195,#5198,#5201,#5205,#5208,#5211,#5214,#5217,#5220,#5223,#5226,#5230,#5233,#5237,#5240,#5243,#5247,#5250,#5254,#5258,#5262,#5266,#5269,#5272,#5277,#5281,#5284,#5288,#5291,#5295,#5298,#5302,#5305,#5309,#5312,#5317,#5320,#5323,#5326,#5330,#5333,#5337,#5340,#5343,#5347,#5351,#5354,#5357,#5361,#5364,#5368,#5371,#5375,#5379,#5382,#5385,#5389,#5392,#5396,#5400,#5403,#5406,#5410,#5413,#5417,#5420,#5424,#5427,#5431,#5434,#5438,#5441,#5445,#5448,#5452,#5456,#5459,#5463,#5466,#5470,#5473,#5477,#5480,#5484,#5487,#5492,#5495,#5499,#5502,#5506,#5509,#5513,#5516,#5520,#5523,#5526,#5530,#5534,#5537,#5541,#5544,#5548,#5551,#5555,#5558,#5561,#5565,#5569,#5572,#5575,#5579,#5583,#5586,#5589,#5593,#5597,#5600,#5604,#5607,#5610,#5614,#5618,#5621,#5625,#5628,#5631,#5634,#5639,#5642,#5645,#5649,#5652,#5656,#5659,#5662,#5666,#5669,#5672,#5676,#5679,#5683,#5686,#5690,#5693,#5697,#5700,#5704,#5707,#5711,#5715,#5718,#5722,#5725,#5729,#5732,#5736,#5739,#5743,#5747,#5750,#5754,#5757,#5761,#5764,#5768,#5771,#5775,#5778,#5782,#5785,#5789,#5792,#5796,#5799,#5803,#5807,#5810,#5814,#5817,#5821,#5824,#5828,#5831,#5835,#5838,#5842,#5845,#5848,#5851,#5854,#5857,#5860,#5863,#5866,#5869,#5872,#5875,#5878,#5881,#5884,#5887,#5890,#5893,#5896,#5899,#5902,#5905,#5908,#5911,#5914,#5917,#5920,#5923,#5926,#5929,#5932,#5935,#5938,#5941,#5944,#5947,#5950,#5953,#5956,#5959,#5962,#5965,#5968,#5971,#5974,#5978,#5981,#5985,#5988,#5992,#5995,#6000,#6003,#6006,#6010,#6013,#6016,#6020,#6023,#6027,#6030,#6034,#6037,#6042,#6045,#6048,#6051,#6056,#6059,#6062,#6065,#6068,#6072,#6076,#6079,#6084,#6087,#6090,#6093,#6097,#6100,#6105,#6108,#6111,#6114,#6117,#6120,#6124,#6128,#6131,#6135,#6138,#6142,#6145,#6148,#6152,#6155,#6159,#6162,#6166,#6169,#6173,#6176,#6179,#6183,#6187,#6190,#6193,#6197,#6201,#6204,#6208,#6211,#6214,#6218,#6221,#6225,#6229,#6232,#6236,#6239,#6242,#6246,#6249,#6253,#6256,#6260,#6263,#6266,#6269,#6272,#6275,#6278,#6282,#6285,#6288,#6291,#6294,#6297,#6300,#6303,#6306,#6309,#6313,#6316,#6320,#6323,#6326,#6329,#6332,#6336,#6339,#6342,#6346,#6349,#6352,#6355,#6359,#6362,#6365,#6369,#6372,#6376,#6379,#6382,#6386,#6389,#6392,#6396,#6400,#6403,#6406,#6410,#6413,#6417,#6420,#6423,#6427,#6430,#6433,#6437,#6440,#6443,#6446,#6450,#6453,#6456,#6460,#6464,#6467,#6470,#6474,#6478,#6482,#6485,#6489,#6492,#6495,#6499,#6502,#6505,#6509,#6512,#6516,#6519,#6523,#6526,#6530,#6533,#6536,#6540,#6543,#6547,#6550,#6554,#6557,#6561,#6564,#6568,#6571,#6574,#6578,#6581,#6584,#6587,#6591,#6594,#6597,#6601,#6604,#6608,#6611,#6615,#6618,#6621,#6625,#6630,#6634,#6637,#6640,#6643,#6647,#6651,#6654,#6657,#6661,#6664,#6668,#6672,#6675,#6678,#6682,#6685,#6689,#6692,#6696,#6699,#6703,#6706,#6710,#6713,#6717,#6720,#6724,#6728,#6731,#6735,#6738,#6741,#6745,#6748,#6752,#6756,#6759,#6763,#6766,#6769,#6772,#6776,#6779,#6783,#6787,#6790,#6794,#6797,#6801,#6805,#6808,#6812,#6816,#6819,#6823,#6826,#6830,#6833,#6837,#6840,#6844,#6847,#6850,#6854,#6857,#6860,#6863,#6866,#6869,#6873,#6876,#6880,#6883,#6886,#6890,#6893,#6897,#6900,#6903,#6907,#6910,#6913,#6916,#6920,#6924,#6928,#6931,#6935,#6938,#6941,#6945,#6949,#6952,#6956,#6960,#6963,#6966,#6969,#6972,#6976,#6980,#6983,#6986,#6990,#6993,#6997,#7000,#7004,#7008,#7011,#7015,#7018,#7021,#7024,#7027,#7031,#7034,#7037,#7041,#7045,#7048,#7052,#7055,#7058,#7061,#7064,#7068,#7072,#7075,#7079,#7082,#7085,#7089,#7093,#7097,#7100,#7103,#7106,#7109,#7112,#7116,#7119,#7122,#7126,#7129,#7133,#7136,#7139,#7142,#7145,#7149,#7152,#7156,#7159,#7163,#7167,#7170,#7174,#7177,#7180,#7183,#7187,#7191,#7194,#7197,#7200,#7203,#7207,#7211,#7215,#7218,#7221,#7225,#7228,#7231,#7234,#7239,#7243,#7246,#7249,#7252,#7256,#7259,#7262,#7265,#7268,#7272,#7275,#7278,#7281,#7284,#7287,#7290,#7293,#7296,#7299,#7302,#7305,#7308,#7311,#7314,#7317,#7320,#7323,#7326,#7329,#7332,#7335,#7338,#7341,#7344,#7347,#7350,#7353,#7356,#7359,#7362,#7365,#7368,#7371,#7374,#7377,#7380,#7383,#7386,#7389,#7392,#7395,#7398,#7401,#7404,#7407,#7410,#7413,#7416,#7419,#7422,#7425,#7428,#7431,#7434,#7437,#7440,#7443,#7446,#7449,#7452,#7455,#7458,#7461,#7464,#7467,#7470,#7473,#7476,#7479,#7482,#7485,#7488,#7491,#7494,#7497,#7500,#7503,#7506,#7509,#7512,#7515,#7518,#7521,#7524,#7527,#7530,#7533,#7536,#7539,#7543,#7547,#7551,#7555,#7560,#7564,#7568,#7571,#7575,#7579,#7583,#7587,#7591,#7594,#7599,#7602,#7606,#7609,#7612,#7616,#7620,#7624,#7628,#7632,#7636,#7639,#7642,#7645,#7649,#7653,#7657,#7661,#7664,#7668,#7672,#7676,#7680,#7683,#7686,#7690,#7694,#7698,#7702,#7706,#7709,#7713,#7716,#7720,#7724,#7728,#7732,#7735,#7738,#7741,#7745,#7748,#7751,#7755,#7758,#7761,#7765,#7769,#7773,#7777,#7781,#7784,#7788,#7792,#7796,#7800,#7804,#7807,#7810,#7814,#7817,#7821,#7825,#7828,#7832,#7836,#7840,#7844,#7847,#7851,#7854,#7858,#7861,#7865,#7868,#7872,#7876,#7880,#7884,#7887,#7890,#7894,#7897,#7900,#7904,#7907,#7911,#7914,#7918,#7921,#7925,#7928,#7932,#7935,#7938,#7941,#7944,#7948,#7952,#7955,#7959,#7962,#7965,#7969,#7972,#7975,#7979,#7982,#7985,#7989,#7992,#7996,#7999,#8003,#8006,#8010,#8014,#8017,#8020,#8024,#8027,#8030,#8033,#8037,#8040,#8043,#8047,#8050,#8054,#8057,#8060,#8064,#8067,#8071,#8074,#8077,#8080,#8084,#8088,#8092,#8095,#8099,#8102,#8106,#8110,#8113,#8116,#8119,#8122,#8126,#8129,#8133,#8136,#8139,#8143,#8146,#8150,#8153,#8157,#8160,#8163,#8166,#8170,#8173,#8177,#8180,#8183,#8187,#8190,#8194,#8198,#8201,#8204,#8209,#8213,#8216,#8219,#8223,#8226,#8229,#8232,#8236,#8240,#8243,#8247,#8250,#8254,#8258,#8261,#8265,#8269,#8272,#8275,#8279,#8282,#8286,#8289,#8292,#8296,#8299,#8303,#8306,#8309,#8312,#8315,#8320,#8324,#8327,#8330,#8334,#8337,#8340,#8344,#8347,#8351,#8354,#8358,#8361,#8364,#8368,#8372,#8376,#8380,#8384,#8387,#8390,#8393,#8396,#8400,#8403,#8407,#8410,#8414,#8417,#8421,#8424,#8427,#8431,#8434,#8438,#8442,#8446,#8449,#8452,#8456,#8460,#8463,#8466,#8469,#8472,#8477,#8481,#8484,#8487,#8491,#8494,#8499,#8503,#8506,#8509,#8512,#8516,#8519,#8522,#8525,#8528,#8533,#8536,#8539,#8542,#8545,#8549,#8552,#8555,#8558,#8563,#8566,#8569,#8572,#8575,#8580,#8584,#8587,#8590,#8593,#8596,#8601,#8604,#8608,#8611,#8615,#8618,#8622,#8625,#8629,#8632,#8635,#8639,#8643,#8646,#8649,#8652,#8656,#8659,#8663,#8667,#8670,#8673,#8676,#8680,#8684,#8687,#8691,#8694,#8698,#8701,#8704,#8708,#8711,#8715,#8718,#8721,#8724,#8728,#8731,#8735,#8738,#8742,#8745,#8749,#8752,#8756,#8759,#8763,#8766,#8770,#8774,#8777,#8781,#8784,#8788,#8791,#8795,#8798,#8801,#8804,#8807,#8810,#8813,#8816,#8819,#8822,#8825,#8828,#8831,#8834,#8837,#8840,#8843,#8846,#8849,#8852,#8855,#8858,#8861,#8864,#8867,#8870,#8873,#8876,#8879,#8882,#8885,#8888,#8891,#8894,#8897,#8900,#8903,#8906,#8909,#8912,#8915,#8918,#8921,#8924,#8927,#8930,#8934,#8937,#8941,#8944,#8948,#8951,#8955,#8958,#8961,#8965,#8968,#8972,#8975,#8979,#8982,#8985,#8989,#8992,#8996,#8999,#9003,#9006,#9010,#9013,#9017,#9020,#9024,#9027,#9031,#9034,#9038,#9041,#9044,#9048,#9051,#9054,#9058,#9062,#9065,#9068,#9072,#9075,#9079,#9082,#9086,#9089,#9093,#9097,#9100,#9104,#9107,#9111,#9114,#9118,#9121,#9125,#9128,#9132,#9135,#9138,#9141,#9144,#9147,#9150,#9153,#9156,#9159,#9162,#9165,#9168,#9171,#9174,#9177,#9180,#9183,#9186,#9189,#9192,#9195,#9198,#9201,#9204,#9207,#9210,#9213,#9216,#9219,#9222,#9225,#9228,#9231,#9234,#9237,#9240,#9243,#9246,#9249,#9252,#9255,#9258,#9261,#9264,#9267,#9270,#9273,#9276,#9279,#9282,#9285,#9288,#9291,#9294,#9297,#9300,#9303,#9306,#9309,#9312,#9315,#9318,#9321,#9324,#9327,#9330,#9333,#9336,#9339,#9342,#9345,#9348,#9351,#9354,#9357,#9360,#9363,#9366,#9369,#9372,#9375,#9378,#9381,#9384,#9387,#9390,#9394,#9398,#9401,#9405,#9408,#9412,#9415,#9418,#9422,#9425,#9429,#9432,#9436,#9439,#9443,#9446,#9449,#9453,#9457,#9460,#9463,#9467,#9471,#9474,#9478,#9481,#9484,#9488,#9491,#9495,#9499,#9502,#9506,#9509,#9512,#9516,#9519,#9523,#9526,#9530,#9533,#9536,#9539,#9542,#9545,#9548,#9552,#9555,#9558,#9561,#9564,#9567,#9570,#9573,#9576,#9579,#9583,#9586,#9589,#9592,#9596,#9599,#9602,#9605,#9608,#9612,#9615,#9618,#9622,#9625,#9628,#9631,#9635,#9638,#9641,#9645,#9649,#9652,#9655,#9659,#9662,#9665,#9668,#9672,#9675,#9679,#9682,#9685,#9689,#9693,#9696,#9700,#9703,#9706,#9710,#9713,#9716,#9720,#9723,#9727,#9730,#9733,#9737,#9740,#9744,#9747,#9750,#9754,#9757,#9761,#9764,#9767,#9771,#9774,#9778,#9781,#9784,#9788,#9791,#9794,#9798,#9801,#9804,#9808,#9811,#9814,#9818,#9822,#9825,#9829,#9832,#9835,#9839,#9842,#9845,#9849,#9852,#9856,#9859,#9863,#9866,#9870,#9874,#9877,#9881,#9885,#9889,#9892,#9895,#9899,#9902,#9906,#9910,#9913,#9916,#9920,#9923,#9927,#9930,#9934,#9937,#9941,#9945,#9948,#9951,#9955,#9958,#9962,#9965,#9968,#9972,#9976,#9980,#9983,#9987,#9990,#9994,#9997,#10000,#10004,#10007,#10011,#10014,#10018,#10021,#10024,#10028,#10031,#10034,#10038,#10041,#10045,#10048,#10052,#10055,#10058,#10062,#10066,#10070,#10073,#10077,#10081,#10084,#10087,#10090,#10093,#10097,#10101,#10104,#10108,#10111,#10114,#10118,#10122,#10125,#10129,#10132,#10135,#10138,#10141,#10145,#10148,#10152,#10156,#10159,#10163,#10166,#10170,#10174,#10177,#10181,#10184,#10187,#10191,#10194,#10197,#10200,#10203,#10206,#10210,#10213,#10217,#10220,#10224,#10228,#10232,#10235,#10238,#10242,#10246,#10249,#10252,#10255,#10259,#10262,#10266,#10269,#10273,#10276,#10280,#10283,#10286,#10289,#10292,#10295,#10299,#10302,#10306,#10310,#10313,#10317,#10320,#10324,#10327,#10331,#10334,#10337,#10340,#10344,#10347,#10350,#10354,#10357,#10360,#10364,#10368,#10372,#10375,#10378,#10381,#10384,#10387,#10391,#10394,#10398,#10401,#10404,#10407,#10411,#10414,#10418,#10422,#10426,#10429,#10432,#10435,#10438,#10442,#10445,#10448,#10451,#10454,#10458,#10462,#10465,#10468,#10471,#10474,#10477,#10480,#10483,#10486,#10489,#10492,#10495,#10498,#10501,#10504,#10507,#10510,#10513,#10516,#10519,#10522,#10525,#10528,#10531,#10534,#10537,#10540,#10543,#10546,#10549,#10552,#10555,#10558,#10561,#10564,#10567,#10570,#10573,#10576,#10579,#10582,#10585,#10588,#10591,#10594,#10600,#10604,#10610,#10614,#10618,#10624,#10628,#10632,#10638,#10641,#10646,#10649,#10654,#10657,#10661,#10665,#10669,#10673,#10676,#10680,#10684,#10688,#10692,#10695,#10699,#10703,#10707,#10711,#10714,#10718,#10721,#10725,#10729,#10733,#10737,#10741,#10745,#10748,#10751,#10755,#10759,#10763,#10767,#10770,#10774,#10777,#10780,#10784,#10788,#10792,#10796,#10800,#10803,#10806,#10811,#10816,#10820,#10823,#10827,#10831,#10835,#10839,#10842,#10846,#10850,#10854,#10857,#10861,#10865,#10868,#10873,#10876,#10880,#10883,#10887,#10891,#10894,#10898,#10902,#10906,#10909,#10913,#10916,#10920,#10924,#10927,#10931,#10935,#10939,#10942,#10946,#10950,#10953,#10957,#10960,#10964,#10967,#10970,#10974,#10978,#10981,#10985,#10989,#10992,#10996,#11000,#11003,#11006,#11010,#11014,#11017,#11021,#11025,#11028,#11031,#11035,#11039,#11042,#11045,#11050,#11054,#11057,#11061,#11064,#11068,#11071,#11076,#11080,#11084,#11088,#11091,#11095,#11099,#11102,#11107,#11110,#11114,#11118,#11121,#11125,#11128,#11133,#11137,#11140,#11144,#11147,#11150,#11155,#11158,#11163,#11167,#11171,#11175,#11178,#11183,#11187,#11191,#11195,#11198,#11202,#11205,#11208,#11213,#11217,#11221,#11225,#11228,#11233,#11237,#11241,#11245,#11248,#11252,#11255,#11258,#11262,#11266,#11270,#11274,#11277,#11281,#11284,#11287,#11291,#11295,#11299,#11302,#11306,#11310,#11313,#11317,#11320,#11323,#11327,#11330,#11334,#11337,#11341,#11345,#11349,#11352,#11356,#11359,#11363,#11366,#11370,#11373,#11376,#11380,#11383,#11387,#11390,#11394,#11397,#11400,#11404,#11408,#11411,#11415,#11418,#11422,#11425,#11429,#11432,#11435,#11439,#11442,#11445,#11449,#11453,#11457,#11461,#11464,#11467,#11471,#11475,#11478,#11482,#11485,#11488,#11491,#11495,#11499,#11503,#11507,#11511,#11514,#11517,#11521,#11526,#11530,#11534,#11537,#11541,#11544,#11548,#11552,#11556,#11560,#11565,#11569,#11573,#11577,#11581,#11584,#11588,#11591,#11595,#11598,#11602,#11605,#11609,#11612,#11616,#11619,#11622,#11626,#11631,#11635,#11639,#11642,#11646,#11649,#11652,#11655,#11659,#11662,#11665,#11669,#11673,#11676,#11680,#11685,#11689,#11693,#11696,#11700,#11704,#11707,#11710,#11714,#11717,#11721,#11724,#11727,#11731,#11735,#11738,#11742,#11745,#11748,#11751,#11755,#11759,#11762,#11766,#11769,#11773,#11777,#11780,#11783,#11786,#11789,#11793,#11797,#11800,#11804,#11807,#11811,#11814,#11818,#11821,#11825,#11828,#11832,#11835,#11839,#11842,#11845,#11849,#11853,#11856,#11860,#11863,#11867,#11871,#11874,#11877,#11881,#11884,#11888,#11891,#11894,#11898,#11901,#11905,#11908,#11912,#11916,#11920,#11923,#11926,#11929,#11932,#11936,#11939,#11943,#11947,#11951,#11954,#11958,#11961,#11965,#11968,#11972,#11975,#11979,#11982,#11986,#11989,#11993,#11996,#11999,#12003,#12006,#12010,#12013,#12017,#12021,#12025,#12028,#12031,#12035,#12039,#12042,#12045,#12049,#12052,#12055,#12058,#12062,#12065,#12068,#12072,#12076,#12079,#12082,#12086,#12090,#12093,#12097,#12100,#12103,#12107,#12111,#12114,#12118,#12122,#12126,#12130,#12133,#12137,#12140,#12143,#12147,#12151,#12155,#12159,#12163,#12167,#12170,#12173,#12176,#12180,#12183,#12186,#12190,#12193,#12196,#12199,#12203,#12207,#12211,#12215,#12219,#12222,#12226,#12229,#12232,#12236,#12240,#12244,#12248,#12252,#12255,#12258,#12262,#12265,#12269,#12272,#12276,#12279,#12282,#12286,#12290,#12293,#12297,#12301,#12304,#12308,#12311,#12316,#12319,#12322,#12325,#12329,#12332,#12336,#12339,#12342,#12345,#12348,#12352,#12355,#12358,#12361,#12364,#12368,#12371,#12375,#12378,#12381,#12384,#12387,#12390,#12393,#12396,#12399,#12402,#12405,#12408,#12411,#12414,#12417,#12420,#12423,#12426,#12429,#12432,#12435,#12439,#12442,#12445,#12448,#12451,#12454,#12457,#12460,#12463,#12466,#12469,#12472,#12475,#12478,#12481,#12484,#12487,#12490,#12493,#12496,#12499,#12502,#12505,#12508,#12511,#12514,#12517,#12520,#12523,#12526,#12529,#12532,#12535,#12538,#12541,#12544,#12547,#12550,#12553,#12556,#12559,#12562,#12565,#12568,#12571,#12574,#12577,#12580,#12583,#12586,#12589,#12592,#12595,#12598,#12601,#12604,#12607,#12610,#12613,#12616,#12619,#12622,#12625,#12628,#12631,#12634,#12637,#12640,#12643,#12646,#12649,#12652,#12655,#12658,#12661,#12664,#12667,#12670,#12673,#12676,#12679,#12682,#12685,#12688,#12691,#12694,#12697,#12700,#12703,#12706,#12709,#12712,#12715,#12718,#12721,#12724,#12727,#12730,#12733,#12736,#12739,#12742,#12745,#12748,#12751,#12754,#12757,#12760,#12763,#12766));
#12768=FACETED_BREP('sparc_like',#Microsoft.PowerShell);
#12769=SHAPE_REPRESENTATION('sparc_like',(#12768,#11),#12);
#12770=SHAPE_DEFINITION_REPRESENTATION(#7,#12769);
ENDSEC;
END-ISO-10303-21;