ISO-10303-21;
HEADER;
FILE_DESCRIPTION(('tcv_like CAD Model','STEP AP203'),'2;1');
FILE_NAME('tcv_like.step','2026-09-16T12:00:00',('Antigravity'),('Tokamak Federation'),'Tokamak STEP Generator','CAD','');
FILE_SCHEMA(('CONFIG_CONTROL_DESIGN'));
ENDSEC;
DATA;
#1=APPLICATION_CONTEXT('configuration controlled 3D design of mechanical parts and assemblies');
#2=APPLICATION_PROTOCOL_DEFINITION('international standard','config_control_design',1994,#1);
#3=PRODUCT_CONTEXT('',#1,'mechanical');
#4=PRODUCT('tcv_like','tcv_like','',(#3));
#5=PRODUCT_DEFINITION_FORMATION('','',#4);
#6=PRODUCT_DEFINITION('design','',#5,#3);
#7=PRODUCT_DEFINITION_SHAPE('','',#6);
#8=DIRECTION('',(0.,0.,1.));
#9=DIRECTION('',(1.,0.,0.));
#10=CARTESIAN_POINT('',(0.,0.,0.));
#11=AXIS2_PLACEMENT_3D('',#10,#8,#9);
#12=(GEOMETRIC_REPRESENTATION_CONTEXT(3) GLOBAL_UNCERTAINTY_ASSIGNED_CONTEXT((#16)) GLOBAL_UNIT_ASSIGNED_CONTEXT((#13,#14,#15)) REPRESENTATION_CONTEXT('tokamak','3D'));
#13=(LENGTH_UNIT() NAMED_UNIT(*) SI_UNIT(.MILLI.,.METRE.));
#14=(NAMED_UNIT(*) PLANE_ANGLE_UNIT() SI_UNIT($,.RADIAN.));
#15=(NAMED_UNIT(*) SI_UNIT($,.STERADIAN.) SOLID_ANGLE_UNIT());
#16=UNCERTAINTY_MEASURE_WITH_UNIT(LENGTH_MEASURE(1.E-05),#13,'closure',#12);
#20=CARTESIAN_POINT('',(234.239,159.701,655));
#21=CARTESIAN_POINT('',(270.905,83.563,655));
#22=CARTESIAN_POINT('',(255.425,123.006,655));
#26=CARTESIAN_POINT('',(176.759,221.649,655));
#27=CARTESIAN_POINT('',(207.82,192.829,655));
#34=CARTESIAN_POINT('',(21.186,282.707,655));
#35=CARTESIAN_POINT('',(103.574,263.903,655));
#36=CARTESIAN_POINT('',(63.085,276.392,655));
#40=CARTESIAN_POINT('',(-21.186,282.707,655));
#41=CARTESIAN_POINT('',(141.75,245.518,655));
#51=CARTESIAN_POINT('',(-270.905,83.563,655));
#52=CARTESIAN_POINT('',(283.5,0,655));
#53=CARTESIAN_POINT('',(280.334,42.253,655));
#60=CARTESIAN_POINT('',(-280.334,42.253,655));
#61=CARTESIAN_POINT('',(-283.5,0,655));
#68=CARTESIAN_POINT('',(-103.574,263.903,655));
#69=CARTESIAN_POINT('',(-63.085,276.392,655));
#79=CARTESIAN_POINT('',(-234.239,159.701,655));
#80=CARTESIAN_POINT('',(-255.425,123.006,655));
#87=CARTESIAN_POINT('',(-207.82,192.829,655));
#88=CARTESIAN_POINT('',(-141.75,245.518,655));
#92=CARTESIAN_POINT('',(-176.759,221.649,655));
#102=CARTESIAN_POINT('',(-283.5,0,-655));
#103=CARTESIAN_POINT('',(283.5,0,-655));
#110=CARTESIAN_POINT('',(-255.425,123.006,-655));
#111=CARTESIAN_POINT('',(-280.334,42.253,-655));
#112=CARTESIAN_POINT('',(-270.905,83.563,-655));
#116=CARTESIAN_POINT('',(-141.75,245.518,-655));
#117=CARTESIAN_POINT('',(-207.82,192.829,-655));
#118=CARTESIAN_POINT('',(-176.759,221.649,-655));
#122=CARTESIAN_POINT('',(-234.239,159.701,-655));
#126=CARTESIAN_POINT('',(-103.574,263.903,-655));
#133=CARTESIAN_POINT('',(-21.186,282.707,-655));
#134=CARTESIAN_POINT('',(-63.085,276.392,-655));
#138=CARTESIAN_POINT('',(21.186,282.707,-655));
#142=CARTESIAN_POINT('',(280.334,42.253,-655));
#149=CARTESIAN_POINT('',(103.574,263.903,-655));
#150=CARTESIAN_POINT('',(63.085,276.392,-655));
#154=CARTESIAN_POINT('',(255.425,123.006,-655));
#155=CARTESIAN_POINT('',(270.905,83.563,-655));
#162=CARTESIAN_POINT('',(141.75,245.518,-655));
#166=CARTESIAN_POINT('',(234.239,159.701,-655));
#173=CARTESIAN_POINT('',(176.759,221.649,-655));
#186=CARTESIAN_POINT('',(207.82,192.829,-655));
#316=CARTESIAN_POINT('',(283.5,0,-475));
#317=CARTESIAN_POINT('',(782.645,0,-475));
#318=CARTESIAN_POINT('',(773.904,116.647,-475));
#322=CARTESIAN_POINT('',(280.334,42.253,-475));
#323=CARTESIAN_POINT('',(747.875,230.689,-475));
#330=CARTESIAN_POINT('',(270.905,83.563,-475));
#331=CARTESIAN_POINT('',(705.139,339.577,-475));
#338=CARTESIAN_POINT('',(255.425,123.006,-475));
#339=CARTESIAN_POINT('',(646.652,440.88,-475));
#346=CARTESIAN_POINT('',(234.239,159.701,-475));
#350=CARTESIAN_POINT('',(573.72,532.334,-475));
#354=CARTESIAN_POINT('',(207.82,192.829,-475));
#358=CARTESIAN_POINT('',(487.971,611.897,-475));
#359=CARTESIAN_POINT('',(176.759,221.649,-475));
#366=CARTESIAN_POINT('',(391.323,677.791,-475));
#367=CARTESIAN_POINT('',(141.75,245.518,-475));
#374=CARTESIAN_POINT('',(285.932,728.544,-475));
#375=CARTESIAN_POINT('',(103.574,263.903,-475));
#382=CARTESIAN_POINT('',(174.155,763.023,-475));
#386=CARTESIAN_POINT('',(21.186,282.707,-475));
#387=CARTESIAN_POINT('',(63.085,276.392,-475));
#394=CARTESIAN_POINT('',(58.487,780.457,-475));
#398=CARTESIAN_POINT('',(-21.186,282.707,-475));
#402=CARTESIAN_POINT('',(-58.487,780.457,-475));
#406=CARTESIAN_POINT('',(-773.904,116.647,-475));
#407=CARTESIAN_POINT('',(-283.5,0,-475));
#408=CARTESIAN_POINT('',(-280.334,42.253,-475));
#412=CARTESIAN_POINT('',(-782.645,0,-475));
#416=CARTESIAN_POINT('',(-174.155,763.023,-475));
#417=CARTESIAN_POINT('',(-63.085,276.392,-475));
#424=CARTESIAN_POINT('',(-747.875,230.689,-475));
#425=CARTESIAN_POINT('',(-270.905,83.563,-475));
#432=CARTESIAN_POINT('',(-285.932,728.544,-475));
#436=CARTESIAN_POINT('',(-141.75,245.518,-475));
#437=CARTESIAN_POINT('',(-103.574,263.903,-475));
#444=CARTESIAN_POINT('',(-705.139,339.577,-475));
#448=CARTESIAN_POINT('',(-255.425,123.006,-475));
#452=CARTESIAN_POINT('',(-391.323,677.791,-475));
#456=CARTESIAN_POINT('',(-646.652,440.88,-475));
#457=CARTESIAN_POINT('',(-234.239,159.701,-475));
#461=CARTESIAN_POINT('',(-207.82,192.829,-475));
#468=CARTESIAN_POINT('',(-487.971,611.897,-475));
#469=CARTESIAN_POINT('',(-176.759,221.649,-475));
#476=CARTESIAN_POINT('',(-573.72,532.334,-475));
#486=CARTESIAN_POINT('',(821.29,0,-472.042));
#490=CARTESIAN_POINT('',(859.18,0,-463.841));
#494=CARTESIAN_POINT('',(895.901,0,-451.388));
#498=CARTESIAN_POINT('',(931.282,0,-435.511));
#502=CARTESIAN_POINT('',(773.904,116.647,475));
#503=CARTESIAN_POINT('',(914.435,0,443.532));
#504=CARTESIAN_POINT('',(860.775,0,463.39));
#508=CARTESIAN_POINT('',(822.109,0,471.917));
#512=CARTESIAN_POINT('',(802.435,0,474.208));
#516=CARTESIAN_POINT('',(782.645,0,475));
#520=CARTESIAN_POINT('',(-821.29,0,-472.042));
#524=CARTESIAN_POINT('',(-859.18,0,-463.841));
#528=CARTESIAN_POINT('',(-895.901,0,-451.388));
#532=CARTESIAN_POINT('',(-931.282,0,-435.511));
#536=CARTESIAN_POINT('',(-976.284,0,-410.056));
#543=CARTESIAN_POINT('',(-773.904,116.647,475));
#544=CARTESIAN_POINT('',(-976.551,0,409.888));
#545=CARTESIAN_POINT('',(-747.875,230.689,475));
#549=CARTESIAN_POINT('',(-914.435,0,443.532));
#553=CARTESIAN_POINT('',(-860.775,0,463.39));
#557=CARTESIAN_POINT('',(-822.109,0,471.917));
#561=CARTESIAN_POINT('',(-802.435,0,474.208));
#565=CARTESIAN_POINT('',(-782.645,0,475));
#569=CARTESIAN_POINT('',(856.099,264.071,-451.388));
#579=CARTESIAN_POINT('',(932.911,287.765,-410.056));
#583=CARTESIAN_POINT('',(976.284,0,-410.056));
#587=CARTESIAN_POINT('',(1023.875,0,-376.614));
#591=CARTESIAN_POINT('',(1020.628,314.822,-338.807));
#595=CARTESIAN_POINT('',(1068.08,0,-338.807));
#599=CARTESIAN_POINT('',(1108.538,0,-297.016));
#603=CARTESIAN_POINT('',(740.228,504.679,-451.388));
#616=CARTESIAN_POINT('',(1093.816,337.398,-251.438));
#617=CARTESIAN_POINT('',(1144.671,0,-251.438));
#621=CARTESIAN_POINT('',(1175.684,0,-202.24));
#628=CARTESIAN_POINT('',(806.644,549.96,-410.056));
#632=CARTESIAN_POINT('',(1147.273,353.887,-149.704));
#636=CARTESIAN_POINT('',(1200.613,0,-149.704));
#640=CARTESIAN_POINT('',(1218.43,0,-94.357));
#644=CARTESIAN_POINT('',(882.489,601.671,-338.807));
#651=CARTESIAN_POINT('',(1173.658,362.026,-37.051));
#655=CARTESIAN_POINT('',(1228.225,0,-37.051));
#659=CARTESIAN_POINT('',(1229.699,0,15.259));
#663=CARTESIAN_POINT('',(558.585,700.444,-451.388));
#676=CARTESIAN_POINT('',(945.771,644.816,-251.438));
#683=CARTESIAN_POINT('',(608.703,763.29,-410.056));
#687=CARTESIAN_POINT('',(1170.577,361.075,62.128));
#691=CARTESIAN_POINT('',(1225,0,62.128));
#695=CARTESIAN_POINT('',(1214.782,0,108.113));
#699=CARTESIAN_POINT('',(1199.427,0,152.65));
#703=CARTESIAN_POINT('',(991.993,676.33,-149.704));
#710=CARTESIAN_POINT('',(665.937,835.058,-338.807));
#717=CARTESIAN_POINT('',(1127.04,347.646,195.312));
#721=CARTESIAN_POINT('',(1179.439,0,195.312));
#725=CARTESIAN_POINT('',(1155.369,0,235.816));
#729=CARTESIAN_POINT('',(1014.807,691.884,-37.051));
#739=CARTESIAN_POINT('',(327.309,833.971,-451.388));
#749=CARTESIAN_POINT('',(713.69,894.939,-251.438));
#756=CARTESIAN_POINT('',(1077.644,332.409,273.988));
#760=CARTESIAN_POINT('',(1127.747,0,273.988));
#764=CARTESIAN_POINT('',(1086.185,0,321.086));
#768=CARTESIAN_POINT('',(356.677,908.797,-410.056));
#775=CARTESIAN_POINT('',(1012.143,690.067,62.128));
#779=CARTESIAN_POINT('',(748.57,938.677,-149.704));
#789=CARTESIAN_POINT('',(987.984,304.753,368.638));
#793=CARTESIAN_POINT('',(1033.919,0,368.638));
#797=CARTESIAN_POINT('',(976.551,0,409.888));
#801=CARTESIAN_POINT('',(390.213,994.247,-338.807));
#808=CARTESIAN_POINT('',(974.498,664.402,195.312));
#815=CARTESIAN_POINT('',(765.786,960.265,-37.051));
#819=CARTESIAN_POINT('',(66.951,893.396,-451.388));
#829=CARTESIAN_POINT('',(418.195,1065.544,-251.438));
#836=CARTESIAN_POINT('',(873.809,269.534,443.532));
#837=CARTESIAN_POINT('',(747.875,230.689,475));
#844=CARTESIAN_POINT('',(705.139,339.577,475));
#854=CARTESIAN_POINT('',(931.788,635.282,273.988));
#861=CARTESIAN_POINT('',(72.958,973.554,-410.056));
#871=CARTESIAN_POINT('',(763.775,957.744,62.128));
#881=CARTESIAN_POINT('',(438.633,1117.619,-149.704));
#888=CARTESIAN_POINT('',(854.264,582.427,368.638));
#895=CARTESIAN_POINT('',(79.818,1065.093,-338.807));
#899=CARTESIAN_POINT('',(735.368,922.123,195.312));
#903=CARTESIAN_POINT('',(448.721,1143.322,-37.051));
#913=CARTESIAN_POINT('',(-199.357,873.439,-451.388));
#923=CARTESIAN_POINT('',(85.541,1141.47,-251.438));
#933=CARTESIAN_POINT('',(755.541,515.119,443.532));
#937=CARTESIAN_POINT('',(646.652,440.88,475));
#941=CARTESIAN_POINT('',(573.72,532.334,475));
#951=CARTESIAN_POINT('',(703.139,881.708,273.988));
#958=CARTESIAN_POINT('',(-217.244,951.807,-410.056));
#965=CARTESIAN_POINT('',(447.543,1140.321,62.128));
#969=CARTESIAN_POINT('',(89.722,1197.256,-149.704));
#976=CARTESIAN_POINT('',(644.638,808.35,368.638));
#986=CARTESIAN_POINT('',(-237.67,1041.301,-338.807));
#993=CARTESIAN_POINT('',(430.897,1097.909,195.312));
#1000=CARTESIAN_POINT('',(91.785,1224.79,-37.051));
#1004=CARTESIAN_POINT('',(-447.951,775.873,-451.388));
#1014=CARTESIAN_POINT('',(-254.713,1115.971,-251.438));
#1021=CARTESIAN_POINT('',(570.141,714.934,443.532));
#1028=CARTESIAN_POINT('',(487.971,611.897,475));
#1032=CARTESIAN_POINT('',(391.323,677.791,475));
#1036=CARTESIAN_POINT('',(412.012,1049.79,273.988));
#1043=CARTESIAN_POINT('',(-488.142,845.487,-410.056));
#1050=CARTESIAN_POINT('',(91.544,1221.575,62.128));
#1060=CARTESIAN_POINT('',(-267.162,1170.512,-149.704));
#1067=CARTESIAN_POINT('',(377.733,962.448,368.638));
#1074=CARTESIAN_POINT('',(-534.04,924.984,-338.807));
#1084=CARTESIAN_POINT('',(88.14,1176.141,195.312));
#1088=CARTESIAN_POINT('',(-273.306,1197.431,-37.051));
#1095=CARTESIAN_POINT('',(-656.742,609.368,-451.388));
#1108=CARTESIAN_POINT('',(-572.335,991.314,-251.438));
#1115=CARTESIAN_POINT('',(334.08,851.223,443.532));
#1125=CARTESIAN_POINT('',(285.932,728.544,475));
#1129=CARTESIAN_POINT('',(174.155,763.023,475));
#1133=CARTESIAN_POINT('',(84.277,1124.593,273.988));
#1140=CARTESIAN_POINT('',(-715.667,664.042,-410.056));
#1144=CARTESIAN_POINT('',(-272.588,1194.287,62.128));
#1151=CARTESIAN_POINT('',(-600.307,1039.762,-149.704));
#1155=CARTESIAN_POINT('',(77.265,1031.028,368.638));
#1162=CARTESIAN_POINT('',(-782.958,726.479,-338.807));
#1172=CARTESIAN_POINT('',(-262.45,1149.868,195.312));
#1179=CARTESIAN_POINT('',(-614.112,1063.674,-37.051));
#1186=CARTESIAN_POINT('',(-807.179,388.717,-451.388));
#1196=CARTESIAN_POINT('',(-839.103,778.574,-251.438));
#1203=CARTESIAN_POINT('',(68.336,911.878,443.532));
#1204=CARTESIAN_POINT('',(58.487,780.457,475));
#1208=CARTESIAN_POINT('',(-58.487,780.457,475));
#1221=CARTESIAN_POINT('',(-250.947,1099.472,273.988));
#1228=CARTESIAN_POINT('',(-879.602,423.594,-410.056));
#1232=CARTESIAN_POINT('',(-1023.875,0,-376.614));
#1245=CARTESIAN_POINT('',(-612.5,1060.881,62.128));
#1252=CARTESIAN_POINT('',(-880.112,816.625,-149.704));
#1256=CARTESIAN_POINT('',(-230.069,1007.996,368.638));
#1263=CARTESIAN_POINT('',(-962.307,463.422,-338.807));
#1270=CARTESIAN_POINT('',(-1068.08,0,-338.807));
#1274=CARTESIAN_POINT('',(-1108.538,0,-297.016));
#1281=CARTESIAN_POINT('',(-589.72,1021.424,195.312));
#1288=CARTESIAN_POINT('',(-900.352,835.405,-37.051));
#1298=CARTESIAN_POINT('',(-1031.313,496.654,-251.438));
#1302=CARTESIAN_POINT('',(-1144.671,0,-251.438));
#1306=CARTESIAN_POINT('',(-1175.684,0,-202.24));
#1316=CARTESIAN_POINT('',(-203.481,891.508,443.532));
#1320=CARTESIAN_POINT('',(-174.155,763.023,475));
#1324=CARTESIAN_POINT('',(-285.932,728.544,475));
#1334=CARTESIAN_POINT('',(-563.873,976.657,273.988));
#1341=CARTESIAN_POINT('',(-897.989,833.212,62.128));
#1345=CARTESIAN_POINT('',(-1081.715,520.927,-149.704));
#1349=CARTESIAN_POINT('',(-1200.613,0,-149.704));
#1353=CARTESIAN_POINT('',(-1218.43,0,-94.357));
#1363=CARTESIAN_POINT('',(-516.959,895.4,368.638));
#1373=CARTESIAN_POINT('',(-864.59,802.222,195.312));
#1383=CARTESIAN_POINT('',(-1106.592,532.907,-37.051));
#1387=CARTESIAN_POINT('',(-1228.225,0,-37.051));
#1391=CARTESIAN_POINT('',(-1229.699,0,15.259));
#1401=CARTESIAN_POINT('',(-457.217,791.924,443.532));
#1408=CARTESIAN_POINT('',(-391.323,677.791,475));
#1412=CARTESIAN_POINT('',(-487.971,611.897,475));
#1416=CARTESIAN_POINT('',(-826.697,767.063,273.988));
#1420=CARTESIAN_POINT('',(-1103.687,531.508,62.128));
#1424=CARTESIAN_POINT('',(-1225,0,62.128));
#1428=CARTESIAN_POINT('',(-1214.782,0,108.113));
#1438=CARTESIAN_POINT('',(-757.916,703.243,368.638));
#1445=CARTESIAN_POINT('',(-1062.638,511.739,195.312));
#1449=CARTESIAN_POINT('',(-1199.427,0,152.65));
#1453=CARTESIAN_POINT('',(-1179.439,0,195.312));
#1457=CARTESIAN_POINT('',(-1155.369,0,235.816));
#1470=CARTESIAN_POINT('',(-670.328,621.973,443.532));
#1480=CARTESIAN_POINT('',(-573.72,532.334,475));
#1484=CARTESIAN_POINT('',(-646.652,440.88,475));
#1488=CARTESIAN_POINT('',(-1016.065,489.311,273.988));
#1489=CARTESIAN_POINT('',(-1127.747,0,273.988));
#1493=CARTESIAN_POINT('',(-1086.185,0,321.086));
#1503=CARTESIAN_POINT('',(-931.528,448.6,368.638));
#1504=CARTESIAN_POINT('',(-1033.919,0,368.638));
#1520=CARTESIAN_POINT('',(-823.877,396.758,443.532));
#1521=CARTESIAN_POINT('',(-705.139,339.577,475));
#1543=CARTESIAN_POINT('',(-1100.1,0,-349.62));
#1544=CARTESIAN_POINT('',(-1053.924,0,-391.038));
#1548=CARTESIAN_POINT('',(-1142.073,0,-303.949));
#1555=CARTESIAN_POINT('',(-1004,0,-427.85));
#1562=CARTESIAN_POINT('',(-1179.156,0,-254.232));
#1569=CARTESIAN_POINT('',(-950.575,0,-459.355));
#1576=CARTESIAN_POINT('',(-1210.449,0,-200.688));
#1586=CARTESIAN_POINT('',(-1234.913,0,-143.707));
#1593=CARTESIAN_POINT('',(-893.783,0,-484.249));
#1600=CARTESIAN_POINT('',(-845.508,0,-498.112));
#1607=CARTESIAN_POINT('',(-1251.509,0,-83.966));
#1617=CARTESIAN_POINT('',(-814.257,0,-503.212));
#1624=CARTESIAN_POINT('',(-1259.394,0,-22.471));
#1628=CARTESIAN_POINT('',(-782.645,0,-505));
#1638=CARTESIAN_POINT('',(-1258.126,0,39.513));
#1645=CARTESIAN_POINT('',(-1247.777,0,100.643));
#1652=CARTESIAN_POINT('',(-1228.918,0,159.711));
#1659=CARTESIAN_POINT('',(-1202.466,0,215.798));
#1669=CARTESIAN_POINT('',(-1169.479,0,268.318));
#1676=CARTESIAN_POINT('',(-1130.968,0,316.939));
#1683=CARTESIAN_POINT('',(-283.5,0,-505));
#1690=CARTESIAN_POINT('',(-1087.778,0,361.462));
#1697=CARTESIAN_POINT('',(-1040.534,0,401.658));
#1704=CARTESIAN_POINT('',(-989.629,0,437.098));
#1708=CARTESIAN_POINT('',(-941.471,0,463.945));
#1715=CARTESIAN_POINT('',(-903.611,0,480.586));
#1722=CARTESIAN_POINT('',(-864.341,0,493.539));
#1729=CARTESIAN_POINT('',(-823.87,0,501.984));
#1736=CARTESIAN_POINT('',(-782.645,0,505));
#1743=CARTESIAN_POINT('',(-283.5,0,505));
#1744=CARTESIAN_POINT('',(-283.5,0,475));
#1751=CARTESIAN_POINT('',(280.334,42.253,-505));
#1752=CARTESIAN_POINT('',(283.5,0,-505));
#1759=CARTESIAN_POINT('',(270.905,83.563,-505));
#1766=CARTESIAN_POINT('',(255.425,123.006,-505));
#1776=CARTESIAN_POINT('',(234.239,159.701,-505));
#1780=CARTESIAN_POINT('',(207.82,192.829,-505));
#1787=CARTESIAN_POINT('',(176.759,221.649,-505));
#1797=CARTESIAN_POINT('',(141.75,245.518,-505));
#1801=CARTESIAN_POINT('',(103.574,263.903,-505));
#1808=CARTESIAN_POINT('',(63.085,276.392,-505));
#1815=CARTESIAN_POINT('',(21.186,282.707,-505));
#1822=CARTESIAN_POINT('',(-21.186,282.707,-505));
#1829=CARTESIAN_POINT('',(-63.085,276.392,-505));
#1836=CARTESIAN_POINT('',(-103.574,263.903,-505));
#1843=CARTESIAN_POINT('',(-141.75,245.518,-505));
#1853=CARTESIAN_POINT('',(-176.759,221.649,-505));
#1857=CARTESIAN_POINT('',(-207.82,192.829,-505));
#1867=CARTESIAN_POINT('',(-234.239,159.701,-505));
#1871=CARTESIAN_POINT('',(-255.425,123.006,-505));
#1881=CARTESIAN_POINT('',(-270.905,83.563,-505));
#1885=CARTESIAN_POINT('',(-280.334,42.253,-505));
#1898=CARTESIAN_POINT('',(782.645,0,-505));
#1905=CARTESIAN_POINT('',(814.257,0,-503.212));
#1909=CARTESIAN_POINT('',(845.508,0,-498.112));
#1919=CARTESIAN_POINT('',(893.783,0,-484.249));
#1926=CARTESIAN_POINT('',(950.575,0,-459.355));
#1936=CARTESIAN_POINT('',(1004,0,-427.85));
#1943=CARTESIAN_POINT('',(1053.924,0,-391.038));
#1950=CARTESIAN_POINT('',(1100.1,0,-349.62));
#1957=CARTESIAN_POINT('',(1142.073,0,-303.949));
#1964=CARTESIAN_POINT('',(1179.156,0,-254.232));
#1971=CARTESIAN_POINT('',(1210.449,0,-200.688));
#1978=CARTESIAN_POINT('',(1234.913,0,-143.707));
#1985=CARTESIAN_POINT('',(1251.509,0,-83.966));
#1992=CARTESIAN_POINT('',(1259.394,0,-22.471));
#1999=CARTESIAN_POINT('',(782.645,0,505));
#2003=CARTESIAN_POINT('',(283.5,0,475));
#2007=CARTESIAN_POINT('',(283.5,0,505));
#2011=CARTESIAN_POINT('',(1258.126,0,39.513));
#2018=CARTESIAN_POINT('',(823.87,0,501.984));
#2025=CARTESIAN_POINT('',(1247.777,0,100.643));
#2032=CARTESIAN_POINT('',(864.341,0,493.539));
#2039=CARTESIAN_POINT('',(903.611,0,480.586));
#2046=CARTESIAN_POINT('',(1228.918,0,159.711));
#2056=CARTESIAN_POINT('',(941.471,0,463.945));
#2063=CARTESIAN_POINT('',(1202.466,0,215.798));
#2070=CARTESIAN_POINT('',(989.629,0,437.098));
#2074=CARTESIAN_POINT('',(1169.479,0,268.318));
#2081=CARTESIAN_POINT('',(1040.534,0,401.658));
#2088=CARTESIAN_POINT('',(1130.968,0,316.939));
#2095=CARTESIAN_POINT('',(1087.778,0,361.462));
#2108=CARTESIAN_POINT('',(-280.334,42.253,475));
#2112=CARTESIAN_POINT('',(-270.905,83.563,475));
#2122=CARTESIAN_POINT('',(-255.425,123.006,475));
#2126=CARTESIAN_POINT('',(-234.239,159.701,475));
#2133=CARTESIAN_POINT('',(-207.82,192.829,475));
#2140=CARTESIAN_POINT('',(-176.759,221.649,475));
#2144=CARTESIAN_POINT('',(-141.75,245.518,475));
#2154=CARTESIAN_POINT('',(-103.574,263.903,475));
#2161=CARTESIAN_POINT('',(-63.085,276.392,475));
#2168=CARTESIAN_POINT('',(-21.186,282.707,475));
#2175=CARTESIAN_POINT('',(21.186,282.707,475));
#2185=CARTESIAN_POINT('',(280.334,42.253,475));
#2186=CARTESIAN_POINT('',(270.905,83.563,475));
#2196=CARTESIAN_POINT('',(63.085,276.392,475));
#2200=CARTESIAN_POINT('',(103.574,263.903,475));
#2210=CARTESIAN_POINT('',(141.75,245.518,475));
#2214=CARTESIAN_POINT('',(255.425,123.006,475));
#2227=CARTESIAN_POINT('',(234.239,159.701,475));
#2234=CARTESIAN_POINT('',(176.759,221.649,475));
#2244=CARTESIAN_POINT('',(207.82,192.829,475));
#2254=CARTESIAN_POINT('',(280.334,42.253,505));
#2258=CARTESIAN_POINT('',(270.905,83.563,505));
#2265=CARTESIAN_POINT('',(255.425,123.006,505));
#2266=CARTESIAN_POINT('',(234.239,159.701,505));
#2279=CARTESIAN_POINT('',(207.82,192.829,505));
#2286=CARTESIAN_POINT('',(176.759,221.649,505));
#2287=CARTESIAN_POINT('',(141.75,245.518,505));
#2300=CARTESIAN_POINT('',(103.574,263.903,505));
#2307=CARTESIAN_POINT('',(63.085,276.392,505));
#2314=CARTESIAN_POINT('',(21.186,282.707,505));
#2321=CARTESIAN_POINT('',(-21.186,282.707,505));
#2328=CARTESIAN_POINT('',(-63.085,276.392,505));
#2338=CARTESIAN_POINT('',(-103.574,263.903,505));
#2345=CARTESIAN_POINT('',(-141.75,245.518,505));
#2346=CARTESIAN_POINT('',(-176.759,221.649,505));
#2356=CARTESIAN_POINT('',(-207.82,192.829,505));
#2357=CARTESIAN_POINT('',(-234.239,159.701,505));
#2370=CARTESIAN_POINT('',(-255.425,123.006,505));
#2371=CARTESIAN_POINT('',(-270.905,83.563,505));
#2384=CARTESIAN_POINT('',(-280.334,42.253,505));
#2397=CARTESIAN_POINT('',(773.904,116.647,505));
#2401=CARTESIAN_POINT('',(747.875,230.689,505));
#2408=CARTESIAN_POINT('',(705.139,339.577,505));
#2415=CARTESIAN_POINT('',(646.652,440.88,505));
#2425=CARTESIAN_POINT('',(573.72,532.334,505));
#2432=CARTESIAN_POINT('',(487.971,611.897,505));
#2439=CARTESIAN_POINT('',(391.323,677.791,505));
#2446=CARTESIAN_POINT('',(285.932,728.544,505));
#2453=CARTESIAN_POINT('',(174.155,763.023,505));
#2463=CARTESIAN_POINT('',(58.487,780.457,505));
#2470=CARTESIAN_POINT('',(-58.487,780.457,505));
#2474=CARTESIAN_POINT('',(-773.904,116.647,505));
#2481=CARTESIAN_POINT('',(-174.155,763.023,505));
#2488=CARTESIAN_POINT('',(-747.875,230.689,505));
#2495=CARTESIAN_POINT('',(-285.932,728.544,505));
#2505=CARTESIAN_POINT('',(-705.139,339.577,505));
#2512=CARTESIAN_POINT('',(-391.323,677.791,505));
#2516=CARTESIAN_POINT('',(-646.652,440.88,505));
#2526=CARTESIAN_POINT('',(-487.971,611.897,505));
#2533=CARTESIAN_POINT('',(-573.72,532.334,505));
#2552=CARTESIAN_POINT('',(773.904,116.647,-505));
#2577=CARTESIAN_POINT('',(-773.904,116.647,-505));
#2578=CARTESIAN_POINT('',(-747.875,230.689,-505));
#2594=CARTESIAN_POINT('',(863.466,266.344,480.586));
#2607=CARTESIAN_POINT('',(945.662,291.698,437.098));
#2617=CARTESIAN_POINT('',(1039.451,320.628,361.462));
#2627=CARTESIAN_POINT('',(746.598,509.022,480.586));
#2637=CARTESIAN_POINT('',(1117.522,344.71,268.318));
#2647=CARTESIAN_POINT('',(817.669,557.478,437.098));
#2654=CARTESIAN_POINT('',(1174.321,362.23,159.711));
#2664=CARTESIAN_POINT('',(898.765,612.767,361.462));
#2674=CARTESIAN_POINT('',(563.392,706.471,480.586));
#2684=CARTESIAN_POINT('',(1202.231,370.839,39.513));
#2694=CARTESIAN_POINT('',(966.269,658.791,268.318));
#2698=CARTESIAN_POINT('',(617.023,773.723,437.098));
#2705=CARTESIAN_POINT('',(1195.908,368.889,-83.966));
#2715=CARTESIAN_POINT('',(1015.38,692.274,159.711));
#2722=CARTESIAN_POINT('',(678.219,850.459,361.462));
#2729=CARTESIAN_POINT('',(1156.672,356.786,-200.688));
#2739=CARTESIAN_POINT('',(330.126,841.148,480.586));
#2749=CARTESIAN_POINT('',(1039.513,708.728,39.513));
#2756=CARTESIAN_POINT('',(729.158,914.335,268.318));
#2766=CARTESIAN_POINT('',(361.552,921.219,437.098));
#2773=CARTESIAN_POINT('',(1091.334,336.632,-303.949));
#2783=CARTESIAN_POINT('',(1034.045,705,-83.966));
#2793=CARTESIAN_POINT('',(766.218,960.807,159.711));
#2797=CARTESIAN_POINT('',(397.41,1012.584,361.462));
#2804=CARTESIAN_POINT('',(1007.101,310.649,-391.038));
#2814=CARTESIAN_POINT('',(1000.12,681.87,-200.688));
#2818=CARTESIAN_POINT('',(67.527,901.084,480.586));
#2831=CARTESIAN_POINT('',(784.429,983.643,39.513));
#2838=CARTESIAN_POINT('',(427.259,1088.637,268.318));
#2845=CARTESIAN_POINT('',(908.343,280.187,-459.355));
#2852=CARTESIAN_POINT('',(747.875,230.689,-505));
#2856=CARTESIAN_POINT('',(705.139,339.577,-505));
#2866=CARTESIAN_POINT('',(73.955,986.861,437.098));
#2870=CARTESIAN_POINT('',(943.625,643.353,-303.949));
#2877=CARTESIAN_POINT('',(780.303,978.469,-83.966));
#2884=CARTESIAN_POINT('',(448.974,1143.968,159.711));
#2891=CARTESIAN_POINT('',(81.29,1084.737,361.462));
#2898=CARTESIAN_POINT('',(870.793,593.696,-391.038));
#2905=CARTESIAN_POINT('',(754.703,946.367,-200.688));
#2912=CARTESIAN_POINT('',(-201.072,880.956,480.586));
#2925=CARTESIAN_POINT('',(459.645,1171.157,39.513));
#2932=CARTESIAN_POINT('',(87.395,1166.209,268.318));
#2939=CARTESIAN_POINT('',(785.402,535.478,-459.355));
#2949=CARTESIAN_POINT('',(646.652,440.88,-505));
#2953=CARTESIAN_POINT('',(573.72,532.334,-505));
#2957=CARTESIAN_POINT('',(-220.213,964.816,437.098));
#2961=CARTESIAN_POINT('',(712.071,892.909,-303.949));
#2968=CARTESIAN_POINT('',(457.228,1164.997,-83.966));
#2975=CARTESIAN_POINT('',(91.837,1225.482,159.711));
#2982=CARTESIAN_POINT('',(-242.053,1060.506,361.462));
#2989=CARTESIAN_POINT('',(657.111,823.991,-391.038));
#2996=CARTESIAN_POINT('',(442.227,1126.775,-200.688));
#3003=CARTESIAN_POINT('',(-451.805,782.55,480.586));
#3013=CARTESIAN_POINT('',(94.02,1254.608,39.513));
#3020=CARTESIAN_POINT('',(-260.233,1140.157,268.318));
#3027=CARTESIAN_POINT('',(592.674,743.189,-459.355));
#3034=CARTESIAN_POINT('',(487.971,611.897,-505));
#3038=CARTESIAN_POINT('',(391.323,677.791,-505));
#3045=CARTESIAN_POINT('',(-494.814,857.043,437.098));
#3052=CARTESIAN_POINT('',(417.246,1063.126,-303.949));
#3059=CARTESIAN_POINT('',(93.525,1248.009,-83.966));
#3066=CARTESIAN_POINT('',(-273.46,1198.107,159.711));
#3073=CARTESIAN_POINT('',(-543.889,942.044,361.462));
#3080=CARTESIAN_POINT('',(385.042,981.07,-391.038));
#3087=CARTESIAN_POINT('',(90.457,1207.064,-200.688));
#3097=CARTESIAN_POINT('',(-662.394,614.612,480.586));
#3107=CARTESIAN_POINT('',(-279.959,1226.582,39.513));
#3114=CARTESIAN_POINT('',(-584.739,1012.798,268.318));
#3121=CARTESIAN_POINT('',(347.284,884.865,-459.355));
#3131=CARTESIAN_POINT('',(285.932,728.544,-505));
#3135=CARTESIAN_POINT('',(174.155,763.023,-505));
#3139=CARTESIAN_POINT('',(-725.449,673.118,437.098));
#3146=CARTESIAN_POINT('',(85.347,1138.88,-303.949));
#3153=CARTESIAN_POINT('',(-278.487,1220.131,-83.966));
#3160=CARTESIAN_POINT('',(-614.459,1064.275,159.711));
#3167=CARTESIAN_POINT('',(-797.398,739.877,361.462));
#3177=CARTESIAN_POINT('',(78.76,1050.977,-391.038));
#3184=CARTESIAN_POINT('',(-269.35,1180.101,-200.688));
#3191=CARTESIAN_POINT('',(-814.125,392.062,480.586));
#3204=CARTESIAN_POINT('',(-629.063,1089.569,39.513));
#3214=CARTESIAN_POINT('',(-857.289,795.448,268.318));
#3218=CARTESIAN_POINT('',(71.037,947.917,-459.355));
#3219=CARTESIAN_POINT('',(58.487,780.457,-505));
#3223=CARTESIAN_POINT('',(-58.487,780.457,-505));
#3233=CARTESIAN_POINT('',(-891.624,429.384,437.098));
#3249=CARTESIAN_POINT('',(-254.135,1113.439,-303.949));
#3256=CARTESIAN_POINT('',(-625.755,1083.839,-83.966));
#3263=CARTESIAN_POINT('',(-900.861,835.877,159.711));
#3270=CARTESIAN_POINT('',(-980.054,471.969,361.462));
#3286=CARTESIAN_POINT('',(-234.52,1027.5,-391.038));
#3293=CARTESIAN_POINT('',(-605.224,1048.28,-200.688));
#3297=CARTESIAN_POINT('',(-922.272,855.743,39.513));
#3304=CARTESIAN_POINT('',(-1053.664,507.418,268.318));
#3323=CARTESIAN_POINT('',(-211.523,926.742,-459.355));
#3330=CARTESIAN_POINT('',(-174.155,763.023,-505));
#3334=CARTESIAN_POINT('',(-285.932,728.544,-505));
#3341=CARTESIAN_POINT('',(-571.037,989.064,-303.949));
#3348=CARTESIAN_POINT('',(-917.421,851.242,-83.966));
#3355=CARTESIAN_POINT('',(-1107.217,533.208,159.711));
#3368=CARTESIAN_POINT('',(-526.962,912.725,-391.038));
#3375=CARTESIAN_POINT('',(-887.322,823.314,-200.688));
#3382=CARTESIAN_POINT('',(-1133.532,545.88,39.513));
#3398=CARTESIAN_POINT('',(-475.287,823.222,-459.355));
#3408=CARTESIAN_POINT('',(-391.323,677.791,-505));
#3412=CARTESIAN_POINT('',(-487.971,611.897,-505));
#3416=CARTESIAN_POINT('',(-837.199,776.807,-303.949));
#3423=CARTESIAN_POINT('',(-1127.571,543.009,-83.966));
#3439=CARTESIAN_POINT('',(-772.581,716.85,-391.038));
#3446=CARTESIAN_POINT('',(-1090.577,525.194,-200.688));
#3465=CARTESIAN_POINT('',(-696.82,646.555,-459.355));
#3475=CARTESIAN_POINT('',(-573.72,532.334,-505));
#3479=CARTESIAN_POINT('',(-646.652,440.88,-505));
#3483=CARTESIAN_POINT('',(-1028.972,495.527,-303.949));
#3499=CARTESIAN_POINT('',(-949.553,457.28,-391.038));
#3512=CARTESIAN_POINT('',(-856.438,412.439,-459.355));
#3522=CARTESIAN_POINT('',(-705.139,339.577,-505));
#3790=CARTESIAN_POINT('',(823.87,0,-501.984));
#3794=CARTESIAN_POINT('',(864.341,0,-493.539));
#3798=CARTESIAN_POINT('',(903.611,0,-480.586));
#3802=CARTESIAN_POINT('',(893.783,0,484.249));
#3803=CARTESIAN_POINT('',(845.508,0,498.112));
#3807=CARTESIAN_POINT('',(814.257,0,503.212));
#3814=CARTESIAN_POINT('',(-823.87,0,-501.984));
#3818=CARTESIAN_POINT('',(-864.341,0,-493.539));
#3822=CARTESIAN_POINT('',(-903.611,0,-480.586));
#3826=CARTESIAN_POINT('',(-941.471,0,-463.945));
#3830=CARTESIAN_POINT('',(-989.629,0,-437.098));
#3837=CARTESIAN_POINT('',(-950.575,0,459.355));
#3841=CARTESIAN_POINT('',(-893.783,0,484.249));
#3845=CARTESIAN_POINT('',(-845.508,0,498.112));
#3849=CARTESIAN_POINT('',(-814.257,0,503.212));
#3856=CARTESIAN_POINT('',(863.466,266.344,-480.586));
#3866=CARTESIAN_POINT('',(941.471,0,-463.945));
#3870=CARTESIAN_POINT('',(945.662,291.698,-437.098));
#3874=CARTESIAN_POINT('',(989.629,0,-437.098));
#3878=CARTESIAN_POINT('',(1040.534,0,-401.658));
#3882=CARTESIAN_POINT('',(1039.451,320.628,-361.462));
#3886=CARTESIAN_POINT('',(1087.778,0,-361.462));
#3890=CARTESIAN_POINT('',(1130.968,0,-316.939));
#3894=CARTESIAN_POINT('',(746.598,509.022,-480.586));
#3904=CARTESIAN_POINT('',(1117.522,344.71,-268.318));
#3905=CARTESIAN_POINT('',(1169.479,0,-268.318));
#3909=CARTESIAN_POINT('',(1202.466,0,-215.798));
#3916=CARTESIAN_POINT('',(817.669,557.478,-437.098));
#3923=CARTESIAN_POINT('',(1174.321,362.23,-159.711));
#3927=CARTESIAN_POINT('',(1228.918,0,-159.711));
#3931=CARTESIAN_POINT('',(1247.777,0,-100.643));
#3935=CARTESIAN_POINT('',(898.765,612.767,-361.462));
#3942=CARTESIAN_POINT('',(563.392,706.471,-480.586));
#3952=CARTESIAN_POINT('',(1202.231,370.839,-39.513));
#3953=CARTESIAN_POINT('',(1258.126,0,-39.513));
#3957=CARTESIAN_POINT('',(1259.394,0,22.471));
#3964=CARTESIAN_POINT('',(966.269,658.791,-268.318));
#3971=CARTESIAN_POINT('',(617.023,773.723,-437.098));
#3978=CARTESIAN_POINT('',(1195.908,368.889,83.966));
#3982=CARTESIAN_POINT('',(1251.509,0,83.966));
#3986=CARTESIAN_POINT('',(1234.913,0,143.707));
#3990=CARTESIAN_POINT('',(1015.38,692.274,-159.711));
#3997=CARTESIAN_POINT('',(678.219,850.459,-361.462));
#4004=CARTESIAN_POINT('',(1156.672,356.786,200.688));
#4008=CARTESIAN_POINT('',(1210.449,0,200.688));
#4012=CARTESIAN_POINT('',(1179.156,0,254.232));
#4016=CARTESIAN_POINT('',(330.126,841.148,-480.586));
#4026=CARTESIAN_POINT('',(1039.513,708.728,-39.513));
#4033=CARTESIAN_POINT('',(729.158,914.335,-268.318));
#4043=CARTESIAN_POINT('',(361.552,921.219,-437.098));
#4053=CARTESIAN_POINT('',(1091.334,336.632,303.949));
#4057=CARTESIAN_POINT('',(1142.073,0,303.949));
#4061=CARTESIAN_POINT('',(1100.1,0,349.62));
#4065=CARTESIAN_POINT('',(1034.045,705,83.966));
#4072=CARTESIAN_POINT('',(766.218,960.807,-159.711));
#4079=CARTESIAN_POINT('',(397.41,1012.584,-361.462));
#4083=CARTESIAN_POINT('',(1007.101,310.649,391.038));
#4087=CARTESIAN_POINT('',(1053.924,0,391.038));
#4091=CARTESIAN_POINT('',(1004,0,427.85));
#4095=CARTESIAN_POINT('',(1000.12,681.87,200.688));
#4105=CARTESIAN_POINT('',(67.527,901.084,-480.586));
#4118=CARTESIAN_POINT('',(784.429,983.643,-39.513));
#4122=CARTESIAN_POINT('',(427.259,1088.637,-268.318));
#4129=CARTESIAN_POINT('',(908.343,280.187,459.355));
#4142=CARTESIAN_POINT('',(950.575,0,459.355));
#4149=CARTESIAN_POINT('',(73.955,986.861,-437.098));
#4153=CARTESIAN_POINT('',(943.625,643.353,303.949));
#4157=CARTESIAN_POINT('',(780.303,978.469,83.966));
#4164=CARTESIAN_POINT('',(448.974,1143.968,-159.711));
#4171=CARTESIAN_POINT('',(81.29,1084.737,-361.462));
#4181=CARTESIAN_POINT('',(870.793,593.696,391.038));
#4191=CARTESIAN_POINT('',(754.703,946.367,200.688));
#4198=CARTESIAN_POINT('',(-201.072,880.956,-480.586));
#4208=CARTESIAN_POINT('',(459.645,1171.157,-39.513));
#4215=CARTESIAN_POINT('',(87.395,1166.209,-268.318));
#4222=CARTESIAN_POINT('',(785.402,535.478,459.355));
#4235=CARTESIAN_POINT('',(-220.213,964.816,-437.098));
#4245=CARTESIAN_POINT('',(712.071,892.909,303.949));
#4252=CARTESIAN_POINT('',(457.228,1164.997,83.966));
#4259=CARTESIAN_POINT('',(91.837,1225.482,-159.711));
#4263=CARTESIAN_POINT('',(-242.053,1060.506,-361.462));
#4267=CARTESIAN_POINT('',(657.111,823.991,391.038));
#4274=CARTESIAN_POINT('',(442.227,1126.775,200.688));
#4281=CARTESIAN_POINT('',(-451.805,782.55,-480.586));
#4291=CARTESIAN_POINT('',(94.02,1254.608,-39.513));
#4298=CARTESIAN_POINT('',(-260.233,1140.157,-268.318));
#4305=CARTESIAN_POINT('',(592.674,743.189,459.355));
#4321=CARTESIAN_POINT('',(-494.814,857.043,-437.098));
#4331=CARTESIAN_POINT('',(417.246,1063.126,303.949));
#4338=CARTESIAN_POINT('',(93.525,1248.009,83.966));
#4348=CARTESIAN_POINT('',(-273.46,1198.107,-159.711));
#4358=CARTESIAN_POINT('',(-543.889,942.044,-361.462));
#4362=CARTESIAN_POINT('',(385.042,981.07,391.038));
#4372=CARTESIAN_POINT('',(90.457,1207.064,200.688));
#4379=CARTESIAN_POINT('',(-662.394,614.612,-480.586));
#4392=CARTESIAN_POINT('',(-279.959,1226.582,-39.513));
#4396=CARTESIAN_POINT('',(-584.739,1012.798,-268.318));
#4406=CARTESIAN_POINT('',(347.284,884.865,459.355));
#4419=CARTESIAN_POINT('',(-725.449,673.118,-437.098));
#4423=CARTESIAN_POINT('',(85.347,1138.88,303.949));
#4427=CARTESIAN_POINT('',(-278.487,1220.131,83.966));
#4434=CARTESIAN_POINT('',(-614.459,1064.275,-159.711));
#4438=CARTESIAN_POINT('',(-797.398,739.877,-361.462));
#4445=CARTESIAN_POINT('',(78.76,1050.977,391.038));
#4455=CARTESIAN_POINT('',(-269.35,1180.101,200.688));
#4462=CARTESIAN_POINT('',(-814.125,392.062,-480.586));
#4475=CARTESIAN_POINT('',(-629.063,1089.569,-39.513));
#4482=CARTESIAN_POINT('',(-857.289,795.448,-268.318));
#4489=CARTESIAN_POINT('',(71.037,947.917,459.355));
#4502=CARTESIAN_POINT('',(-891.624,429.384,-437.098));
#4506=CARTESIAN_POINT('',(-1040.534,0,-401.658));
#4516=CARTESIAN_POINT('',(-254.135,1113.439,303.949));
#4523=CARTESIAN_POINT('',(-625.755,1083.839,83.966));
#4533=CARTESIAN_POINT('',(-900.861,835.877,-159.711));
#4540=CARTESIAN_POINT('',(-980.054,471.969,-361.462));
#4544=CARTESIAN_POINT('',(-1087.778,0,-361.462));
#4548=CARTESIAN_POINT('',(-1130.968,0,-316.939));
#4558=CARTESIAN_POINT('',(-234.52,1027.5,391.038));
#4565=CARTESIAN_POINT('',(-605.224,1048.28,200.688));
#4572=CARTESIAN_POINT('',(-922.272,855.743,-39.513));
#4579=CARTESIAN_POINT('',(-1053.664,507.418,-268.318));
#4589=CARTESIAN_POINT('',(-1169.479,0,-268.318));
#4593=CARTESIAN_POINT('',(-1202.466,0,-215.798));
#4597=CARTESIAN_POINT('',(-211.523,926.742,459.355));
#4613=CARTESIAN_POINT('',(-571.037,989.064,303.949));
#4617=CARTESIAN_POINT('',(-917.421,851.242,83.966));
#4624=CARTESIAN_POINT('',(-1107.217,533.208,-159.711));
#4634=CARTESIAN_POINT('',(-1228.918,0,-159.711));
#4638=CARTESIAN_POINT('',(-1247.777,0,-100.643));
#4642=CARTESIAN_POINT('',(-526.962,912.725,391.038));
#4652=CARTESIAN_POINT('',(-887.322,823.314,200.688));
#4659=CARTESIAN_POINT('',(-1133.532,545.88,-39.513));
#4660=CARTESIAN_POINT('',(-1258.126,0,-39.513));
#4664=CARTESIAN_POINT('',(-1259.394,0,22.471));
#4677=CARTESIAN_POINT('',(-475.287,823.222,459.355));
#4690=CARTESIAN_POINT('',(-837.199,776.807,303.949));
#4697=CARTESIAN_POINT('',(-1127.571,543.009,83.966));
#4707=CARTESIAN_POINT('',(-1251.509,0,83.966));
#4711=CARTESIAN_POINT('',(-1234.913,0,143.707));
#4718=CARTESIAN_POINT('',(-772.581,716.85,391.038));
#4725=CARTESIAN_POINT('',(-1090.577,525.194,200.688));
#4726=CARTESIAN_POINT('',(-1210.449,0,200.688));
#4730=CARTESIAN_POINT('',(-1179.156,0,254.232));
#4740=CARTESIAN_POINT('',(-696.82,646.555,459.355));
#4756=CARTESIAN_POINT('',(-1028.972,495.527,303.949));
#4760=CARTESIAN_POINT('',(-1142.073,0,303.949));
#4764=CARTESIAN_POINT('',(-1100.1,0,349.62));
#4777=CARTESIAN_POINT('',(-949.553,457.28,391.038));
#4778=CARTESIAN_POINT('',(-1053.924,0,391.038));
#4782=CARTESIAN_POINT('',(-1004,0,427.85));
#4795=CARTESIAN_POINT('',(-856.438,412.439,459.355));
#4817=CARTESIAN_POINT('',(-1188.014,0,-431.432));
#4818=CARTESIAN_POINT('',(-1136.522,0,-478.463));
#4822=CARTESIAN_POINT('',(-1234.99,0,-379.892));
#4829=CARTESIAN_POINT('',(-1080.988,0,-520.643));
#4836=CARTESIAN_POINT('',(-1276.8,0,-324.085));
#4843=CARTESIAN_POINT('',(-1021.718,0,-557.382));
#4850=CARTESIAN_POINT('',(-1312.652,0,-264.279));
#4857=CARTESIAN_POINT('',(-958.928,0,-587.694));
#4864=CARTESIAN_POINT('',(-1363.004,0,-134.508));
#4865=CARTESIAN_POINT('',(-1341.671,0,-200.882));
#4875=CARTESIAN_POINT('',(-892.922,0,-610.114));
#4888=CARTESIAN_POINT('',(-1375.935,0,-66.002));
#4892=CARTESIAN_POINT('',(-838.263,0,-621.14));
#4899=CARTESIAN_POINT('',(-1379.988,0,3.593));
#4909=CARTESIAN_POINT('',(-782.645,0,-625));
#4913=CARTESIAN_POINT('',(-1375.008,0,73.128));
#4920=CARTESIAN_POINT('',(-1359.122,0,148.931));
#4927=CARTESIAN_POINT('',(-1329.552,0,229.737));
#4937=CARTESIAN_POINT('',(-1288.842,0,305.558));
#4944=CARTESIAN_POINT('',(-1238.631,0,375.464));
#4951=CARTESIAN_POINT('',(-283.5,0,-625));
#4958=CARTESIAN_POINT('',(-1180.445,0,438.896));
#4968=CARTESIAN_POINT('',(-1115.492,0,495.385));
#4975=CARTESIAN_POINT('',(-1052.734,0,539.167));
#4982=CARTESIAN_POINT('',(-1002.782,0,567.442));
#4986=CARTESIAN_POINT('',(-950.491,0,591.103));
#4993=CARTESIAN_POINT('',(-896.056,0,609.272));
#5000=CARTESIAN_POINT('',(-839.87,0,620.916));
#5007=CARTESIAN_POINT('',(-782.645,0,625));
#5017=CARTESIAN_POINT('',(-283.5,0,625));
#5021=CARTESIAN_POINT('',(280.334,42.253,-625));
#5022=CARTESIAN_POINT('',(283.5,0,-625));
#5032=CARTESIAN_POINT('',(270.905,83.563,-625));
#5036=CARTESIAN_POINT('',(255.425,123.006,-625));
#5043=CARTESIAN_POINT('',(234.239,159.701,-625));
#5053=CARTESIAN_POINT('',(207.82,192.829,-625));
#5057=CARTESIAN_POINT('',(176.759,221.649,-625));
#5064=CARTESIAN_POINT('',(141.75,245.518,-625));
#5074=CARTESIAN_POINT('',(103.574,263.903,-625));
#5078=CARTESIAN_POINT('',(63.085,276.392,-625));
#5085=CARTESIAN_POINT('',(21.186,282.707,-625));
#5092=CARTESIAN_POINT('',(-21.186,282.707,-625));
#5099=CARTESIAN_POINT('',(-63.085,276.392,-625));
#5109=CARTESIAN_POINT('',(-103.574,263.903,-625));
#5113=CARTESIAN_POINT('',(-141.75,245.518,-625));
#5120=CARTESIAN_POINT('',(-176.759,221.649,-625));
#5127=CARTESIAN_POINT('',(-207.82,192.829,-625));
#5137=CARTESIAN_POINT('',(-234.239,159.701,-625));
#5141=CARTESIAN_POINT('',(-255.425,123.006,-625));
#5151=CARTESIAN_POINT('',(-270.905,83.563,-625));
#5155=CARTESIAN_POINT('',(-280.334,42.253,-625));
#5168=CARTESIAN_POINT('',(782.645,0,-625));
#5169=CARTESIAN_POINT('',(838.263,0,-621.14));
#5179=CARTESIAN_POINT('',(892.922,0,-610.114));
#5189=CARTESIAN_POINT('',(958.928,0,-587.694));
#5196=CARTESIAN_POINT('',(1021.718,0,-557.382));
#5206=CARTESIAN_POINT('',(1080.988,0,-520.643));
#5213=CARTESIAN_POINT('',(1136.522,0,-478.463));
#5220=CARTESIAN_POINT('',(1188.014,0,-431.432));
#5227=CARTESIAN_POINT('',(1234.99,0,-379.892));
#5234=CARTESIAN_POINT('',(1276.8,0,-324.085));
#5241=CARTESIAN_POINT('',(1312.652,0,-264.279));
#5248=CARTESIAN_POINT('',(1341.671,0,-200.882));
#5252=CARTESIAN_POINT('',(1363.004,0,-134.508));
#5259=CARTESIAN_POINT('',(1375.935,0,-66.002));
#5266=CARTESIAN_POINT('',(1379.988,0,3.593));
#5273=CARTESIAN_POINT('',(782.645,0,625));
#5280=CARTESIAN_POINT('',(283.5,0,625));
#5284=CARTESIAN_POINT('',(1375.008,0,73.128));
#5291=CARTESIAN_POINT('',(839.87,0,620.916));
#5298=CARTESIAN_POINT('',(896.056,0,609.272));
#5305=CARTESIAN_POINT('',(1359.122,0,148.931));
#5312=CARTESIAN_POINT('',(950.491,0,591.103));
#5319=CARTESIAN_POINT('',(1329.552,0,229.737));
#5326=CARTESIAN_POINT('',(1002.782,0,567.442));
#5330=CARTESIAN_POINT('',(1052.734,0,539.167));
#5337=CARTESIAN_POINT('',(1288.842,0,305.558));
#5344=CARTESIAN_POINT('',(1115.492,0,495.385));
#5351=CARTESIAN_POINT('',(1238.631,0,375.464));
#5358=CARTESIAN_POINT('',(1180.445,0,438.896));
#5500=CARTESIAN_POINT('',(280.334,42.253,625));
#5501=CARTESIAN_POINT('',(270.905,83.563,625));
#5511=CARTESIAN_POINT('',(255.425,123.006,625));
#5518=CARTESIAN_POINT('',(234.239,159.701,625));
#5519=CARTESIAN_POINT('',(207.82,192.829,625));
#5532=CARTESIAN_POINT('',(176.759,221.649,625));
#5539=CARTESIAN_POINT('',(141.75,245.518,625));
#5540=CARTESIAN_POINT('',(103.574,263.903,625));
#5553=CARTESIAN_POINT('',(63.085,276.392,625));
#5560=CARTESIAN_POINT('',(21.186,282.707,625));
#5567=CARTESIAN_POINT('',(-21.186,282.707,625));
#5574=CARTESIAN_POINT('',(-63.085,276.392,625));
#5575=CARTESIAN_POINT('',(-103.574,263.903,625));
#5591=CARTESIAN_POINT('',(-141.75,245.518,625));
#5595=CARTESIAN_POINT('',(-176.759,221.649,625));
#5602=CARTESIAN_POINT('',(-207.82,192.829,625));
#5603=CARTESIAN_POINT('',(-234.239,159.701,625));
#5616=CARTESIAN_POINT('',(-255.425,123.006,625));
#5617=CARTESIAN_POINT('',(-270.905,83.563,625));
#5630=CARTESIAN_POINT('',(-280.334,42.253,625));
#5643=CARTESIAN_POINT('',(773.904,116.647,625));
#5647=CARTESIAN_POINT('',(747.875,230.689,625));
#5654=CARTESIAN_POINT('',(705.139,339.577,625));
#5661=CARTESIAN_POINT('',(646.652,440.88,625));
#5671=CARTESIAN_POINT('',(573.72,532.334,625));
#5678=CARTESIAN_POINT('',(487.971,611.897,625));
#5685=CARTESIAN_POINT('',(391.323,677.791,625));
#5692=CARTESIAN_POINT('',(285.932,728.544,625));
#5699=CARTESIAN_POINT('',(174.155,763.023,625));
#5709=CARTESIAN_POINT('',(58.487,780.457,625));
#5716=CARTESIAN_POINT('',(-58.487,780.457,625));
#5720=CARTESIAN_POINT('',(-773.904,116.647,625));
#5727=CARTESIAN_POINT('',(-174.155,763.023,625));
#5734=CARTESIAN_POINT('',(-747.875,230.689,625));
#5741=CARTESIAN_POINT('',(-285.932,728.544,625));
#5751=CARTESIAN_POINT('',(-705.139,339.577,625));
#5758=CARTESIAN_POINT('',(-391.323,677.791,625));
#5762=CARTESIAN_POINT('',(-646.652,440.88,625));
#5772=CARTESIAN_POINT('',(-487.971,611.897,625));
#5779=CARTESIAN_POINT('',(-573.72,532.334,625));
#5807=CARTESIAN_POINT('',(773.904,116.647,-625));
#5826=CARTESIAN_POINT('',(-773.904,116.647,-625));
#5827=CARTESIAN_POINT('',(-747.875,230.689,-625));
#5840=CARTESIAN_POINT('',(785.333,535.431,591.103));
#5853=CARTESIAN_POINT('',(869.809,593.026,539.167));
#5866=CARTESIAN_POINT('',(975.33,664.968,438.896));
#5870=CARTESIAN_POINT('',(347.253,884.787,591.103));
#5883=CARTESIAN_POINT('',(384.607,979.962,539.167));
#5893=CARTESIAN_POINT('',(431.265,1098.845,438.896));
#5900=CARTESIAN_POINT('',(-211.504,926.661,591.103));
#5913=CARTESIAN_POINT('',(1020.396,695.694,-379.892));
#5917=CARTESIAN_POINT('',(-234.255,1026.339,539.167));
#5930=CARTESIAN_POINT('',(939.039,640.226,-478.463));
#5937=CARTESIAN_POINT('',(-262.674,1150.849,438.896));
#5941=CARTESIAN_POINT('',(844.183,575.554,-557.382));
#5942=CARTESIAN_POINT('',(747.875,230.689,-625));
#5943=CARTESIAN_POINT('',(705.139,339.577,-625));
#5947=CARTESIAN_POINT('',(573.72,532.334,-625));
#5948=CARTESIAN_POINT('',(487.971,611.897,-625));
#5952=CARTESIAN_POINT('',(737.766,503.001,-610.114));
#5953=CARTESIAN_POINT('',(646.652,440.88,-625));
#5966=CARTESIAN_POINT('',(-696.759,646.498,591.103));
#5976=CARTESIAN_POINT('',(-771.708,716.041,539.167));
#5986=CARTESIAN_POINT('',(-865.328,802.907,438.896));
#5990=CARTESIAN_POINT('',(373.276,951.091,-557.382));
#5991=CARTESIAN_POINT('',(415.218,1057.959,-478.463));
#5998=CARTESIAN_POINT('',(391.323,677.791,-625));
#6002=CARTESIAN_POINT('',(174.155,763.023,-625));
#6003=CARTESIAN_POINT('',(58.487,780.457,-625));
#6010=CARTESIAN_POINT('',(-856.363,412.403,591.103));
#6023=CARTESIAN_POINT('',(-948.48,456.764,539.167));
#6039=CARTESIAN_POINT('',(326.221,831.197,-610.114));
#6043=CARTESIAN_POINT('',(285.932,728.544,-625));
#6053=CARTESIAN_POINT('',(-1063.544,512.176,438.896));
#6069=CARTESIAN_POINT('',(-1161.206,559.208,305.558));
#6070=CARTESIAN_POINT('',(-944.788,876.635,305.558));
#6071=CARTESIAN_POINT('',(-996.307,924.438,148.931));
#6090=CARTESIAN_POINT('',(-227.354,996.102,-557.382));
#6097=CARTESIAN_POINT('',(-58.487,780.457,-625));
#6101=CARTESIAN_POINT('',(-285.932,728.544,-625));
#6102=CARTESIAN_POINT('',(-391.323,677.791,-625));
#6106=CARTESIAN_POINT('',(-252.9,1108.027,-478.463));
#6110=CARTESIAN_POINT('',(-1224.527,589.701,148.931));
#6123=CARTESIAN_POINT('',(-198.694,870.534,-610.114));
#6130=CARTESIAN_POINT('',(-174.155,763.023,-625));
#6137=CARTESIAN_POINT('',(-1243.326,598.754,3.593));
#6144=CARTESIAN_POINT('',(-1011.603,938.63,3.593));
#6154=CARTESIAN_POINT('',(-1228.025,591.385,-134.508));
#6167=CARTESIAN_POINT('',(-999.153,927.078,-134.508));
#6171=CARTESIAN_POINT('',(-962.242,892.83,-264.279));
#6175=CARTESIAN_POINT('',(-1182.658,569.538,-264.279));
#6188=CARTESIAN_POINT('',(-748.972,694.945,-557.382));
#6195=CARTESIAN_POINT('',(-833.13,773.031,-478.463));
#6199=CARTESIAN_POINT('',(-487.971,611.897,-625));
#6203=CARTESIAN_POINT('',(-1112.687,535.842,-379.892));
#6216=CARTESIAN_POINT('',(-905.311,840.006,-379.892));
#6220=CARTESIAN_POINT('',(-654.558,607.341,-610.114));
#6224=CARTESIAN_POINT('',(-573.72,532.334,-625));
#6228=CARTESIAN_POINT('',(-646.652,440.88,-625));
#6232=CARTESIAN_POINT('',(-1023.971,493.118,-478.463));
#6248=CARTESIAN_POINT('',(-920.536,443.307,-557.382));
#6267=CARTESIAN_POINT('',(-804.494,387.424,-610.114));
#6280=CARTESIAN_POINT('',(-705.139,339.577,-625));
#6287=CARTESIAN_POINT('',(1307.6,403.341,111.308));
#6288=CARTESIAN_POINT('',(1140.2,777.375,3.593));
#6289=CARTESIAN_POINT('',(1122.959,765.621,148.931));
#6302=CARTESIAN_POINT('',(1317.375,406.356,38.441));
#6312=CARTESIAN_POINT('',(1317.82,406.494,-31.271));
#6313=CARTESIAN_POINT('',(1126.167,767.808,-134.508));
#6326=CARTESIAN_POINT('',(1309.667,403.979,-100.46));
#6330=CARTESIAN_POINT('',(1084.564,739.443,-264.279));
#6358=CARTESIAN_POINT('',(828.962,1039.485,229.737));
#6362=CARTESIAN_POINT('',(1064.891,726.031,305.558));
#6366=CARTESIAN_POINT('',(470.867,1199.749,305.558));
#6370=CARTESIAN_POINT('',(496.543,1265.171,148.931));
#6377=CARTESIAN_POINT('',(856.967,1074.603,76.966));
#6387=CARTESIAN_POINT('',(504.166,1284.595,3.593));
#6391=CARTESIAN_POINT('',(928.964,140.019,-595.323));
#6422=CARTESIAN_POINT('',(857.882,1075.749,-66.002));
#6429=CARTESIAN_POINT('',(497.961,1268.785,-134.508));
#6436=CARTESIAN_POINT('',(836.518,1048.96,-200.882));
#6440=CARTESIAN_POINT('',(451.192,1149.619,-379.892));
#6441=CARTESIAN_POINT('',(479.565,1221.913,-264.279));
#6466=CARTESIAN_POINT('',(99.358,1325.834,229.737));
#6476=CARTESIAN_POINT('',(-286.794,1256.528,305.558));
#6480=CARTESIAN_POINT('',(-302.433,1325.046,148.931));
#6484=CARTESIAN_POINT('',(102.714,1370.625,76.966));
#6485=CARTESIAN_POINT('',(-307.076,1345.389,3.593));
#6498=CARTESIAN_POINT('',(102.824,1372.088,-66.002));
#6499=CARTESIAN_POINT('',(-303.297,1328.831,-134.508));
#6512=CARTESIAN_POINT('',(100.263,1337.919,-200.882));
#6516=CARTESIAN_POINT('',(-274.811,1204.026,-379.892));
#6520=CARTESIAN_POINT('',(-292.092,1279.741,-264.279));
#6542=CARTESIAN_POINT('',(-664.776,1151.426,229.737));
#6558=CARTESIAN_POINT('',(-687.234,1190.325,76.966));
#6571=CARTESIAN_POINT('',(-687.968,1191.595,-66.002));
#6584=CARTESIAN_POINT('',(-670.835,1161.921,-200.882));
#6612=CARTESIAN_POINT('',(1170.258,563.567,288.989));
#6889=CARTESIAN_POINT('',(839.87,0,-620.916));
#6893=CARTESIAN_POINT('',(896.056,0,-609.272));
#6897=CARTESIAN_POINT('',(950.491,0,-591.103));
#6901=CARTESIAN_POINT('',(1002.782,0,-567.442));
#6908=CARTESIAN_POINT('',(1052.734,0,-539.167));
#6912=CARTESIAN_POINT('',(838.263,0,621.14));
#6916=CARTESIAN_POINT('',(-839.87,0,-620.916));
#6920=CARTESIAN_POINT('',(-896.056,0,-609.272));
#6924=CARTESIAN_POINT('',(-950.491,0,-591.103));
#6928=CARTESIAN_POINT('',(-1002.782,0,-567.442));
#6935=CARTESIAN_POINT('',(-958.928,0,587.694));
#6939=CARTESIAN_POINT('',(-892.922,0,610.114));
#6943=CARTESIAN_POINT('',(-838.263,0,621.14));
#6950=CARTESIAN_POINT('',(785.333,535.431,-591.103));
#6963=CARTESIAN_POINT('',(869.809,593.026,-539.167));
#6973=CARTESIAN_POINT('',(1115.492,0,-495.385));
#6977=CARTESIAN_POINT('',(975.33,664.968,-438.896));
#6981=CARTESIAN_POINT('',(347.253,884.787,-591.103));
#6994=CARTESIAN_POINT('',(384.607,979.962,-539.167));
#7004=CARTESIAN_POINT('',(431.265,1098.845,-438.896));
#7011=CARTESIAN_POINT('',(-211.504,926.661,-591.103));
#7024=CARTESIAN_POINT('',(1020.396,695.694,379.892));
#7025=CARTESIAN_POINT('',(1234.99,0,379.892));
#7026=CARTESIAN_POINT('',(1188.014,0,431.432));
#7030=CARTESIAN_POINT('',(-234.255,1026.339,-539.167));
#7043=CARTESIAN_POINT('',(939.039,640.226,478.463));
#7047=CARTESIAN_POINT('',(1136.522,0,478.463));
#7051=CARTESIAN_POINT('',(-262.674,1150.849,-438.896));
#7055=CARTESIAN_POINT('',(844.183,575.554,557.382));
#7062=CARTESIAN_POINT('',(737.766,503.001,610.114));
#7075=CARTESIAN_POINT('',(-696.759,646.498,-591.103));
#7085=CARTESIAN_POINT('',(-771.708,716.041,-539.167));
#7092=CARTESIAN_POINT('',(-865.328,802.907,-438.896));
#7099=CARTESIAN_POINT('',(373.276,951.091,557.382));
#7103=CARTESIAN_POINT('',(415.218,1057.959,478.463));
#7116=CARTESIAN_POINT('',(-856.363,412.403,-591.103));
#7129=CARTESIAN_POINT('',(-948.48,456.764,-539.167));
#7130=CARTESIAN_POINT('',(-1052.734,0,-539.167));
#7134=CARTESIAN_POINT('',(-1115.492,0,-495.385));
#7147=CARTESIAN_POINT('',(326.221,831.197,610.114));
#7160=CARTESIAN_POINT('',(-1063.544,512.176,-438.896));
#7161=CARTESIAN_POINT('',(-1180.445,0,-438.896));
#7165=CARTESIAN_POINT('',(-1238.631,0,-375.464));
#7178=CARTESIAN_POINT('',(-1161.206,559.208,-305.558));
#7182=CARTESIAN_POINT('',(-1288.842,0,-305.558));
#7186=CARTESIAN_POINT('',(-1329.552,0,-229.737));
#7193=CARTESIAN_POINT('',(-944.788,876.635,-305.558));
#7197=CARTESIAN_POINT('',(-227.354,996.102,557.382));
#7210=CARTESIAN_POINT('',(-252.9,1108.027,478.463));
#7214=CARTESIAN_POINT('',(-1224.527,589.701,-148.931));
#7221=CARTESIAN_POINT('',(-1359.122,0,-148.931));
#7225=CARTESIAN_POINT('',(-1375.008,0,-73.128));
#7229=CARTESIAN_POINT('',(-996.307,924.438,-148.931));
#7233=CARTESIAN_POINT('',(-198.694,870.534,610.114));
#7246=CARTESIAN_POINT('',(-1243.326,598.754,-3.593));
#7247=CARTESIAN_POINT('',(-1011.603,938.63,-3.593));
#7257=CARTESIAN_POINT('',(-1379.988,0,-3.593));
#7261=CARTESIAN_POINT('',(-1375.935,0,66.002));
#7265=CARTESIAN_POINT('',(-1228.025,591.385,134.508));
#7269=CARTESIAN_POINT('',(-999.153,927.078,134.508));
#7276=CARTESIAN_POINT('',(-1363.004,0,134.508));
#7280=CARTESIAN_POINT('',(-1341.671,0,200.882));
#7284=CARTESIAN_POINT('',(-1182.658,569.538,264.279));
#7285=CARTESIAN_POINT('',(-962.242,892.83,264.279));
#7286=CARTESIAN_POINT('',(-905.311,840.006,379.892));
#7290=CARTESIAN_POINT('',(-1312.652,0,264.279));
#7294=CARTESIAN_POINT('',(-1276.8,0,324.085));
#7307=CARTESIAN_POINT('',(-748.972,694.945,557.382));
#7314=CARTESIAN_POINT('',(-833.13,773.031,478.463));
#7321=CARTESIAN_POINT('',(-1112.687,535.842,379.892));
#7322=CARTESIAN_POINT('',(-1234.99,0,379.892));
#7329=CARTESIAN_POINT('',(-1188.014,0,431.432));
#7336=CARTESIAN_POINT('',(-654.558,607.341,610.114));
#7346=CARTESIAN_POINT('',(-1023.971,493.118,478.463));
#7353=CARTESIAN_POINT('',(-1136.522,0,478.463));
#7357=CARTESIAN_POINT('',(-1080.988,0,520.643));
#7364=CARTESIAN_POINT('',(-920.536,443.307,557.382));
#7371=CARTESIAN_POINT('',(-1021.718,0,557.382));
#7384=CARTESIAN_POINT('',(-804.494,387.424,610.114));
#7403=CARTESIAN_POINT('',(1307.6,403.341,-111.308));
#7404=CARTESIAN_POINT('',(1288.842,0,-305.558));
#7405=CARTESIAN_POINT('',(1329.552,0,-229.737));
#7409=CARTESIAN_POINT('',(1359.122,0,-148.931));
#7413=CARTESIAN_POINT('',(1375.008,0,-73.128));
#7417=CARTESIAN_POINT('',(1140.2,777.375,-3.593));
#7418=CARTESIAN_POINT('',(1122.959,765.621,-148.931));
#7422=CARTESIAN_POINT('',(1317.375,406.356,-38.441));
#7429=CARTESIAN_POINT('',(1379.988,0,-3.593));
#7433=CARTESIAN_POINT('',(1317.82,406.494,31.271));
#7440=CARTESIAN_POINT('',(1375.935,0,66.002));
#7444=CARTESIAN_POINT('',(1309.667,403.979,100.46));
#7445=CARTESIAN_POINT('',(1126.167,767.808,134.508));
#7452=CARTESIAN_POINT('',(1084.564,739.443,264.279));
#7465=CARTESIAN_POINT('',(1363.004,0,134.508));
#7469=CARTESIAN_POINT('',(1341.671,0,200.882));
#7473=CARTESIAN_POINT('',(1312.652,0,264.279));
#7477=CARTESIAN_POINT('',(1276.8,0,324.085));
#7484=CARTESIAN_POINT('',(828.962,1039.485,-229.737));
#7488=CARTESIAN_POINT('',(1064.891,726.031,-305.558));
#7492=CARTESIAN_POINT('',(470.867,1199.749,-305.558));
#7496=CARTESIAN_POINT('',(496.543,1265.171,-148.931));
#7503=CARTESIAN_POINT('',(856.967,1074.603,-76.966));
#7510=CARTESIAN_POINT('',(504.166,1284.595,-3.593));
#7517=CARTESIAN_POINT('',(928.964,140.019,595.323));
#7533=CARTESIAN_POINT('',(1080.988,0,520.643));
#7537=CARTESIAN_POINT('',(1021.718,0,557.382));
#7541=CARTESIAN_POINT('',(958.928,0,587.694));
#7545=CARTESIAN_POINT('',(892.922,0,610.114));
#7552=CARTESIAN_POINT('',(857.882,1075.749,66.002));
#7556=CARTESIAN_POINT('',(497.961,1268.785,134.508));
#7566=CARTESIAN_POINT('',(836.518,1048.96,200.882));
#7567=CARTESIAN_POINT('',(451.192,1149.619,379.892));
#7568=CARTESIAN_POINT('',(479.565,1221.913,264.279));
#7596=CARTESIAN_POINT('',(99.358,1325.834,-229.737));
#7606=CARTESIAN_POINT('',(-286.794,1256.528,-305.558));
#7610=CARTESIAN_POINT('',(-302.433,1325.046,-148.931));
#7614=CARTESIAN_POINT('',(102.714,1370.625,-76.966));
#7615=CARTESIAN_POINT('',(-307.076,1345.389,-3.593));
#7628=CARTESIAN_POINT('',(102.824,1372.088,66.002));
#7635=CARTESIAN_POINT('',(-303.297,1328.831,134.508));
#7642=CARTESIAN_POINT('',(100.263,1337.919,200.882));
#7649=CARTESIAN_POINT('',(-292.092,1279.741,264.279));
#7662=CARTESIAN_POINT('',(-274.811,1204.026,379.892));
#7672=CARTESIAN_POINT('',(-664.776,1151.426,-229.737));
#7688=CARTESIAN_POINT('',(-687.234,1190.325,-76.966));
#7701=CARTESIAN_POINT('',(-687.968,1191.595,66.002));
#7714=CARTESIAN_POINT('',(-670.835,1161.921,200.882));
#7742=CARTESIAN_POINT('',(1170.258,563.567,-288.989));
#7755=CARTESIAN_POINT('',(1180.445,0,-438.896));
#7759=CARTESIAN_POINT('',(1238.631,0,-375.464));
#7769=CARTESIAN_POINT('',(-1208.798,0,-453.074));
#7770=CARTESIAN_POINT('',(-1154.678,0,-502.383));
#7774=CARTESIAN_POINT('',(-1302.001,0,-340.371));
#7775=CARTESIAN_POINT('',(-1258.133,0,-398.981));
#7785=CARTESIAN_POINT('',(-1096.278,0,-546.536));
#7792=CARTESIAN_POINT('',(-1339.572,0,-277.544));
#7799=CARTESIAN_POINT('',(-1033.928,0,-584.904));
#7806=CARTESIAN_POINT('',(-967.875,0,-616.451));
#7813=CARTESIAN_POINT('',(-1369.946,0,-210.943));
#7823=CARTESIAN_POINT('',(-898.471,0,-639.675));
#7827=CARTESIAN_POINT('',(-1392.25,0,-141.23));
#7837=CARTESIAN_POINT('',(-841.044,0,-651.038));
#7847=CARTESIAN_POINT('',(-1405.756,0,-69.295));
#7854=CARTESIAN_POINT('',(-782.645,0,-655));
#7861=CARTESIAN_POINT('',(-1409.987,0,3.772));
#7865=CARTESIAN_POINT('',(-1404.788,0,76.776));
#7875=CARTESIAN_POINT('',(-1388.193,0,156.377));
#7882=CARTESIAN_POINT('',(-1357.266,0,241.256));
#7889=CARTESIAN_POINT('',(-1314.625,0,320.909));
#7902=CARTESIAN_POINT('',(-1261.955,0,394.331));
#7912=CARTESIAN_POINT('',(-1200.845,0,460.904));
#7919=CARTESIAN_POINT('',(-1132.566,0,520.107));
#7926=CARTESIAN_POINT('',(-1066.557,0,565.895));
#7933=CARTESIAN_POINT('',(-1014.007,0,595.388));
#7940=CARTESIAN_POINT('',(-959.001,0,619.99));
#7947=CARTESIAN_POINT('',(-901.765,0,638.805));
#7951=CARTESIAN_POINT('',(-842.732,0,650.808));
#7958=CARTESIAN_POINT('',(-782.645,0,655));
#8097=CARTESIAN_POINT('',(782.645,0,-655));
#8104=CARTESIAN_POINT('',(841.044,0,-651.038));
#8111=CARTESIAN_POINT('',(898.471,0,-639.675));
#8118=CARTESIAN_POINT('',(967.875,0,-616.451));
#8128=CARTESIAN_POINT('',(1033.928,0,-584.904));
#8135=CARTESIAN_POINT('',(1096.278,0,-546.536));
#8142=CARTESIAN_POINT('',(1154.678,0,-502.383));
#8149=CARTESIAN_POINT('',(1208.798,0,-453.074));
#8153=CARTESIAN_POINT('',(1258.133,0,-398.981));
#8160=CARTESIAN_POINT('',(1302.001,0,-340.371));
#8167=CARTESIAN_POINT('',(1339.572,0,-277.544));
#8174=CARTESIAN_POINT('',(1369.946,0,-210.943));
#8181=CARTESIAN_POINT('',(1392.25,0,-141.23));
#8188=CARTESIAN_POINT('',(1405.756,0,-69.295));
#8195=CARTESIAN_POINT('',(1409.987,0,3.772));
#8199=CARTESIAN_POINT('',(782.645,0,655));
#8212=CARTESIAN_POINT('',(1404.788,0,76.776));
#8216=CARTESIAN_POINT('',(842.732,0,650.808));
#8226=CARTESIAN_POINT('',(901.765,0,638.805));
#8230=CARTESIAN_POINT('',(1388.193,0,156.377));
#8237=CARTESIAN_POINT('',(959.001,0,619.99));
#8244=CARTESIAN_POINT('',(1357.266,0,241.256));
#8251=CARTESIAN_POINT('',(1014.007,0,595.388));
#8258=CARTESIAN_POINT('',(1066.557,0,565.895));
#8265=CARTESIAN_POINT('',(1314.625,0,320.909));
#8272=CARTESIAN_POINT('',(1132.566,0,520.107));
#8279=CARTESIAN_POINT('',(1261.955,0,394.331));
#8289=CARTESIAN_POINT('',(1200.845,0,460.904));
#8551=CARTESIAN_POINT('',(773.904,116.647,655));
#8555=CARTESIAN_POINT('',(747.875,230.689,655));
#8562=CARTESIAN_POINT('',(705.139,339.577,655));
#8569=CARTESIAN_POINT('',(646.652,440.88,655));
#8579=CARTESIAN_POINT('',(573.72,532.334,655));
#8586=CARTESIAN_POINT('',(487.971,611.897,655));
#8593=CARTESIAN_POINT('',(391.323,677.791,655));
#8600=CARTESIAN_POINT('',(285.932,728.544,655));
#8607=CARTESIAN_POINT('',(174.155,763.023,655));
#8617=CARTESIAN_POINT('',(58.487,780.457,655));
#8624=CARTESIAN_POINT('',(-58.487,780.457,655));
#8628=CARTESIAN_POINT('',(-773.904,116.647,655));
#8635=CARTESIAN_POINT('',(-174.155,763.023,655));
#8642=CARTESIAN_POINT('',(-747.875,230.689,655));
#8649=CARTESIAN_POINT('',(-285.932,728.544,655));
#8659=CARTESIAN_POINT('',(-705.139,339.577,655));
#8666=CARTESIAN_POINT('',(-391.323,677.791,655));
#8670=CARTESIAN_POINT('',(-646.652,440.88,655));
#8680=CARTESIAN_POINT('',(-487.971,611.897,655));
#8687=CARTESIAN_POINT('',(-573.72,532.334,655));
#8715=CARTESIAN_POINT('',(773.904,116.647,-655));
#8725=CARTESIAN_POINT('',(747.875,230.689,-655));
#8747=CARTESIAN_POINT('',(-773.904,116.647,-655));
#8748=CARTESIAN_POINT('',(-747.875,230.689,-655));
#8761=CARTESIAN_POINT('',(792.364,540.225,619.99));
#8774=CARTESIAN_POINT('',(881.231,600.813,565.895));
#8787=CARTESIAN_POINT('',(992.185,676.46,460.904));
#8797=CARTESIAN_POINT('',(1086.194,740.555,320.909));
#8801=CARTESIAN_POINT('',(350.363,892.709,619.99));
#8814=CARTESIAN_POINT('',(389.657,992.83,565.895));
#8824=CARTESIAN_POINT('',(438.718,1117.835,460.904));
#8831=CARTESIAN_POINT('',(-213.398,934.957,619.99));
#8844=CARTESIAN_POINT('',(1039.518,708.732,-398.981));
#8848=CARTESIAN_POINT('',(-237.331,1039.816,565.895));
#8858=CARTESIAN_POINT('',(954.04,650.453,-502.383));
#8868=CARTESIAN_POINT('',(-267.213,1170.737,460.904));
#8875=CARTESIAN_POINT('',(854.272,582.433,-584.904));
#8879=CARTESIAN_POINT('',(705.139,339.577,-655));
#8883=CARTESIAN_POINT('',(573.72,532.334,-655));
#8884=CARTESIAN_POINT('',(487.971,611.897,-655));
#8894=CARTESIAN_POINT('',(742.352,506.127,-639.675));
#8898=CARTESIAN_POINT('',(646.652,440.88,-655));
#8908=CARTESIAN_POINT('',(-702.998,652.287,619.99));
#8918=CARTESIAN_POINT('',(-781.841,725.443,565.895));
#8925=CARTESIAN_POINT('',(-880.282,816.782,460.904));
#8932=CARTESIAN_POINT('',(-864.03,416.095,619.99));
#8945=CARTESIAN_POINT('',(377.736,962.457,-584.904));
#8946=CARTESIAN_POINT('',(421.851,1074.86,-502.383));
#8950=CARTESIAN_POINT('',(391.323,677.791,-655));
#8954=CARTESIAN_POINT('',(174.155,763.023,-655));
#8955=CARTESIAN_POINT('',(58.487,780.457,-655));
#8965=CARTESIAN_POINT('',(-960.934,462.762,565.895));
#8981=CARTESIAN_POINT('',(328.248,836.363,-639.675));
#8988=CARTESIAN_POINT('',(285.932,728.544,-655));
#8995=CARTESIAN_POINT('',(-1081.924,521.027,460.904));
#9002=CARTESIAN_POINT('',(-963.689,894.172,320.909));
#9015=CARTESIAN_POINT('',(-1184.437,570.395,320.909));
#9025=CARTESIAN_POINT('',(-1017.617,944.211,156.377));
#9032=CARTESIAN_POINT('',(-230.071,1008.006,-584.904));
#9036=CARTESIAN_POINT('',(-58.487,780.457,-655));
#9040=CARTESIAN_POINT('',(-285.932,728.544,-655));
#9041=CARTESIAN_POINT('',(-391.323,677.791,-655));
#9045=CARTESIAN_POINT('',(-256.94,1125.728,-502.383));
#9052=CARTESIAN_POINT('',(-1250.719,602.314,156.377));
#9062=CARTESIAN_POINT('',(-1033.594,959.035,3.772));
#9069=CARTESIAN_POINT('',(-199.929,875.945,-639.675));
#9073=CARTESIAN_POINT('',(-174.155,763.023,-655));
#9083=CARTESIAN_POINT('',(-1270.355,611.771,3.772));
#9096=CARTESIAN_POINT('',(-1254.374,604.075,-141.23));
#9109=CARTESIAN_POINT('',(-1020.591,946.97,-141.23));
#9113=CARTESIAN_POINT('',(-846.439,785.381,-502.383));
#9117=CARTESIAN_POINT('',(-1206.913,581.219,-277.544));
#9121=CARTESIAN_POINT('',(-981.976,911.141,-277.544));
#9134=CARTESIAN_POINT('',(-757.923,703.25,-584.904));
#9141=CARTESIAN_POINT('',(-487.971,611.897,-655));
#9145=CARTESIAN_POINT('',(-1133.539,545.883,-398.981));
#9146=CARTESIAN_POINT('',(-922.277,855.748,-398.981));
#9162=CARTESIAN_POINT('',(-658.626,611.116,-639.675));
#9166=CARTESIAN_POINT('',(-573.72,532.334,-655));
#9170=CARTESIAN_POINT('',(-646.652,440.88,-655));
#9174=CARTESIAN_POINT('',(-1040.329,500.996,-502.383));
#9190=CARTESIAN_POINT('',(-931.537,448.605,-584.904));
#9212=CARTESIAN_POINT('',(-809.495,389.832,-639.675));
#9219=CARTESIAN_POINT('',(-705.139,339.577,-655));
#9229=CARTESIAN_POINT('',(1335.777,412.033,116.866));
#9230=CARTESIAN_POINT('',(1164.986,794.274,3.772));
#9231=CARTESIAN_POINT('',(1146.979,781.997,156.377));
#9253=CARTESIAN_POINT('',(1345.984,415.181,40.358));
#9263=CARTESIAN_POINT('',(1346.449,415.325,-32.83));
#9273=CARTESIAN_POINT('',(1337.935,412.698,-105.476));
#9274=CARTESIAN_POINT('',(1150.331,784.282,-141.23));
#9287=CARTESIAN_POINT('',(1106.807,754.608,-277.544));
#9309=CARTESIAN_POINT('',(846.242,1061.153,241.256));
#9316=CARTESIAN_POINT('',(507.164,1292.232,156.377));
#9317=CARTESIAN_POINT('',(480.287,1223.75,320.909));
#9327=CARTESIAN_POINT('',(875.52,1097.867,80.806));
#9331=CARTESIAN_POINT('',(515.126,1312.52,3.772));
#9341=CARTESIAN_POINT('',(876.475,1099.064,-69.295));
#9342=CARTESIAN_POINT('',(508.646,1296.009,-141.23));
#9355=CARTESIAN_POINT('',(854.147,1071.067,-210.943));
#9359=CARTESIAN_POINT('',(459.648,1171.163,-398.981));
#9360=CARTESIAN_POINT('',(489.401,1246.973,-277.544));
#9385=CARTESIAN_POINT('',(101.429,1353.471,241.256));
#9392=CARTESIAN_POINT('',(-308.902,1353.388,156.377));
#9393=CARTESIAN_POINT('',(-292.532,1281.665,320.909));
#9403=CARTESIAN_POINT('',(104.938,1400.298,80.806));
#9404=CARTESIAN_POINT('',(-313.752,1374.636,3.772));
#9417=CARTESIAN_POINT('',(105.052,1401.826,-69.295));
#9421=CARTESIAN_POINT('',(-309.805,1357.343,-141.23));
#9431=CARTESIAN_POINT('',(102.376,1366.115,-210.943));
#9432=CARTESIAN_POINT('',(-279.961,1226.589,-398.981));
#9433=CARTESIAN_POINT('',(-298.083,1305.986,-277.544));
#9461=CARTESIAN_POINT('',(-678.633,1175.427,241.256));
#9477=CARTESIAN_POINT('',(-702.112,1216.094,80.806));
#9490=CARTESIAN_POINT('',(-702.878,1217.421,-69.295));
#9503=CARTESIAN_POINT('',(-684.973,1186.408,-210.943));
#9657=CARTESIAN_POINT('',(1117.379,168.418,0));
#9658=CARTESIAN_POINT('',(1127.008,0,41.421));
#9659=CARTESIAN_POINT('',(1130,0,0));
#9663=CARTESIAN_POINT('',(1118.237,0,82.016));
#9667=CARTESIAN_POINT('',(1104.227,0,121.119));
#9671=CARTESIAN_POINT('',(1085.68,0,158.291));
#9675=CARTESIAN_POINT('',(1118.545,0,-80.94));
#9676=CARTESIAN_POINT('',(1101.348,0,-127.64));
#9680=CARTESIAN_POINT('',(1127.088,0,-40.867));
#9687=CARTESIAN_POINT('',(-1127.008,0,41.421));
#9688=CARTESIAN_POINT('',(-1117.379,168.418,0));
#9689=CARTESIAN_POINT('',(-1130,0,0));
#9693=CARTESIAN_POINT('',(-1127.088,0,-40.867));
#9697=CARTESIAN_POINT('',(1037.447,320.01,158.291));
#9698=CARTESIAN_POINT('',(1063.308,0,193.299));
#9702=CARTESIAN_POINT('',(1037.727,0,226.039));
#9706=CARTESIAN_POINT('',(1079.797,333.073,0));
#9710=CARTESIAN_POINT('',(1018.095,490.289,0));
#9717=CARTESIAN_POINT('',(925.042,285.338,293.289));
#9718=CARTESIAN_POINT('',(1009.424,0,256.46));
#9722=CARTESIAN_POINT('',(968.05,0,293.289));
#9726=CARTESIAN_POINT('',(917.076,0,329.111));
#9730=CARTESIAN_POINT('',(867.35,0,355.002));
#9737=CARTESIAN_POINT('',(897.031,611.586,158.291));
#9738=CARTESIAN_POINT('',(933.65,636.552,0));
#9742=CARTESIAN_POINT('',(828.349,768.595,0));
#9749=CARTESIAN_POINT('',(766.079,236.304,373.797));
#9750=CARTESIAN_POINT('',(828.77,0,368.485));
#9754=CARTESIAN_POINT('',(801.696,0,373.797));
#9758=CARTESIAN_POINT('',(778.736,0,374.945));
#9765=CARTESIAN_POINT('',(719.129,221.822,371.397));
#9766=CARTESIAN_POINT('',(761.571,0,373.298));
#9770=CARTESIAN_POINT('',(746.06,0,369.514));
#9774=CARTESIAN_POINT('',(732.74,0,364.12));
#9781=CARTESIAN_POINT('',(677.847,209.088,348.285));
#9782=CARTESIAN_POINT('',(721.52,0,357.683));
#9786=CARTESIAN_POINT('',(711.197,0,349.888));
#9790=CARTESIAN_POINT('',(701.854,0,340.939));
#9794=CARTESIAN_POINT('',(693.495,0,331.064));
#9798=CARTESIAN_POINT('',(686.066,0,320.47));
#9802=CARTESIAN_POINT('',(677.458,0,305.52));
#9809=CARTESIAN_POINT('',(799.841,545.322,293.289));
#9819=CARTESIAN_POINT('',(631.068,194.659,263.609));
#9820=CARTESIAN_POINT('',(669.289,0,287.915));
#9824=CARTESIAN_POINT('',(660.409,0,263.609));
#9828=CARTESIAN_POINT('',(650.329,0,226.127));
#9835=CARTESIAN_POINT('',(676.911,848.819,158.291));
#9836=CARTESIAN_POINT('',(704.543,883.47,0));
#9840=CARTESIAN_POINT('',(565,978.609,0));
#9847=CARTESIAN_POINT('',(662.392,451.611,373.797));
#9851=CARTESIAN_POINT('',(611.772,188.707,168.791));
#9852=CARTESIAN_POINT('',(640.215,0,168.791));
#9859=CARTESIAN_POINT('',(621.797,423.934,371.397));
#9869=CARTESIAN_POINT('',(586.102,399.598,348.285));
#9876=CARTESIAN_POINT('',(603.569,756.852,293.289));
#9883=CARTESIAN_POINT('',(603.345,186.107,65.509));
#9884=CARTESIAN_POINT('',(631.396,0,65.509));
#9891=CARTESIAN_POINT('',(545.655,372.021,263.609));
#9895=CARTESIAN_POINT('',(396.644,1010.631,158.291));
#9896=CARTESIAN_POINT('',(412.835,1051.887,0));
#9900=CARTESIAN_POINT('',(251.449,1101.669,0));
#9910=CARTESIAN_POINT('',(602.757,185.926,-49.166));
#9911=CARTESIAN_POINT('',(630.781,0,-49.166));
#9918=CARTESIAN_POINT('',(499.849,626.791,373.797));
#9925=CARTESIAN_POINT('',(528.97,360.646,168.791));
#9935=CARTESIAN_POINT('',(469.215,588.378,371.397));
#9942=CARTESIAN_POINT('',(615.733,189.929,-195.843));
#9946=CARTESIAN_POINT('',(644.36,0,-195.843));
#9950=CARTESIAN_POINT('',(661.656,0,-267.424));
#9954=CARTESIAN_POINT('',(442.28,554.601,348.285));
#9961=CARTESIAN_POINT('',(353.668,901.133,293.289));
#9968=CARTESIAN_POINT('',(521.684,355.678,65.509));
#9972=CARTESIAN_POINT('',(640.8,197.661,-290.99));
#9973=CARTESIAN_POINT('',(671.566,0,-293.216));
#9977=CARTESIAN_POINT('',(685.704,0,-319.902));
#9984=CARTESIAN_POINT('',(411.758,516.328,263.609));
#9991=CARTESIAN_POINT('',(81.133,1082.645,158.291));
#9992=CARTESIAN_POINT('',(84.445,1126.84,0));
#9996=CARTESIAN_POINT('',(-84.445,1126.84,0));
#10006=CARTESIAN_POINT('',(521.175,355.331,-49.166));
#10013=CARTESIAN_POINT('',(664.568,204.992,-333.571));
#10017=CARTESIAN_POINT('',(697.758,0,-336.344));
#10021=CARTESIAN_POINT('',(709.616,0,-348.511));
#10025=CARTESIAN_POINT('',(700.944,216.213,-364.505));
#10029=CARTESIAN_POINT('',(722.109,0,-358.07));
#10033=CARTESIAN_POINT('',(733.533,0,-364.505));
#10037=CARTESIAN_POINT('',(746.865,0,-369.772));
#10041=CARTESIAN_POINT('',(761.202,0,-373.235));
#10045=CARTESIAN_POINT('',(292.892,746.278,373.797));
#10049=CARTESIAN_POINT('',(399.167,500.54,168.791));
#10056=CARTESIAN_POINT('',(741.987,228.873,-374.863));
#10060=CARTESIAN_POINT('',(775.867,0,-374.833));
#10064=CARTESIAN_POINT('',(790.62,0,-374.781));
#10068=CARTESIAN_POINT('',(805.302,0,-373.317));
#10072=CARTESIAN_POINT('',(824.609,0,-369.546));
#10076=CARTESIAN_POINT('',(845.84,0,-363.3));
#10080=CARTESIAN_POINT('',(274.942,700.541,371.397));
#10087=CARTESIAN_POINT('',(532.395,362.981,-195.843));
#10094=CARTESIAN_POINT('',(259.159,660.326,348.285));
#10101=CARTESIAN_POINT('',(72.342,965.343,293.289));
#10105=CARTESIAN_POINT('',(393.669,493.645,65.509));
#10112=CARTESIAN_POINT('',(862.769,266.129,-337.413));
#10113=CARTESIAN_POINT('',(873.261,0,-352.402));
#10117=CARTESIAN_POINT('',(902.881,0,-337.413));
#10121=CARTESIAN_POINT('',(940.389,0,-313.917));
#10125=CARTESIAN_POINT('',(979.857,0,-283.563));
#10132=CARTESIAN_POINT('',(554.07,377.758,-290.99));
#10139=CARTESIAN_POINT('',(241.274,614.757,263.609));
#10149=CARTESIAN_POINT('',(-241.587,1058.46,158.291));
#10150=CARTESIAN_POINT('',(-251.449,1101.669,0));
#10154=CARTESIAN_POINT('',(-412.835,1051.887,0));
#10161=CARTESIAN_POINT('',(393.285,493.164,-49.166));
#10171=CARTESIAN_POINT('',(574.621,391.77,-333.571));
#10178=CARTESIAN_POINT('',(606.073,413.214,-364.505));
#10185=CARTESIAN_POINT('',(59.911,799.454,373.797));
#10192=CARTESIAN_POINT('',(233.897,595.959,168.791));
#10199=CARTESIAN_POINT('',(641.561,437.409,-374.863));
#10206=CARTESIAN_POINT('',(56.239,750.459,371.397));
#10213=CARTESIAN_POINT('',(1002.517,309.236,-212.19));
#10214=CARTESIAN_POINT('',(1016.246,0,-249.576));
#10218=CARTESIAN_POINT('',(1049.127,0,-212.19));
#10222=CARTESIAN_POINT('',(1077.814,0,-171.502));
#10229=CARTESIAN_POINT('',(401.752,503.781,-195.843));
#10233=CARTESIAN_POINT('',(53.011,707.378,348.285));
#10240=CARTESIAN_POINT('',(-215.411,943.779,293.289));
#10250=CARTESIAN_POINT('',(230.675,587.75,65.509));
#10254=CARTESIAN_POINT('',(745.995,508.611,-337.413));
#10261=CARTESIAN_POINT('',(418.108,524.29,-290.99));
#10271=CARTESIAN_POINT('',(1058.449,326.488,-112.832));
#10287=CARTESIAN_POINT('',(49.352,658.562,263.609));
#10294=CARTESIAN_POINT('',(-542.84,940.227,158.291));
#10295=CARTESIAN_POINT('',(-565,978.609,0));
#10299=CARTESIAN_POINT('',(-704.543,883.47,0));
#10306=CARTESIAN_POINT('',(230.45,587.177,-49.166));
#10313=CARTESIAN_POINT('',(433.616,543.737,-333.571));
#10317=CARTESIAN_POINT('',(457.35,573.499,-364.505));
#10327=CARTESIAN_POINT('',(-178.394,781.596,373.797));
#10334=CARTESIAN_POINT('',(47.843,638.424,168.791));
#10341=CARTESIAN_POINT('',(484.13,607.079,-374.863));
#10345=CARTESIAN_POINT('',(-167.461,733.695,371.397));
#10349=CARTESIAN_POINT('',(866.829,590.994,-212.19));
#10356=CARTESIAN_POINT('',(235.411,599.818,-195.843));
#10366=CARTESIAN_POINT('',(-157.848,691.577,348.285));
#10373=CARTESIAN_POINT('',(-484.025,838.356,293.289));
#10380=CARTESIAN_POINT('',(47.184,629.63,65.509));
#10387=CARTESIAN_POINT('',(562.937,705.901,-337.413));
#10397=CARTESIAN_POINT('',(244.995,624.237,-290.99));
#10404=CARTESIAN_POINT('',(915.191,623.967,-112.832));
#10420=CARTESIAN_POINT('',(-146.955,643.851,263.609));
#10427=CARTESIAN_POINT('',(-795.86,738.45,158.291));
#10431=CARTESIAN_POINT('',(-828.349,768.595,0));
#10435=CARTESIAN_POINT('',(-933.65,636.552,0));
#10442=CARTESIAN_POINT('',(47.138,629.017,-49.166));
#10449=CARTESIAN_POINT('',(254.082,647.391,-333.571));
#10456=CARTESIAN_POINT('',(267.99,682.826,-364.505));
#10463=CARTESIAN_POINT('',(-400.848,694.289,373.797));
#10470=CARTESIAN_POINT('',(-142.461,624.163,168.791));
#10477=CARTESIAN_POINT('',(283.681,722.808,-374.863));
#10481=CARTESIAN_POINT('',(-376.282,651.739,371.397));
#10488=CARTESIAN_POINT('',(654.12,820.241,-212.19));
#10492=CARTESIAN_POINT('',(48.153,642.558,-195.843));
#10502=CARTESIAN_POINT('',(-354.681,614.325,348.285));
#10509=CARTESIAN_POINT('',(-709.631,658.441,293.289));
#10513=CARTESIAN_POINT('',(-140.499,615.565,65.509));
#10520=CARTESIAN_POINT('',(329.86,840.468,-337.413));
#10530=CARTESIAN_POINT('',(50.113,668.717,-290.99));
#10534=CARTESIAN_POINT('',(690.614,866.003,-112.832));
#10550=CARTESIAN_POINT('',(-330.204,571.931,263.609));
#10557=CARTESIAN_POINT('',(-978.164,471.059,158.291));
#10558=CARTESIAN_POINT('',(-1018.095,490.289,0));
#10562=CARTESIAN_POINT('',(-1079.797,333.073,0));
#10572=CARTESIAN_POINT('',(-140.362,614.966,-49.166));
#10582=CARTESIAN_POINT('',(51.972,693.521,-333.571));
#10589=CARTESIAN_POINT('',(54.817,731.482,-364.505));
#10599=CARTESIAN_POINT('',(-587.685,545.292,373.797));
#10606=CARTESIAN_POINT('',(-320.107,554.442,168.791));
#10616=CARTESIAN_POINT('',(58.027,774.312,-374.863));
#10623=CARTESIAN_POINT('',(-551.668,511.873,371.397));
#10633=CARTESIAN_POINT('',(383.289,976.605,-212.19));
#10637=CARTESIAN_POINT('',(-143.384,628.205,-195.843));
#10641=CARTESIAN_POINT('',(-519.999,482.489,348.285));
#10645=CARTESIAN_POINT('',(-872.183,420.021,293.289));
#10646=CARTESIAN_POINT('',(-1009.424,0,256.46));
#10647=CARTESIAN_POINT('',(-968.05,0,293.289));
#10651=CARTESIAN_POINT('',(-917.076,0,329.111));
#10655=CARTESIAN_POINT('',(-867.35,0,355.002));
#10662=CARTESIAN_POINT('',(-315.698,546.805,65.509));
#10669=CARTESIAN_POINT('',(67.472,900.357,-337.413));
#10673=CARTESIAN_POINT('',(-149.221,653.779,-290.99));
#10683=CARTESIAN_POINT('',(404.673,1031.091,-112.832));
#10699=CARTESIAN_POINT('',(-484.114,449.192,263.609));
#10709=CARTESIAN_POINT('',(-315.39,546.272,-49.166));
#10713=CARTESIAN_POINT('',(-154.756,678.029,-333.571));
#10717=CARTESIAN_POINT('',(-163.226,715.142,-364.505));
#10724=CARTESIAN_POINT('',(-722.303,347.843,373.797));
#10728=CARTESIAN_POINT('',(-828.77,0,368.485));
#10735=CARTESIAN_POINT('',(-801.696,0,373.797));
#10739=CARTESIAN_POINT('',(-778.736,0,374.945));
#10746=CARTESIAN_POINT('',(-469.31,435.457,168.791));
#10753=CARTESIAN_POINT('',(-172.784,757.016,-374.863));
#10760=CARTESIAN_POINT('',(-678.036,326.525,371.397));
#10764=CARTESIAN_POINT('',(-761.571,0,373.298));
#10768=CARTESIAN_POINT('',(-746.06,0,369.514));
#10772=CARTESIAN_POINT('',(-732.74,0,364.12));
#10785=CARTESIAN_POINT('',(78.401,1046.193,-212.19));
#10792=CARTESIAN_POINT('',(-322.18,558.032,-195.843));
#10802=CARTESIAN_POINT('',(-639.113,307.781,348.285));
#10806=CARTESIAN_POINT('',(-721.52,0,357.683));
#10810=CARTESIAN_POINT('',(-711.197,0,349.888));
#10814=CARTESIAN_POINT('',(-701.854,0,340.939));
#10818=CARTESIAN_POINT('',(-693.495,0,331.064));
#10822=CARTESIAN_POINT('',(-686.066,0,320.47));
#10826=CARTESIAN_POINT('',(-677.458,0,305.52));
#10833=CARTESIAN_POINT('',(-462.846,429.458,65.509));
#10837=CARTESIAN_POINT('',(-200.91,880.244,-337.413));
#10847=CARTESIAN_POINT('',(-335.296,580.75,-290.99));
#10851=CARTESIAN_POINT('',(82.775,1104.562,-112.832));
#10867=CARTESIAN_POINT('',(-595.008,286.541,263.609));
#10871=CARTESIAN_POINT('',(-669.289,0,287.915));
#10875=CARTESIAN_POINT('',(-660.409,0,263.609));
#10879=CARTESIAN_POINT('',(-650.329,0,226.127));
#10892=CARTESIAN_POINT('',(-462.395,429.04,-49.166));
#10902=CARTESIAN_POINT('',(-347.733,602.291,-333.571));
#10912=CARTESIAN_POINT('',(-366.766,635.258,-364.505));
#10916=CARTESIAN_POINT('',(-576.813,277.779,168.791));
#10920=CARTESIAN_POINT('',(-640.215,0,168.791));
#10924=CARTESIAN_POINT('',(-631.396,0,65.509));
#10934=CARTESIAN_POINT('',(-388.242,672.455,-374.863));
#10941=CARTESIAN_POINT('',(-233.453,1022.823,-212.19));
#10945=CARTESIAN_POINT('',(-472.349,438.276,-195.843));
#10949=CARTESIAN_POINT('',(-568.868,273.952,65.509));
#10956=CARTESIAN_POINT('',(-451.441,781.918,-337.413));
#10963=CARTESIAN_POINT('',(-491.579,456.119,-290.99));
#10973=CARTESIAN_POINT('',(-246.477,1079.888,-112.832));
#10989=CARTESIAN_POINT('',(-568.314,273.685,-49.166));
#10996=CARTESIAN_POINT('',(-630.781,0,-49.166));
#11003=CARTESIAN_POINT('',(-509.813,473.037,-333.571));
#11010=CARTESIAN_POINT('',(-537.718,498.929,-364.505));
#11017=CARTESIAN_POINT('',(-569.203,528.143,-374.863));
#11021=CARTESIAN_POINT('',(-524.564,908.571,-212.19));
#11031=CARTESIAN_POINT('',(-580.548,279.577,-195.843));
#11038=CARTESIAN_POINT('',(-644.36,0,-195.843));
#11042=CARTESIAN_POINT('',(-661.656,0,-267.424));
#11052=CARTESIAN_POINT('',(-661.859,614.115,-337.413));
#11059=CARTESIAN_POINT('',(-604.183,290.959,-290.99));
#11066=CARTESIAN_POINT('',(-671.566,0,-293.216));
#11070=CARTESIAN_POINT('',(-685.704,0,-319.902));
#11074=CARTESIAN_POINT('',(-553.83,959.261,-112.832));
#11087=CARTESIAN_POINT('',(-626.593,301.751,-333.571));
#11091=CARTESIAN_POINT('',(-697.758,0,-336.344));
#11095=CARTESIAN_POINT('',(-709.616,0,-348.511));
#11105=CARTESIAN_POINT('',(-660.89,318.268,-364.505));
#11112=CARTESIAN_POINT('',(-722.109,0,-358.07));
#11116=CARTESIAN_POINT('',(-733.533,0,-364.505));
#11120=CARTESIAN_POINT('',(-746.865,0,-369.772));
#11124=CARTESIAN_POINT('',(-761.202,0,-373.235));
#11131=CARTESIAN_POINT('',(-699.588,336.904,-374.863));
#11141=CARTESIAN_POINT('',(-775.867,0,-374.833));
#11145=CARTESIAN_POINT('',(-790.62,0,-374.781));
#11149=CARTESIAN_POINT('',(-805.302,0,-373.317));
#11153=CARTESIAN_POINT('',(-824.609,0,-369.546));
#11157=CARTESIAN_POINT('',(-845.84,0,-363.3));
#11161=CARTESIAN_POINT('',(-769.065,713.588,-212.19));
#11168=CARTESIAN_POINT('',(-813.468,391.745,-337.413));
#11172=CARTESIAN_POINT('',(-873.261,0,-352.402));
#11176=CARTESIAN_POINT('',(-902.881,0,-337.413));
#11180=CARTESIAN_POINT('',(-940.389,0,-313.917));
#11184=CARTESIAN_POINT('',(-979.857,0,-283.563));
#11197=CARTESIAN_POINT('',(-811.972,753.4,-112.832));
#11213=CARTESIAN_POINT('',(-945.231,455.199,-212.19));
#11220=CARTESIAN_POINT('',(-1016.246,0,-249.576));
#11224=CARTESIAN_POINT('',(-997.966,480.595,-112.832));
#11237=CARTESIAN_POINT('',(-1099.426,165.712,101.787));
#11244=CARTESIAN_POINT('',(-1063.308,0,193.299));
#11245=CARTESIAN_POINT('',(-1037.727,0,226.039));
#11258=CARTESIAN_POINT('',(-1108.736,83.088,101.787));
#11262=CARTESIAN_POINT('',(-1118.237,0,82.016));
#11266=CARTESIAN_POINT('',(-1104.227,0,121.119));
#11270=CARTESIAN_POINT('',(-1085.68,0,158.291));
#11283=CARTESIAN_POINT('',(-1031.091,404.673,-112.832));
#11293=CARTESIAN_POINT('',(-1103.556,166.334,-89.378));
#11306=CARTESIAN_POINT('',(-1049.127,0,-212.19));
#11310=CARTESIAN_POINT('',(-1077.814,0,-171.502));
#11314=CARTESIAN_POINT('',(-1101.348,0,-127.64));
#11318=CARTESIAN_POINT('',(-1118.545,0,-80.94));
#23=POLY_LOOP('',(#20,#21,#22));
#24=FACE_OUTER_BOUND('',#23,.T.);
#25=FACETED_PRIMITIVE_FACE('',(#24));
#28=POLY_LOOP('',(#26,#20,#27));
#29=FACE_OUTER_BOUND('',#28,.T.);
#30=FACETED_PRIMITIVE_FACE('',(#29));
#31=POLY_LOOP('',(#26,#21,#20));
#32=FACE_OUTER_BOUND('',#31,.T.);
#33=FACETED_PRIMITIVE_FACE('',(#32));
#37=POLY_LOOP('',(#34,#35,#36));
#38=FACE_OUTER_BOUND('',#37,.T.);
#39=FACETED_PRIMITIVE_FACE('',(#38));
#42=POLY_LOOP('',(#40,#26,#41));
#43=FACE_OUTER_BOUND('',#42,.T.);
#44=FACETED_PRIMITIVE_FACE('',(#43));
#45=POLY_LOOP('',(#40,#41,#35));
#46=FACE_OUTER_BOUND('',#45,.T.);
#47=FACETED_PRIMITIVE_FACE('',(#46));
#48=POLY_LOOP('',(#40,#35,#34));
#49=FACE_OUTER_BOUND('',#48,.T.);
#50=FACETED_PRIMITIVE_FACE('',(#49));
#54=POLY_LOOP('',(#51,#52,#53));
#55=FACE_OUTER_BOUND('',#54,.T.);
#56=FACETED_PRIMITIVE_FACE('',(#55));
#57=POLY_LOOP('',(#51,#53,#21));
#58=FACE_OUTER_BOUND('',#57,.T.);
#59=FACETED_PRIMITIVE_FACE('',(#58));
#62=POLY_LOOP('',(#51,#60,#61));
#63=FACE_OUTER_BOUND('',#62,.T.);
#64=FACETED_PRIMITIVE_FACE('',(#63));
#65=POLY_LOOP('',(#51,#61,#52));
#66=FACE_OUTER_BOUND('',#65,.T.);
#67=FACETED_PRIMITIVE_FACE('',(#66));
#70=POLY_LOOP('',(#68,#40,#69));
#71=FACE_OUTER_BOUND('',#70,.T.);
#72=FACETED_PRIMITIVE_FACE('',(#71));
#73=POLY_LOOP('',(#68,#21,#26));
#74=FACE_OUTER_BOUND('',#73,.T.);
#75=FACETED_PRIMITIVE_FACE('',(#74));
#76=POLY_LOOP('',(#68,#26,#40));
#77=FACE_OUTER_BOUND('',#76,.T.);
#78=FACETED_PRIMITIVE_FACE('',(#77));
#81=POLY_LOOP('',(#79,#80,#51));
#82=FACE_OUTER_BOUND('',#81,.T.);
#83=FACETED_PRIMITIVE_FACE('',(#82));
#84=POLY_LOOP('',(#79,#51,#21));
#85=FACE_OUTER_BOUND('',#84,.T.);
#86=FACETED_PRIMITIVE_FACE('',(#85));
#89=POLY_LOOP('',(#87,#68,#88));
#90=FACE_OUTER_BOUND('',#89,.T.);
#91=FACETED_PRIMITIVE_FACE('',(#90));
#93=POLY_LOOP('',(#87,#88,#92));
#94=FACE_OUTER_BOUND('',#93,.T.);
#95=FACETED_PRIMITIVE_FACE('',(#94));
#96=POLY_LOOP('',(#87,#21,#68));
#97=FACE_OUTER_BOUND('',#96,.T.);
#98=FACETED_PRIMITIVE_FACE('',(#97));
#99=POLY_LOOP('',(#87,#79,#21));
#100=FACE_OUTER_BOUND('',#99,.T.);
#101=FACETED_PRIMITIVE_FACE('',(#100));
#104=POLY_LOOP('',(#52,#102,#103));
#105=FACE_OUTER_BOUND('',#104,.T.);
#106=FACETED_PRIMITIVE_FACE('',(#105));
#107=POLY_LOOP('',(#52,#61,#102));
#108=FACE_OUTER_BOUND('',#107,.T.);
#109=FACETED_PRIMITIVE_FACE('',(#108));
#113=POLY_LOOP('',(#110,#111,#112));
#114=FACE_OUTER_BOUND('',#113,.T.);
#115=FACETED_PRIMITIVE_FACE('',(#114));
#119=POLY_LOOP('',(#116,#117,#118));
#120=FACE_OUTER_BOUND('',#119,.T.);
#121=FACETED_PRIMITIVE_FACE('',(#120));
#123=POLY_LOOP('',(#116,#122,#117));
#124=FACE_OUTER_BOUND('',#123,.T.);
#125=FACETED_PRIMITIVE_FACE('',(#124));
#127=POLY_LOOP('',(#126,#110,#122));
#128=FACE_OUTER_BOUND('',#127,.T.);
#129=FACETED_PRIMITIVE_FACE('',(#128));
#130=POLY_LOOP('',(#126,#122,#116));
#131=FACE_OUTER_BOUND('',#130,.T.);
#132=FACETED_PRIMITIVE_FACE('',(#131));
#135=POLY_LOOP('',(#133,#126,#134));
#136=FACE_OUTER_BOUND('',#135,.T.);
#137=FACETED_PRIMITIVE_FACE('',(#136));
#139=POLY_LOOP('',(#138,#126,#133));
#140=FACE_OUTER_BOUND('',#139,.T.);
#141=FACETED_PRIMITIVE_FACE('',(#140));
#143=POLY_LOOP('',(#142,#102,#111));
#144=FACE_OUTER_BOUND('',#143,.T.);
#145=FACETED_PRIMITIVE_FACE('',(#144));
#146=POLY_LOOP('',(#142,#103,#102));
#147=FACE_OUTER_BOUND('',#146,.T.);
#148=FACETED_PRIMITIVE_FACE('',(#147));
#151=POLY_LOOP('',(#149,#138,#150));
#152=FACE_OUTER_BOUND('',#151,.T.);
#153=FACETED_PRIMITIVE_FACE('',(#152));
#156=POLY_LOOP('',(#154,#155,#142));
#157=FACE_OUTER_BOUND('',#156,.T.);
#158=FACETED_PRIMITIVE_FACE('',(#157));
#159=POLY_LOOP('',(#154,#142,#111));
#160=FACE_OUTER_BOUND('',#159,.T.);
#161=FACETED_PRIMITIVE_FACE('',(#160));
#163=POLY_LOOP('',(#162,#138,#149));
#164=FACE_OUTER_BOUND('',#163,.T.);
#165=FACETED_PRIMITIVE_FACE('',(#164));
#167=POLY_LOOP('',(#166,#111,#110));
#168=FACE_OUTER_BOUND('',#167,.T.);
#169=FACETED_PRIMITIVE_FACE('',(#168));
#170=POLY_LOOP('',(#166,#154,#111));
#171=FACE_OUTER_BOUND('',#170,.T.);
#172=FACETED_PRIMITIVE_FACE('',(#171));
#174=POLY_LOOP('',(#173,#110,#126));
#175=FACE_OUTER_BOUND('',#174,.T.);
#176=FACETED_PRIMITIVE_FACE('',(#175));
#177=POLY_LOOP('',(#173,#126,#138));
#178=FACE_OUTER_BOUND('',#177,.T.);
#179=FACETED_PRIMITIVE_FACE('',(#178));
#180=POLY_LOOP('',(#173,#166,#110));
#181=FACE_OUTER_BOUND('',#180,.T.);
#182=FACETED_PRIMITIVE_FACE('',(#181));
#183=POLY_LOOP('',(#173,#138,#162));
#184=FACE_OUTER_BOUND('',#183,.T.);
#185=FACETED_PRIMITIVE_FACE('',(#184));
#187=POLY_LOOP('',(#186,#166,#173));
#188=FACE_OUTER_BOUND('',#187,.T.);
#189=FACETED_PRIMITIVE_FACE('',(#188));
#190=POLY_LOOP('',(#142,#53,#52));
#191=FACE_OUTER_BOUND('',#190,.T.);
#192=FACETED_PRIMITIVE_FACE('',(#191));
#193=POLY_LOOP('',(#142,#52,#103));
#194=FACE_OUTER_BOUND('',#193,.T.);
#195=FACETED_PRIMITIVE_FACE('',(#194));
#196=POLY_LOOP('',(#155,#21,#53));
#197=FACE_OUTER_BOUND('',#196,.T.);
#198=FACETED_PRIMITIVE_FACE('',(#197));
#199=POLY_LOOP('',(#155,#22,#21));
#200=FACE_OUTER_BOUND('',#199,.T.);
#201=FACETED_PRIMITIVE_FACE('',(#200));
#202=POLY_LOOP('',(#155,#53,#142));
#203=FACE_OUTER_BOUND('',#202,.T.);
#204=FACETED_PRIMITIVE_FACE('',(#203));
#205=POLY_LOOP('',(#154,#22,#155));
#206=FACE_OUTER_BOUND('',#205,.T.);
#207=FACETED_PRIMITIVE_FACE('',(#206));
#208=POLY_LOOP('',(#166,#20,#22));
#209=FACE_OUTER_BOUND('',#208,.T.);
#210=FACETED_PRIMITIVE_FACE('',(#209));
#211=POLY_LOOP('',(#166,#22,#154));
#212=FACE_OUTER_BOUND('',#211,.T.);
#213=FACETED_PRIMITIVE_FACE('',(#212));
#214=POLY_LOOP('',(#186,#27,#20));
#215=FACE_OUTER_BOUND('',#214,.T.);
#216=FACETED_PRIMITIVE_FACE('',(#215));
#217=POLY_LOOP('',(#186,#26,#27));
#218=FACE_OUTER_BOUND('',#217,.T.);
#219=FACETED_PRIMITIVE_FACE('',(#218));
#220=POLY_LOOP('',(#186,#20,#166));
#221=FACE_OUTER_BOUND('',#220,.T.);
#222=FACETED_PRIMITIVE_FACE('',(#221));
#223=POLY_LOOP('',(#173,#26,#186));
#224=FACE_OUTER_BOUND('',#223,.T.);
#225=FACETED_PRIMITIVE_FACE('',(#224));
#226=POLY_LOOP('',(#162,#41,#26));
#227=FACE_OUTER_BOUND('',#226,.T.);
#228=FACETED_PRIMITIVE_FACE('',(#227));
#229=POLY_LOOP('',(#162,#26,#173));
#230=FACE_OUTER_BOUND('',#229,.T.);
#231=FACETED_PRIMITIVE_FACE('',(#230));
#232=POLY_LOOP('',(#149,#35,#41));
#233=FACE_OUTER_BOUND('',#232,.T.);
#234=FACETED_PRIMITIVE_FACE('',(#233));
#235=POLY_LOOP('',(#149,#41,#162));
#236=FACE_OUTER_BOUND('',#235,.T.);
#237=FACETED_PRIMITIVE_FACE('',(#236));
#238=POLY_LOOP('',(#150,#36,#35));
#239=FACE_OUTER_BOUND('',#238,.T.);
#240=FACETED_PRIMITIVE_FACE('',(#239));
#241=POLY_LOOP('',(#150,#35,#149));
#242=FACE_OUTER_BOUND('',#241,.T.);
#243=FACETED_PRIMITIVE_FACE('',(#242));
#244=POLY_LOOP('',(#138,#34,#36));
#245=FACE_OUTER_BOUND('',#244,.T.);
#246=FACETED_PRIMITIVE_FACE('',(#245));
#247=POLY_LOOP('',(#138,#36,#150));
#248=FACE_OUTER_BOUND('',#247,.T.);
#249=FACETED_PRIMITIVE_FACE('',(#248));
#250=POLY_LOOP('',(#133,#40,#34));
#251=FACE_OUTER_BOUND('',#250,.T.);
#252=FACETED_PRIMITIVE_FACE('',(#251));
#253=POLY_LOOP('',(#133,#69,#40));
#254=FACE_OUTER_BOUND('',#253,.T.);
#255=FACETED_PRIMITIVE_FACE('',(#254));
#256=POLY_LOOP('',(#133,#34,#138));
#257=FACE_OUTER_BOUND('',#256,.T.);
#258=FACETED_PRIMITIVE_FACE('',(#257));
#259=POLY_LOOP('',(#134,#69,#133));
#260=FACE_OUTER_BOUND('',#259,.T.);
#261=FACETED_PRIMITIVE_FACE('',(#260));
#262=POLY_LOOP('',(#126,#69,#134));
#263=FACE_OUTER_BOUND('',#262,.T.);
#264=FACETED_PRIMITIVE_FACE('',(#263));
#265=POLY_LOOP('',(#126,#68,#69));
#266=FACE_OUTER_BOUND('',#265,.T.);
#267=FACETED_PRIMITIVE_FACE('',(#266));
#268=POLY_LOOP('',(#116,#68,#126));
#269=FACE_OUTER_BOUND('',#268,.T.);
#270=FACETED_PRIMITIVE_FACE('',(#269));
#271=POLY_LOOP('',(#116,#88,#68));
#272=FACE_OUTER_BOUND('',#271,.T.);
#273=FACETED_PRIMITIVE_FACE('',(#272));
#274=POLY_LOOP('',(#118,#88,#116));
#275=FACE_OUTER_BOUND('',#274,.T.);
#276=FACETED_PRIMITIVE_FACE('',(#275));
#277=POLY_LOOP('',(#118,#92,#88));
#278=FACE_OUTER_BOUND('',#277,.T.);
#279=FACETED_PRIMITIVE_FACE('',(#278));
#280=POLY_LOOP('',(#117,#92,#118));
#281=FACE_OUTER_BOUND('',#280,.T.);
#282=FACETED_PRIMITIVE_FACE('',(#281));
#283=POLY_LOOP('',(#117,#87,#92));
#284=FACE_OUTER_BOUND('',#283,.T.);
#285=FACETED_PRIMITIVE_FACE('',(#284));
#286=POLY_LOOP('',(#122,#87,#117));
#287=FACE_OUTER_BOUND('',#286,.T.);
#288=FACETED_PRIMITIVE_FACE('',(#287));
#289=POLY_LOOP('',(#122,#79,#87));
#290=FACE_OUTER_BOUND('',#289,.T.);
#291=FACETED_PRIMITIVE_FACE('',(#290));
#292=POLY_LOOP('',(#110,#80,#79));
#293=FACE_OUTER_BOUND('',#292,.T.);
#294=FACETED_PRIMITIVE_FACE('',(#293));
#295=POLY_LOOP('',(#110,#79,#122));
#296=FACE_OUTER_BOUND('',#295,.T.);
#297=FACETED_PRIMITIVE_FACE('',(#296));
#298=POLY_LOOP('',(#112,#51,#80));
#299=FACE_OUTER_BOUND('',#298,.T.);
#300=FACETED_PRIMITIVE_FACE('',(#299));
#301=POLY_LOOP('',(#112,#80,#110));
#302=FACE_OUTER_BOUND('',#301,.T.);
#303=FACETED_PRIMITIVE_FACE('',(#302));
#304=POLY_LOOP('',(#111,#60,#51));
#305=FACE_OUTER_BOUND('',#304,.T.);
#306=FACETED_PRIMITIVE_FACE('',(#305));
#307=POLY_LOOP('',(#111,#51,#112));
#308=FACE_OUTER_BOUND('',#307,.T.);
#309=FACETED_PRIMITIVE_FACE('',(#308));
#310=POLY_LOOP('',(#102,#61,#60));
#311=FACE_OUTER_BOUND('',#310,.T.);
#312=FACETED_PRIMITIVE_FACE('',(#311));
#313=POLY_LOOP('',(#102,#60,#111));
#314=FACE_OUTER_BOUND('',#313,.T.);
#315=FACETED_PRIMITIVE_FACE('',(#314));
#319=POLY_LOOP('',(#316,#317,#318));
#320=FACE_OUTER_BOUND('',#319,.T.);
#321=FACETED_PRIMITIVE_FACE('',(#320));
#324=POLY_LOOP('',(#322,#318,#323));
#325=FACE_OUTER_BOUND('',#324,.T.);
#326=FACETED_PRIMITIVE_FACE('',(#325));
#327=POLY_LOOP('',(#322,#316,#318));
#328=FACE_OUTER_BOUND('',#327,.T.);
#329=FACETED_PRIMITIVE_FACE('',(#328));
#332=POLY_LOOP('',(#330,#323,#331));
#333=FACE_OUTER_BOUND('',#332,.T.);
#334=FACETED_PRIMITIVE_FACE('',(#333));
#335=POLY_LOOP('',(#330,#322,#323));
#336=FACE_OUTER_BOUND('',#335,.T.);
#337=FACETED_PRIMITIVE_FACE('',(#336));
#340=POLY_LOOP('',(#338,#331,#339));
#341=FACE_OUTER_BOUND('',#340,.T.);
#342=FACETED_PRIMITIVE_FACE('',(#341));
#343=POLY_LOOP('',(#338,#330,#331));
#344=FACE_OUTER_BOUND('',#343,.T.);
#345=FACETED_PRIMITIVE_FACE('',(#344));
#347=POLY_LOOP('',(#346,#338,#339));
#348=FACE_OUTER_BOUND('',#347,.T.);
#349=FACETED_PRIMITIVE_FACE('',(#348));
#351=POLY_LOOP('',(#350,#346,#339));
#352=FACE_OUTER_BOUND('',#351,.T.);
#353=FACETED_PRIMITIVE_FACE('',(#352));
#355=POLY_LOOP('',(#354,#346,#350));
#356=FACE_OUTER_BOUND('',#355,.T.);
#357=FACETED_PRIMITIVE_FACE('',(#356));
#360=POLY_LOOP('',(#358,#359,#354));
#361=FACE_OUTER_BOUND('',#360,.T.);
#362=FACETED_PRIMITIVE_FACE('',(#361));
#363=POLY_LOOP('',(#358,#354,#350));
#364=FACE_OUTER_BOUND('',#363,.T.);
#365=FACETED_PRIMITIVE_FACE('',(#364));
#368=POLY_LOOP('',(#366,#367,#359));
#369=FACE_OUTER_BOUND('',#368,.T.);
#370=FACETED_PRIMITIVE_FACE('',(#369));
#371=POLY_LOOP('',(#366,#359,#358));
#372=FACE_OUTER_BOUND('',#371,.T.);
#373=FACETED_PRIMITIVE_FACE('',(#372));
#376=POLY_LOOP('',(#374,#375,#367));
#377=FACE_OUTER_BOUND('',#376,.T.);
#378=FACETED_PRIMITIVE_FACE('',(#377));
#379=POLY_LOOP('',(#374,#367,#366));
#380=FACE_OUTER_BOUND('',#379,.T.);
#381=FACETED_PRIMITIVE_FACE('',(#380));
#383=POLY_LOOP('',(#382,#375,#374));
#384=FACE_OUTER_BOUND('',#383,.T.);
#385=FACETED_PRIMITIVE_FACE('',(#384));
#388=POLY_LOOP('',(#382,#386,#387));
#389=FACE_OUTER_BOUND('',#388,.T.);
#390=FACETED_PRIMITIVE_FACE('',(#389));
#391=POLY_LOOP('',(#382,#387,#375));
#392=FACE_OUTER_BOUND('',#391,.T.);
#393=FACETED_PRIMITIVE_FACE('',(#392));
#395=POLY_LOOP('',(#394,#386,#382));
#396=FACE_OUTER_BOUND('',#395,.T.);
#397=FACETED_PRIMITIVE_FACE('',(#396));
#399=POLY_LOOP('',(#394,#398,#386));
#400=FACE_OUTER_BOUND('',#399,.T.);
#401=FACETED_PRIMITIVE_FACE('',(#400));
#403=POLY_LOOP('',(#402,#398,#394));
#404=FACE_OUTER_BOUND('',#403,.T.);
#405=FACETED_PRIMITIVE_FACE('',(#404));
#409=POLY_LOOP('',(#406,#407,#408));
#410=FACE_OUTER_BOUND('',#409,.T.);
#411=FACETED_PRIMITIVE_FACE('',(#410));
#413=POLY_LOOP('',(#406,#412,#407));
#414=FACE_OUTER_BOUND('',#413,.T.);
#415=FACETED_PRIMITIVE_FACE('',(#414));
#418=POLY_LOOP('',(#416,#417,#398));
#419=FACE_OUTER_BOUND('',#418,.T.);
#420=FACETED_PRIMITIVE_FACE('',(#419));
#421=POLY_LOOP('',(#416,#398,#402));
#422=FACE_OUTER_BOUND('',#421,.T.);
#423=FACETED_PRIMITIVE_FACE('',(#422));
#426=POLY_LOOP('',(#424,#408,#425));
#427=FACE_OUTER_BOUND('',#426,.T.);
#428=FACETED_PRIMITIVE_FACE('',(#427));
#429=POLY_LOOP('',(#424,#406,#408));
#430=FACE_OUTER_BOUND('',#429,.T.);
#431=FACETED_PRIMITIVE_FACE('',(#430));
#433=POLY_LOOP('',(#432,#417,#416));
#434=FACE_OUTER_BOUND('',#433,.T.);
#435=FACETED_PRIMITIVE_FACE('',(#434));
#438=POLY_LOOP('',(#432,#436,#437));
#439=FACE_OUTER_BOUND('',#438,.T.);
#440=FACETED_PRIMITIVE_FACE('',(#439));
#441=POLY_LOOP('',(#432,#437,#417));
#442=FACE_OUTER_BOUND('',#441,.T.);
#443=FACETED_PRIMITIVE_FACE('',(#442));
#445=POLY_LOOP('',(#444,#424,#425));
#446=FACE_OUTER_BOUND('',#445,.T.);
#447=FACETED_PRIMITIVE_FACE('',(#446));
#449=POLY_LOOP('',(#444,#425,#448));
#450=FACE_OUTER_BOUND('',#449,.T.);
#451=FACETED_PRIMITIVE_FACE('',(#450));
#453=POLY_LOOP('',(#452,#436,#432));
#454=FACE_OUTER_BOUND('',#453,.T.);
#455=FACETED_PRIMITIVE_FACE('',(#454));
#458=POLY_LOOP('',(#456,#448,#457));
#459=FACE_OUTER_BOUND('',#458,.T.);
#460=FACETED_PRIMITIVE_FACE('',(#459));
#462=POLY_LOOP('',(#456,#457,#461));
#463=FACE_OUTER_BOUND('',#462,.T.);
#464=FACETED_PRIMITIVE_FACE('',(#463));
#465=POLY_LOOP('',(#456,#444,#448));
#466=FACE_OUTER_BOUND('',#465,.T.);
#467=FACETED_PRIMITIVE_FACE('',(#466));
#470=POLY_LOOP('',(#468,#469,#436));
#471=FACE_OUTER_BOUND('',#470,.T.);
#472=FACETED_PRIMITIVE_FACE('',(#471));
#473=POLY_LOOP('',(#468,#436,#452));
#474=FACE_OUTER_BOUND('',#473,.T.);
#475=FACETED_PRIMITIVE_FACE('',(#474));
#477=POLY_LOOP('',(#476,#461,#469));
#478=FACE_OUTER_BOUND('',#477,.T.);
#479=FACETED_PRIMITIVE_FACE('',(#478));
#480=POLY_LOOP('',(#476,#469,#468));
#481=FACE_OUTER_BOUND('',#480,.T.);
#482=FACETED_PRIMITIVE_FACE('',(#481));
#483=POLY_LOOP('',(#476,#456,#461));
#484=FACE_OUTER_BOUND('',#483,.T.);
#485=FACETED_PRIMITIVE_FACE('',(#484));
#487=POLY_LOOP('',(#318,#317,#486));
#488=FACE_OUTER_BOUND('',#487,.T.);
#489=FACETED_PRIMITIVE_FACE('',(#488));
#491=POLY_LOOP('',(#318,#486,#490));
#492=FACE_OUTER_BOUND('',#491,.T.);
#493=FACETED_PRIMITIVE_FACE('',(#492));
#495=POLY_LOOP('',(#318,#490,#494));
#496=FACE_OUTER_BOUND('',#495,.T.);
#497=FACETED_PRIMITIVE_FACE('',(#496));
#499=POLY_LOOP('',(#498,#318,#494));
#500=FACE_OUTER_BOUND('',#499,.T.);
#501=FACETED_PRIMITIVE_FACE('',(#500));
#505=POLY_LOOP('',(#502,#503,#504));
#506=FACE_OUTER_BOUND('',#505,.T.);
#507=FACETED_PRIMITIVE_FACE('',(#506));
#509=POLY_LOOP('',(#502,#504,#508));
#510=FACE_OUTER_BOUND('',#509,.T.);
#511=FACETED_PRIMITIVE_FACE('',(#510));
#513=POLY_LOOP('',(#502,#508,#512));
#514=FACE_OUTER_BOUND('',#513,.T.);
#515=FACETED_PRIMITIVE_FACE('',(#514));
#517=POLY_LOOP('',(#502,#512,#516));
#518=FACE_OUTER_BOUND('',#517,.T.);
#519=FACETED_PRIMITIVE_FACE('',(#518));
#521=POLY_LOOP('',(#520,#412,#406));
#522=FACE_OUTER_BOUND('',#521,.T.);
#523=FACETED_PRIMITIVE_FACE('',(#522));
#525=POLY_LOOP('',(#524,#520,#406));
#526=FACE_OUTER_BOUND('',#525,.T.);
#527=FACETED_PRIMITIVE_FACE('',(#526));
#529=POLY_LOOP('',(#528,#524,#406));
#530=FACE_OUTER_BOUND('',#529,.T.);
#531=FACETED_PRIMITIVE_FACE('',(#530));
#533=POLY_LOOP('',(#532,#528,#406));
#534=FACE_OUTER_BOUND('',#533,.T.);
#535=FACETED_PRIMITIVE_FACE('',(#534));
#537=POLY_LOOP('',(#536,#406,#424));
#538=FACE_OUTER_BOUND('',#537,.T.);
#539=FACETED_PRIMITIVE_FACE('',(#538));
#540=POLY_LOOP('',(#536,#532,#406));
#541=FACE_OUTER_BOUND('',#540,.T.);
#542=FACETED_PRIMITIVE_FACE('',(#541));
#546=POLY_LOOP('',(#543,#544,#545));
#547=FACE_OUTER_BOUND('',#546,.T.);
#548=FACETED_PRIMITIVE_FACE('',(#547));
#550=POLY_LOOP('',(#549,#544,#543));
#551=FACE_OUTER_BOUND('',#550,.T.);
#552=FACETED_PRIMITIVE_FACE('',(#551));
#554=POLY_LOOP('',(#553,#549,#543));
#555=FACE_OUTER_BOUND('',#554,.T.);
#556=FACETED_PRIMITIVE_FACE('',(#555));
#558=POLY_LOOP('',(#557,#553,#543));
#559=FACE_OUTER_BOUND('',#558,.T.);
#560=FACETED_PRIMITIVE_FACE('',(#559));
#562=POLY_LOOP('',(#561,#557,#543));
#563=FACE_OUTER_BOUND('',#562,.T.);
#564=FACETED_PRIMITIVE_FACE('',(#563));
#566=POLY_LOOP('',(#565,#561,#543));
#567=FACE_OUTER_BOUND('',#566,.T.);
#568=FACETED_PRIMITIVE_FACE('',(#567));
#570=POLY_LOOP('',(#569,#323,#318));
#571=FACE_OUTER_BOUND('',#570,.T.);
#572=FACETED_PRIMITIVE_FACE('',(#571));
#573=POLY_LOOP('',(#569,#331,#323));
#574=FACE_OUTER_BOUND('',#573,.T.);
#575=FACETED_PRIMITIVE_FACE('',(#574));
#576=POLY_LOOP('',(#569,#318,#498));
#577=FACE_OUTER_BOUND('',#576,.T.);
#578=FACETED_PRIMITIVE_FACE('',(#577));
#580=POLY_LOOP('',(#579,#569,#498));
#581=FACE_OUTER_BOUND('',#580,.T.);
#582=FACETED_PRIMITIVE_FACE('',(#581));
#584=POLY_LOOP('',(#579,#498,#583));
#585=FACE_OUTER_BOUND('',#584,.T.);
#586=FACETED_PRIMITIVE_FACE('',(#585));
#588=POLY_LOOP('',(#579,#583,#587));
#589=FACE_OUTER_BOUND('',#588,.T.);
#590=FACETED_PRIMITIVE_FACE('',(#589));
#592=POLY_LOOP('',(#591,#579,#587));
#593=FACE_OUTER_BOUND('',#592,.T.);
#594=FACETED_PRIMITIVE_FACE('',(#593));
#596=POLY_LOOP('',(#591,#587,#595));
#597=FACE_OUTER_BOUND('',#596,.T.);
#598=FACETED_PRIMITIVE_FACE('',(#597));
#600=POLY_LOOP('',(#591,#595,#599));
#601=FACE_OUTER_BOUND('',#600,.T.);
#602=FACETED_PRIMITIVE_FACE('',(#601));
#604=POLY_LOOP('',(#603,#331,#569));
#605=FACE_OUTER_BOUND('',#604,.T.);
#606=FACETED_PRIMITIVE_FACE('',(#605));
#607=POLY_LOOP('',(#603,#339,#331));
#608=FACE_OUTER_BOUND('',#607,.T.);
#609=FACETED_PRIMITIVE_FACE('',(#608));
#610=POLY_LOOP('',(#603,#350,#339));
#611=FACE_OUTER_BOUND('',#610,.T.);
#612=FACETED_PRIMITIVE_FACE('',(#611));
#613=POLY_LOOP('',(#603,#569,#579));
#614=FACE_OUTER_BOUND('',#613,.T.);
#615=FACETED_PRIMITIVE_FACE('',(#614));
#618=POLY_LOOP('',(#616,#599,#617));
#619=FACE_OUTER_BOUND('',#618,.T.);
#620=FACETED_PRIMITIVE_FACE('',(#619));
#622=POLY_LOOP('',(#616,#617,#621));
#623=FACE_OUTER_BOUND('',#622,.T.);
#624=FACETED_PRIMITIVE_FACE('',(#623));
#625=POLY_LOOP('',(#616,#591,#599));
#626=FACE_OUTER_BOUND('',#625,.T.);
#627=FACETED_PRIMITIVE_FACE('',(#626));
#629=POLY_LOOP('',(#628,#603,#579));
#630=FACE_OUTER_BOUND('',#629,.T.);
#631=FACETED_PRIMITIVE_FACE('',(#630));
#633=POLY_LOOP('',(#632,#616,#621));
#634=FACE_OUTER_BOUND('',#633,.T.);
#635=FACETED_PRIMITIVE_FACE('',(#634));
#637=POLY_LOOP('',(#632,#621,#636));
#638=FACE_OUTER_BOUND('',#637,.T.);
#639=FACETED_PRIMITIVE_FACE('',(#638));
#641=POLY_LOOP('',(#632,#636,#640));
#642=FACE_OUTER_BOUND('',#641,.T.);
#643=FACETED_PRIMITIVE_FACE('',(#642));
#645=POLY_LOOP('',(#644,#579,#591));
#646=FACE_OUTER_BOUND('',#645,.T.);
#647=FACETED_PRIMITIVE_FACE('',(#646));
#648=POLY_LOOP('',(#644,#628,#579));
#649=FACE_OUTER_BOUND('',#648,.T.);
#650=FACETED_PRIMITIVE_FACE('',(#649));
#652=POLY_LOOP('',(#651,#632,#640));
#653=FACE_OUTER_BOUND('',#652,.T.);
#654=FACETED_PRIMITIVE_FACE('',(#653));
#656=POLY_LOOP('',(#651,#640,#655));
#657=FACE_OUTER_BOUND('',#656,.T.);
#658=FACETED_PRIMITIVE_FACE('',(#657));
#660=POLY_LOOP('',(#651,#655,#659));
#661=FACE_OUTER_BOUND('',#660,.T.);
#662=FACETED_PRIMITIVE_FACE('',(#661));
#664=POLY_LOOP('',(#663,#350,#603));
#665=FACE_OUTER_BOUND('',#664,.T.);
#666=FACETED_PRIMITIVE_FACE('',(#665));
#667=POLY_LOOP('',(#663,#358,#350));
#668=FACE_OUTER_BOUND('',#667,.T.);
#669=FACETED_PRIMITIVE_FACE('',(#668));
#670=POLY_LOOP('',(#663,#366,#358));
#671=FACE_OUTER_BOUND('',#670,.T.);
#672=FACETED_PRIMITIVE_FACE('',(#671));
#673=POLY_LOOP('',(#663,#603,#628));
#674=FACE_OUTER_BOUND('',#673,.T.);
#675=FACETED_PRIMITIVE_FACE('',(#674));
#677=POLY_LOOP('',(#676,#644,#591));
#678=FACE_OUTER_BOUND('',#677,.T.);
#679=FACETED_PRIMITIVE_FACE('',(#678));
#680=POLY_LOOP('',(#676,#591,#616));
#681=FACE_OUTER_BOUND('',#680,.T.);
#682=FACETED_PRIMITIVE_FACE('',(#681));
#684=POLY_LOOP('',(#683,#663,#628));
#685=FACE_OUTER_BOUND('',#684,.T.);
#686=FACETED_PRIMITIVE_FACE('',(#685));
#688=POLY_LOOP('',(#687,#651,#659));
#689=FACE_OUTER_BOUND('',#688,.T.);
#690=FACETED_PRIMITIVE_FACE('',(#689));
#692=POLY_LOOP('',(#687,#659,#691));
#693=FACE_OUTER_BOUND('',#692,.T.);
#694=FACETED_PRIMITIVE_FACE('',(#693));
#696=POLY_LOOP('',(#687,#691,#695));
#697=FACE_OUTER_BOUND('',#696,.T.);
#698=FACETED_PRIMITIVE_FACE('',(#697));
#700=POLY_LOOP('',(#687,#695,#699));
#701=FACE_OUTER_BOUND('',#700,.T.);
#702=FACETED_PRIMITIVE_FACE('',(#701));
#704=POLY_LOOP('',(#703,#616,#632));
#705=FACE_OUTER_BOUND('',#704,.T.);
#706=FACETED_PRIMITIVE_FACE('',(#705));
#707=POLY_LOOP('',(#703,#676,#616));
#708=FACE_OUTER_BOUND('',#707,.T.);
#709=FACETED_PRIMITIVE_FACE('',(#708));
#711=POLY_LOOP('',(#710,#628,#644));
#712=FACE_OUTER_BOUND('',#711,.T.);
#713=FACETED_PRIMITIVE_FACE('',(#712));
#714=POLY_LOOP('',(#710,#683,#628));
#715=FACE_OUTER_BOUND('',#714,.T.);
#716=FACETED_PRIMITIVE_FACE('',(#715));
#718=POLY_LOOP('',(#717,#687,#699));
#719=FACE_OUTER_BOUND('',#718,.T.);
#720=FACETED_PRIMITIVE_FACE('',(#719));
#722=POLY_LOOP('',(#717,#699,#721));
#723=FACE_OUTER_BOUND('',#722,.T.);
#724=FACETED_PRIMITIVE_FACE('',(#723));
#726=POLY_LOOP('',(#717,#721,#725));
#727=FACE_OUTER_BOUND('',#726,.T.);
#728=FACETED_PRIMITIVE_FACE('',(#727));
#730=POLY_LOOP('',(#729,#703,#632));
#731=FACE_OUTER_BOUND('',#730,.T.);
#732=FACETED_PRIMITIVE_FACE('',(#731));
#733=POLY_LOOP('',(#729,#632,#651));
#734=FACE_OUTER_BOUND('',#733,.T.);
#735=FACETED_PRIMITIVE_FACE('',(#734));
#736=POLY_LOOP('',(#729,#651,#687));
#737=FACE_OUTER_BOUND('',#736,.T.);
#738=FACETED_PRIMITIVE_FACE('',(#737));
#740=POLY_LOOP('',(#739,#374,#366));
#741=FACE_OUTER_BOUND('',#740,.T.);
#742=FACETED_PRIMITIVE_FACE('',(#741));
#743=POLY_LOOP('',(#739,#382,#374));
#744=FACE_OUTER_BOUND('',#743,.T.);
#745=FACETED_PRIMITIVE_FACE('',(#744));
#746=POLY_LOOP('',(#739,#366,#663));
#747=FACE_OUTER_BOUND('',#746,.T.);
#748=FACETED_PRIMITIVE_FACE('',(#747));
#750=POLY_LOOP('',(#749,#710,#644));
#751=FACE_OUTER_BOUND('',#750,.T.);
#752=FACETED_PRIMITIVE_FACE('',(#751));
#753=POLY_LOOP('',(#749,#644,#676));
#754=FACE_OUTER_BOUND('',#753,.T.);
#755=FACETED_PRIMITIVE_FACE('',(#754));
#757=POLY_LOOP('',(#756,#717,#725));
#758=FACE_OUTER_BOUND('',#757,.T.);
#759=FACETED_PRIMITIVE_FACE('',(#758));
#761=POLY_LOOP('',(#756,#725,#760));
#762=FACE_OUTER_BOUND('',#761,.T.);
#763=FACETED_PRIMITIVE_FACE('',(#762));
#765=POLY_LOOP('',(#756,#760,#764));
#766=FACE_OUTER_BOUND('',#765,.T.);
#767=FACETED_PRIMITIVE_FACE('',(#766));
#769=POLY_LOOP('',(#768,#739,#663));
#770=FACE_OUTER_BOUND('',#769,.T.);
#771=FACETED_PRIMITIVE_FACE('',(#770));
#772=POLY_LOOP('',(#768,#663,#683));
#773=FACE_OUTER_BOUND('',#772,.T.);
#774=FACETED_PRIMITIVE_FACE('',(#773));
#776=POLY_LOOP('',(#775,#729,#687));
#777=FACE_OUTER_BOUND('',#776,.T.);
#778=FACETED_PRIMITIVE_FACE('',(#777));
#780=POLY_LOOP('',(#779,#676,#703));
#781=FACE_OUTER_BOUND('',#780,.T.);
#782=FACETED_PRIMITIVE_FACE('',(#781));
#783=POLY_LOOP('',(#779,#749,#676));
#784=FACE_OUTER_BOUND('',#783,.T.);
#785=FACETED_PRIMITIVE_FACE('',(#784));
#786=POLY_LOOP('',(#779,#703,#729));
#787=FACE_OUTER_BOUND('',#786,.T.);
#788=FACETED_PRIMITIVE_FACE('',(#787));
#790=POLY_LOOP('',(#789,#756,#764));
#791=FACE_OUTER_BOUND('',#790,.T.);
#792=FACETED_PRIMITIVE_FACE('',(#791));
#794=POLY_LOOP('',(#789,#764,#793));
#795=FACE_OUTER_BOUND('',#794,.T.);
#796=FACETED_PRIMITIVE_FACE('',(#795));
#798=POLY_LOOP('',(#789,#793,#797));
#799=FACE_OUTER_BOUND('',#798,.T.);
#800=FACETED_PRIMITIVE_FACE('',(#799));
#802=POLY_LOOP('',(#801,#768,#683));
#803=FACE_OUTER_BOUND('',#802,.T.);
#804=FACETED_PRIMITIVE_FACE('',(#803));
#805=POLY_LOOP('',(#801,#683,#710));
#806=FACE_OUTER_BOUND('',#805,.T.);
#807=FACETED_PRIMITIVE_FACE('',(#806));
#809=POLY_LOOP('',(#808,#775,#687));
#810=FACE_OUTER_BOUND('',#809,.T.);
#811=FACETED_PRIMITIVE_FACE('',(#810));
#812=POLY_LOOP('',(#808,#687,#717));
#813=FACE_OUTER_BOUND('',#812,.T.);
#814=FACETED_PRIMITIVE_FACE('',(#813));
#816=POLY_LOOP('',(#815,#779,#729));
#817=FACE_OUTER_BOUND('',#816,.T.);
#818=FACETED_PRIMITIVE_FACE('',(#817));
#820=POLY_LOOP('',(#819,#394,#382));
#821=FACE_OUTER_BOUND('',#820,.T.);
#822=FACETED_PRIMITIVE_FACE('',(#821));
#823=POLY_LOOP('',(#819,#402,#394));
#824=FACE_OUTER_BOUND('',#823,.T.);
#825=FACETED_PRIMITIVE_FACE('',(#824));
#826=POLY_LOOP('',(#819,#382,#739));
#827=FACE_OUTER_BOUND('',#826,.T.);
#828=FACETED_PRIMITIVE_FACE('',(#827));
#830=POLY_LOOP('',(#829,#801,#710));
#831=FACE_OUTER_BOUND('',#830,.T.);
#832=FACETED_PRIMITIVE_FACE('',(#831));
#833=POLY_LOOP('',(#829,#710,#749));
#834=FACE_OUTER_BOUND('',#833,.T.);
#835=FACETED_PRIMITIVE_FACE('',(#834));
#838=POLY_LOOP('',(#836,#502,#837));
#839=FACE_OUTER_BOUND('',#838,.T.);
#840=FACETED_PRIMITIVE_FACE('',(#839));
#841=POLY_LOOP('',(#836,#503,#502));
#842=FACE_OUTER_BOUND('',#841,.T.);
#843=FACETED_PRIMITIVE_FACE('',(#842));
#845=POLY_LOOP('',(#836,#837,#844));
#846=FACE_OUTER_BOUND('',#845,.T.);
#847=FACETED_PRIMITIVE_FACE('',(#846));
#848=POLY_LOOP('',(#836,#789,#797));
#849=FACE_OUTER_BOUND('',#848,.T.);
#850=FACETED_PRIMITIVE_FACE('',(#849));
#851=POLY_LOOP('',(#836,#797,#503));
#852=FACE_OUTER_BOUND('',#851,.T.);
#853=FACETED_PRIMITIVE_FACE('',(#852));
#855=POLY_LOOP('',(#854,#717,#756));
#856=FACE_OUTER_BOUND('',#855,.T.);
#857=FACETED_PRIMITIVE_FACE('',(#856));
#858=POLY_LOOP('',(#854,#808,#717));
#859=FACE_OUTER_BOUND('',#858,.T.);
#860=FACETED_PRIMITIVE_FACE('',(#859));
#862=POLY_LOOP('',(#861,#739,#768));
#863=FACE_OUTER_BOUND('',#862,.T.);
#864=FACETED_PRIMITIVE_FACE('',(#863));
#865=POLY_LOOP('',(#861,#768,#801));
#866=FACE_OUTER_BOUND('',#865,.T.);
#867=FACETED_PRIMITIVE_FACE('',(#866));
#868=POLY_LOOP('',(#861,#819,#739));
#869=FACE_OUTER_BOUND('',#868,.T.);
#870=FACETED_PRIMITIVE_FACE('',(#869));
#872=POLY_LOOP('',(#871,#815,#729));
#873=FACE_OUTER_BOUND('',#872,.T.);
#874=FACETED_PRIMITIVE_FACE('',(#873));
#875=POLY_LOOP('',(#871,#729,#775));
#876=FACE_OUTER_BOUND('',#875,.T.);
#877=FACETED_PRIMITIVE_FACE('',(#876));
#878=POLY_LOOP('',(#871,#775,#808));
#879=FACE_OUTER_BOUND('',#878,.T.);
#880=FACETED_PRIMITIVE_FACE('',(#879));
#882=POLY_LOOP('',(#881,#749,#779));
#883=FACE_OUTER_BOUND('',#882,.T.);
#884=FACETED_PRIMITIVE_FACE('',(#883));
#885=POLY_LOOP('',(#881,#829,#749));
#886=FACE_OUTER_BOUND('',#885,.T.);
#887=FACETED_PRIMITIVE_FACE('',(#886));
#889=POLY_LOOP('',(#888,#756,#789));
#890=FACE_OUTER_BOUND('',#889,.T.);
#891=FACETED_PRIMITIVE_FACE('',(#890));
#892=POLY_LOOP('',(#888,#854,#756));
#893=FACE_OUTER_BOUND('',#892,.T.);
#894=FACETED_PRIMITIVE_FACE('',(#893));
#896=POLY_LOOP('',(#895,#861,#801));
#897=FACE_OUTER_BOUND('',#896,.T.);
#898=FACETED_PRIMITIVE_FACE('',(#897));
#900=POLY_LOOP('',(#899,#871,#808));
#901=FACE_OUTER_BOUND('',#900,.T.);
#902=FACETED_PRIMITIVE_FACE('',(#901));
#904=POLY_LOOP('',(#903,#815,#871));
#905=FACE_OUTER_BOUND('',#904,.T.);
#906=FACETED_PRIMITIVE_FACE('',(#905));
#907=POLY_LOOP('',(#903,#779,#815));
#908=FACE_OUTER_BOUND('',#907,.T.);
#909=FACETED_PRIMITIVE_FACE('',(#908));
#910=POLY_LOOP('',(#903,#881,#779));
#911=FACE_OUTER_BOUND('',#910,.T.);
#912=FACETED_PRIMITIVE_FACE('',(#911));
#914=POLY_LOOP('',(#913,#416,#402));
#915=FACE_OUTER_BOUND('',#914,.T.);
#916=FACETED_PRIMITIVE_FACE('',(#915));
#917=POLY_LOOP('',(#913,#432,#416));
#918=FACE_OUTER_BOUND('',#917,.T.);
#919=FACETED_PRIMITIVE_FACE('',(#918));
#920=POLY_LOOP('',(#913,#402,#819));
#921=FACE_OUTER_BOUND('',#920,.T.);
#922=FACETED_PRIMITIVE_FACE('',(#921));
#924=POLY_LOOP('',(#923,#801,#829));
#925=FACE_OUTER_BOUND('',#924,.T.);
#926=FACETED_PRIMITIVE_FACE('',(#925));
#927=POLY_LOOP('',(#923,#829,#881));
#928=FACE_OUTER_BOUND('',#927,.T.);
#929=FACETED_PRIMITIVE_FACE('',(#928));
#930=POLY_LOOP('',(#923,#895,#801));
#931=FACE_OUTER_BOUND('',#930,.T.);
#932=FACETED_PRIMITIVE_FACE('',(#931));
#934=POLY_LOOP('',(#933,#789,#836));
#935=FACE_OUTER_BOUND('',#934,.T.);
#936=FACETED_PRIMITIVE_FACE('',(#935));
#938=POLY_LOOP('',(#933,#844,#937));
#939=FACE_OUTER_BOUND('',#938,.T.);
#940=FACETED_PRIMITIVE_FACE('',(#939));
#942=POLY_LOOP('',(#933,#937,#941));
#943=FACE_OUTER_BOUND('',#942,.T.);
#944=FACETED_PRIMITIVE_FACE('',(#943));
#945=POLY_LOOP('',(#933,#836,#844));
#946=FACE_OUTER_BOUND('',#945,.T.);
#947=FACETED_PRIMITIVE_FACE('',(#946));
#948=POLY_LOOP('',(#933,#888,#789));
#949=FACE_OUTER_BOUND('',#948,.T.);
#950=FACETED_PRIMITIVE_FACE('',(#949));
#952=POLY_LOOP('',(#951,#808,#854));
#953=FACE_OUTER_BOUND('',#952,.T.);
#954=FACETED_PRIMITIVE_FACE('',(#953));
#955=POLY_LOOP('',(#951,#899,#808));
#956=FACE_OUTER_BOUND('',#955,.T.);
#957=FACETED_PRIMITIVE_FACE('',(#956));
#959=POLY_LOOP('',(#958,#913,#819));
#960=FACE_OUTER_BOUND('',#959,.T.);
#961=FACETED_PRIMITIVE_FACE('',(#960));
#962=POLY_LOOP('',(#958,#819,#861));
#963=FACE_OUTER_BOUND('',#962,.T.);
#964=FACETED_PRIMITIVE_FACE('',(#963));
#966=POLY_LOOP('',(#965,#903,#871));
#967=FACE_OUTER_BOUND('',#966,.T.);
#968=FACETED_PRIMITIVE_FACE('',(#967));
#970=POLY_LOOP('',(#969,#923,#881));
#971=FACE_OUTER_BOUND('',#970,.T.);
#972=FACETED_PRIMITIVE_FACE('',(#971));
#973=POLY_LOOP('',(#969,#881,#903));
#974=FACE_OUTER_BOUND('',#973,.T.);
#975=FACETED_PRIMITIVE_FACE('',(#974));
#977=POLY_LOOP('',(#976,#951,#854));
#978=FACE_OUTER_BOUND('',#977,.T.);
#979=FACETED_PRIMITIVE_FACE('',(#978));
#980=POLY_LOOP('',(#976,#888,#933));
#981=FACE_OUTER_BOUND('',#980,.T.);
#982=FACETED_PRIMITIVE_FACE('',(#981));
#983=POLY_LOOP('',(#976,#854,#888));
#984=FACE_OUTER_BOUND('',#983,.T.);
#985=FACETED_PRIMITIVE_FACE('',(#984));
#987=POLY_LOOP('',(#986,#958,#861));
#988=FACE_OUTER_BOUND('',#987,.T.);
#989=FACETED_PRIMITIVE_FACE('',(#988));
#990=POLY_LOOP('',(#986,#861,#895));
#991=FACE_OUTER_BOUND('',#990,.T.);
#992=FACETED_PRIMITIVE_FACE('',(#991));
#994=POLY_LOOP('',(#993,#871,#899));
#995=FACE_OUTER_BOUND('',#994,.T.);
#996=FACETED_PRIMITIVE_FACE('',(#995));
#997=POLY_LOOP('',(#993,#965,#871));
#998=FACE_OUTER_BOUND('',#997,.T.);
#999=FACETED_PRIMITIVE_FACE('',(#998));
#1001=POLY_LOOP('',(#1000,#969,#903));
#1002=FACE_OUTER_BOUND('',#1001,.T.);
#1003=FACETED_PRIMITIVE_FACE('',(#1002));
#1005=POLY_LOOP('',(#1004,#452,#432));
#1006=FACE_OUTER_BOUND('',#1005,.T.);
#1007=FACETED_PRIMITIVE_FACE('',(#1006));
#1008=POLY_LOOP('',(#1004,#468,#452));
#1009=FACE_OUTER_BOUND('',#1008,.T.);
#1010=FACETED_PRIMITIVE_FACE('',(#1009));
#1011=POLY_LOOP('',(#1004,#432,#913));
#1012=FACE_OUTER_BOUND('',#1011,.T.);
#1013=FACETED_PRIMITIVE_FACE('',(#1012));
#1015=POLY_LOOP('',(#1014,#986,#895));
#1016=FACE_OUTER_BOUND('',#1015,.T.);
#1017=FACETED_PRIMITIVE_FACE('',(#1016));
#1018=POLY_LOOP('',(#1014,#895,#923));
#1019=FACE_OUTER_BOUND('',#1018,.T.);
#1020=FACETED_PRIMITIVE_FACE('',(#1019));
#1022=POLY_LOOP('',(#1021,#976,#933));
#1023=FACE_OUTER_BOUND('',#1022,.T.);
#1024=FACETED_PRIMITIVE_FACE('',(#1023));
#1025=POLY_LOOP('',(#1021,#933,#941));
#1026=FACE_OUTER_BOUND('',#1025,.T.);
#1027=FACETED_PRIMITIVE_FACE('',(#1026));
#1029=POLY_LOOP('',(#1021,#941,#1028));
#1030=FACE_OUTER_BOUND('',#1029,.T.);
#1031=FACETED_PRIMITIVE_FACE('',(#1030));
#1033=POLY_LOOP('',(#1021,#1028,#1032));
#1034=FACE_OUTER_BOUND('',#1033,.T.);
#1035=FACETED_PRIMITIVE_FACE('',(#1034));
#1037=POLY_LOOP('',(#1036,#899,#951));
#1038=FACE_OUTER_BOUND('',#1037,.T.);
#1039=FACETED_PRIMITIVE_FACE('',(#1038));
#1040=POLY_LOOP('',(#1036,#993,#899));
#1041=FACE_OUTER_BOUND('',#1040,.T.);
#1042=FACETED_PRIMITIVE_FACE('',(#1041));
#1044=POLY_LOOP('',(#1043,#1004,#913));
#1045=FACE_OUTER_BOUND('',#1044,.T.);
#1046=FACETED_PRIMITIVE_FACE('',(#1045));
#1047=POLY_LOOP('',(#1043,#913,#958));
#1048=FACE_OUTER_BOUND('',#1047,.T.);
#1049=FACETED_PRIMITIVE_FACE('',(#1048));
#1051=POLY_LOOP('',(#1050,#965,#993));
#1052=FACE_OUTER_BOUND('',#1051,.T.);
#1053=FACETED_PRIMITIVE_FACE('',(#1052));
#1054=POLY_LOOP('',(#1050,#1000,#903));
#1055=FACE_OUTER_BOUND('',#1054,.T.);
#1056=FACETED_PRIMITIVE_FACE('',(#1055));
#1057=POLY_LOOP('',(#1050,#903,#965));
#1058=FACE_OUTER_BOUND('',#1057,.T.);
#1059=FACETED_PRIMITIVE_FACE('',(#1058));
#1061=POLY_LOOP('',(#1060,#923,#969));
#1062=FACE_OUTER_BOUND('',#1061,.T.);
#1063=FACETED_PRIMITIVE_FACE('',(#1062));
#1064=POLY_LOOP('',(#1060,#1014,#923));
#1065=FACE_OUTER_BOUND('',#1064,.T.);
#1066=FACETED_PRIMITIVE_FACE('',(#1065));
#1068=POLY_LOOP('',(#1067,#1036,#951));
#1069=FACE_OUTER_BOUND('',#1068,.T.);
#1070=FACETED_PRIMITIVE_FACE('',(#1069));
#1071=POLY_LOOP('',(#1067,#951,#976));
#1072=FACE_OUTER_BOUND('',#1071,.T.);
#1073=FACETED_PRIMITIVE_FACE('',(#1072));
#1075=POLY_LOOP('',(#1074,#986,#1014));
#1076=FACE_OUTER_BOUND('',#1075,.T.);
#1077=FACETED_PRIMITIVE_FACE('',(#1076));
#1078=POLY_LOOP('',(#1074,#958,#986));
#1079=FACE_OUTER_BOUND('',#1078,.T.);
#1080=FACETED_PRIMITIVE_FACE('',(#1079));
#1081=POLY_LOOP('',(#1074,#1043,#958));
#1082=FACE_OUTER_BOUND('',#1081,.T.);
#1083=FACETED_PRIMITIVE_FACE('',(#1082));
#1085=POLY_LOOP('',(#1084,#1050,#993));
#1086=FACE_OUTER_BOUND('',#1085,.T.);
#1087=FACETED_PRIMITIVE_FACE('',(#1086));
#1089=POLY_LOOP('',(#1088,#969,#1000));
#1090=FACE_OUTER_BOUND('',#1089,.T.);
#1091=FACETED_PRIMITIVE_FACE('',(#1090));
#1092=POLY_LOOP('',(#1088,#1060,#969));
#1093=FACE_OUTER_BOUND('',#1092,.T.);
#1094=FACETED_PRIMITIVE_FACE('',(#1093));
#1096=POLY_LOOP('',(#1095,#476,#468));
#1097=FACE_OUTER_BOUND('',#1096,.T.);
#1098=FACETED_PRIMITIVE_FACE('',(#1097));
#1099=POLY_LOOP('',(#1095,#456,#476));
#1100=FACE_OUTER_BOUND('',#1099,.T.);
#1101=FACETED_PRIMITIVE_FACE('',(#1100));
#1102=POLY_LOOP('',(#1095,#1004,#1043));
#1103=FACE_OUTER_BOUND('',#1102,.T.);
#1104=FACETED_PRIMITIVE_FACE('',(#1103));
#1105=POLY_LOOP('',(#1095,#468,#1004));
#1106=FACE_OUTER_BOUND('',#1105,.T.);
#1107=FACETED_PRIMITIVE_FACE('',(#1106));
#1109=POLY_LOOP('',(#1108,#1014,#1060));
#1110=FACE_OUTER_BOUND('',#1109,.T.);
#1111=FACETED_PRIMITIVE_FACE('',(#1110));
#1112=POLY_LOOP('',(#1108,#1074,#1014));
#1113=FACE_OUTER_BOUND('',#1112,.T.);
#1114=FACETED_PRIMITIVE_FACE('',(#1113));
#1116=POLY_LOOP('',(#1115,#976,#1021));
#1117=FACE_OUTER_BOUND('',#1116,.T.);
#1118=FACETED_PRIMITIVE_FACE('',(#1117));
#1119=POLY_LOOP('',(#1115,#1021,#1032));
#1120=FACE_OUTER_BOUND('',#1119,.T.);
#1121=FACETED_PRIMITIVE_FACE('',(#1120));
#1122=POLY_LOOP('',(#1115,#1067,#976));
#1123=FACE_OUTER_BOUND('',#1122,.T.);
#1124=FACETED_PRIMITIVE_FACE('',(#1123));
#1126=POLY_LOOP('',(#1115,#1032,#1125));
#1127=FACE_OUTER_BOUND('',#1126,.T.);
#1128=FACETED_PRIMITIVE_FACE('',(#1127));
#1130=POLY_LOOP('',(#1115,#1125,#1129));
#1131=FACE_OUTER_BOUND('',#1130,.T.);
#1132=FACETED_PRIMITIVE_FACE('',(#1131));
#1134=POLY_LOOP('',(#1133,#993,#1036));
#1135=FACE_OUTER_BOUND('',#1134,.T.);
#1136=FACETED_PRIMITIVE_FACE('',(#1135));
#1137=POLY_LOOP('',(#1133,#1084,#993));
#1138=FACE_OUTER_BOUND('',#1137,.T.);
#1139=FACETED_PRIMITIVE_FACE('',(#1138));
#1141=POLY_LOOP('',(#1140,#1095,#1043));
#1142=FACE_OUTER_BOUND('',#1141,.T.);
#1143=FACETED_PRIMITIVE_FACE('',(#1142));
#1145=POLY_LOOP('',(#1144,#1000,#1050));
#1146=FACE_OUTER_BOUND('',#1145,.T.);
#1147=FACETED_PRIMITIVE_FACE('',(#1146));
#1148=POLY_LOOP('',(#1144,#1088,#1000));
#1149=FACE_OUTER_BOUND('',#1148,.T.);
#1150=FACETED_PRIMITIVE_FACE('',(#1149));
#1152=POLY_LOOP('',(#1151,#1108,#1060));
#1153=FACE_OUTER_BOUND('',#1152,.T.);
#1154=FACETED_PRIMITIVE_FACE('',(#1153));
#1156=POLY_LOOP('',(#1155,#1036,#1067));
#1157=FACE_OUTER_BOUND('',#1156,.T.);
#1158=FACETED_PRIMITIVE_FACE('',(#1157));
#1159=POLY_LOOP('',(#1155,#1133,#1036));
#1160=FACE_OUTER_BOUND('',#1159,.T.);
#1161=FACETED_PRIMITIVE_FACE('',(#1160));
#1163=POLY_LOOP('',(#1162,#1043,#1074));
#1164=FACE_OUTER_BOUND('',#1163,.T.);
#1165=FACETED_PRIMITIVE_FACE('',(#1164));
#1166=POLY_LOOP('',(#1162,#1074,#1108));
#1167=FACE_OUTER_BOUND('',#1166,.T.);
#1168=FACETED_PRIMITIVE_FACE('',(#1167));
#1169=POLY_LOOP('',(#1162,#1140,#1043));
#1170=FACE_OUTER_BOUND('',#1169,.T.);
#1171=FACETED_PRIMITIVE_FACE('',(#1170));
#1173=POLY_LOOP('',(#1172,#1050,#1084));
#1174=FACE_OUTER_BOUND('',#1173,.T.);
#1175=FACETED_PRIMITIVE_FACE('',(#1174));
#1176=POLY_LOOP('',(#1172,#1144,#1050));
#1177=FACE_OUTER_BOUND('',#1176,.T.);
#1178=FACETED_PRIMITIVE_FACE('',(#1177));
#1180=POLY_LOOP('',(#1179,#1151,#1060));
#1181=FACE_OUTER_BOUND('',#1180,.T.);
#1182=FACETED_PRIMITIVE_FACE('',(#1181));
#1183=POLY_LOOP('',(#1179,#1060,#1088));
#1184=FACE_OUTER_BOUND('',#1183,.T.);
#1185=FACETED_PRIMITIVE_FACE('',(#1184));
#1187=POLY_LOOP('',(#1186,#444,#456));
#1188=FACE_OUTER_BOUND('',#1187,.T.);
#1189=FACETED_PRIMITIVE_FACE('',(#1188));
#1190=POLY_LOOP('',(#1186,#424,#444));
#1191=FACE_OUTER_BOUND('',#1190,.T.);
#1192=FACETED_PRIMITIVE_FACE('',(#1191));
#1193=POLY_LOOP('',(#1186,#456,#1095));
#1194=FACE_OUTER_BOUND('',#1193,.T.);
#1195=FACETED_PRIMITIVE_FACE('',(#1194));
#1197=POLY_LOOP('',(#1196,#1108,#1151));
#1198=FACE_OUTER_BOUND('',#1197,.T.);
#1199=FACETED_PRIMITIVE_FACE('',(#1198));
#1200=POLY_LOOP('',(#1196,#1162,#1108));
#1201=FACE_OUTER_BOUND('',#1200,.T.);
#1202=FACETED_PRIMITIVE_FACE('',(#1201));
#1205=POLY_LOOP('',(#1203,#1129,#1204));
#1206=FACE_OUTER_BOUND('',#1205,.T.);
#1207=FACETED_PRIMITIVE_FACE('',(#1206));
#1209=POLY_LOOP('',(#1203,#1204,#1208));
#1210=FACE_OUTER_BOUND('',#1209,.T.);
#1211=FACETED_PRIMITIVE_FACE('',(#1210));
#1212=POLY_LOOP('',(#1203,#1067,#1115));
#1213=FACE_OUTER_BOUND('',#1212,.T.);
#1214=FACETED_PRIMITIVE_FACE('',(#1213));
#1215=POLY_LOOP('',(#1203,#1115,#1129));
#1216=FACE_OUTER_BOUND('',#1215,.T.);
#1217=FACETED_PRIMITIVE_FACE('',(#1216));
#1218=POLY_LOOP('',(#1203,#1155,#1067));
#1219=FACE_OUTER_BOUND('',#1218,.T.);
#1220=FACETED_PRIMITIVE_FACE('',(#1219));
#1222=POLY_LOOP('',(#1221,#1084,#1133));
#1223=FACE_OUTER_BOUND('',#1222,.T.);
#1224=FACETED_PRIMITIVE_FACE('',(#1223));
#1225=POLY_LOOP('',(#1221,#1172,#1084));
#1226=FACE_OUTER_BOUND('',#1225,.T.);
#1227=FACETED_PRIMITIVE_FACE('',(#1226));
#1229=POLY_LOOP('',(#1228,#1186,#1095));
#1230=FACE_OUTER_BOUND('',#1229,.T.);
#1231=FACETED_PRIMITIVE_FACE('',(#1230));
#1233=POLY_LOOP('',(#1228,#1232,#536));
#1234=FACE_OUTER_BOUND('',#1233,.T.);
#1235=FACETED_PRIMITIVE_FACE('',(#1234));
#1236=POLY_LOOP('',(#1228,#536,#424));
#1237=FACE_OUTER_BOUND('',#1236,.T.);
#1238=FACETED_PRIMITIVE_FACE('',(#1237));
#1239=POLY_LOOP('',(#1228,#424,#1186));
#1240=FACE_OUTER_BOUND('',#1239,.T.);
#1241=FACETED_PRIMITIVE_FACE('',(#1240));
#1242=POLY_LOOP('',(#1228,#1095,#1140));
#1243=FACE_OUTER_BOUND('',#1242,.T.);
#1244=FACETED_PRIMITIVE_FACE('',(#1243));
#1246=POLY_LOOP('',(#1245,#1179,#1088));
#1247=FACE_OUTER_BOUND('',#1246,.T.);
#1248=FACETED_PRIMITIVE_FACE('',(#1247));
#1249=POLY_LOOP('',(#1245,#1088,#1144));
#1250=FACE_OUTER_BOUND('',#1249,.T.);
#1251=FACETED_PRIMITIVE_FACE('',(#1250));
#1253=POLY_LOOP('',(#1252,#1196,#1151));
#1254=FACE_OUTER_BOUND('',#1253,.T.);
#1255=FACETED_PRIMITIVE_FACE('',(#1254));
#1257=POLY_LOOP('',(#1256,#1133,#1155));
#1258=FACE_OUTER_BOUND('',#1257,.T.);
#1259=FACETED_PRIMITIVE_FACE('',(#1258));
#1260=POLY_LOOP('',(#1256,#1221,#1133));
#1261=FACE_OUTER_BOUND('',#1260,.T.);
#1262=FACETED_PRIMITIVE_FACE('',(#1261));
#1264=POLY_LOOP('',(#1263,#1232,#1228));
#1265=FACE_OUTER_BOUND('',#1264,.T.);
#1266=FACETED_PRIMITIVE_FACE('',(#1265));
#1267=POLY_LOOP('',(#1263,#1228,#1140));
#1268=FACE_OUTER_BOUND('',#1267,.T.);
#1269=FACETED_PRIMITIVE_FACE('',(#1268));
#1271=POLY_LOOP('',(#1263,#1270,#1232));
#1272=FACE_OUTER_BOUND('',#1271,.T.);
#1273=FACETED_PRIMITIVE_FACE('',(#1272));
#1275=POLY_LOOP('',(#1263,#1274,#1270));
#1276=FACE_OUTER_BOUND('',#1275,.T.);
#1277=FACETED_PRIMITIVE_FACE('',(#1276));
#1278=POLY_LOOP('',(#1263,#1140,#1162));
#1279=FACE_OUTER_BOUND('',#1278,.T.);
#1280=FACETED_PRIMITIVE_FACE('',(#1279));
#1282=POLY_LOOP('',(#1281,#1245,#1144));
#1283=FACE_OUTER_BOUND('',#1282,.T.);
#1284=FACETED_PRIMITIVE_FACE('',(#1283));
#1285=POLY_LOOP('',(#1281,#1144,#1172));
#1286=FACE_OUTER_BOUND('',#1285,.T.);
#1287=FACETED_PRIMITIVE_FACE('',(#1286));
#1289=POLY_LOOP('',(#1288,#1252,#1151));
#1290=FACE_OUTER_BOUND('',#1289,.T.);
#1291=FACETED_PRIMITIVE_FACE('',(#1290));
#1292=POLY_LOOP('',(#1288,#1179,#1245));
#1293=FACE_OUTER_BOUND('',#1292,.T.);
#1294=FACETED_PRIMITIVE_FACE('',(#1293));
#1295=POLY_LOOP('',(#1288,#1151,#1179));
#1296=FACE_OUTER_BOUND('',#1295,.T.);
#1297=FACETED_PRIMITIVE_FACE('',(#1296));
#1299=POLY_LOOP('',(#1298,#1263,#1162));
#1300=FACE_OUTER_BOUND('',#1299,.T.);
#1301=FACETED_PRIMITIVE_FACE('',(#1300));
#1303=POLY_LOOP('',(#1298,#1302,#1274));
#1304=FACE_OUTER_BOUND('',#1303,.T.);
#1305=FACETED_PRIMITIVE_FACE('',(#1304));
#1307=POLY_LOOP('',(#1298,#1306,#1302));
#1308=FACE_OUTER_BOUND('',#1307,.T.);
#1309=FACETED_PRIMITIVE_FACE('',(#1308));
#1310=POLY_LOOP('',(#1298,#1274,#1263));
#1311=FACE_OUTER_BOUND('',#1310,.T.);
#1312=FACETED_PRIMITIVE_FACE('',(#1311));
#1313=POLY_LOOP('',(#1298,#1162,#1196));
#1314=FACE_OUTER_BOUND('',#1313,.T.);
#1315=FACETED_PRIMITIVE_FACE('',(#1314));
#1317=POLY_LOOP('',(#1316,#1155,#1203));
#1318=FACE_OUTER_BOUND('',#1317,.T.);
#1319=FACETED_PRIMITIVE_FACE('',(#1318));
#1321=POLY_LOOP('',(#1316,#1208,#1320));
#1322=FACE_OUTER_BOUND('',#1321,.T.);
#1323=FACETED_PRIMITIVE_FACE('',(#1322));
#1325=POLY_LOOP('',(#1316,#1320,#1324));
#1326=FACE_OUTER_BOUND('',#1325,.T.);
#1327=FACETED_PRIMITIVE_FACE('',(#1326));
#1328=POLY_LOOP('',(#1316,#1203,#1208));
#1329=FACE_OUTER_BOUND('',#1328,.T.);
#1330=FACETED_PRIMITIVE_FACE('',(#1329));
#1331=POLY_LOOP('',(#1316,#1256,#1155));
#1332=FACE_OUTER_BOUND('',#1331,.T.);
#1333=FACETED_PRIMITIVE_FACE('',(#1332));
#1335=POLY_LOOP('',(#1334,#1281,#1172));
#1336=FACE_OUTER_BOUND('',#1335,.T.);
#1337=FACETED_PRIMITIVE_FACE('',(#1336));
#1338=POLY_LOOP('',(#1334,#1172,#1221));
#1339=FACE_OUTER_BOUND('',#1338,.T.);
#1340=FACETED_PRIMITIVE_FACE('',(#1339));
#1342=POLY_LOOP('',(#1341,#1288,#1245));
#1343=FACE_OUTER_BOUND('',#1342,.T.);
#1344=FACETED_PRIMITIVE_FACE('',(#1343));
#1346=POLY_LOOP('',(#1345,#1196,#1252));
#1347=FACE_OUTER_BOUND('',#1346,.T.);
#1348=FACETED_PRIMITIVE_FACE('',(#1347));
#1350=POLY_LOOP('',(#1345,#1349,#1306));
#1351=FACE_OUTER_BOUND('',#1350,.T.);
#1352=FACETED_PRIMITIVE_FACE('',(#1351));
#1354=POLY_LOOP('',(#1345,#1353,#1349));
#1355=FACE_OUTER_BOUND('',#1354,.T.);
#1356=FACETED_PRIMITIVE_FACE('',(#1355));
#1357=POLY_LOOP('',(#1345,#1298,#1196));
#1358=FACE_OUTER_BOUND('',#1357,.T.);
#1359=FACETED_PRIMITIVE_FACE('',(#1358));
#1360=POLY_LOOP('',(#1345,#1306,#1298));
#1361=FACE_OUTER_BOUND('',#1360,.T.);
#1362=FACETED_PRIMITIVE_FACE('',(#1361));
#1364=POLY_LOOP('',(#1363,#1334,#1221));
#1365=FACE_OUTER_BOUND('',#1364,.T.);
#1366=FACETED_PRIMITIVE_FACE('',(#1365));
#1367=POLY_LOOP('',(#1363,#1221,#1256));
#1368=FACE_OUTER_BOUND('',#1367,.T.);
#1369=FACETED_PRIMITIVE_FACE('',(#1368));
#1370=POLY_LOOP('',(#1363,#1256,#1316));
#1371=FACE_OUTER_BOUND('',#1370,.T.);
#1372=FACETED_PRIMITIVE_FACE('',(#1371));
#1374=POLY_LOOP('',(#1373,#1281,#1334));
#1375=FACE_OUTER_BOUND('',#1374,.T.);
#1376=FACETED_PRIMITIVE_FACE('',(#1375));
#1377=POLY_LOOP('',(#1373,#1341,#1245));
#1378=FACE_OUTER_BOUND('',#1377,.T.);
#1379=FACETED_PRIMITIVE_FACE('',(#1378));
#1380=POLY_LOOP('',(#1373,#1245,#1281));
#1381=FACE_OUTER_BOUND('',#1380,.T.);
#1382=FACETED_PRIMITIVE_FACE('',(#1381));
#1384=POLY_LOOP('',(#1383,#1252,#1288));
#1385=FACE_OUTER_BOUND('',#1384,.T.);
#1386=FACETED_PRIMITIVE_FACE('',(#1385));
#1388=POLY_LOOP('',(#1383,#1387,#1353));
#1389=FACE_OUTER_BOUND('',#1388,.T.);
#1390=FACETED_PRIMITIVE_FACE('',(#1389));
#1392=POLY_LOOP('',(#1383,#1391,#1387));
#1393=FACE_OUTER_BOUND('',#1392,.T.);
#1394=FACETED_PRIMITIVE_FACE('',(#1393));
#1395=POLY_LOOP('',(#1383,#1353,#1345));
#1396=FACE_OUTER_BOUND('',#1395,.T.);
#1397=FACETED_PRIMITIVE_FACE('',(#1396));
#1398=POLY_LOOP('',(#1383,#1345,#1252));
#1399=FACE_OUTER_BOUND('',#1398,.T.);
#1400=FACETED_PRIMITIVE_FACE('',(#1399));
#1402=POLY_LOOP('',(#1401,#1363,#1316));
#1403=FACE_OUTER_BOUND('',#1402,.T.);
#1404=FACETED_PRIMITIVE_FACE('',(#1403));
#1405=POLY_LOOP('',(#1401,#1316,#1324));
#1406=FACE_OUTER_BOUND('',#1405,.T.);
#1407=FACETED_PRIMITIVE_FACE('',(#1406));
#1409=POLY_LOOP('',(#1401,#1324,#1408));
#1410=FACE_OUTER_BOUND('',#1409,.T.);
#1411=FACETED_PRIMITIVE_FACE('',(#1410));
#1413=POLY_LOOP('',(#1401,#1408,#1412));
#1414=FACE_OUTER_BOUND('',#1413,.T.);
#1415=FACETED_PRIMITIVE_FACE('',(#1414));
#1417=POLY_LOOP('',(#1416,#1373,#1334));
#1418=FACE_OUTER_BOUND('',#1417,.T.);
#1419=FACETED_PRIMITIVE_FACE('',(#1418));
#1421=POLY_LOOP('',(#1420,#1288,#1341));
#1422=FACE_OUTER_BOUND('',#1421,.T.);
#1423=FACETED_PRIMITIVE_FACE('',(#1422));
#1425=POLY_LOOP('',(#1420,#1424,#1391));
#1426=FACE_OUTER_BOUND('',#1425,.T.);
#1427=FACETED_PRIMITIVE_FACE('',(#1426));
#1429=POLY_LOOP('',(#1420,#1428,#1424));
#1430=FACE_OUTER_BOUND('',#1429,.T.);
#1431=FACETED_PRIMITIVE_FACE('',(#1430));
#1432=POLY_LOOP('',(#1420,#1391,#1383));
#1433=FACE_OUTER_BOUND('',#1432,.T.);
#1434=FACETED_PRIMITIVE_FACE('',(#1433));
#1435=POLY_LOOP('',(#1420,#1383,#1288));
#1436=FACE_OUTER_BOUND('',#1435,.T.);
#1437=FACETED_PRIMITIVE_FACE('',(#1436));
#1439=POLY_LOOP('',(#1438,#1416,#1334));
#1440=FACE_OUTER_BOUND('',#1439,.T.);
#1441=FACETED_PRIMITIVE_FACE('',(#1440));
#1442=POLY_LOOP('',(#1438,#1334,#1363));
#1443=FACE_OUTER_BOUND('',#1442,.T.);
#1444=FACETED_PRIMITIVE_FACE('',(#1443));
#1446=POLY_LOOP('',(#1445,#1428,#1420));
#1447=FACE_OUTER_BOUND('',#1446,.T.);
#1448=FACETED_PRIMITIVE_FACE('',(#1447));
#1450=POLY_LOOP('',(#1445,#1449,#1428));
#1451=FACE_OUTER_BOUND('',#1450,.T.);
#1452=FACETED_PRIMITIVE_FACE('',(#1451));
#1454=POLY_LOOP('',(#1445,#1453,#1449));
#1455=FACE_OUTER_BOUND('',#1454,.T.);
#1456=FACETED_PRIMITIVE_FACE('',(#1455));
#1458=POLY_LOOP('',(#1445,#1457,#1453));
#1459=FACE_OUTER_BOUND('',#1458,.T.);
#1460=FACETED_PRIMITIVE_FACE('',(#1459));
#1461=POLY_LOOP('',(#1445,#1341,#1373));
#1462=FACE_OUTER_BOUND('',#1461,.T.);
#1463=FACETED_PRIMITIVE_FACE('',(#1462));
#1464=POLY_LOOP('',(#1445,#1373,#1416));
#1465=FACE_OUTER_BOUND('',#1464,.T.);
#1466=FACETED_PRIMITIVE_FACE('',(#1465));
#1467=POLY_LOOP('',(#1445,#1420,#1341));
#1468=FACE_OUTER_BOUND('',#1467,.T.);
#1469=FACETED_PRIMITIVE_FACE('',(#1468));
#1471=POLY_LOOP('',(#1470,#1363,#1401));
#1472=FACE_OUTER_BOUND('',#1471,.T.);
#1473=FACETED_PRIMITIVE_FACE('',(#1472));
#1474=POLY_LOOP('',(#1470,#1401,#1412));
#1475=FACE_OUTER_BOUND('',#1474,.T.);
#1476=FACETED_PRIMITIVE_FACE('',(#1475));
#1477=POLY_LOOP('',(#1470,#1438,#1363));
#1478=FACE_OUTER_BOUND('',#1477,.T.);
#1479=FACETED_PRIMITIVE_FACE('',(#1478));
#1481=POLY_LOOP('',(#1470,#1412,#1480));
#1482=FACE_OUTER_BOUND('',#1481,.T.);
#1483=FACETED_PRIMITIVE_FACE('',(#1482));
#1485=POLY_LOOP('',(#1470,#1480,#1484));
#1486=FACE_OUTER_BOUND('',#1485,.T.);
#1487=FACETED_PRIMITIVE_FACE('',(#1486));
#1490=POLY_LOOP('',(#1488,#1489,#1457));
#1491=FACE_OUTER_BOUND('',#1490,.T.);
#1492=FACETED_PRIMITIVE_FACE('',(#1491));
#1494=POLY_LOOP('',(#1488,#1493,#1489));
#1495=FACE_OUTER_BOUND('',#1494,.T.);
#1496=FACETED_PRIMITIVE_FACE('',(#1495));
#1497=POLY_LOOP('',(#1488,#1457,#1445));
#1498=FACE_OUTER_BOUND('',#1497,.T.);
#1499=FACETED_PRIMITIVE_FACE('',(#1498));
#1500=POLY_LOOP('',(#1488,#1445,#1416));
#1501=FACE_OUTER_BOUND('',#1500,.T.);
#1502=FACETED_PRIMITIVE_FACE('',(#1501));
#1505=POLY_LOOP('',(#1503,#1504,#1493));
#1506=FACE_OUTER_BOUND('',#1505,.T.);
#1507=FACETED_PRIMITIVE_FACE('',(#1506));
#1508=POLY_LOOP('',(#1503,#544,#1504));
#1509=FACE_OUTER_BOUND('',#1508,.T.);
#1510=FACETED_PRIMITIVE_FACE('',(#1509));
#1511=POLY_LOOP('',(#1503,#1416,#1438));
#1512=FACE_OUTER_BOUND('',#1511,.T.);
#1513=FACETED_PRIMITIVE_FACE('',(#1512));
#1514=POLY_LOOP('',(#1503,#1488,#1416));
#1515=FACE_OUTER_BOUND('',#1514,.T.);
#1516=FACETED_PRIMITIVE_FACE('',(#1515));
#1517=POLY_LOOP('',(#1503,#1493,#1488));
#1518=FACE_OUTER_BOUND('',#1517,.T.);
#1519=FACETED_PRIMITIVE_FACE('',(#1518));
#1522=POLY_LOOP('',(#1520,#1484,#1521));
#1523=FACE_OUTER_BOUND('',#1522,.T.);
#1524=FACETED_PRIMITIVE_FACE('',(#1523));
#1525=POLY_LOOP('',(#1520,#1521,#545));
#1526=FACE_OUTER_BOUND('',#1525,.T.);
#1527=FACETED_PRIMITIVE_FACE('',(#1526));
#1528=POLY_LOOP('',(#1520,#1438,#1470));
#1529=FACE_OUTER_BOUND('',#1528,.T.);
#1530=FACETED_PRIMITIVE_FACE('',(#1529));
#1531=POLY_LOOP('',(#1520,#1470,#1484));
#1532=FACE_OUTER_BOUND('',#1531,.T.);
#1533=FACETED_PRIMITIVE_FACE('',(#1532));
#1534=POLY_LOOP('',(#1520,#1503,#1438));
#1535=FACE_OUTER_BOUND('',#1534,.T.);
#1536=FACETED_PRIMITIVE_FACE('',(#1535));
#1537=POLY_LOOP('',(#1520,#544,#1503));
#1538=FACE_OUTER_BOUND('',#1537,.T.);
#1539=FACETED_PRIMITIVE_FACE('',(#1538));
#1540=POLY_LOOP('',(#1520,#545,#544));
#1541=FACE_OUTER_BOUND('',#1540,.T.);
#1542=FACETED_PRIMITIVE_FACE('',(#1541));
#1545=POLY_LOOP('',(#1270,#1543,#1544));
#1546=FACE_OUTER_BOUND('',#1545,.T.);
#1547=FACETED_PRIMITIVE_FACE('',(#1546));
#1549=POLY_LOOP('',(#1274,#1548,#1543));
#1550=FACE_OUTER_BOUND('',#1549,.T.);
#1551=FACETED_PRIMITIVE_FACE('',(#1550));
#1552=POLY_LOOP('',(#1274,#1543,#1270));
#1553=FACE_OUTER_BOUND('',#1552,.T.);
#1554=FACETED_PRIMITIVE_FACE('',(#1553));
#1556=POLY_LOOP('',(#1232,#1544,#1555));
#1557=FACE_OUTER_BOUND('',#1556,.T.);
#1558=FACETED_PRIMITIVE_FACE('',(#1557));
#1559=POLY_LOOP('',(#1232,#1270,#1544));
#1560=FACE_OUTER_BOUND('',#1559,.T.);
#1561=FACETED_PRIMITIVE_FACE('',(#1560));
#1563=POLY_LOOP('',(#1302,#1562,#1548));
#1564=FACE_OUTER_BOUND('',#1563,.T.);
#1565=FACETED_PRIMITIVE_FACE('',(#1564));
#1566=POLY_LOOP('',(#1302,#1548,#1274));
#1567=FACE_OUTER_BOUND('',#1566,.T.);
#1568=FACETED_PRIMITIVE_FACE('',(#1567));
#1570=POLY_LOOP('',(#536,#1555,#1569));
#1571=FACE_OUTER_BOUND('',#1570,.T.);
#1572=FACETED_PRIMITIVE_FACE('',(#1571));
#1573=POLY_LOOP('',(#536,#1232,#1555));
#1574=FACE_OUTER_BOUND('',#1573,.T.);
#1575=FACETED_PRIMITIVE_FACE('',(#1574));
#1577=POLY_LOOP('',(#1306,#1576,#1562));
#1578=FACE_OUTER_BOUND('',#1577,.T.);
#1579=FACETED_PRIMITIVE_FACE('',(#1578));
#1580=POLY_LOOP('',(#1306,#1562,#1302));
#1581=FACE_OUTER_BOUND('',#1580,.T.);
#1582=FACETED_PRIMITIVE_FACE('',(#1581));
#1583=POLY_LOOP('',(#532,#536,#1569));
#1584=FACE_OUTER_BOUND('',#1583,.T.);
#1585=FACETED_PRIMITIVE_FACE('',(#1584));
#1587=POLY_LOOP('',(#1349,#1586,#1576));
#1588=FACE_OUTER_BOUND('',#1587,.T.);
#1589=FACETED_PRIMITIVE_FACE('',(#1588));
#1590=POLY_LOOP('',(#1349,#1576,#1306));
#1591=FACE_OUTER_BOUND('',#1590,.T.);
#1592=FACETED_PRIMITIVE_FACE('',(#1591));
#1594=POLY_LOOP('',(#528,#1569,#1593));
#1595=FACE_OUTER_BOUND('',#1594,.T.);
#1596=FACETED_PRIMITIVE_FACE('',(#1595));
#1597=POLY_LOOP('',(#528,#532,#1569));
#1598=FACE_OUTER_BOUND('',#1597,.T.);
#1599=FACETED_PRIMITIVE_FACE('',(#1598));
#1601=POLY_LOOP('',(#524,#1593,#1600));
#1602=FACE_OUTER_BOUND('',#1601,.T.);
#1603=FACETED_PRIMITIVE_FACE('',(#1602));
#1604=POLY_LOOP('',(#524,#528,#1593));
#1605=FACE_OUTER_BOUND('',#1604,.T.);
#1606=FACETED_PRIMITIVE_FACE('',(#1605));
#1608=POLY_LOOP('',(#1353,#1607,#1586));
#1609=FACE_OUTER_BOUND('',#1608,.T.);
#1610=FACETED_PRIMITIVE_FACE('',(#1609));
#1611=POLY_LOOP('',(#1353,#1586,#1349));
#1612=FACE_OUTER_BOUND('',#1611,.T.);
#1613=FACETED_PRIMITIVE_FACE('',(#1612));
#1614=POLY_LOOP('',(#520,#524,#1600));
#1615=FACE_OUTER_BOUND('',#1614,.T.);
#1616=FACETED_PRIMITIVE_FACE('',(#1615));
#1618=POLY_LOOP('',(#520,#1600,#1617));
#1619=FACE_OUTER_BOUND('',#1618,.T.);
#1620=FACETED_PRIMITIVE_FACE('',(#1619));
#1621=POLY_LOOP('',(#1387,#1607,#1353));
#1622=FACE_OUTER_BOUND('',#1621,.T.);
#1623=FACETED_PRIMITIVE_FACE('',(#1622));
#1625=POLY_LOOP('',(#1387,#1624,#1607));
#1626=FACE_OUTER_BOUND('',#1625,.T.);
#1627=FACETED_PRIMITIVE_FACE('',(#1626));
#1629=POLY_LOOP('',(#412,#1617,#1628));
#1630=FACE_OUTER_BOUND('',#1629,.T.);
#1631=FACETED_PRIMITIVE_FACE('',(#1630));
#1632=POLY_LOOP('',(#412,#520,#1617));
#1633=FACE_OUTER_BOUND('',#1632,.T.);
#1634=FACETED_PRIMITIVE_FACE('',(#1633));
#1635=POLY_LOOP('',(#1391,#1624,#1387));
#1636=FACE_OUTER_BOUND('',#1635,.T.);
#1637=FACETED_PRIMITIVE_FACE('',(#1636));
#1639=POLY_LOOP('',(#1391,#1638,#1624));
#1640=FACE_OUTER_BOUND('',#1639,.T.);
#1641=FACETED_PRIMITIVE_FACE('',(#1640));
#1642=POLY_LOOP('',(#1424,#1638,#1391));
#1643=FACE_OUTER_BOUND('',#1642,.T.);
#1644=FACETED_PRIMITIVE_FACE('',(#1643));
#1646=POLY_LOOP('',(#1645,#1638,#1424));
#1647=FACE_OUTER_BOUND('',#1646,.T.);
#1648=FACETED_PRIMITIVE_FACE('',(#1647));
#1649=POLY_LOOP('',(#1428,#1645,#1424));
#1650=FACE_OUTER_BOUND('',#1649,.T.);
#1651=FACETED_PRIMITIVE_FACE('',(#1650));
#1653=POLY_LOOP('',(#1652,#1645,#1428));
#1654=FACE_OUTER_BOUND('',#1653,.T.);
#1655=FACETED_PRIMITIVE_FACE('',(#1654));
#1656=POLY_LOOP('',(#1449,#1652,#1428));
#1657=FACE_OUTER_BOUND('',#1656,.T.);
#1658=FACETED_PRIMITIVE_FACE('',(#1657));
#1660=POLY_LOOP('',(#1453,#1659,#1652));
#1661=FACE_OUTER_BOUND('',#1660,.T.);
#1662=FACETED_PRIMITIVE_FACE('',(#1661));
#1663=POLY_LOOP('',(#1453,#1652,#1449));
#1664=FACE_OUTER_BOUND('',#1663,.T.);
#1665=FACETED_PRIMITIVE_FACE('',(#1664));
#1666=POLY_LOOP('',(#1457,#1659,#1453));
#1667=FACE_OUTER_BOUND('',#1666,.T.);
#1668=FACETED_PRIMITIVE_FACE('',(#1667));
#1670=POLY_LOOP('',(#1669,#1659,#1457));
#1671=FACE_OUTER_BOUND('',#1670,.T.);
#1672=FACETED_PRIMITIVE_FACE('',(#1671));
#1673=POLY_LOOP('',(#1489,#1669,#1457));
#1674=FACE_OUTER_BOUND('',#1673,.T.);
#1675=FACETED_PRIMITIVE_FACE('',(#1674));
#1677=POLY_LOOP('',(#1676,#1669,#1489));
#1678=FACE_OUTER_BOUND('',#1677,.T.);
#1679=FACETED_PRIMITIVE_FACE('',(#1678));
#1680=POLY_LOOP('',(#1493,#1676,#1489));
#1681=FACE_OUTER_BOUND('',#1680,.T.);
#1682=FACETED_PRIMITIVE_FACE('',(#1681));
#1684=POLY_LOOP('',(#407,#1628,#1683));
#1685=FACE_OUTER_BOUND('',#1684,.T.);
#1686=FACETED_PRIMITIVE_FACE('',(#1685));
#1687=POLY_LOOP('',(#407,#412,#1628));
#1688=FACE_OUTER_BOUND('',#1687,.T.);
#1689=FACETED_PRIMITIVE_FACE('',(#1688));
#1691=POLY_LOOP('',(#1690,#1676,#1493));
#1692=FACE_OUTER_BOUND('',#1691,.T.);
#1693=FACETED_PRIMITIVE_FACE('',(#1692));
#1694=POLY_LOOP('',(#1504,#1690,#1493));
#1695=FACE_OUTER_BOUND('',#1694,.T.);
#1696=FACETED_PRIMITIVE_FACE('',(#1695));
#1698=POLY_LOOP('',(#1697,#1690,#1504));
#1699=FACE_OUTER_BOUND('',#1698,.T.);
#1700=FACETED_PRIMITIVE_FACE('',(#1699));
#1701=POLY_LOOP('',(#544,#1697,#1504));
#1702=FACE_OUTER_BOUND('',#1701,.T.);
#1703=FACETED_PRIMITIVE_FACE('',(#1702));
#1705=POLY_LOOP('',(#1704,#1697,#544));
#1706=FACE_OUTER_BOUND('',#1705,.T.);
#1707=FACETED_PRIMITIVE_FACE('',(#1706));
#1709=POLY_LOOP('',(#1708,#1704,#544));
#1710=FACE_OUTER_BOUND('',#1709,.T.);
#1711=FACETED_PRIMITIVE_FACE('',(#1710));
#1712=POLY_LOOP('',(#549,#1708,#544));
#1713=FACE_OUTER_BOUND('',#1712,.T.);
#1714=FACETED_PRIMITIVE_FACE('',(#1713));
#1716=POLY_LOOP('',(#1715,#1708,#549));
#1717=FACE_OUTER_BOUND('',#1716,.T.);
#1718=FACETED_PRIMITIVE_FACE('',(#1717));
#1719=POLY_LOOP('',(#553,#1715,#549));
#1720=FACE_OUTER_BOUND('',#1719,.T.);
#1721=FACETED_PRIMITIVE_FACE('',(#1720));
#1723=POLY_LOOP('',(#1722,#1715,#553));
#1724=FACE_OUTER_BOUND('',#1723,.T.);
#1725=FACETED_PRIMITIVE_FACE('',(#1724));
#1726=POLY_LOOP('',(#557,#1722,#553));
#1727=FACE_OUTER_BOUND('',#1726,.T.);
#1728=FACETED_PRIMITIVE_FACE('',(#1727));
#1730=POLY_LOOP('',(#1729,#557,#561));
#1731=FACE_OUTER_BOUND('',#1730,.T.);
#1732=FACETED_PRIMITIVE_FACE('',(#1731));
#1733=POLY_LOOP('',(#1729,#1722,#557));
#1734=FACE_OUTER_BOUND('',#1733,.T.);
#1735=FACETED_PRIMITIVE_FACE('',(#1734));
#1737=POLY_LOOP('',(#1736,#561,#565));
#1738=FACE_OUTER_BOUND('',#1737,.T.);
#1739=FACETED_PRIMITIVE_FACE('',(#1738));
#1740=POLY_LOOP('',(#1736,#1729,#561));
#1741=FACE_OUTER_BOUND('',#1740,.T.);
#1742=FACETED_PRIMITIVE_FACE('',(#1741));
#1745=POLY_LOOP('',(#1743,#565,#1744));
#1746=FACE_OUTER_BOUND('',#1745,.T.);
#1747=FACETED_PRIMITIVE_FACE('',(#1746));
#1748=POLY_LOOP('',(#1743,#1736,#565));
#1749=FACE_OUTER_BOUND('',#1748,.T.);
#1750=FACETED_PRIMITIVE_FACE('',(#1749));
#1753=POLY_LOOP('',(#1751,#1752,#316));
#1754=FACE_OUTER_BOUND('',#1753,.T.);
#1755=FACETED_PRIMITIVE_FACE('',(#1754));
#1756=POLY_LOOP('',(#1751,#316,#322));
#1757=FACE_OUTER_BOUND('',#1756,.T.);
#1758=FACETED_PRIMITIVE_FACE('',(#1757));
#1760=POLY_LOOP('',(#1759,#322,#330));
#1761=FACE_OUTER_BOUND('',#1760,.T.);
#1762=FACETED_PRIMITIVE_FACE('',(#1761));
#1763=POLY_LOOP('',(#1759,#1751,#322));
#1764=FACE_OUTER_BOUND('',#1763,.T.);
#1765=FACETED_PRIMITIVE_FACE('',(#1764));
#1767=POLY_LOOP('',(#1766,#338,#346));
#1768=FACE_OUTER_BOUND('',#1767,.T.);
#1769=FACETED_PRIMITIVE_FACE('',(#1768));
#1770=POLY_LOOP('',(#1766,#330,#338));
#1771=FACE_OUTER_BOUND('',#1770,.T.);
#1772=FACETED_PRIMITIVE_FACE('',(#1771));
#1773=POLY_LOOP('',(#1766,#1759,#330));
#1774=FACE_OUTER_BOUND('',#1773,.T.);
#1775=FACETED_PRIMITIVE_FACE('',(#1774));
#1777=POLY_LOOP('',(#1776,#1766,#346));
#1778=FACE_OUTER_BOUND('',#1777,.T.);
#1779=FACETED_PRIMITIVE_FACE('',(#1778));
#1781=POLY_LOOP('',(#1780,#346,#354));
#1782=FACE_OUTER_BOUND('',#1781,.T.);
#1783=FACETED_PRIMITIVE_FACE('',(#1782));
#1784=POLY_LOOP('',(#1780,#1776,#346));
#1785=FACE_OUTER_BOUND('',#1784,.T.);
#1786=FACETED_PRIMITIVE_FACE('',(#1785));
#1788=POLY_LOOP('',(#1787,#359,#367));
#1789=FACE_OUTER_BOUND('',#1788,.T.);
#1790=FACETED_PRIMITIVE_FACE('',(#1789));
#1791=POLY_LOOP('',(#1787,#354,#359));
#1792=FACE_OUTER_BOUND('',#1791,.T.);
#1793=FACETED_PRIMITIVE_FACE('',(#1792));
#1794=POLY_LOOP('',(#1787,#1780,#354));
#1795=FACE_OUTER_BOUND('',#1794,.T.);
#1796=FACETED_PRIMITIVE_FACE('',(#1795));
#1798=POLY_LOOP('',(#1797,#1787,#367));
#1799=FACE_OUTER_BOUND('',#1798,.T.);
#1800=FACETED_PRIMITIVE_FACE('',(#1799));
#1802=POLY_LOOP('',(#1801,#367,#375));
#1803=FACE_OUTER_BOUND('',#1802,.T.);
#1804=FACETED_PRIMITIVE_FACE('',(#1803));
#1805=POLY_LOOP('',(#1801,#1797,#367));
#1806=FACE_OUTER_BOUND('',#1805,.T.);
#1807=FACETED_PRIMITIVE_FACE('',(#1806));
#1809=POLY_LOOP('',(#1808,#375,#387));
#1810=FACE_OUTER_BOUND('',#1809,.T.);
#1811=FACETED_PRIMITIVE_FACE('',(#1810));
#1812=POLY_LOOP('',(#1808,#1801,#375));
#1813=FACE_OUTER_BOUND('',#1812,.T.);
#1814=FACETED_PRIMITIVE_FACE('',(#1813));
#1816=POLY_LOOP('',(#1815,#387,#386));
#1817=FACE_OUTER_BOUND('',#1816,.T.);
#1818=FACETED_PRIMITIVE_FACE('',(#1817));
#1819=POLY_LOOP('',(#1815,#1808,#387));
#1820=FACE_OUTER_BOUND('',#1819,.T.);
#1821=FACETED_PRIMITIVE_FACE('',(#1820));
#1823=POLY_LOOP('',(#1822,#386,#398));
#1824=FACE_OUTER_BOUND('',#1823,.T.);
#1825=FACETED_PRIMITIVE_FACE('',(#1824));
#1826=POLY_LOOP('',(#1822,#1815,#386));
#1827=FACE_OUTER_BOUND('',#1826,.T.);
#1828=FACETED_PRIMITIVE_FACE('',(#1827));
#1830=POLY_LOOP('',(#1829,#398,#417));
#1831=FACE_OUTER_BOUND('',#1830,.T.);
#1832=FACETED_PRIMITIVE_FACE('',(#1831));
#1833=POLY_LOOP('',(#1829,#1822,#398));
#1834=FACE_OUTER_BOUND('',#1833,.T.);
#1835=FACETED_PRIMITIVE_FACE('',(#1834));
#1837=POLY_LOOP('',(#1836,#1829,#417));
#1838=FACE_OUTER_BOUND('',#1837,.T.);
#1839=FACETED_PRIMITIVE_FACE('',(#1838));
#1840=POLY_LOOP('',(#1836,#417,#437));
#1841=FACE_OUTER_BOUND('',#1840,.T.);
#1842=FACETED_PRIMITIVE_FACE('',(#1841));
#1844=POLY_LOOP('',(#1843,#1836,#437));
#1845=FACE_OUTER_BOUND('',#1844,.T.);
#1846=FACETED_PRIMITIVE_FACE('',(#1845));
#1847=POLY_LOOP('',(#1843,#436,#469));
#1848=FACE_OUTER_BOUND('',#1847,.T.);
#1849=FACETED_PRIMITIVE_FACE('',(#1848));
#1850=POLY_LOOP('',(#1843,#437,#436));
#1851=FACE_OUTER_BOUND('',#1850,.T.);
#1852=FACETED_PRIMITIVE_FACE('',(#1851));
#1854=POLY_LOOP('',(#1853,#1843,#469));
#1855=FACE_OUTER_BOUND('',#1854,.T.);
#1856=FACETED_PRIMITIVE_FACE('',(#1855));
#1858=POLY_LOOP('',(#1857,#461,#457));
#1859=FACE_OUTER_BOUND('',#1858,.T.);
#1860=FACETED_PRIMITIVE_FACE('',(#1859));
#1861=POLY_LOOP('',(#1857,#469,#461));
#1862=FACE_OUTER_BOUND('',#1861,.T.);
#1863=FACETED_PRIMITIVE_FACE('',(#1862));
#1864=POLY_LOOP('',(#1857,#1853,#469));
#1865=FACE_OUTER_BOUND('',#1864,.T.);
#1866=FACETED_PRIMITIVE_FACE('',(#1865));
#1868=POLY_LOOP('',(#1867,#1857,#457));
#1869=FACE_OUTER_BOUND('',#1868,.T.);
#1870=FACETED_PRIMITIVE_FACE('',(#1869));
#1872=POLY_LOOP('',(#1871,#448,#425));
#1873=FACE_OUTER_BOUND('',#1872,.T.);
#1874=FACETED_PRIMITIVE_FACE('',(#1873));
#1875=POLY_LOOP('',(#1871,#457,#448));
#1876=FACE_OUTER_BOUND('',#1875,.T.);
#1877=FACETED_PRIMITIVE_FACE('',(#1876));
#1878=POLY_LOOP('',(#1871,#1867,#457));
#1879=FACE_OUTER_BOUND('',#1878,.T.);
#1880=FACETED_PRIMITIVE_FACE('',(#1879));
#1882=POLY_LOOP('',(#1881,#1871,#425));
#1883=FACE_OUTER_BOUND('',#1882,.T.);
#1884=FACETED_PRIMITIVE_FACE('',(#1883));
#1886=POLY_LOOP('',(#1885,#425,#408));
#1887=FACE_OUTER_BOUND('',#1886,.T.);
#1888=FACETED_PRIMITIVE_FACE('',(#1887));
#1889=POLY_LOOP('',(#1885,#1881,#425));
#1890=FACE_OUTER_BOUND('',#1889,.T.);
#1891=FACETED_PRIMITIVE_FACE('',(#1890));
#1892=POLY_LOOP('',(#1683,#408,#407));
#1893=FACE_OUTER_BOUND('',#1892,.T.);
#1894=FACETED_PRIMITIVE_FACE('',(#1893));
#1895=POLY_LOOP('',(#1683,#1885,#408));
#1896=FACE_OUTER_BOUND('',#1895,.T.);
#1897=FACETED_PRIMITIVE_FACE('',(#1896));
#1899=POLY_LOOP('',(#317,#1752,#1898));
#1900=FACE_OUTER_BOUND('',#1899,.T.);
#1901=FACETED_PRIMITIVE_FACE('',(#1900));
#1902=POLY_LOOP('',(#317,#316,#1752));
#1903=FACE_OUTER_BOUND('',#1902,.T.);
#1904=FACETED_PRIMITIVE_FACE('',(#1903));
#1906=POLY_LOOP('',(#1905,#317,#1898));
#1907=FACE_OUTER_BOUND('',#1906,.T.);
#1908=FACETED_PRIMITIVE_FACE('',(#1907));
#1910=POLY_LOOP('',(#486,#1905,#1909));
#1911=FACE_OUTER_BOUND('',#1910,.T.);
#1912=FACETED_PRIMITIVE_FACE('',(#1911));
#1913=POLY_LOOP('',(#486,#317,#1905));
#1914=FACE_OUTER_BOUND('',#1913,.T.);
#1915=FACETED_PRIMITIVE_FACE('',(#1914));
#1916=POLY_LOOP('',(#490,#486,#1909));
#1917=FACE_OUTER_BOUND('',#1916,.T.);
#1918=FACETED_PRIMITIVE_FACE('',(#1917));
#1920=POLY_LOOP('',(#1919,#490,#1909));
#1921=FACE_OUTER_BOUND('',#1920,.T.);
#1922=FACETED_PRIMITIVE_FACE('',(#1921));
#1923=POLY_LOOP('',(#494,#490,#1919));
#1924=FACE_OUTER_BOUND('',#1923,.T.);
#1925=FACETED_PRIMITIVE_FACE('',(#1924));
#1927=POLY_LOOP('',(#1926,#494,#1919));
#1928=FACE_OUTER_BOUND('',#1927,.T.);
#1929=FACETED_PRIMITIVE_FACE('',(#1928));
#1930=POLY_LOOP('',(#498,#494,#1926));
#1931=FACE_OUTER_BOUND('',#1930,.T.);
#1932=FACETED_PRIMITIVE_FACE('',(#1931));
#1933=POLY_LOOP('',(#583,#498,#1926));
#1934=FACE_OUTER_BOUND('',#1933,.T.);
#1935=FACETED_PRIMITIVE_FACE('',(#1934));
#1937=POLY_LOOP('',(#1936,#583,#1926));
#1938=FACE_OUTER_BOUND('',#1937,.T.);
#1939=FACETED_PRIMITIVE_FACE('',(#1938));
#1940=POLY_LOOP('',(#587,#583,#1936));
#1941=FACE_OUTER_BOUND('',#1940,.T.);
#1942=FACETED_PRIMITIVE_FACE('',(#1941));
#1944=POLY_LOOP('',(#1943,#587,#1936));
#1945=FACE_OUTER_BOUND('',#1944,.T.);
#1946=FACETED_PRIMITIVE_FACE('',(#1945));
#1947=POLY_LOOP('',(#595,#587,#1943));
#1948=FACE_OUTER_BOUND('',#1947,.T.);
#1949=FACETED_PRIMITIVE_FACE('',(#1948));
#1951=POLY_LOOP('',(#1950,#595,#1943));
#1952=FACE_OUTER_BOUND('',#1951,.T.);
#1953=FACETED_PRIMITIVE_FACE('',(#1952));
#1954=POLY_LOOP('',(#599,#595,#1950));
#1955=FACE_OUTER_BOUND('',#1954,.T.);
#1956=FACETED_PRIMITIVE_FACE('',(#1955));
#1958=POLY_LOOP('',(#1957,#599,#1950));
#1959=FACE_OUTER_BOUND('',#1958,.T.);
#1960=FACETED_PRIMITIVE_FACE('',(#1959));
#1961=POLY_LOOP('',(#617,#599,#1957));
#1962=FACE_OUTER_BOUND('',#1961,.T.);
#1963=FACETED_PRIMITIVE_FACE('',(#1962));
#1965=POLY_LOOP('',(#1964,#617,#1957));
#1966=FACE_OUTER_BOUND('',#1965,.T.);
#1967=FACETED_PRIMITIVE_FACE('',(#1966));
#1968=POLY_LOOP('',(#621,#617,#1964));
#1969=FACE_OUTER_BOUND('',#1968,.T.);
#1970=FACETED_PRIMITIVE_FACE('',(#1969));
#1972=POLY_LOOP('',(#1971,#621,#1964));
#1973=FACE_OUTER_BOUND('',#1972,.T.);
#1974=FACETED_PRIMITIVE_FACE('',(#1973));
#1975=POLY_LOOP('',(#636,#621,#1971));
#1976=FACE_OUTER_BOUND('',#1975,.T.);
#1977=FACETED_PRIMITIVE_FACE('',(#1976));
#1979=POLY_LOOP('',(#1978,#636,#1971));
#1980=FACE_OUTER_BOUND('',#1979,.T.);
#1981=FACETED_PRIMITIVE_FACE('',(#1980));
#1982=POLY_LOOP('',(#640,#636,#1978));
#1983=FACE_OUTER_BOUND('',#1982,.T.);
#1984=FACETED_PRIMITIVE_FACE('',(#1983));
#1986=POLY_LOOP('',(#1985,#640,#1978));
#1987=FACE_OUTER_BOUND('',#1986,.T.);
#1988=FACETED_PRIMITIVE_FACE('',(#1987));
#1989=POLY_LOOP('',(#655,#640,#1985));
#1990=FACE_OUTER_BOUND('',#1989,.T.);
#1991=FACETED_PRIMITIVE_FACE('',(#1990));
#1993=POLY_LOOP('',(#1992,#655,#1985));
#1994=FACE_OUTER_BOUND('',#1993,.T.);
#1995=FACETED_PRIMITIVE_FACE('',(#1994));
#1996=POLY_LOOP('',(#659,#655,#1992));
#1997=FACE_OUTER_BOUND('',#1996,.T.);
#1998=FACETED_PRIMITIVE_FACE('',(#1997));
#2000=POLY_LOOP('',(#1999,#516,#512));
#2001=FACE_OUTER_BOUND('',#2000,.T.);
#2002=FACETED_PRIMITIVE_FACE('',(#2001));
#2004=POLY_LOOP('',(#1999,#2003,#516));
#2005=FACE_OUTER_BOUND('',#2004,.T.);
#2006=FACETED_PRIMITIVE_FACE('',(#2005));
#2008=POLY_LOOP('',(#1999,#2007,#2003));
#2009=FACE_OUTER_BOUND('',#2008,.T.);
#2010=FACETED_PRIMITIVE_FACE('',(#2009));
#2012=POLY_LOOP('',(#2011,#691,#659));
#2013=FACE_OUTER_BOUND('',#2012,.T.);
#2014=FACETED_PRIMITIVE_FACE('',(#2013));
#2015=POLY_LOOP('',(#2011,#659,#1992));
#2016=FACE_OUTER_BOUND('',#2015,.T.);
#2017=FACETED_PRIMITIVE_FACE('',(#2016));
#2019=POLY_LOOP('',(#2018,#512,#508));
#2020=FACE_OUTER_BOUND('',#2019,.T.);
#2021=FACETED_PRIMITIVE_FACE('',(#2020));
#2022=POLY_LOOP('',(#2018,#1999,#512));
#2023=FACE_OUTER_BOUND('',#2022,.T.);
#2024=FACETED_PRIMITIVE_FACE('',(#2023));
#2026=POLY_LOOP('',(#2025,#695,#691));
#2027=FACE_OUTER_BOUND('',#2026,.T.);
#2028=FACETED_PRIMITIVE_FACE('',(#2027));
#2029=POLY_LOOP('',(#2025,#691,#2011));
#2030=FACE_OUTER_BOUND('',#2029,.T.);
#2031=FACETED_PRIMITIVE_FACE('',(#2030));
#2033=POLY_LOOP('',(#2032,#508,#504));
#2034=FACE_OUTER_BOUND('',#2033,.T.);
#2035=FACETED_PRIMITIVE_FACE('',(#2034));
#2036=POLY_LOOP('',(#2032,#2018,#508));
#2037=FACE_OUTER_BOUND('',#2036,.T.);
#2038=FACETED_PRIMITIVE_FACE('',(#2037));
#2040=POLY_LOOP('',(#2039,#504,#503));
#2041=FACE_OUTER_BOUND('',#2040,.T.);
#2042=FACETED_PRIMITIVE_FACE('',(#2041));
#2043=POLY_LOOP('',(#2039,#2032,#504));
#2044=FACE_OUTER_BOUND('',#2043,.T.);
#2045=FACETED_PRIMITIVE_FACE('',(#2044));
#2047=POLY_LOOP('',(#2046,#699,#695));
#2048=FACE_OUTER_BOUND('',#2047,.T.);
#2049=FACETED_PRIMITIVE_FACE('',(#2048));
#2050=POLY_LOOP('',(#2046,#721,#699));
#2051=FACE_OUTER_BOUND('',#2050,.T.);
#2052=FACETED_PRIMITIVE_FACE('',(#2051));
#2053=POLY_LOOP('',(#2046,#695,#2025));
#2054=FACE_OUTER_BOUND('',#2053,.T.);
#2055=FACETED_PRIMITIVE_FACE('',(#2054));
#2057=POLY_LOOP('',(#2056,#503,#797));
#2058=FACE_OUTER_BOUND('',#2057,.T.);
#2059=FACETED_PRIMITIVE_FACE('',(#2058));
#2060=POLY_LOOP('',(#2056,#2039,#503));
#2061=FACE_OUTER_BOUND('',#2060,.T.);
#2062=FACETED_PRIMITIVE_FACE('',(#2061));
#2064=POLY_LOOP('',(#2063,#725,#721));
#2065=FACE_OUTER_BOUND('',#2064,.T.);
#2066=FACETED_PRIMITIVE_FACE('',(#2065));
#2067=POLY_LOOP('',(#2063,#721,#2046));
#2068=FACE_OUTER_BOUND('',#2067,.T.);
#2069=FACETED_PRIMITIVE_FACE('',(#2068));
#2071=POLY_LOOP('',(#2070,#2056,#797));
#2072=FACE_OUTER_BOUND('',#2071,.T.);
#2073=FACETED_PRIMITIVE_FACE('',(#2072));
#2075=POLY_LOOP('',(#2074,#760,#725));
#2076=FACE_OUTER_BOUND('',#2075,.T.);
#2077=FACETED_PRIMITIVE_FACE('',(#2076));
#2078=POLY_LOOP('',(#2074,#725,#2063));
#2079=FACE_OUTER_BOUND('',#2078,.T.);
#2080=FACETED_PRIMITIVE_FACE('',(#2079));
#2082=POLY_LOOP('',(#2081,#797,#793));
#2083=FACE_OUTER_BOUND('',#2082,.T.);
#2084=FACETED_PRIMITIVE_FACE('',(#2083));
#2085=POLY_LOOP('',(#2081,#2070,#797));
#2086=FACE_OUTER_BOUND('',#2085,.T.);
#2087=FACETED_PRIMITIVE_FACE('',(#2086));
#2089=POLY_LOOP('',(#2088,#764,#760));
#2090=FACE_OUTER_BOUND('',#2089,.T.);
#2091=FACETED_PRIMITIVE_FACE('',(#2090));
#2092=POLY_LOOP('',(#2088,#760,#2074));
#2093=FACE_OUTER_BOUND('',#2092,.T.);
#2094=FACETED_PRIMITIVE_FACE('',(#2093));
#2096=POLY_LOOP('',(#2095,#793,#764));
#2097=FACE_OUTER_BOUND('',#2096,.T.);
#2098=FACETED_PRIMITIVE_FACE('',(#2097));
#2099=POLY_LOOP('',(#2095,#764,#2088));
#2100=FACE_OUTER_BOUND('',#2099,.T.);
#2101=FACETED_PRIMITIVE_FACE('',(#2100));
#2102=POLY_LOOP('',(#2095,#2081,#793));
#2103=FACE_OUTER_BOUND('',#2102,.T.);
#2104=FACETED_PRIMITIVE_FACE('',(#2103));
#2105=POLY_LOOP('',(#1744,#565,#543));
#2106=FACE_OUTER_BOUND('',#2105,.T.);
#2107=FACETED_PRIMITIVE_FACE('',(#2106));
#2109=POLY_LOOP('',(#2108,#1744,#543));
#2110=FACE_OUTER_BOUND('',#2109,.T.);
#2111=FACETED_PRIMITIVE_FACE('',(#2110));
#2113=POLY_LOOP('',(#2112,#545,#1521));
#2114=FACE_OUTER_BOUND('',#2113,.T.);
#2115=FACETED_PRIMITIVE_FACE('',(#2114));
#2116=POLY_LOOP('',(#2112,#543,#545));
#2117=FACE_OUTER_BOUND('',#2116,.T.);
#2118=FACETED_PRIMITIVE_FACE('',(#2117));
#2119=POLY_LOOP('',(#2112,#2108,#543));
#2120=FACE_OUTER_BOUND('',#2119,.T.);
#2121=FACETED_PRIMITIVE_FACE('',(#2120));
#2123=POLY_LOOP('',(#2122,#2112,#1521));
#2124=FACE_OUTER_BOUND('',#2123,.T.);
#2125=FACETED_PRIMITIVE_FACE('',(#2124));
#2127=POLY_LOOP('',(#2126,#1521,#1484));
#2128=FACE_OUTER_BOUND('',#2127,.T.);
#2129=FACETED_PRIMITIVE_FACE('',(#2128));
#2130=POLY_LOOP('',(#2126,#2122,#1521));
#2131=FACE_OUTER_BOUND('',#2130,.T.);
#2132=FACETED_PRIMITIVE_FACE('',(#2131));
#2134=POLY_LOOP('',(#2133,#1484,#1480));
#2135=FACE_OUTER_BOUND('',#2134,.T.);
#2136=FACETED_PRIMITIVE_FACE('',(#2135));
#2137=POLY_LOOP('',(#2133,#2126,#1484));
#2138=FACE_OUTER_BOUND('',#2137,.T.);
#2139=FACETED_PRIMITIVE_FACE('',(#2138));
#2141=POLY_LOOP('',(#1412,#2140,#2133));
#2142=FACE_OUTER_BOUND('',#2141,.T.);
#2143=FACETED_PRIMITIVE_FACE('',(#2142));
#2145=POLY_LOOP('',(#1412,#2144,#2140));
#2146=FACE_OUTER_BOUND('',#2145,.T.);
#2147=FACETED_PRIMITIVE_FACE('',(#2146));
#2148=POLY_LOOP('',(#1412,#2133,#1480));
#2149=FACE_OUTER_BOUND('',#2148,.T.);
#2150=FACETED_PRIMITIVE_FACE('',(#2149));
#2151=POLY_LOOP('',(#1408,#2144,#1412));
#2152=FACE_OUTER_BOUND('',#2151,.T.);
#2153=FACETED_PRIMITIVE_FACE('',(#2152));
#2155=POLY_LOOP('',(#1324,#2154,#2144));
#2156=FACE_OUTER_BOUND('',#2155,.T.);
#2157=FACETED_PRIMITIVE_FACE('',(#2156));
#2158=POLY_LOOP('',(#1324,#2144,#1408));
#2159=FACE_OUTER_BOUND('',#2158,.T.);
#2160=FACETED_PRIMITIVE_FACE('',(#2159));
#2162=POLY_LOOP('',(#1320,#2161,#2154));
#2163=FACE_OUTER_BOUND('',#2162,.T.);
#2164=FACETED_PRIMITIVE_FACE('',(#2163));
#2165=POLY_LOOP('',(#1320,#2154,#1324));
#2166=FACE_OUTER_BOUND('',#2165,.T.);
#2167=FACETED_PRIMITIVE_FACE('',(#2166));
#2169=POLY_LOOP('',(#1208,#2168,#2161));
#2170=FACE_OUTER_BOUND('',#2169,.T.);
#2171=FACETED_PRIMITIVE_FACE('',(#2170));
#2172=POLY_LOOP('',(#1208,#2161,#1320));
#2173=FACE_OUTER_BOUND('',#2172,.T.);
#2174=FACETED_PRIMITIVE_FACE('',(#2173));
#2176=POLY_LOOP('',(#1204,#2175,#2168));
#2177=FACE_OUTER_BOUND('',#2176,.T.);
#2178=FACETED_PRIMITIVE_FACE('',(#2177));
#2179=POLY_LOOP('',(#1204,#2168,#1208));
#2180=FACE_OUTER_BOUND('',#2179,.T.);
#2181=FACETED_PRIMITIVE_FACE('',(#2180));
#2182=POLY_LOOP('',(#502,#516,#2003));
#2183=FACE_OUTER_BOUND('',#2182,.T.);
#2184=FACETED_PRIMITIVE_FACE('',(#2183));
#2187=POLY_LOOP('',(#502,#2185,#2186));
#2188=FACE_OUTER_BOUND('',#2187,.T.);
#2189=FACETED_PRIMITIVE_FACE('',(#2188));
#2190=POLY_LOOP('',(#502,#2003,#2185));
#2191=FACE_OUTER_BOUND('',#2190,.T.);
#2192=FACETED_PRIMITIVE_FACE('',(#2191));
#2193=POLY_LOOP('',(#1129,#2175,#1204));
#2194=FACE_OUTER_BOUND('',#2193,.T.);
#2195=FACETED_PRIMITIVE_FACE('',(#2194));
#2197=POLY_LOOP('',(#1129,#2196,#2175));
#2198=FACE_OUTER_BOUND('',#2197,.T.);
#2199=FACETED_PRIMITIVE_FACE('',(#2198));
#2201=POLY_LOOP('',(#1129,#2200,#2196));
#2202=FACE_OUTER_BOUND('',#2201,.T.);
#2203=FACETED_PRIMITIVE_FACE('',(#2202));
#2204=POLY_LOOP('',(#837,#502,#2186));
#2205=FACE_OUTER_BOUND('',#2204,.T.);
#2206=FACETED_PRIMITIVE_FACE('',(#2205));
#2207=POLY_LOOP('',(#1125,#2200,#1129));
#2208=FACE_OUTER_BOUND('',#2207,.T.);
#2209=FACETED_PRIMITIVE_FACE('',(#2208));
#2211=POLY_LOOP('',(#1125,#2210,#2200));
#2212=FACE_OUTER_BOUND('',#2211,.T.);
#2213=FACETED_PRIMITIVE_FACE('',(#2212));
#2215=POLY_LOOP('',(#844,#2186,#2214));
#2216=FACE_OUTER_BOUND('',#2215,.T.);
#2217=FACETED_PRIMITIVE_FACE('',(#2216));
#2218=POLY_LOOP('',(#844,#837,#2186));
#2219=FACE_OUTER_BOUND('',#2218,.T.);
#2220=FACETED_PRIMITIVE_FACE('',(#2219));
#2221=POLY_LOOP('',(#1032,#2210,#1125));
#2222=FACE_OUTER_BOUND('',#2221,.T.);
#2223=FACETED_PRIMITIVE_FACE('',(#2222));
#2224=POLY_LOOP('',(#937,#844,#2214));
#2225=FACE_OUTER_BOUND('',#2224,.T.);
#2226=FACETED_PRIMITIVE_FACE('',(#2225));
#2228=POLY_LOOP('',(#937,#2214,#2227));
#2229=FACE_OUTER_BOUND('',#2228,.T.);
#2230=FACETED_PRIMITIVE_FACE('',(#2229));
#2231=POLY_LOOP('',(#1028,#2210,#1032));
#2232=FACE_OUTER_BOUND('',#2231,.T.);
#2233=FACETED_PRIMITIVE_FACE('',(#2232));
#2235=POLY_LOOP('',(#1028,#2234,#2210));
#2236=FACE_OUTER_BOUND('',#2235,.T.);
#2237=FACETED_PRIMITIVE_FACE('',(#2236));
#2238=POLY_LOOP('',(#941,#937,#2227));
#2239=FACE_OUTER_BOUND('',#2238,.T.);
#2240=FACETED_PRIMITIVE_FACE('',(#2239));
#2241=POLY_LOOP('',(#941,#2234,#1028));
#2242=FACE_OUTER_BOUND('',#2241,.T.);
#2243=FACETED_PRIMITIVE_FACE('',(#2242));
#2245=POLY_LOOP('',(#941,#2244,#2234));
#2246=FACE_OUTER_BOUND('',#2245,.T.);
#2247=FACETED_PRIMITIVE_FACE('',(#2246));
#2248=POLY_LOOP('',(#941,#2227,#2244));
#2249=FACE_OUTER_BOUND('',#2248,.T.);
#2250=FACETED_PRIMITIVE_FACE('',(#2249));
#2251=POLY_LOOP('',(#2185,#2003,#2007));
#2252=FACE_OUTER_BOUND('',#2251,.T.);
#2253=FACETED_PRIMITIVE_FACE('',(#2252));
#2255=POLY_LOOP('',(#2185,#2007,#2254));
#2256=FACE_OUTER_BOUND('',#2255,.T.);
#2257=FACETED_PRIMITIVE_FACE('',(#2256));
#2259=POLY_LOOP('',(#2186,#2254,#2258));
#2260=FACE_OUTER_BOUND('',#2259,.T.);
#2261=FACETED_PRIMITIVE_FACE('',(#2260));
#2262=POLY_LOOP('',(#2186,#2185,#2254));
#2263=FACE_OUTER_BOUND('',#2262,.T.);
#2264=FACETED_PRIMITIVE_FACE('',(#2263));
#2267=POLY_LOOP('',(#2214,#2265,#2266));
#2268=FACE_OUTER_BOUND('',#2267,.T.);
#2269=FACETED_PRIMITIVE_FACE('',(#2268));
#2270=POLY_LOOP('',(#2214,#2258,#2265));
#2271=FACE_OUTER_BOUND('',#2270,.T.);
#2272=FACETED_PRIMITIVE_FACE('',(#2271));
#2273=POLY_LOOP('',(#2214,#2186,#2258));
#2274=FACE_OUTER_BOUND('',#2273,.T.);
#2275=FACETED_PRIMITIVE_FACE('',(#2274));
#2276=POLY_LOOP('',(#2227,#2214,#2266));
#2277=FACE_OUTER_BOUND('',#2276,.T.);
#2278=FACETED_PRIMITIVE_FACE('',(#2277));
#2280=POLY_LOOP('',(#2244,#2266,#2279));
#2281=FACE_OUTER_BOUND('',#2280,.T.);
#2282=FACETED_PRIMITIVE_FACE('',(#2281));
#2283=POLY_LOOP('',(#2244,#2227,#2266));
#2284=FACE_OUTER_BOUND('',#2283,.T.);
#2285=FACETED_PRIMITIVE_FACE('',(#2284));
#2288=POLY_LOOP('',(#2234,#2286,#2287));
#2289=FACE_OUTER_BOUND('',#2288,.T.);
#2290=FACETED_PRIMITIVE_FACE('',(#2289));
#2291=POLY_LOOP('',(#2234,#2279,#2286));
#2292=FACE_OUTER_BOUND('',#2291,.T.);
#2293=FACETED_PRIMITIVE_FACE('',(#2292));
#2294=POLY_LOOP('',(#2234,#2244,#2279));
#2295=FACE_OUTER_BOUND('',#2294,.T.);
#2296=FACETED_PRIMITIVE_FACE('',(#2295));
#2297=POLY_LOOP('',(#2210,#2234,#2287));
#2298=FACE_OUTER_BOUND('',#2297,.T.);
#2299=FACETED_PRIMITIVE_FACE('',(#2298));
#2301=POLY_LOOP('',(#2200,#2287,#2300));
#2302=FACE_OUTER_BOUND('',#2301,.T.);
#2303=FACETED_PRIMITIVE_FACE('',(#2302));
#2304=POLY_LOOP('',(#2200,#2210,#2287));
#2305=FACE_OUTER_BOUND('',#2304,.T.);
#2306=FACETED_PRIMITIVE_FACE('',(#2305));
#2308=POLY_LOOP('',(#2196,#2300,#2307));
#2309=FACE_OUTER_BOUND('',#2308,.T.);
#2310=FACETED_PRIMITIVE_FACE('',(#2309));
#2311=POLY_LOOP('',(#2196,#2200,#2300));
#2312=FACE_OUTER_BOUND('',#2311,.T.);
#2313=FACETED_PRIMITIVE_FACE('',(#2312));
#2315=POLY_LOOP('',(#2175,#2307,#2314));
#2316=FACE_OUTER_BOUND('',#2315,.T.);
#2317=FACETED_PRIMITIVE_FACE('',(#2316));
#2318=POLY_LOOP('',(#2175,#2196,#2307));
#2319=FACE_OUTER_BOUND('',#2318,.T.);
#2320=FACETED_PRIMITIVE_FACE('',(#2319));
#2322=POLY_LOOP('',(#2168,#2314,#2321));
#2323=FACE_OUTER_BOUND('',#2322,.T.);
#2324=FACETED_PRIMITIVE_FACE('',(#2323));
#2325=POLY_LOOP('',(#2168,#2175,#2314));
#2326=FACE_OUTER_BOUND('',#2325,.T.);
#2327=FACETED_PRIMITIVE_FACE('',(#2326));
#2329=POLY_LOOP('',(#2161,#2321,#2328));
#2330=FACE_OUTER_BOUND('',#2329,.T.);
#2331=FACETED_PRIMITIVE_FACE('',(#2330));
#2332=POLY_LOOP('',(#2161,#2168,#2321));
#2333=FACE_OUTER_BOUND('',#2332,.T.);
#2334=FACETED_PRIMITIVE_FACE('',(#2333));
#2335=POLY_LOOP('',(#2154,#2161,#2328));
#2336=FACE_OUTER_BOUND('',#2335,.T.);
#2337=FACETED_PRIMITIVE_FACE('',(#2336));
#2339=POLY_LOOP('',(#2154,#2328,#2338));
#2340=FACE_OUTER_BOUND('',#2339,.T.);
#2341=FACETED_PRIMITIVE_FACE('',(#2340));
#2342=POLY_LOOP('',(#2144,#2154,#2338));
#2343=FACE_OUTER_BOUND('',#2342,.T.);
#2344=FACETED_PRIMITIVE_FACE('',(#2343));
#2347=POLY_LOOP('',(#2144,#2345,#2346));
#2348=FACE_OUTER_BOUND('',#2347,.T.);
#2349=FACETED_PRIMITIVE_FACE('',(#2348));
#2350=POLY_LOOP('',(#2144,#2338,#2345));
#2351=FACE_OUTER_BOUND('',#2350,.T.);
#2352=FACETED_PRIMITIVE_FACE('',(#2351));
#2353=POLY_LOOP('',(#2140,#2144,#2346));
#2354=FACE_OUTER_BOUND('',#2353,.T.);
#2355=FACETED_PRIMITIVE_FACE('',(#2354));
#2358=POLY_LOOP('',(#2133,#2356,#2357));
#2359=FACE_OUTER_BOUND('',#2358,.T.);
#2360=FACETED_PRIMITIVE_FACE('',(#2359));
#2361=POLY_LOOP('',(#2133,#2346,#2356));
#2362=FACE_OUTER_BOUND('',#2361,.T.);
#2363=FACETED_PRIMITIVE_FACE('',(#2362));
#2364=POLY_LOOP('',(#2133,#2140,#2346));
#2365=FACE_OUTER_BOUND('',#2364,.T.);
#2366=FACETED_PRIMITIVE_FACE('',(#2365));
#2367=POLY_LOOP('',(#2126,#2133,#2357));
#2368=FACE_OUTER_BOUND('',#2367,.T.);
#2369=FACETED_PRIMITIVE_FACE('',(#2368));
#2372=POLY_LOOP('',(#2122,#2370,#2371));
#2373=FACE_OUTER_BOUND('',#2372,.T.);
#2374=FACETED_PRIMITIVE_FACE('',(#2373));
#2375=POLY_LOOP('',(#2122,#2357,#2370));
#2376=FACE_OUTER_BOUND('',#2375,.T.);
#2377=FACETED_PRIMITIVE_FACE('',(#2376));
#2378=POLY_LOOP('',(#2122,#2126,#2357));
#2379=FACE_OUTER_BOUND('',#2378,.T.);
#2380=FACETED_PRIMITIVE_FACE('',(#2379));
#2381=POLY_LOOP('',(#2112,#2122,#2371));
#2382=FACE_OUTER_BOUND('',#2381,.T.);
#2383=FACETED_PRIMITIVE_FACE('',(#2382));
#2385=POLY_LOOP('',(#2108,#2371,#2384));
#2386=FACE_OUTER_BOUND('',#2385,.T.);
#2387=FACETED_PRIMITIVE_FACE('',(#2386));
#2388=POLY_LOOP('',(#2108,#2112,#2371));
#2389=FACE_OUTER_BOUND('',#2388,.T.);
#2390=FACETED_PRIMITIVE_FACE('',(#2389));
#2391=POLY_LOOP('',(#1744,#2384,#1743));
#2392=FACE_OUTER_BOUND('',#2391,.T.);
#2393=FACETED_PRIMITIVE_FACE('',(#2392));
#2394=POLY_LOOP('',(#1744,#2108,#2384));
#2395=FACE_OUTER_BOUND('',#2394,.T.);
#2396=FACETED_PRIMITIVE_FACE('',(#2395));
#2398=POLY_LOOP('',(#2007,#1999,#2397));
#2399=FACE_OUTER_BOUND('',#2398,.T.);
#2400=FACETED_PRIMITIVE_FACE('',(#2399));
#2402=POLY_LOOP('',(#2254,#2397,#2401));
#2403=FACE_OUTER_BOUND('',#2402,.T.);
#2404=FACETED_PRIMITIVE_FACE('',(#2403));
#2405=POLY_LOOP('',(#2254,#2007,#2397));
#2406=FACE_OUTER_BOUND('',#2405,.T.);
#2407=FACETED_PRIMITIVE_FACE('',(#2406));
#2409=POLY_LOOP('',(#2258,#2401,#2408));
#2410=FACE_OUTER_BOUND('',#2409,.T.);
#2411=FACETED_PRIMITIVE_FACE('',(#2410));
#2412=POLY_LOOP('',(#2258,#2254,#2401));
#2413=FACE_OUTER_BOUND('',#2412,.T.);
#2414=FACETED_PRIMITIVE_FACE('',(#2413));
#2416=POLY_LOOP('',(#2265,#2408,#2415));
#2417=FACE_OUTER_BOUND('',#2416,.T.);
#2418=FACETED_PRIMITIVE_FACE('',(#2417));
#2419=POLY_LOOP('',(#2265,#2258,#2408));
#2420=FACE_OUTER_BOUND('',#2419,.T.);
#2421=FACETED_PRIMITIVE_FACE('',(#2420));
#2422=POLY_LOOP('',(#2266,#2265,#2415));
#2423=FACE_OUTER_BOUND('',#2422,.T.);
#2424=FACETED_PRIMITIVE_FACE('',(#2423));
#2426=POLY_LOOP('',(#2425,#2266,#2415));
#2427=FACE_OUTER_BOUND('',#2426,.T.);
#2428=FACETED_PRIMITIVE_FACE('',(#2427));
#2429=POLY_LOOP('',(#2279,#2266,#2425));
#2430=FACE_OUTER_BOUND('',#2429,.T.);
#2431=FACETED_PRIMITIVE_FACE('',(#2430));
#2433=POLY_LOOP('',(#2432,#2286,#2279));
#2434=FACE_OUTER_BOUND('',#2433,.T.);
#2435=FACETED_PRIMITIVE_FACE('',(#2434));
#2436=POLY_LOOP('',(#2432,#2279,#2425));
#2437=FACE_OUTER_BOUND('',#2436,.T.);
#2438=FACETED_PRIMITIVE_FACE('',(#2437));
#2440=POLY_LOOP('',(#2439,#2287,#2286));
#2441=FACE_OUTER_BOUND('',#2440,.T.);
#2442=FACETED_PRIMITIVE_FACE('',(#2441));
#2443=POLY_LOOP('',(#2439,#2286,#2432));
#2444=FACE_OUTER_BOUND('',#2443,.T.);
#2445=FACETED_PRIMITIVE_FACE('',(#2444));
#2447=POLY_LOOP('',(#2446,#2300,#2287));
#2448=FACE_OUTER_BOUND('',#2447,.T.);
#2449=FACETED_PRIMITIVE_FACE('',(#2448));
#2450=POLY_LOOP('',(#2446,#2287,#2439));
#2451=FACE_OUTER_BOUND('',#2450,.T.);
#2452=FACETED_PRIMITIVE_FACE('',(#2451));
#2454=POLY_LOOP('',(#2453,#2300,#2446));
#2455=FACE_OUTER_BOUND('',#2454,.T.);
#2456=FACETED_PRIMITIVE_FACE('',(#2455));
#2457=POLY_LOOP('',(#2453,#2314,#2307));
#2458=FACE_OUTER_BOUND('',#2457,.T.);
#2459=FACETED_PRIMITIVE_FACE('',(#2458));
#2460=POLY_LOOP('',(#2453,#2307,#2300));
#2461=FACE_OUTER_BOUND('',#2460,.T.);
#2462=FACETED_PRIMITIVE_FACE('',(#2461));
#2464=POLY_LOOP('',(#2463,#2314,#2453));
#2465=FACE_OUTER_BOUND('',#2464,.T.);
#2466=FACETED_PRIMITIVE_FACE('',(#2465));
#2467=POLY_LOOP('',(#2463,#2321,#2314));
#2468=FACE_OUTER_BOUND('',#2467,.T.);
#2469=FACETED_PRIMITIVE_FACE('',(#2468));
#2471=POLY_LOOP('',(#2470,#2321,#2463));
#2472=FACE_OUTER_BOUND('',#2471,.T.);
#2473=FACETED_PRIMITIVE_FACE('',(#2472));
#2475=POLY_LOOP('',(#2474,#1743,#2384));
#2476=FACE_OUTER_BOUND('',#2475,.T.);
#2477=FACETED_PRIMITIVE_FACE('',(#2476));
#2478=POLY_LOOP('',(#2474,#1736,#1743));
#2479=FACE_OUTER_BOUND('',#2478,.T.);
#2480=FACETED_PRIMITIVE_FACE('',(#2479));
#2482=POLY_LOOP('',(#2481,#2328,#2321));
#2483=FACE_OUTER_BOUND('',#2482,.T.);
#2484=FACETED_PRIMITIVE_FACE('',(#2483));
#2485=POLY_LOOP('',(#2481,#2321,#2470));
#2486=FACE_OUTER_BOUND('',#2485,.T.);
#2487=FACETED_PRIMITIVE_FACE('',(#2486));
#2489=POLY_LOOP('',(#2488,#2384,#2371));
#2490=FACE_OUTER_BOUND('',#2489,.T.);
#2491=FACETED_PRIMITIVE_FACE('',(#2490));
#2492=POLY_LOOP('',(#2488,#2474,#2384));
#2493=FACE_OUTER_BOUND('',#2492,.T.);
#2494=FACETED_PRIMITIVE_FACE('',(#2493));
#2496=POLY_LOOP('',(#2495,#2328,#2481));
#2497=FACE_OUTER_BOUND('',#2496,.T.);
#2498=FACETED_PRIMITIVE_FACE('',(#2497));
#2499=POLY_LOOP('',(#2495,#2345,#2338));
#2500=FACE_OUTER_BOUND('',#2499,.T.);
#2501=FACETED_PRIMITIVE_FACE('',(#2500));
#2502=POLY_LOOP('',(#2495,#2338,#2328));
#2503=FACE_OUTER_BOUND('',#2502,.T.);
#2504=FACETED_PRIMITIVE_FACE('',(#2503));
#2506=POLY_LOOP('',(#2505,#2488,#2371));
#2507=FACE_OUTER_BOUND('',#2506,.T.);
#2508=FACETED_PRIMITIVE_FACE('',(#2507));
#2509=POLY_LOOP('',(#2505,#2371,#2370));
#2510=FACE_OUTER_BOUND('',#2509,.T.);
#2511=FACETED_PRIMITIVE_FACE('',(#2510));
#2513=POLY_LOOP('',(#2512,#2345,#2495));
#2514=FACE_OUTER_BOUND('',#2513,.T.);
#2515=FACETED_PRIMITIVE_FACE('',(#2514));
#2517=POLY_LOOP('',(#2516,#2370,#2357));
#2518=FACE_OUTER_BOUND('',#2517,.T.);
#2519=FACETED_PRIMITIVE_FACE('',(#2518));
#2520=POLY_LOOP('',(#2516,#2357,#2356));
#2521=FACE_OUTER_BOUND('',#2520,.T.);
#2522=FACETED_PRIMITIVE_FACE('',(#2521));
#2523=POLY_LOOP('',(#2516,#2505,#2370));
#2524=FACE_OUTER_BOUND('',#2523,.T.);
#2525=FACETED_PRIMITIVE_FACE('',(#2524));
#2527=POLY_LOOP('',(#2526,#2346,#2345));
#2528=FACE_OUTER_BOUND('',#2527,.T.);
#2529=FACETED_PRIMITIVE_FACE('',(#2528));
#2530=POLY_LOOP('',(#2526,#2345,#2512));
#2531=FACE_OUTER_BOUND('',#2530,.T.);
#2532=FACETED_PRIMITIVE_FACE('',(#2531));
#2534=POLY_LOOP('',(#2533,#2356,#2346));
#2535=FACE_OUTER_BOUND('',#2534,.T.);
#2536=FACETED_PRIMITIVE_FACE('',(#2535));
#2537=POLY_LOOP('',(#2533,#2346,#2526));
#2538=FACE_OUTER_BOUND('',#2537,.T.);
#2539=FACETED_PRIMITIVE_FACE('',(#2538));
#2540=POLY_LOOP('',(#2533,#2516,#2356));
#2541=FACE_OUTER_BOUND('',#2540,.T.);
#2542=FACETED_PRIMITIVE_FACE('',(#2541));
#2543=POLY_LOOP('',(#2397,#1999,#2018));
#2544=FACE_OUTER_BOUND('',#2543,.T.);
#2545=FACETED_PRIMITIVE_FACE('',(#2544));
#2546=POLY_LOOP('',(#2397,#2018,#2032));
#2547=FACE_OUTER_BOUND('',#2546,.T.);
#2548=FACETED_PRIMITIVE_FACE('',(#2547));
#2549=POLY_LOOP('',(#2397,#2032,#2039));
#2550=FACE_OUTER_BOUND('',#2549,.T.);
#2551=FACETED_PRIMITIVE_FACE('',(#2550));
#2553=POLY_LOOP('',(#2552,#1919,#1909));
#2554=FACE_OUTER_BOUND('',#2553,.T.);
#2555=FACETED_PRIMITIVE_FACE('',(#2554));
#2556=POLY_LOOP('',(#2552,#1909,#1905));
#2557=FACE_OUTER_BOUND('',#2556,.T.);
#2558=FACETED_PRIMITIVE_FACE('',(#2557));
#2559=POLY_LOOP('',(#2552,#1905,#1898));
#2560=FACE_OUTER_BOUND('',#2559,.T.);
#2561=FACETED_PRIMITIVE_FACE('',(#2560));
#2562=POLY_LOOP('',(#1729,#1736,#2474));
#2563=FACE_OUTER_BOUND('',#2562,.T.);
#2564=FACETED_PRIMITIVE_FACE('',(#2563));
#2565=POLY_LOOP('',(#1722,#1729,#2474));
#2566=FACE_OUTER_BOUND('',#2565,.T.);
#2567=FACETED_PRIMITIVE_FACE('',(#2566));
#2568=POLY_LOOP('',(#1715,#1722,#2474));
#2569=FACE_OUTER_BOUND('',#2568,.T.);
#2570=FACETED_PRIMITIVE_FACE('',(#2569));
#2571=POLY_LOOP('',(#1708,#1715,#2474));
#2572=FACE_OUTER_BOUND('',#2571,.T.);
#2573=FACETED_PRIMITIVE_FACE('',(#2572));
#2574=POLY_LOOP('',(#1704,#1708,#2474));
#2575=FACE_OUTER_BOUND('',#2574,.T.);
#2576=FACETED_PRIMITIVE_FACE('',(#2575));
#2579=POLY_LOOP('',(#2577,#1569,#2578));
#2580=FACE_OUTER_BOUND('',#2579,.T.);
#2581=FACETED_PRIMITIVE_FACE('',(#2580));
#2582=POLY_LOOP('',(#1593,#1569,#2577));
#2583=FACE_OUTER_BOUND('',#2582,.T.);
#2584=FACETED_PRIMITIVE_FACE('',(#2583));
#2585=POLY_LOOP('',(#1600,#1593,#2577));
#2586=FACE_OUTER_BOUND('',#2585,.T.);
#2587=FACETED_PRIMITIVE_FACE('',(#2586));
#2588=POLY_LOOP('',(#1617,#1600,#2577));
#2589=FACE_OUTER_BOUND('',#2588,.T.);
#2590=FACETED_PRIMITIVE_FACE('',(#2589));
#2591=POLY_LOOP('',(#1628,#1617,#2577));
#2592=FACE_OUTER_BOUND('',#2591,.T.);
#2593=FACETED_PRIMITIVE_FACE('',(#2592));
#2595=POLY_LOOP('',(#2594,#2397,#2039));
#2596=FACE_OUTER_BOUND('',#2595,.T.);
#2597=FACETED_PRIMITIVE_FACE('',(#2596));
#2598=POLY_LOOP('',(#2594,#2401,#2397));
#2599=FACE_OUTER_BOUND('',#2598,.T.);
#2600=FACETED_PRIMITIVE_FACE('',(#2599));
#2601=POLY_LOOP('',(#2594,#2408,#2401));
#2602=FACE_OUTER_BOUND('',#2601,.T.);
#2603=FACETED_PRIMITIVE_FACE('',(#2602));
#2604=POLY_LOOP('',(#2594,#2039,#2056));
#2605=FACE_OUTER_BOUND('',#2604,.T.);
#2606=FACETED_PRIMITIVE_FACE('',(#2605));
#2608=POLY_LOOP('',(#2607,#2594,#2056));
#2609=FACE_OUTER_BOUND('',#2608,.T.);
#2610=FACETED_PRIMITIVE_FACE('',(#2609));
#2611=POLY_LOOP('',(#2607,#2056,#2070));
#2612=FACE_OUTER_BOUND('',#2611,.T.);
#2613=FACETED_PRIMITIVE_FACE('',(#2612));
#2614=POLY_LOOP('',(#2607,#2070,#2081));
#2615=FACE_OUTER_BOUND('',#2614,.T.);
#2616=FACETED_PRIMITIVE_FACE('',(#2615));
#2618=POLY_LOOP('',(#2617,#2607,#2081));
#2619=FACE_OUTER_BOUND('',#2618,.T.);
#2620=FACETED_PRIMITIVE_FACE('',(#2619));
#2621=POLY_LOOP('',(#2617,#2081,#2095));
#2622=FACE_OUTER_BOUND('',#2621,.T.);
#2623=FACETED_PRIMITIVE_FACE('',(#2622));
#2624=POLY_LOOP('',(#2617,#2095,#2088));
#2625=FACE_OUTER_BOUND('',#2624,.T.);
#2626=FACETED_PRIMITIVE_FACE('',(#2625));
#2628=POLY_LOOP('',(#2627,#2415,#2408));
#2629=FACE_OUTER_BOUND('',#2628,.T.);
#2630=FACETED_PRIMITIVE_FACE('',(#2629));
#2631=POLY_LOOP('',(#2627,#2425,#2415));
#2632=FACE_OUTER_BOUND('',#2631,.T.);
#2633=FACETED_PRIMITIVE_FACE('',(#2632));
#2634=POLY_LOOP('',(#2627,#2408,#2594));
#2635=FACE_OUTER_BOUND('',#2634,.T.);
#2636=FACETED_PRIMITIVE_FACE('',(#2635));
#2638=POLY_LOOP('',(#2637,#2088,#2074));
#2639=FACE_OUTER_BOUND('',#2638,.T.);
#2640=FACETED_PRIMITIVE_FACE('',(#2639));
#2641=POLY_LOOP('',(#2637,#2074,#2063));
#2642=FACE_OUTER_BOUND('',#2641,.T.);
#2643=FACETED_PRIMITIVE_FACE('',(#2642));
#2644=POLY_LOOP('',(#2637,#2617,#2088));
#2645=FACE_OUTER_BOUND('',#2644,.T.);
#2646=FACETED_PRIMITIVE_FACE('',(#2645));
#2648=POLY_LOOP('',(#2647,#2594,#2607));
#2649=FACE_OUTER_BOUND('',#2648,.T.);
#2650=FACETED_PRIMITIVE_FACE('',(#2649));
#2651=POLY_LOOP('',(#2647,#2627,#2594));
#2652=FACE_OUTER_BOUND('',#2651,.T.);
#2653=FACETED_PRIMITIVE_FACE('',(#2652));
#2655=POLY_LOOP('',(#2654,#2637,#2063));
#2656=FACE_OUTER_BOUND('',#2655,.T.);
#2657=FACETED_PRIMITIVE_FACE('',(#2656));
#2658=POLY_LOOP('',(#2654,#2063,#2046));
#2659=FACE_OUTER_BOUND('',#2658,.T.);
#2660=FACETED_PRIMITIVE_FACE('',(#2659));
#2661=POLY_LOOP('',(#2654,#2046,#2025));
#2662=FACE_OUTER_BOUND('',#2661,.T.);
#2663=FACETED_PRIMITIVE_FACE('',(#2662));
#2665=POLY_LOOP('',(#2664,#2607,#2617));
#2666=FACE_OUTER_BOUND('',#2665,.T.);
#2667=FACETED_PRIMITIVE_FACE('',(#2666));
#2668=POLY_LOOP('',(#2664,#2647,#2607));
#2669=FACE_OUTER_BOUND('',#2668,.T.);
#2670=FACETED_PRIMITIVE_FACE('',(#2669));
#2671=POLY_LOOP('',(#2664,#2617,#2637));
#2672=FACE_OUTER_BOUND('',#2671,.T.);
#2673=FACETED_PRIMITIVE_FACE('',(#2672));
#2675=POLY_LOOP('',(#2674,#2425,#2627));
#2676=FACE_OUTER_BOUND('',#2675,.T.);
#2677=FACETED_PRIMITIVE_FACE('',(#2676));
#2678=POLY_LOOP('',(#2674,#2432,#2425));
#2679=FACE_OUTER_BOUND('',#2678,.T.);
#2680=FACETED_PRIMITIVE_FACE('',(#2679));
#2681=POLY_LOOP('',(#2674,#2439,#2432));
#2682=FACE_OUTER_BOUND('',#2681,.T.);
#2683=FACETED_PRIMITIVE_FACE('',(#2682));
#2685=POLY_LOOP('',(#2684,#2025,#2011));
#2686=FACE_OUTER_BOUND('',#2685,.T.);
#2687=FACETED_PRIMITIVE_FACE('',(#2686));
#2688=POLY_LOOP('',(#2684,#2011,#1992));
#2689=FACE_OUTER_BOUND('',#2688,.T.);
#2690=FACETED_PRIMITIVE_FACE('',(#2689));
#2691=POLY_LOOP('',(#2684,#2654,#2025));
#2692=FACE_OUTER_BOUND('',#2691,.T.);
#2693=FACETED_PRIMITIVE_FACE('',(#2692));
#2695=POLY_LOOP('',(#2694,#2664,#2637));
#2696=FACE_OUTER_BOUND('',#2695,.T.);
#2697=FACETED_PRIMITIVE_FACE('',(#2696));
#2699=POLY_LOOP('',(#2698,#2627,#2647));
#2700=FACE_OUTER_BOUND('',#2699,.T.);
#2701=FACETED_PRIMITIVE_FACE('',(#2700));
#2702=POLY_LOOP('',(#2698,#2674,#2627));
#2703=FACE_OUTER_BOUND('',#2702,.T.);
#2704=FACETED_PRIMITIVE_FACE('',(#2703));
#2706=POLY_LOOP('',(#2705,#2684,#1992));
#2707=FACE_OUTER_BOUND('',#2706,.T.);
#2708=FACETED_PRIMITIVE_FACE('',(#2707));
#2709=POLY_LOOP('',(#2705,#1992,#1985));
#2710=FACE_OUTER_BOUND('',#2709,.T.);
#2711=FACETED_PRIMITIVE_FACE('',(#2710));
#2712=POLY_LOOP('',(#2705,#1985,#1978));
#2713=FACE_OUTER_BOUND('',#2712,.T.);
#2714=FACETED_PRIMITIVE_FACE('',(#2713));
#2716=POLY_LOOP('',(#2715,#2637,#2654));
#2717=FACE_OUTER_BOUND('',#2716,.T.);
#2718=FACETED_PRIMITIVE_FACE('',(#2717));
#2719=POLY_LOOP('',(#2715,#2694,#2637));
#2720=FACE_OUTER_BOUND('',#2719,.T.);
#2721=FACETED_PRIMITIVE_FACE('',(#2720));
#2723=POLY_LOOP('',(#2722,#2647,#2664));
#2724=FACE_OUTER_BOUND('',#2723,.T.);
#2725=FACETED_PRIMITIVE_FACE('',(#2724));
#2726=POLY_LOOP('',(#2722,#2698,#2647));
#2727=FACE_OUTER_BOUND('',#2726,.T.);
#2728=FACETED_PRIMITIVE_FACE('',(#2727));
#2730=POLY_LOOP('',(#2729,#2705,#1978));
#2731=FACE_OUTER_BOUND('',#2730,.T.);
#2732=FACETED_PRIMITIVE_FACE('',(#2731));
#2733=POLY_LOOP('',(#2729,#1978,#1971));
#2734=FACE_OUTER_BOUND('',#2733,.T.);
#2735=FACETED_PRIMITIVE_FACE('',(#2734));
#2736=POLY_LOOP('',(#2729,#1971,#1964));
#2737=FACE_OUTER_BOUND('',#2736,.T.);
#2738=FACETED_PRIMITIVE_FACE('',(#2737));
#2740=POLY_LOOP('',(#2739,#2446,#2439));
#2741=FACE_OUTER_BOUND('',#2740,.T.);
#2742=FACETED_PRIMITIVE_FACE('',(#2741));
#2743=POLY_LOOP('',(#2739,#2453,#2446));
#2744=FACE_OUTER_BOUND('',#2743,.T.);
#2745=FACETED_PRIMITIVE_FACE('',(#2744));
#2746=POLY_LOOP('',(#2739,#2439,#2674));
#2747=FACE_OUTER_BOUND('',#2746,.T.);
#2748=FACETED_PRIMITIVE_FACE('',(#2747));
#2750=POLY_LOOP('',(#2749,#2654,#2684));
#2751=FACE_OUTER_BOUND('',#2750,.T.);
#2752=FACETED_PRIMITIVE_FACE('',(#2751));
#2753=POLY_LOOP('',(#2749,#2715,#2654));
#2754=FACE_OUTER_BOUND('',#2753,.T.);
#2755=FACETED_PRIMITIVE_FACE('',(#2754));
#2757=POLY_LOOP('',(#2756,#2694,#2715));
#2758=FACE_OUTER_BOUND('',#2757,.T.);
#2759=FACETED_PRIMITIVE_FACE('',(#2758));
#2760=POLY_LOOP('',(#2756,#2722,#2664));
#2761=FACE_OUTER_BOUND('',#2760,.T.);
#2762=FACETED_PRIMITIVE_FACE('',(#2761));
#2763=POLY_LOOP('',(#2756,#2664,#2694));
#2764=FACE_OUTER_BOUND('',#2763,.T.);
#2765=FACETED_PRIMITIVE_FACE('',(#2764));
#2767=POLY_LOOP('',(#2766,#2674,#2698));
#2768=FACE_OUTER_BOUND('',#2767,.T.);
#2769=FACETED_PRIMITIVE_FACE('',(#2768));
#2770=POLY_LOOP('',(#2766,#2739,#2674));
#2771=FACE_OUTER_BOUND('',#2770,.T.);
#2772=FACETED_PRIMITIVE_FACE('',(#2771));
#2774=POLY_LOOP('',(#2773,#2729,#1964));
#2775=FACE_OUTER_BOUND('',#2774,.T.);
#2776=FACETED_PRIMITIVE_FACE('',(#2775));
#2777=POLY_LOOP('',(#2773,#1964,#1957));
#2778=FACE_OUTER_BOUND('',#2777,.T.);
#2779=FACETED_PRIMITIVE_FACE('',(#2778));
#2780=POLY_LOOP('',(#2773,#1957,#1950));
#2781=FACE_OUTER_BOUND('',#2780,.T.);
#2782=FACETED_PRIMITIVE_FACE('',(#2781));
#2784=POLY_LOOP('',(#2783,#2705,#2729));
#2785=FACE_OUTER_BOUND('',#2784,.T.);
#2786=FACETED_PRIMITIVE_FACE('',(#2785));
#2787=POLY_LOOP('',(#2783,#2749,#2684));
#2788=FACE_OUTER_BOUND('',#2787,.T.);
#2789=FACETED_PRIMITIVE_FACE('',(#2788));
#2790=POLY_LOOP('',(#2783,#2684,#2705));
#2791=FACE_OUTER_BOUND('',#2790,.T.);
#2792=FACETED_PRIMITIVE_FACE('',(#2791));
#2794=POLY_LOOP('',(#2793,#2756,#2715));
#2795=FACE_OUTER_BOUND('',#2794,.T.);
#2796=FACETED_PRIMITIVE_FACE('',(#2795));
#2798=POLY_LOOP('',(#2797,#2698,#2722));
#2799=FACE_OUTER_BOUND('',#2798,.T.);
#2800=FACETED_PRIMITIVE_FACE('',(#2799));
#2801=POLY_LOOP('',(#2797,#2766,#2698));
#2802=FACE_OUTER_BOUND('',#2801,.T.);
#2803=FACETED_PRIMITIVE_FACE('',(#2802));
#2805=POLY_LOOP('',(#2804,#2773,#1950));
#2806=FACE_OUTER_BOUND('',#2805,.T.);
#2807=FACETED_PRIMITIVE_FACE('',(#2806));
#2808=POLY_LOOP('',(#2804,#1950,#1943));
#2809=FACE_OUTER_BOUND('',#2808,.T.);
#2810=FACETED_PRIMITIVE_FACE('',(#2809));
#2811=POLY_LOOP('',(#2804,#1943,#1936));
#2812=FACE_OUTER_BOUND('',#2811,.T.);
#2813=FACETED_PRIMITIVE_FACE('',(#2812));
#2815=POLY_LOOP('',(#2814,#2783,#2729));
#2816=FACE_OUTER_BOUND('',#2815,.T.);
#2817=FACETED_PRIMITIVE_FACE('',(#2816));
#2819=POLY_LOOP('',(#2818,#2739,#2766));
#2820=FACE_OUTER_BOUND('',#2819,.T.);
#2821=FACETED_PRIMITIVE_FACE('',(#2820));
#2822=POLY_LOOP('',(#2818,#2463,#2453));
#2823=FACE_OUTER_BOUND('',#2822,.T.);
#2824=FACETED_PRIMITIVE_FACE('',(#2823));
#2825=POLY_LOOP('',(#2818,#2470,#2463));
#2826=FACE_OUTER_BOUND('',#2825,.T.);
#2827=FACETED_PRIMITIVE_FACE('',(#2826));
#2828=POLY_LOOP('',(#2818,#2453,#2739));
#2829=FACE_OUTER_BOUND('',#2828,.T.);
#2830=FACETED_PRIMITIVE_FACE('',(#2829));
#2832=POLY_LOOP('',(#2831,#2793,#2715));
#2833=FACE_OUTER_BOUND('',#2832,.T.);
#2834=FACETED_PRIMITIVE_FACE('',(#2833));
#2835=POLY_LOOP('',(#2831,#2715,#2749));
#2836=FACE_OUTER_BOUND('',#2835,.T.);
#2837=FACETED_PRIMITIVE_FACE('',(#2836));
#2839=POLY_LOOP('',(#2838,#2797,#2722));
#2840=FACE_OUTER_BOUND('',#2839,.T.);
#2841=FACETED_PRIMITIVE_FACE('',(#2840));
#2842=POLY_LOOP('',(#2838,#2722,#2756));
#2843=FACE_OUTER_BOUND('',#2842,.T.);
#2844=FACETED_PRIMITIVE_FACE('',(#2843));
#2846=POLY_LOOP('',(#2845,#2804,#1936));
#2847=FACE_OUTER_BOUND('',#2846,.T.);
#2848=FACETED_PRIMITIVE_FACE('',(#2847));
#2849=POLY_LOOP('',(#2845,#1919,#2552));
#2850=FACE_OUTER_BOUND('',#2849,.T.);
#2851=FACETED_PRIMITIVE_FACE('',(#2850));
#2853=POLY_LOOP('',(#2845,#2552,#2852));
#2854=FACE_OUTER_BOUND('',#2853,.T.);
#2855=FACETED_PRIMITIVE_FACE('',(#2854));
#2857=POLY_LOOP('',(#2845,#2852,#2856));
#2858=FACE_OUTER_BOUND('',#2857,.T.);
#2859=FACETED_PRIMITIVE_FACE('',(#2858));
#2860=POLY_LOOP('',(#2845,#1936,#1926));
#2861=FACE_OUTER_BOUND('',#2860,.T.);
#2862=FACETED_PRIMITIVE_FACE('',(#2861));
#2863=POLY_LOOP('',(#2845,#1926,#1919));
#2864=FACE_OUTER_BOUND('',#2863,.T.);
#2865=FACETED_PRIMITIVE_FACE('',(#2864));
#2867=POLY_LOOP('',(#2866,#2818,#2766));
#2868=FACE_OUTER_BOUND('',#2867,.T.);
#2869=FACETED_PRIMITIVE_FACE('',(#2868));
#2871=POLY_LOOP('',(#2870,#2814,#2729));
#2872=FACE_OUTER_BOUND('',#2871,.T.);
#2873=FACETED_PRIMITIVE_FACE('',(#2872));
#2874=POLY_LOOP('',(#2870,#2729,#2773));
#2875=FACE_OUTER_BOUND('',#2874,.T.);
#2876=FACETED_PRIMITIVE_FACE('',(#2875));
#2878=POLY_LOOP('',(#2877,#2831,#2749));
#2879=FACE_OUTER_BOUND('',#2878,.T.);
#2880=FACETED_PRIMITIVE_FACE('',(#2879));
#2881=POLY_LOOP('',(#2877,#2749,#2783));
#2882=FACE_OUTER_BOUND('',#2881,.T.);
#2883=FACETED_PRIMITIVE_FACE('',(#2882));
#2885=POLY_LOOP('',(#2884,#2756,#2793));
#2886=FACE_OUTER_BOUND('',#2885,.T.);
#2887=FACETED_PRIMITIVE_FACE('',(#2886));
#2888=POLY_LOOP('',(#2884,#2838,#2756));
#2889=FACE_OUTER_BOUND('',#2888,.T.);
#2890=FACETED_PRIMITIVE_FACE('',(#2889));
#2892=POLY_LOOP('',(#2891,#2866,#2766));
#2893=FACE_OUTER_BOUND('',#2892,.T.);
#2894=FACETED_PRIMITIVE_FACE('',(#2893));
#2895=POLY_LOOP('',(#2891,#2766,#2797));
#2896=FACE_OUTER_BOUND('',#2895,.T.);
#2897=FACETED_PRIMITIVE_FACE('',(#2896));
#2899=POLY_LOOP('',(#2898,#2773,#2804));
#2900=FACE_OUTER_BOUND('',#2899,.T.);
#2901=FACETED_PRIMITIVE_FACE('',(#2900));
#2902=POLY_LOOP('',(#2898,#2870,#2773));
#2903=FACE_OUTER_BOUND('',#2902,.T.);
#2904=FACETED_PRIMITIVE_FACE('',(#2903));
#2906=POLY_LOOP('',(#2905,#2783,#2814));
#2907=FACE_OUTER_BOUND('',#2906,.T.);
#2908=FACETED_PRIMITIVE_FACE('',(#2907));
#2909=POLY_LOOP('',(#2905,#2877,#2783));
#2910=FACE_OUTER_BOUND('',#2909,.T.);
#2911=FACETED_PRIMITIVE_FACE('',(#2910));
#2913=POLY_LOOP('',(#2912,#2481,#2470));
#2914=FACE_OUTER_BOUND('',#2913,.T.);
#2915=FACETED_PRIMITIVE_FACE('',(#2914));
#2916=POLY_LOOP('',(#2912,#2495,#2481));
#2917=FACE_OUTER_BOUND('',#2916,.T.);
#2918=FACETED_PRIMITIVE_FACE('',(#2917));
#2919=POLY_LOOP('',(#2912,#2470,#2818));
#2920=FACE_OUTER_BOUND('',#2919,.T.);
#2921=FACETED_PRIMITIVE_FACE('',(#2920));
#2922=POLY_LOOP('',(#2912,#2818,#2866));
#2923=FACE_OUTER_BOUND('',#2922,.T.);
#2924=FACETED_PRIMITIVE_FACE('',(#2923));
#2926=POLY_LOOP('',(#2925,#2793,#2831));
#2927=FACE_OUTER_BOUND('',#2926,.T.);
#2928=FACETED_PRIMITIVE_FACE('',(#2927));
#2929=POLY_LOOP('',(#2925,#2884,#2793));
#2930=FACE_OUTER_BOUND('',#2929,.T.);
#2931=FACETED_PRIMITIVE_FACE('',(#2930));
#2933=POLY_LOOP('',(#2932,#2797,#2838));
#2934=FACE_OUTER_BOUND('',#2933,.T.);
#2935=FACETED_PRIMITIVE_FACE('',(#2934));
#2936=POLY_LOOP('',(#2932,#2891,#2797));
#2937=FACE_OUTER_BOUND('',#2936,.T.);
#2938=FACETED_PRIMITIVE_FACE('',(#2937));
#2940=POLY_LOOP('',(#2939,#2898,#2804));
#2941=FACE_OUTER_BOUND('',#2940,.T.);
#2942=FACETED_PRIMITIVE_FACE('',(#2941));
#2943=POLY_LOOP('',(#2939,#2845,#2856));
#2944=FACE_OUTER_BOUND('',#2943,.T.);
#2945=FACETED_PRIMITIVE_FACE('',(#2944));
#2946=POLY_LOOP('',(#2939,#2804,#2845));
#2947=FACE_OUTER_BOUND('',#2946,.T.);
#2948=FACETED_PRIMITIVE_FACE('',(#2947));
#2950=POLY_LOOP('',(#2939,#2856,#2949));
#2951=FACE_OUTER_BOUND('',#2950,.T.);
#2952=FACETED_PRIMITIVE_FACE('',(#2951));
#2954=POLY_LOOP('',(#2939,#2949,#2953));
#2955=FACE_OUTER_BOUND('',#2954,.T.);
#2956=FACETED_PRIMITIVE_FACE('',(#2955));
#2958=POLY_LOOP('',(#2957,#2912,#2866));
#2959=FACE_OUTER_BOUND('',#2958,.T.);
#2960=FACETED_PRIMITIVE_FACE('',(#2959));
#2962=POLY_LOOP('',(#2961,#2905,#2814));
#2963=FACE_OUTER_BOUND('',#2962,.T.);
#2964=FACETED_PRIMITIVE_FACE('',(#2963));
#2965=POLY_LOOP('',(#2961,#2814,#2870));
#2966=FACE_OUTER_BOUND('',#2965,.T.);
#2967=FACETED_PRIMITIVE_FACE('',(#2966));
#2969=POLY_LOOP('',(#2968,#2925,#2831));
#2970=FACE_OUTER_BOUND('',#2969,.T.);
#2971=FACETED_PRIMITIVE_FACE('',(#2970));
#2972=POLY_LOOP('',(#2968,#2831,#2877));
#2973=FACE_OUTER_BOUND('',#2972,.T.);
#2974=FACETED_PRIMITIVE_FACE('',(#2973));
#2976=POLY_LOOP('',(#2975,#2932,#2838));
#2977=FACE_OUTER_BOUND('',#2976,.T.);
#2978=FACETED_PRIMITIVE_FACE('',(#2977));
#2979=POLY_LOOP('',(#2975,#2838,#2884));
#2980=FACE_OUTER_BOUND('',#2979,.T.);
#2981=FACETED_PRIMITIVE_FACE('',(#2980));
#2983=POLY_LOOP('',(#2982,#2957,#2866));
#2984=FACE_OUTER_BOUND('',#2983,.T.);
#2985=FACETED_PRIMITIVE_FACE('',(#2984));
#2986=POLY_LOOP('',(#2982,#2866,#2891));
#2987=FACE_OUTER_BOUND('',#2986,.T.);
#2988=FACETED_PRIMITIVE_FACE('',(#2987));
#2990=POLY_LOOP('',(#2989,#2870,#2898));
#2991=FACE_OUTER_BOUND('',#2990,.T.);
#2992=FACETED_PRIMITIVE_FACE('',(#2991));
#2993=POLY_LOOP('',(#2989,#2961,#2870));
#2994=FACE_OUTER_BOUND('',#2993,.T.);
#2995=FACETED_PRIMITIVE_FACE('',(#2994));
#2997=POLY_LOOP('',(#2996,#2968,#2877));
#2998=FACE_OUTER_BOUND('',#2997,.T.);
#2999=FACETED_PRIMITIVE_FACE('',(#2998));
#3000=POLY_LOOP('',(#2996,#2877,#2905));
#3001=FACE_OUTER_BOUND('',#3000,.T.);
#3002=FACETED_PRIMITIVE_FACE('',(#3001));
#3004=POLY_LOOP('',(#3003,#2512,#2495));
#3005=FACE_OUTER_BOUND('',#3004,.T.);
#3006=FACETED_PRIMITIVE_FACE('',(#3005));
#3007=POLY_LOOP('',(#3003,#2526,#2512));
#3008=FACE_OUTER_BOUND('',#3007,.T.);
#3009=FACETED_PRIMITIVE_FACE('',(#3008));
#3010=POLY_LOOP('',(#3003,#2495,#2912));
#3011=FACE_OUTER_BOUND('',#3010,.T.);
#3012=FACETED_PRIMITIVE_FACE('',(#3011));
#3014=POLY_LOOP('',(#3013,#2884,#2925));
#3015=FACE_OUTER_BOUND('',#3014,.T.);
#3016=FACETED_PRIMITIVE_FACE('',(#3015));
#3017=POLY_LOOP('',(#3013,#2975,#2884));
#3018=FACE_OUTER_BOUND('',#3017,.T.);
#3019=FACETED_PRIMITIVE_FACE('',(#3018));
#3021=POLY_LOOP('',(#3020,#2982,#2891));
#3022=FACE_OUTER_BOUND('',#3021,.T.);
#3023=FACETED_PRIMITIVE_FACE('',(#3022));
#3024=POLY_LOOP('',(#3020,#2891,#2932));
#3025=FACE_OUTER_BOUND('',#3024,.T.);
#3026=FACETED_PRIMITIVE_FACE('',(#3025));
#3028=POLY_LOOP('',(#3027,#2939,#2953));
#3029=FACE_OUTER_BOUND('',#3028,.T.);
#3030=FACETED_PRIMITIVE_FACE('',(#3029));
#3031=POLY_LOOP('',(#3027,#2989,#2898));
#3032=FACE_OUTER_BOUND('',#3031,.T.);
#3033=FACETED_PRIMITIVE_FACE('',(#3032));
#3035=POLY_LOOP('',(#3027,#2953,#3034));
#3036=FACE_OUTER_BOUND('',#3035,.T.);
#3037=FACETED_PRIMITIVE_FACE('',(#3036));
#3039=POLY_LOOP('',(#3027,#3034,#3038));
#3040=FACE_OUTER_BOUND('',#3039,.T.);
#3041=FACETED_PRIMITIVE_FACE('',(#3040));
#3042=POLY_LOOP('',(#3027,#2898,#2939));
#3043=FACE_OUTER_BOUND('',#3042,.T.);
#3044=FACETED_PRIMITIVE_FACE('',(#3043));
#3046=POLY_LOOP('',(#3045,#3003,#2912));
#3047=FACE_OUTER_BOUND('',#3046,.T.);
#3048=FACETED_PRIMITIVE_FACE('',(#3047));
#3049=POLY_LOOP('',(#3045,#2912,#2957));
#3050=FACE_OUTER_BOUND('',#3049,.T.);
#3051=FACETED_PRIMITIVE_FACE('',(#3050));
#3053=POLY_LOOP('',(#3052,#2996,#2905));
#3054=FACE_OUTER_BOUND('',#3053,.T.);
#3055=FACETED_PRIMITIVE_FACE('',(#3054));
#3056=POLY_LOOP('',(#3052,#2905,#2961));
#3057=FACE_OUTER_BOUND('',#3056,.T.);
#3058=FACETED_PRIMITIVE_FACE('',(#3057));
#3060=POLY_LOOP('',(#3059,#3013,#2925));
#3061=FACE_OUTER_BOUND('',#3060,.T.);
#3062=FACETED_PRIMITIVE_FACE('',(#3061));
#3063=POLY_LOOP('',(#3059,#2925,#2968));
#3064=FACE_OUTER_BOUND('',#3063,.T.);
#3065=FACETED_PRIMITIVE_FACE('',(#3064));
#3067=POLY_LOOP('',(#3066,#3020,#2932));
#3068=FACE_OUTER_BOUND('',#3067,.T.);
#3069=FACETED_PRIMITIVE_FACE('',(#3068));
#3070=POLY_LOOP('',(#3066,#2932,#2975));
#3071=FACE_OUTER_BOUND('',#3070,.T.);
#3072=FACETED_PRIMITIVE_FACE('',(#3071));
#3074=POLY_LOOP('',(#3073,#2957,#2982));
#3075=FACE_OUTER_BOUND('',#3074,.T.);
#3076=FACETED_PRIMITIVE_FACE('',(#3075));
#3077=POLY_LOOP('',(#3073,#3045,#2957));
#3078=FACE_OUTER_BOUND('',#3077,.T.);
#3079=FACETED_PRIMITIVE_FACE('',(#3078));
#3081=POLY_LOOP('',(#3080,#3052,#2961));
#3082=FACE_OUTER_BOUND('',#3081,.T.);
#3083=FACETED_PRIMITIVE_FACE('',(#3082));
#3084=POLY_LOOP('',(#3080,#2961,#2989));
#3085=FACE_OUTER_BOUND('',#3084,.T.);
#3086=FACETED_PRIMITIVE_FACE('',(#3085));
#3088=POLY_LOOP('',(#3087,#2996,#3052));
#3089=FACE_OUTER_BOUND('',#3088,.T.);
#3090=FACETED_PRIMITIVE_FACE('',(#3089));
#3091=POLY_LOOP('',(#3087,#2968,#2996));
#3092=FACE_OUTER_BOUND('',#3091,.T.);
#3093=FACETED_PRIMITIVE_FACE('',(#3092));
#3094=POLY_LOOP('',(#3087,#3059,#2968));
#3095=FACE_OUTER_BOUND('',#3094,.T.);
#3096=FACETED_PRIMITIVE_FACE('',(#3095));
#3098=POLY_LOOP('',(#3097,#2533,#2526));
#3099=FACE_OUTER_BOUND('',#3098,.T.);
#3100=FACETED_PRIMITIVE_FACE('',(#3099));
#3101=POLY_LOOP('',(#3097,#2516,#2533));
#3102=FACE_OUTER_BOUND('',#3101,.T.);
#3103=FACETED_PRIMITIVE_FACE('',(#3102));
#3104=POLY_LOOP('',(#3097,#2526,#3003));
#3105=FACE_OUTER_BOUND('',#3104,.T.);
#3106=FACETED_PRIMITIVE_FACE('',(#3105));
#3108=POLY_LOOP('',(#3107,#2975,#3013));
#3109=FACE_OUTER_BOUND('',#3108,.T.);
#3110=FACETED_PRIMITIVE_FACE('',(#3109));
#3111=POLY_LOOP('',(#3107,#3066,#2975));
#3112=FACE_OUTER_BOUND('',#3111,.T.);
#3113=FACETED_PRIMITIVE_FACE('',(#3112));
#3115=POLY_LOOP('',(#3114,#3073,#2982));
#3116=FACE_OUTER_BOUND('',#3115,.T.);
#3117=FACETED_PRIMITIVE_FACE('',(#3116));
#3118=POLY_LOOP('',(#3114,#2982,#3020));
#3119=FACE_OUTER_BOUND('',#3118,.T.);
#3120=FACETED_PRIMITIVE_FACE('',(#3119));
#3122=POLY_LOOP('',(#3121,#2989,#3027));
#3123=FACE_OUTER_BOUND('',#3122,.T.);
#3124=FACETED_PRIMITIVE_FACE('',(#3123));
#3125=POLY_LOOP('',(#3121,#3027,#3038));
#3126=FACE_OUTER_BOUND('',#3125,.T.);
#3127=FACETED_PRIMITIVE_FACE('',(#3126));
#3128=POLY_LOOP('',(#3121,#3080,#2989));
#3129=FACE_OUTER_BOUND('',#3128,.T.);
#3130=FACETED_PRIMITIVE_FACE('',(#3129));
#3132=POLY_LOOP('',(#3121,#3038,#3131));
#3133=FACE_OUTER_BOUND('',#3132,.T.);
#3134=FACETED_PRIMITIVE_FACE('',(#3133));
#3136=POLY_LOOP('',(#3121,#3131,#3135));
#3137=FACE_OUTER_BOUND('',#3136,.T.);
#3138=FACETED_PRIMITIVE_FACE('',(#3137));
#3140=POLY_LOOP('',(#3139,#3003,#3045));
#3141=FACE_OUTER_BOUND('',#3140,.T.);
#3142=FACETED_PRIMITIVE_FACE('',(#3141));
#3143=POLY_LOOP('',(#3139,#3097,#3003));
#3144=FACE_OUTER_BOUND('',#3143,.T.);
#3145=FACETED_PRIMITIVE_FACE('',(#3144));
#3147=POLY_LOOP('',(#3146,#3052,#3080));
#3148=FACE_OUTER_BOUND('',#3147,.T.);
#3149=FACETED_PRIMITIVE_FACE('',(#3148));
#3150=POLY_LOOP('',(#3146,#3087,#3052));
#3151=FACE_OUTER_BOUND('',#3150,.T.);
#3152=FACETED_PRIMITIVE_FACE('',(#3151));
#3154=POLY_LOOP('',(#3153,#3013,#3059));
#3155=FACE_OUTER_BOUND('',#3154,.T.);
#3156=FACETED_PRIMITIVE_FACE('',(#3155));
#3157=POLY_LOOP('',(#3153,#3107,#3013));
#3158=FACE_OUTER_BOUND('',#3157,.T.);
#3159=FACETED_PRIMITIVE_FACE('',(#3158));
#3161=POLY_LOOP('',(#3160,#3020,#3066));
#3162=FACE_OUTER_BOUND('',#3161,.T.);
#3163=FACETED_PRIMITIVE_FACE('',(#3162));
#3164=POLY_LOOP('',(#3160,#3114,#3020));
#3165=FACE_OUTER_BOUND('',#3164,.T.);
#3166=FACETED_PRIMITIVE_FACE('',(#3165));
#3168=POLY_LOOP('',(#3167,#3045,#3073));
#3169=FACE_OUTER_BOUND('',#3168,.T.);
#3170=FACETED_PRIMITIVE_FACE('',(#3169));
#3171=POLY_LOOP('',(#3167,#3139,#3045));
#3172=FACE_OUTER_BOUND('',#3171,.T.);
#3173=FACETED_PRIMITIVE_FACE('',(#3172));
#3174=POLY_LOOP('',(#3167,#3073,#3114));
#3175=FACE_OUTER_BOUND('',#3174,.T.);
#3176=FACETED_PRIMITIVE_FACE('',(#3175));
#3178=POLY_LOOP('',(#3177,#3146,#3080));
#3179=FACE_OUTER_BOUND('',#3178,.T.);
#3180=FACETED_PRIMITIVE_FACE('',(#3179));
#3181=POLY_LOOP('',(#3177,#3080,#3121));
#3182=FACE_OUTER_BOUND('',#3181,.T.);
#3183=FACETED_PRIMITIVE_FACE('',(#3182));
#3185=POLY_LOOP('',(#3184,#3153,#3059));
#3186=FACE_OUTER_BOUND('',#3185,.T.);
#3187=FACETED_PRIMITIVE_FACE('',(#3186));
#3188=POLY_LOOP('',(#3184,#3059,#3087));
#3189=FACE_OUTER_BOUND('',#3188,.T.);
#3190=FACETED_PRIMITIVE_FACE('',(#3189));
#3192=POLY_LOOP('',(#3191,#2505,#2516));
#3193=FACE_OUTER_BOUND('',#3192,.T.);
#3194=FACETED_PRIMITIVE_FACE('',(#3193));
#3195=POLY_LOOP('',(#3191,#2488,#2505));
#3196=FACE_OUTER_BOUND('',#3195,.T.);
#3197=FACETED_PRIMITIVE_FACE('',(#3196));
#3198=POLY_LOOP('',(#3191,#2516,#3097));
#3199=FACE_OUTER_BOUND('',#3198,.T.);
#3200=FACETED_PRIMITIVE_FACE('',(#3199));
#3201=POLY_LOOP('',(#3191,#3097,#3139));
#3202=FACE_OUTER_BOUND('',#3201,.T.);
#3203=FACETED_PRIMITIVE_FACE('',(#3202));
#3205=POLY_LOOP('',(#3204,#3066,#3107));
#3206=FACE_OUTER_BOUND('',#3205,.T.);
#3207=FACETED_PRIMITIVE_FACE('',(#3206));
#3208=POLY_LOOP('',(#3204,#3107,#3153));
#3209=FACE_OUTER_BOUND('',#3208,.T.);
#3210=FACETED_PRIMITIVE_FACE('',(#3209));
#3211=POLY_LOOP('',(#3204,#3160,#3066));
#3212=FACE_OUTER_BOUND('',#3211,.T.);
#3213=FACETED_PRIMITIVE_FACE('',(#3212));
#3215=POLY_LOOP('',(#3214,#3167,#3114));
#3216=FACE_OUTER_BOUND('',#3215,.T.);
#3217=FACETED_PRIMITIVE_FACE('',(#3216));
#3220=POLY_LOOP('',(#3218,#3135,#3219));
#3221=FACE_OUTER_BOUND('',#3220,.T.);
#3222=FACETED_PRIMITIVE_FACE('',(#3221));
#3224=POLY_LOOP('',(#3218,#3219,#3223));
#3225=FACE_OUTER_BOUND('',#3224,.T.);
#3226=FACETED_PRIMITIVE_FACE('',(#3225));
#3227=POLY_LOOP('',(#3218,#3121,#3135));
#3228=FACE_OUTER_BOUND('',#3227,.T.);
#3229=FACETED_PRIMITIVE_FACE('',(#3228));
#3230=POLY_LOOP('',(#3218,#3177,#3121));
#3231=FACE_OUTER_BOUND('',#3230,.T.);
#3232=FACETED_PRIMITIVE_FACE('',(#3231));
#3234=POLY_LOOP('',(#3233,#2474,#2488));
#3235=FACE_OUTER_BOUND('',#3234,.T.);
#3236=FACETED_PRIMITIVE_FACE('',(#3235));
#3237=POLY_LOOP('',(#3233,#1704,#2474));
#3238=FACE_OUTER_BOUND('',#3237,.T.);
#3239=FACETED_PRIMITIVE_FACE('',(#3238));
#3240=POLY_LOOP('',(#3233,#1697,#1704));
#3241=FACE_OUTER_BOUND('',#3240,.T.);
#3242=FACETED_PRIMITIVE_FACE('',(#3241));
#3243=POLY_LOOP('',(#3233,#2488,#3191));
#3244=FACE_OUTER_BOUND('',#3243,.T.);
#3245=FACETED_PRIMITIVE_FACE('',(#3244));
#3246=POLY_LOOP('',(#3233,#3191,#3139));
#3247=FACE_OUTER_BOUND('',#3246,.T.);
#3248=FACETED_PRIMITIVE_FACE('',(#3247));
#3250=POLY_LOOP('',(#3249,#3087,#3146));
#3251=FACE_OUTER_BOUND('',#3250,.T.);
#3252=FACETED_PRIMITIVE_FACE('',(#3251));
#3253=POLY_LOOP('',(#3249,#3184,#3087));
#3254=FACE_OUTER_BOUND('',#3253,.T.);
#3255=FACETED_PRIMITIVE_FACE('',(#3254));
#3257=POLY_LOOP('',(#3256,#3153,#3184));
#3258=FACE_OUTER_BOUND('',#3257,.T.);
#3259=FACETED_PRIMITIVE_FACE('',(#3258));
#3260=POLY_LOOP('',(#3256,#3204,#3153));
#3261=FACE_OUTER_BOUND('',#3260,.T.);
#3262=FACETED_PRIMITIVE_FACE('',(#3261));
#3264=POLY_LOOP('',(#3263,#3214,#3114));
#3265=FACE_OUTER_BOUND('',#3264,.T.);
#3266=FACETED_PRIMITIVE_FACE('',(#3265));
#3267=POLY_LOOP('',(#3263,#3114,#3160));
#3268=FACE_OUTER_BOUND('',#3267,.T.);
#3269=FACETED_PRIMITIVE_FACE('',(#3268));
#3271=POLY_LOOP('',(#3270,#3233,#3139));
#3272=FACE_OUTER_BOUND('',#3271,.T.);
#3273=FACETED_PRIMITIVE_FACE('',(#3272));
#3274=POLY_LOOP('',(#3270,#1690,#1697));
#3275=FACE_OUTER_BOUND('',#3274,.T.);
#3276=FACETED_PRIMITIVE_FACE('',(#3275));
#3277=POLY_LOOP('',(#3270,#1676,#1690));
#3278=FACE_OUTER_BOUND('',#3277,.T.);
#3279=FACETED_PRIMITIVE_FACE('',(#3278));
#3280=POLY_LOOP('',(#3270,#3139,#3167));
#3281=FACE_OUTER_BOUND('',#3280,.T.);
#3282=FACETED_PRIMITIVE_FACE('',(#3281));
#3283=POLY_LOOP('',(#3270,#1697,#3233));
#3284=FACE_OUTER_BOUND('',#3283,.T.);
#3285=FACETED_PRIMITIVE_FACE('',(#3284));
#3287=POLY_LOOP('',(#3286,#3249,#3146));
#3288=FACE_OUTER_BOUND('',#3287,.T.);
#3289=FACETED_PRIMITIVE_FACE('',(#3288));
#3290=POLY_LOOP('',(#3286,#3146,#3177));
#3291=FACE_OUTER_BOUND('',#3290,.T.);
#3292=FACETED_PRIMITIVE_FACE('',(#3291));
#3294=POLY_LOOP('',(#3293,#3256,#3184));
#3295=FACE_OUTER_BOUND('',#3294,.T.);
#3296=FACETED_PRIMITIVE_FACE('',(#3295));
#3298=POLY_LOOP('',(#3297,#3160,#3204));
#3299=FACE_OUTER_BOUND('',#3298,.T.);
#3300=FACETED_PRIMITIVE_FACE('',(#3299));
#3301=POLY_LOOP('',(#3297,#3263,#3160));
#3302=FACE_OUTER_BOUND('',#3301,.T.);
#3303=FACETED_PRIMITIVE_FACE('',(#3302));
#3305=POLY_LOOP('',(#3304,#3167,#3214));
#3306=FACE_OUTER_BOUND('',#3305,.T.);
#3307=FACETED_PRIMITIVE_FACE('',(#3306));
#3308=POLY_LOOP('',(#3304,#3214,#3263));
#3309=FACE_OUTER_BOUND('',#3308,.T.);
#3310=FACETED_PRIMITIVE_FACE('',(#3309));
#3311=POLY_LOOP('',(#3304,#1676,#3270));
#3312=FACE_OUTER_BOUND('',#3311,.T.);
#3313=FACETED_PRIMITIVE_FACE('',(#3312));
#3314=POLY_LOOP('',(#3304,#1669,#1676));
#3315=FACE_OUTER_BOUND('',#3314,.T.);
#3316=FACETED_PRIMITIVE_FACE('',(#3315));
#3317=POLY_LOOP('',(#3304,#1659,#1669));
#3318=FACE_OUTER_BOUND('',#3317,.T.);
#3319=FACETED_PRIMITIVE_FACE('',(#3318));
#3320=POLY_LOOP('',(#3304,#3270,#3167));
#3321=FACE_OUTER_BOUND('',#3320,.T.);
#3322=FACETED_PRIMITIVE_FACE('',(#3321));
#3324=POLY_LOOP('',(#3323,#3177,#3218));
#3325=FACE_OUTER_BOUND('',#3324,.T.);
#3326=FACETED_PRIMITIVE_FACE('',(#3325));
#3327=POLY_LOOP('',(#3323,#3286,#3177));
#3328=FACE_OUTER_BOUND('',#3327,.T.);
#3329=FACETED_PRIMITIVE_FACE('',(#3328));
#3331=POLY_LOOP('',(#3323,#3223,#3330));
#3332=FACE_OUTER_BOUND('',#3331,.T.);
#3333=FACETED_PRIMITIVE_FACE('',(#3332));
#3335=POLY_LOOP('',(#3323,#3330,#3334));
#3336=FACE_OUTER_BOUND('',#3335,.T.);
#3337=FACETED_PRIMITIVE_FACE('',(#3336));
#3338=POLY_LOOP('',(#3323,#3218,#3223));
#3339=FACE_OUTER_BOUND('',#3338,.T.);
#3340=FACETED_PRIMITIVE_FACE('',(#3339));
#3342=POLY_LOOP('',(#3341,#3293,#3184));
#3343=FACE_OUTER_BOUND('',#3342,.T.);
#3344=FACETED_PRIMITIVE_FACE('',(#3343));
#3345=POLY_LOOP('',(#3341,#3184,#3249));
#3346=FACE_OUTER_BOUND('',#3345,.T.);
#3347=FACETED_PRIMITIVE_FACE('',(#3346));
#3349=POLY_LOOP('',(#3348,#3204,#3256));
#3350=FACE_OUTER_BOUND('',#3349,.T.);
#3351=FACETED_PRIMITIVE_FACE('',(#3350));
#3352=POLY_LOOP('',(#3348,#3297,#3204));
#3353=FACE_OUTER_BOUND('',#3352,.T.);
#3354=FACETED_PRIMITIVE_FACE('',(#3353));
#3356=POLY_LOOP('',(#3355,#1659,#3304));
#3357=FACE_OUTER_BOUND('',#3356,.T.);
#3358=FACETED_PRIMITIVE_FACE('',(#3357));
#3359=POLY_LOOP('',(#3355,#1652,#1659));
#3360=FACE_OUTER_BOUND('',#3359,.T.);
#3361=FACETED_PRIMITIVE_FACE('',(#3360));
#3362=POLY_LOOP('',(#3355,#1645,#1652));
#3363=FACE_OUTER_BOUND('',#3362,.T.);
#3364=FACETED_PRIMITIVE_FACE('',(#3363));
#3365=POLY_LOOP('',(#3355,#3304,#3263));
#3366=FACE_OUTER_BOUND('',#3365,.T.);
#3367=FACETED_PRIMITIVE_FACE('',(#3366));
#3369=POLY_LOOP('',(#3368,#3341,#3249));
#3370=FACE_OUTER_BOUND('',#3369,.T.);
#3371=FACETED_PRIMITIVE_FACE('',(#3370));
#3372=POLY_LOOP('',(#3368,#3249,#3286));
#3373=FACE_OUTER_BOUND('',#3372,.T.);
#3374=FACETED_PRIMITIVE_FACE('',(#3373));
#3376=POLY_LOOP('',(#3375,#3348,#3256));
#3377=FACE_OUTER_BOUND('',#3376,.T.);
#3378=FACETED_PRIMITIVE_FACE('',(#3377));
#3379=POLY_LOOP('',(#3375,#3256,#3293));
#3380=FACE_OUTER_BOUND('',#3379,.T.);
#3381=FACETED_PRIMITIVE_FACE('',(#3380));
#3383=POLY_LOOP('',(#3382,#3263,#3297));
#3384=FACE_OUTER_BOUND('',#3383,.T.);
#3385=FACETED_PRIMITIVE_FACE('',(#3384));
#3386=POLY_LOOP('',(#3382,#1645,#3355));
#3387=FACE_OUTER_BOUND('',#3386,.T.);
#3388=FACETED_PRIMITIVE_FACE('',(#3387));
#3389=POLY_LOOP('',(#3382,#3355,#3263));
#3390=FACE_OUTER_BOUND('',#3389,.T.);
#3391=FACETED_PRIMITIVE_FACE('',(#3390));
#3392=POLY_LOOP('',(#3382,#1638,#1645));
#3393=FACE_OUTER_BOUND('',#3392,.T.);
#3394=FACETED_PRIMITIVE_FACE('',(#3393));
#3395=POLY_LOOP('',(#3382,#1624,#1638));
#3396=FACE_OUTER_BOUND('',#3395,.T.);
#3397=FACETED_PRIMITIVE_FACE('',(#3396));
#3399=POLY_LOOP('',(#3398,#3368,#3286));
#3400=FACE_OUTER_BOUND('',#3399,.T.);
#3401=FACETED_PRIMITIVE_FACE('',(#3400));
#3402=POLY_LOOP('',(#3398,#3323,#3334));
#3403=FACE_OUTER_BOUND('',#3402,.T.);
#3404=FACETED_PRIMITIVE_FACE('',(#3403));
#3405=POLY_LOOP('',(#3398,#3286,#3323));
#3406=FACE_OUTER_BOUND('',#3405,.T.);
#3407=FACETED_PRIMITIVE_FACE('',(#3406));
#3409=POLY_LOOP('',(#3398,#3334,#3408));
#3410=FACE_OUTER_BOUND('',#3409,.T.);
#3411=FACETED_PRIMITIVE_FACE('',(#3410));
#3413=POLY_LOOP('',(#3398,#3408,#3412));
#3414=FACE_OUTER_BOUND('',#3413,.T.);
#3415=FACETED_PRIMITIVE_FACE('',(#3414));
#3417=POLY_LOOP('',(#3416,#3375,#3293));
#3418=FACE_OUTER_BOUND('',#3417,.T.);
#3419=FACETED_PRIMITIVE_FACE('',(#3418));
#3420=POLY_LOOP('',(#3416,#3293,#3341));
#3421=FACE_OUTER_BOUND('',#3420,.T.);
#3422=FACETED_PRIMITIVE_FACE('',(#3421));
#3424=POLY_LOOP('',(#3423,#3382,#3297));
#3425=FACE_OUTER_BOUND('',#3424,.T.);
#3426=FACETED_PRIMITIVE_FACE('',(#3425));
#3427=POLY_LOOP('',(#3423,#1607,#1624));
#3428=FACE_OUTER_BOUND('',#3427,.T.);
#3429=FACETED_PRIMITIVE_FACE('',(#3428));
#3430=POLY_LOOP('',(#3423,#1586,#1607));
#3431=FACE_OUTER_BOUND('',#3430,.T.);
#3432=FACETED_PRIMITIVE_FACE('',(#3431));
#3433=POLY_LOOP('',(#3423,#3297,#3348));
#3434=FACE_OUTER_BOUND('',#3433,.T.);
#3435=FACETED_PRIMITIVE_FACE('',(#3434));
#3436=POLY_LOOP('',(#3423,#1624,#3382));
#3437=FACE_OUTER_BOUND('',#3436,.T.);
#3438=FACETED_PRIMITIVE_FACE('',(#3437));
#3440=POLY_LOOP('',(#3439,#3341,#3368));
#3441=FACE_OUTER_BOUND('',#3440,.T.);
#3442=FACETED_PRIMITIVE_FACE('',(#3441));
#3443=POLY_LOOP('',(#3439,#3416,#3341));
#3444=FACE_OUTER_BOUND('',#3443,.T.);
#3445=FACETED_PRIMITIVE_FACE('',(#3444));
#3447=POLY_LOOP('',(#3446,#3348,#3375));
#3448=FACE_OUTER_BOUND('',#3447,.T.);
#3449=FACETED_PRIMITIVE_FACE('',(#3448));
#3450=POLY_LOOP('',(#3446,#1586,#3423));
#3451=FACE_OUTER_BOUND('',#3450,.T.);
#3452=FACETED_PRIMITIVE_FACE('',(#3451));
#3453=POLY_LOOP('',(#3446,#1576,#1586));
#3454=FACE_OUTER_BOUND('',#3453,.T.);
#3455=FACETED_PRIMITIVE_FACE('',(#3454));
#3456=POLY_LOOP('',(#3446,#1562,#1576));
#3457=FACE_OUTER_BOUND('',#3456,.T.);
#3458=FACETED_PRIMITIVE_FACE('',(#3457));
#3459=POLY_LOOP('',(#3446,#3423,#3348));
#3460=FACE_OUTER_BOUND('',#3459,.T.);
#3461=FACETED_PRIMITIVE_FACE('',(#3460));
#3462=POLY_LOOP('',(#3446,#3375,#3416));
#3463=FACE_OUTER_BOUND('',#3462,.T.);
#3464=FACETED_PRIMITIVE_FACE('',(#3463));
#3466=POLY_LOOP('',(#3465,#3368,#3398));
#3467=FACE_OUTER_BOUND('',#3466,.T.);
#3468=FACETED_PRIMITIVE_FACE('',(#3467));
#3469=POLY_LOOP('',(#3465,#3398,#3412));
#3470=FACE_OUTER_BOUND('',#3469,.T.);
#3471=FACETED_PRIMITIVE_FACE('',(#3470));
#3472=POLY_LOOP('',(#3465,#3439,#3368));
#3473=FACE_OUTER_BOUND('',#3472,.T.);
#3474=FACETED_PRIMITIVE_FACE('',(#3473));
#3476=POLY_LOOP('',(#3465,#3412,#3475));
#3477=FACE_OUTER_BOUND('',#3476,.T.);
#3478=FACETED_PRIMITIVE_FACE('',(#3477));
#3480=POLY_LOOP('',(#3465,#3475,#3479));
#3481=FACE_OUTER_BOUND('',#3480,.T.);
#3482=FACETED_PRIMITIVE_FACE('',(#3481));
#3484=POLY_LOOP('',(#3483,#1562,#3446));
#3485=FACE_OUTER_BOUND('',#3484,.T.);
#3486=FACETED_PRIMITIVE_FACE('',(#3485));
#3487=POLY_LOOP('',(#3483,#1548,#1562));
#3488=FACE_OUTER_BOUND('',#3487,.T.);
#3489=FACETED_PRIMITIVE_FACE('',(#3488));
#3490=POLY_LOOP('',(#3483,#1543,#1548));
#3491=FACE_OUTER_BOUND('',#3490,.T.);
#3492=FACETED_PRIMITIVE_FACE('',(#3491));
#3493=POLY_LOOP('',(#3483,#3416,#3439));
#3494=FACE_OUTER_BOUND('',#3493,.T.);
#3495=FACETED_PRIMITIVE_FACE('',(#3494));
#3496=POLY_LOOP('',(#3483,#3446,#3416));
#3497=FACE_OUTER_BOUND('',#3496,.T.);
#3498=FACETED_PRIMITIVE_FACE('',(#3497));
#3500=POLY_LOOP('',(#3499,#1544,#1543));
#3501=FACE_OUTER_BOUND('',#3500,.T.);
#3502=FACETED_PRIMITIVE_FACE('',(#3501));
#3503=POLY_LOOP('',(#3499,#1555,#1544));
#3504=FACE_OUTER_BOUND('',#3503,.T.);
#3505=FACETED_PRIMITIVE_FACE('',(#3504));
#3506=POLY_LOOP('',(#3499,#1543,#3483));
#3507=FACE_OUTER_BOUND('',#3506,.T.);
#3508=FACETED_PRIMITIVE_FACE('',(#3507));
#3509=POLY_LOOP('',(#3499,#3483,#3439));
#3510=FACE_OUTER_BOUND('',#3509,.T.);
#3511=FACETED_PRIMITIVE_FACE('',(#3510));
#3513=POLY_LOOP('',(#3512,#3439,#3465));
#3514=FACE_OUTER_BOUND('',#3513,.T.);
#3515=FACETED_PRIMITIVE_FACE('',(#3514));
#3516=POLY_LOOP('',(#3512,#1569,#1555));
#3517=FACE_OUTER_BOUND('',#3516,.T.);
#3518=FACETED_PRIMITIVE_FACE('',(#3517));
#3519=POLY_LOOP('',(#3512,#1555,#3499));
#3520=FACE_OUTER_BOUND('',#3519,.T.);
#3521=FACETED_PRIMITIVE_FACE('',(#3520));
#3523=POLY_LOOP('',(#3512,#3479,#3522));
#3524=FACE_OUTER_BOUND('',#3523,.T.);
#3525=FACETED_PRIMITIVE_FACE('',(#3524));
#3526=POLY_LOOP('',(#3512,#3522,#2578));
#3527=FACE_OUTER_BOUND('',#3526,.T.);
#3528=FACETED_PRIMITIVE_FACE('',(#3527));
#3529=POLY_LOOP('',(#3512,#3465,#3479));
#3530=FACE_OUTER_BOUND('',#3529,.T.);
#3531=FACETED_PRIMITIVE_FACE('',(#3530));
#3532=POLY_LOOP('',(#3512,#3499,#3439));
#3533=FACE_OUTER_BOUND('',#3532,.T.);
#3534=FACETED_PRIMITIVE_FACE('',(#3533));
#3535=POLY_LOOP('',(#3512,#2578,#1569));
#3536=FACE_OUTER_BOUND('',#3535,.T.);
#3537=FACETED_PRIMITIVE_FACE('',(#3536));
#3538=POLY_LOOP('',(#1683,#1628,#2577));
#3539=FACE_OUTER_BOUND('',#3538,.T.);
#3540=FACETED_PRIMITIVE_FACE('',(#3539));
#3541=POLY_LOOP('',(#1885,#1683,#2577));
#3542=FACE_OUTER_BOUND('',#3541,.T.);
#3543=FACETED_PRIMITIVE_FACE('',(#3542));
#3544=POLY_LOOP('',(#1881,#2578,#3522));
#3545=FACE_OUTER_BOUND('',#3544,.T.);
#3546=FACETED_PRIMITIVE_FACE('',(#3545));
#3547=POLY_LOOP('',(#1881,#2577,#2578));
#3548=FACE_OUTER_BOUND('',#3547,.T.);
#3549=FACETED_PRIMITIVE_FACE('',(#3548));
#3550=POLY_LOOP('',(#1881,#1885,#2577));
#3551=FACE_OUTER_BOUND('',#3550,.T.);
#3552=FACETED_PRIMITIVE_FACE('',(#3551));
#3553=POLY_LOOP('',(#1871,#1881,#3522));
#3554=FACE_OUTER_BOUND('',#3553,.T.);
#3555=FACETED_PRIMITIVE_FACE('',(#3554));
#3556=POLY_LOOP('',(#1867,#3522,#3479));
#3557=FACE_OUTER_BOUND('',#3556,.T.);
#3558=FACETED_PRIMITIVE_FACE('',(#3557));
#3559=POLY_LOOP('',(#1867,#1871,#3522));
#3560=FACE_OUTER_BOUND('',#3559,.T.);
#3561=FACETED_PRIMITIVE_FACE('',(#3560));
#3562=POLY_LOOP('',(#1857,#3479,#3475));
#3563=FACE_OUTER_BOUND('',#3562,.T.);
#3564=FACETED_PRIMITIVE_FACE('',(#3563));
#3565=POLY_LOOP('',(#1857,#1867,#3479));
#3566=FACE_OUTER_BOUND('',#3565,.T.);
#3567=FACETED_PRIMITIVE_FACE('',(#3566));
#3568=POLY_LOOP('',(#3412,#1853,#1857));
#3569=FACE_OUTER_BOUND('',#3568,.T.);
#3570=FACETED_PRIMITIVE_FACE('',(#3569));
#3571=POLY_LOOP('',(#3412,#1843,#1853));
#3572=FACE_OUTER_BOUND('',#3571,.T.);
#3573=FACETED_PRIMITIVE_FACE('',(#3572));
#3574=POLY_LOOP('',(#3412,#1857,#3475));
#3575=FACE_OUTER_BOUND('',#3574,.T.);
#3576=FACETED_PRIMITIVE_FACE('',(#3575));
#3577=POLY_LOOP('',(#3408,#1843,#3412));
#3578=FACE_OUTER_BOUND('',#3577,.T.);
#3579=FACETED_PRIMITIVE_FACE('',(#3578));
#3580=POLY_LOOP('',(#3334,#1836,#1843));
#3581=FACE_OUTER_BOUND('',#3580,.T.);
#3582=FACETED_PRIMITIVE_FACE('',(#3581));
#3583=POLY_LOOP('',(#3334,#1843,#3408));
#3584=FACE_OUTER_BOUND('',#3583,.T.);
#3585=FACETED_PRIMITIVE_FACE('',(#3584));
#3586=POLY_LOOP('',(#3330,#1829,#1836));
#3587=FACE_OUTER_BOUND('',#3586,.T.);
#3588=FACETED_PRIMITIVE_FACE('',(#3587));
#3589=POLY_LOOP('',(#3330,#1836,#3334));
#3590=FACE_OUTER_BOUND('',#3589,.T.);
#3591=FACETED_PRIMITIVE_FACE('',(#3590));
#3592=POLY_LOOP('',(#3223,#1822,#1829));
#3593=FACE_OUTER_BOUND('',#3592,.T.);
#3594=FACETED_PRIMITIVE_FACE('',(#3593));
#3595=POLY_LOOP('',(#3223,#1829,#3330));
#3596=FACE_OUTER_BOUND('',#3595,.T.);
#3597=FACETED_PRIMITIVE_FACE('',(#3596));
#3598=POLY_LOOP('',(#3219,#1815,#1822));
#3599=FACE_OUTER_BOUND('',#3598,.T.);
#3600=FACETED_PRIMITIVE_FACE('',(#3599));
#3601=POLY_LOOP('',(#3219,#1822,#3223));
#3602=FACE_OUTER_BOUND('',#3601,.T.);
#3603=FACETED_PRIMITIVE_FACE('',(#3602));
#3604=POLY_LOOP('',(#2552,#1898,#1752));
#3605=FACE_OUTER_BOUND('',#3604,.T.);
#3606=FACETED_PRIMITIVE_FACE('',(#3605));
#3607=POLY_LOOP('',(#2552,#1751,#1759));
#3608=FACE_OUTER_BOUND('',#3607,.T.);
#3609=FACETED_PRIMITIVE_FACE('',(#3608));
#3610=POLY_LOOP('',(#2552,#1752,#1751));
#3611=FACE_OUTER_BOUND('',#3610,.T.);
#3612=FACETED_PRIMITIVE_FACE('',(#3611));
#3613=POLY_LOOP('',(#3135,#1815,#3219));
#3614=FACE_OUTER_BOUND('',#3613,.T.);
#3615=FACETED_PRIMITIVE_FACE('',(#3614));
#3616=POLY_LOOP('',(#3135,#1808,#1815));
#3617=FACE_OUTER_BOUND('',#3616,.T.);
#3618=FACETED_PRIMITIVE_FACE('',(#3617));
#3619=POLY_LOOP('',(#3135,#1801,#1808));
#3620=FACE_OUTER_BOUND('',#3619,.T.);
#3621=FACETED_PRIMITIVE_FACE('',(#3620));
#3622=POLY_LOOP('',(#2852,#2552,#1759));
#3623=FACE_OUTER_BOUND('',#3622,.T.);
#3624=FACETED_PRIMITIVE_FACE('',(#3623));
#3625=POLY_LOOP('',(#3131,#1801,#3135));
#3626=FACE_OUTER_BOUND('',#3625,.T.);
#3627=FACETED_PRIMITIVE_FACE('',(#3626));
#3628=POLY_LOOP('',(#3131,#1797,#1801));
#3629=FACE_OUTER_BOUND('',#3628,.T.);
#3630=FACETED_PRIMITIVE_FACE('',(#3629));
#3631=POLY_LOOP('',(#2856,#1759,#1766));
#3632=FACE_OUTER_BOUND('',#3631,.T.);
#3633=FACETED_PRIMITIVE_FACE('',(#3632));
#3634=POLY_LOOP('',(#2856,#2852,#1759));
#3635=FACE_OUTER_BOUND('',#3634,.T.);
#3636=FACETED_PRIMITIVE_FACE('',(#3635));
#3637=POLY_LOOP('',(#3038,#1797,#3131));
#3638=FACE_OUTER_BOUND('',#3637,.T.);
#3639=FACETED_PRIMITIVE_FACE('',(#3638));
#3640=POLY_LOOP('',(#2949,#2856,#1766));
#3641=FACE_OUTER_BOUND('',#3640,.T.);
#3642=FACETED_PRIMITIVE_FACE('',(#3641));
#3643=POLY_LOOP('',(#2949,#1766,#1776));
#3644=FACE_OUTER_BOUND('',#3643,.T.);
#3645=FACETED_PRIMITIVE_FACE('',(#3644));
#3646=POLY_LOOP('',(#3034,#1797,#3038));
#3647=FACE_OUTER_BOUND('',#3646,.T.);
#3648=FACETED_PRIMITIVE_FACE('',(#3647));
#3649=POLY_LOOP('',(#3034,#1787,#1797));
#3650=FACE_OUTER_BOUND('',#3649,.T.);
#3651=FACETED_PRIMITIVE_FACE('',(#3650));
#3652=POLY_LOOP('',(#2953,#2949,#1776));
#3653=FACE_OUTER_BOUND('',#3652,.T.);
#3654=FACETED_PRIMITIVE_FACE('',(#3653));
#3655=POLY_LOOP('',(#2953,#1787,#3034));
#3656=FACE_OUTER_BOUND('',#3655,.T.);
#3657=FACETED_PRIMITIVE_FACE('',(#3656));
#3658=POLY_LOOP('',(#2953,#1780,#1787));
#3659=FACE_OUTER_BOUND('',#3658,.T.);
#3660=FACETED_PRIMITIVE_FACE('',(#3659));
#3661=POLY_LOOP('',(#2953,#1776,#1780));
#3662=FACE_OUTER_BOUND('',#3661,.T.);
#3663=FACETED_PRIMITIVE_FACE('',(#3662));
#3664=POLY_LOOP('',(#1752,#1898,#2552));
#3665=FACE_OUTER_BOUND('',#3664,.T.);
#3666=FACETED_PRIMITIVE_FACE('',(#3665));
#3667=POLY_LOOP('',(#1751,#2552,#2852));
#3668=FACE_OUTER_BOUND('',#3667,.T.);
#3669=FACETED_PRIMITIVE_FACE('',(#3668));
#3670=POLY_LOOP('',(#1751,#1752,#2552));
#3671=FACE_OUTER_BOUND('',#3670,.T.);
#3672=FACETED_PRIMITIVE_FACE('',(#3671));
#3673=POLY_LOOP('',(#1759,#2852,#2856));
#3674=FACE_OUTER_BOUND('',#3673,.T.);
#3675=FACETED_PRIMITIVE_FACE('',(#3674));
#3676=POLY_LOOP('',(#1759,#1751,#2852));
#3677=FACE_OUTER_BOUND('',#3676,.T.);
#3678=FACETED_PRIMITIVE_FACE('',(#3677));
#3679=POLY_LOOP('',(#1766,#2856,#2949));
#3680=FACE_OUTER_BOUND('',#3679,.T.);
#3681=FACETED_PRIMITIVE_FACE('',(#3680));
#3682=POLY_LOOP('',(#1766,#1759,#2856));
#3683=FACE_OUTER_BOUND('',#3682,.T.);
#3684=FACETED_PRIMITIVE_FACE('',(#3683));
#3685=POLY_LOOP('',(#1776,#1766,#2949));
#3686=FACE_OUTER_BOUND('',#3685,.T.);
#3687=FACETED_PRIMITIVE_FACE('',(#3686));
#3688=POLY_LOOP('',(#2953,#1776,#2949));
#3689=FACE_OUTER_BOUND('',#3688,.T.);
#3690=FACETED_PRIMITIVE_FACE('',(#3689));
#3691=POLY_LOOP('',(#1780,#1776,#2953));
#3692=FACE_OUTER_BOUND('',#3691,.T.);
#3693=FACETED_PRIMITIVE_FACE('',(#3692));
#3694=POLY_LOOP('',(#3034,#1787,#1780));
#3695=FACE_OUTER_BOUND('',#3694,.T.);
#3696=FACETED_PRIMITIVE_FACE('',(#3695));
#3697=POLY_LOOP('',(#3034,#1780,#2953));
#3698=FACE_OUTER_BOUND('',#3697,.T.);
#3699=FACETED_PRIMITIVE_FACE('',(#3698));
#3700=POLY_LOOP('',(#3038,#1797,#1787));
#3701=FACE_OUTER_BOUND('',#3700,.T.);
#3702=FACETED_PRIMITIVE_FACE('',(#3701));
#3703=POLY_LOOP('',(#3038,#1787,#3034));
#3704=FACE_OUTER_BOUND('',#3703,.T.);
#3705=FACETED_PRIMITIVE_FACE('',(#3704));
#3706=POLY_LOOP('',(#3131,#1801,#1797));
#3707=FACE_OUTER_BOUND('',#3706,.T.);
#3708=FACETED_PRIMITIVE_FACE('',(#3707));
#3709=POLY_LOOP('',(#3131,#1797,#3038));
#3710=FACE_OUTER_BOUND('',#3709,.T.);
#3711=FACETED_PRIMITIVE_FACE('',(#3710));
#3712=POLY_LOOP('',(#3135,#1801,#3131));
#3713=FACE_OUTER_BOUND('',#3712,.T.);
#3714=FACETED_PRIMITIVE_FACE('',(#3713));
#3715=POLY_LOOP('',(#3135,#1815,#1808));
#3716=FACE_OUTER_BOUND('',#3715,.T.);
#3717=FACETED_PRIMITIVE_FACE('',(#3716));
#3718=POLY_LOOP('',(#3135,#1808,#1801));
#3719=FACE_OUTER_BOUND('',#3718,.T.);
#3720=FACETED_PRIMITIVE_FACE('',(#3719));
#3721=POLY_LOOP('',(#3219,#1815,#3135));
#3722=FACE_OUTER_BOUND('',#3721,.T.);
#3723=FACETED_PRIMITIVE_FACE('',(#3722));
#3724=POLY_LOOP('',(#3219,#1822,#1815));
#3725=FACE_OUTER_BOUND('',#3724,.T.);
#3726=FACETED_PRIMITIVE_FACE('',(#3725));
#3727=POLY_LOOP('',(#3223,#1822,#3219));
#3728=FACE_OUTER_BOUND('',#3727,.T.);
#3729=FACETED_PRIMITIVE_FACE('',(#3728));
#3730=POLY_LOOP('',(#2577,#1683,#1885));
#3731=FACE_OUTER_BOUND('',#3730,.T.);
#3732=FACETED_PRIMITIVE_FACE('',(#3731));
#3733=POLY_LOOP('',(#2577,#1628,#1683));
#3734=FACE_OUTER_BOUND('',#3733,.T.);
#3735=FACETED_PRIMITIVE_FACE('',(#3734));
#3736=POLY_LOOP('',(#3330,#1829,#1822));
#3737=FACE_OUTER_BOUND('',#3736,.T.);
#3738=FACETED_PRIMITIVE_FACE('',(#3737));
#3739=POLY_LOOP('',(#3330,#1822,#3223));
#3740=FACE_OUTER_BOUND('',#3739,.T.);
#3741=FACETED_PRIMITIVE_FACE('',(#3740));
#3742=POLY_LOOP('',(#2578,#1885,#1881));
#3743=FACE_OUTER_BOUND('',#3742,.T.);
#3744=FACETED_PRIMITIVE_FACE('',(#3743));
#3745=POLY_LOOP('',(#2578,#2577,#1885));
#3746=FACE_OUTER_BOUND('',#3745,.T.);
#3747=FACETED_PRIMITIVE_FACE('',(#3746));
#3748=POLY_LOOP('',(#3334,#1829,#3330));
#3749=FACE_OUTER_BOUND('',#3748,.T.);
#3750=FACETED_PRIMITIVE_FACE('',(#3749));
#3751=POLY_LOOP('',(#3334,#1843,#1836));
#3752=FACE_OUTER_BOUND('',#3751,.T.);
#3753=FACETED_PRIMITIVE_FACE('',(#3752));
#3754=POLY_LOOP('',(#3334,#1836,#1829));
#3755=FACE_OUTER_BOUND('',#3754,.T.);
#3756=FACETED_PRIMITIVE_FACE('',(#3755));
#3757=POLY_LOOP('',(#3522,#2578,#1881));
#3758=FACE_OUTER_BOUND('',#3757,.T.);
#3759=FACETED_PRIMITIVE_FACE('',(#3758));
#3760=POLY_LOOP('',(#3522,#1881,#1871));
#3761=FACE_OUTER_BOUND('',#3760,.T.);
#3762=FACETED_PRIMITIVE_FACE('',(#3761));
#3763=POLY_LOOP('',(#3408,#1843,#3334));
#3764=FACE_OUTER_BOUND('',#3763,.T.);
#3765=FACETED_PRIMITIVE_FACE('',(#3764));
#3766=POLY_LOOP('',(#3479,#1871,#1867));
#3767=FACE_OUTER_BOUND('',#3766,.T.);
#3768=FACETED_PRIMITIVE_FACE('',(#3767));
#3769=POLY_LOOP('',(#3479,#1867,#1857));
#3770=FACE_OUTER_BOUND('',#3769,.T.);
#3771=FACETED_PRIMITIVE_FACE('',(#3770));
#3772=POLY_LOOP('',(#3479,#3522,#1871));
#3773=FACE_OUTER_BOUND('',#3772,.T.);
#3774=FACETED_PRIMITIVE_FACE('',(#3773));
#3775=POLY_LOOP('',(#3412,#1853,#1843));
#3776=FACE_OUTER_BOUND('',#3775,.T.);
#3777=FACETED_PRIMITIVE_FACE('',(#3776));
#3778=POLY_LOOP('',(#3412,#1843,#3408));
#3779=FACE_OUTER_BOUND('',#3778,.T.);
#3780=FACETED_PRIMITIVE_FACE('',(#3779));
#3781=POLY_LOOP('',(#3475,#1857,#1853));
#3782=FACE_OUTER_BOUND('',#3781,.T.);
#3783=FACETED_PRIMITIVE_FACE('',(#3782));
#3784=POLY_LOOP('',(#3475,#1853,#3412));
#3785=FACE_OUTER_BOUND('',#3784,.T.);
#3786=FACETED_PRIMITIVE_FACE('',(#3785));
#3787=POLY_LOOP('',(#3475,#3479,#1857));
#3788=FACE_OUTER_BOUND('',#3787,.T.);
#3789=FACETED_PRIMITIVE_FACE('',(#3788));
#3791=POLY_LOOP('',(#2552,#1898,#3790));
#3792=FACE_OUTER_BOUND('',#3791,.T.);
#3793=FACETED_PRIMITIVE_FACE('',(#3792));
#3795=POLY_LOOP('',(#2552,#3790,#3794));
#3796=FACE_OUTER_BOUND('',#3795,.T.);
#3797=FACETED_PRIMITIVE_FACE('',(#3796));
#3799=POLY_LOOP('',(#2552,#3794,#3798));
#3800=FACE_OUTER_BOUND('',#3799,.T.);
#3801=FACETED_PRIMITIVE_FACE('',(#3800));
#3804=POLY_LOOP('',(#2397,#3802,#3803));
#3805=FACE_OUTER_BOUND('',#3804,.T.);
#3806=FACETED_PRIMITIVE_FACE('',(#3805));
#3808=POLY_LOOP('',(#2397,#3803,#3807));
#3809=FACE_OUTER_BOUND('',#3808,.T.);
#3810=FACETED_PRIMITIVE_FACE('',(#3809));
#3811=POLY_LOOP('',(#2397,#3807,#1999));
#3812=FACE_OUTER_BOUND('',#3811,.T.);
#3813=FACETED_PRIMITIVE_FACE('',(#3812));
#3815=POLY_LOOP('',(#3814,#1628,#2577));
#3816=FACE_OUTER_BOUND('',#3815,.T.);
#3817=FACETED_PRIMITIVE_FACE('',(#3816));
#3819=POLY_LOOP('',(#3818,#3814,#2577));
#3820=FACE_OUTER_BOUND('',#3819,.T.);
#3821=FACETED_PRIMITIVE_FACE('',(#3820));
#3823=POLY_LOOP('',(#3822,#3818,#2577));
#3824=FACE_OUTER_BOUND('',#3823,.T.);
#3825=FACETED_PRIMITIVE_FACE('',(#3824));
#3827=POLY_LOOP('',(#3826,#3822,#2577));
#3828=FACE_OUTER_BOUND('',#3827,.T.);
#3829=FACETED_PRIMITIVE_FACE('',(#3828));
#3831=POLY_LOOP('',(#3830,#2577,#2578));
#3832=FACE_OUTER_BOUND('',#3831,.T.);
#3833=FACETED_PRIMITIVE_FACE('',(#3832));
#3834=POLY_LOOP('',(#3830,#3826,#2577));
#3835=FACE_OUTER_BOUND('',#3834,.T.);
#3836=FACETED_PRIMITIVE_FACE('',(#3835));
#3838=POLY_LOOP('',(#2474,#3837,#2488));
#3839=FACE_OUTER_BOUND('',#3838,.T.);
#3840=FACETED_PRIMITIVE_FACE('',(#3839));
#3842=POLY_LOOP('',(#3841,#3837,#2474));
#3843=FACE_OUTER_BOUND('',#3842,.T.);
#3844=FACETED_PRIMITIVE_FACE('',(#3843));
#3846=POLY_LOOP('',(#3845,#3841,#2474));
#3847=FACE_OUTER_BOUND('',#3846,.T.);
#3848=FACETED_PRIMITIVE_FACE('',(#3847));
#3850=POLY_LOOP('',(#3849,#3845,#2474));
#3851=FACE_OUTER_BOUND('',#3850,.T.);
#3852=FACETED_PRIMITIVE_FACE('',(#3851));
#3853=POLY_LOOP('',(#1736,#3849,#2474));
#3854=FACE_OUTER_BOUND('',#3853,.T.);
#3855=FACETED_PRIMITIVE_FACE('',(#3854));
#3857=POLY_LOOP('',(#3856,#2552,#3798));
#3858=FACE_OUTER_BOUND('',#3857,.T.);
#3859=FACETED_PRIMITIVE_FACE('',(#3858));
#3860=POLY_LOOP('',(#3856,#2852,#2552));
#3861=FACE_OUTER_BOUND('',#3860,.T.);
#3862=FACETED_PRIMITIVE_FACE('',(#3861));
#3863=POLY_LOOP('',(#3856,#2856,#2852));
#3864=FACE_OUTER_BOUND('',#3863,.T.);
#3865=FACETED_PRIMITIVE_FACE('',(#3864));
#3867=POLY_LOOP('',(#3856,#3798,#3866));
#3868=FACE_OUTER_BOUND('',#3867,.T.);
#3869=FACETED_PRIMITIVE_FACE('',(#3868));
#3871=POLY_LOOP('',(#3870,#3856,#3866));
#3872=FACE_OUTER_BOUND('',#3871,.T.);
#3873=FACETED_PRIMITIVE_FACE('',(#3872));
#3875=POLY_LOOP('',(#3870,#3866,#3874));
#3876=FACE_OUTER_BOUND('',#3875,.T.);
#3877=FACETED_PRIMITIVE_FACE('',(#3876));
#3879=POLY_LOOP('',(#3870,#3874,#3878));
#3880=FACE_OUTER_BOUND('',#3879,.T.);
#3881=FACETED_PRIMITIVE_FACE('',(#3880));
#3883=POLY_LOOP('',(#3882,#3870,#3878));
#3884=FACE_OUTER_BOUND('',#3883,.T.);
#3885=FACETED_PRIMITIVE_FACE('',(#3884));
#3887=POLY_LOOP('',(#3882,#3878,#3886));
#3888=FACE_OUTER_BOUND('',#3887,.T.);
#3889=FACETED_PRIMITIVE_FACE('',(#3888));
#3891=POLY_LOOP('',(#3882,#3886,#3890));
#3892=FACE_OUTER_BOUND('',#3891,.T.);
#3893=FACETED_PRIMITIVE_FACE('',(#3892));
#3895=POLY_LOOP('',(#3894,#2949,#2856));
#3896=FACE_OUTER_BOUND('',#3895,.T.);
#3897=FACETED_PRIMITIVE_FACE('',(#3896));
#3898=POLY_LOOP('',(#3894,#2953,#2949));
#3899=FACE_OUTER_BOUND('',#3898,.T.);
#3900=FACETED_PRIMITIVE_FACE('',(#3899));
#3901=POLY_LOOP('',(#3894,#2856,#3856));
#3902=FACE_OUTER_BOUND('',#3901,.T.);
#3903=FACETED_PRIMITIVE_FACE('',(#3902));
#3906=POLY_LOOP('',(#3904,#3890,#3905));
#3907=FACE_OUTER_BOUND('',#3906,.T.);
#3908=FACETED_PRIMITIVE_FACE('',(#3907));
#3910=POLY_LOOP('',(#3904,#3905,#3909));
#3911=FACE_OUTER_BOUND('',#3910,.T.);
#3912=FACETED_PRIMITIVE_FACE('',(#3911));
#3913=POLY_LOOP('',(#3904,#3882,#3890));
#3914=FACE_OUTER_BOUND('',#3913,.T.);
#3915=FACETED_PRIMITIVE_FACE('',(#3914));
#3917=POLY_LOOP('',(#3916,#3856,#3870));
#3918=FACE_OUTER_BOUND('',#3917,.T.);
#3919=FACETED_PRIMITIVE_FACE('',(#3918));
#3920=POLY_LOOP('',(#3916,#3894,#3856));
#3921=FACE_OUTER_BOUND('',#3920,.T.);
#3922=FACETED_PRIMITIVE_FACE('',(#3921));
#3924=POLY_LOOP('',(#3923,#3904,#3909));
#3925=FACE_OUTER_BOUND('',#3924,.T.);
#3926=FACETED_PRIMITIVE_FACE('',(#3925));
#3928=POLY_LOOP('',(#3923,#3909,#3927));
#3929=FACE_OUTER_BOUND('',#3928,.T.);
#3930=FACETED_PRIMITIVE_FACE('',(#3929));
#3932=POLY_LOOP('',(#3923,#3927,#3931));
#3933=FACE_OUTER_BOUND('',#3932,.T.);
#3934=FACETED_PRIMITIVE_FACE('',(#3933));
#3936=POLY_LOOP('',(#3935,#3916,#3870));
#3937=FACE_OUTER_BOUND('',#3936,.T.);
#3938=FACETED_PRIMITIVE_FACE('',(#3937));
#3939=POLY_LOOP('',(#3935,#3870,#3882));
#3940=FACE_OUTER_BOUND('',#3939,.T.);
#3941=FACETED_PRIMITIVE_FACE('',(#3940));
#3943=POLY_LOOP('',(#3942,#2953,#3894));
#3944=FACE_OUTER_BOUND('',#3943,.T.);
#3945=FACETED_PRIMITIVE_FACE('',(#3944));
#3946=POLY_LOOP('',(#3942,#3034,#2953));
#3947=FACE_OUTER_BOUND('',#3946,.T.);
#3948=FACETED_PRIMITIVE_FACE('',(#3947));
#3949=POLY_LOOP('',(#3942,#3038,#3034));
#3950=FACE_OUTER_BOUND('',#3949,.T.);
#3951=FACETED_PRIMITIVE_FACE('',(#3950));
#3954=POLY_LOOP('',(#3952,#3931,#3953));
#3955=FACE_OUTER_BOUND('',#3954,.T.);
#3956=FACETED_PRIMITIVE_FACE('',(#3955));
#3958=POLY_LOOP('',(#3952,#3953,#3957));
#3959=FACE_OUTER_BOUND('',#3958,.T.);
#3960=FACETED_PRIMITIVE_FACE('',(#3959));
#3961=POLY_LOOP('',(#3952,#3923,#3931));
#3962=FACE_OUTER_BOUND('',#3961,.T.);
#3963=FACETED_PRIMITIVE_FACE('',(#3962));
#3965=POLY_LOOP('',(#3964,#3935,#3882));
#3966=FACE_OUTER_BOUND('',#3965,.T.);
#3967=FACETED_PRIMITIVE_FACE('',(#3966));
#3968=POLY_LOOP('',(#3964,#3882,#3904));
#3969=FACE_OUTER_BOUND('',#3968,.T.);
#3970=FACETED_PRIMITIVE_FACE('',(#3969));
#3972=POLY_LOOP('',(#3971,#3942,#3894));
#3973=FACE_OUTER_BOUND('',#3972,.T.);
#3974=FACETED_PRIMITIVE_FACE('',(#3973));
#3975=POLY_LOOP('',(#3971,#3894,#3916));
#3976=FACE_OUTER_BOUND('',#3975,.T.);
#3977=FACETED_PRIMITIVE_FACE('',(#3976));
#3979=POLY_LOOP('',(#3978,#3952,#3957));
#3980=FACE_OUTER_BOUND('',#3979,.T.);
#3981=FACETED_PRIMITIVE_FACE('',(#3980));
#3983=POLY_LOOP('',(#3978,#3957,#3982));
#3984=FACE_OUTER_BOUND('',#3983,.T.);
#3985=FACETED_PRIMITIVE_FACE('',(#3984));
#3987=POLY_LOOP('',(#3978,#3982,#3986));
#3988=FACE_OUTER_BOUND('',#3987,.T.);
#3989=FACETED_PRIMITIVE_FACE('',(#3988));
#3991=POLY_LOOP('',(#3990,#3964,#3904));
#3992=FACE_OUTER_BOUND('',#3991,.T.);
#3993=FACETED_PRIMITIVE_FACE('',(#3992));
#3994=POLY_LOOP('',(#3990,#3904,#3923));
#3995=FACE_OUTER_BOUND('',#3994,.T.);
#3996=FACETED_PRIMITIVE_FACE('',(#3995));
#3998=POLY_LOOP('',(#3997,#3916,#3935));
#3999=FACE_OUTER_BOUND('',#3998,.T.);
#4000=FACETED_PRIMITIVE_FACE('',(#3999));
#4001=POLY_LOOP('',(#3997,#3971,#3916));
#4002=FACE_OUTER_BOUND('',#4001,.T.);
#4003=FACETED_PRIMITIVE_FACE('',(#4002));
#4005=POLY_LOOP('',(#4004,#3978,#3986));
#4006=FACE_OUTER_BOUND('',#4005,.T.);
#4007=FACETED_PRIMITIVE_FACE('',(#4006));
#4009=POLY_LOOP('',(#4004,#3986,#4008));
#4010=FACE_OUTER_BOUND('',#4009,.T.);
#4011=FACETED_PRIMITIVE_FACE('',(#4010));
#4013=POLY_LOOP('',(#4004,#4008,#4012));
#4014=FACE_OUTER_BOUND('',#4013,.T.);
#4015=FACETED_PRIMITIVE_FACE('',(#4014));
#4017=POLY_LOOP('',(#4016,#3131,#3038));
#4018=FACE_OUTER_BOUND('',#4017,.T.);
#4019=FACETED_PRIMITIVE_FACE('',(#4018));
#4020=POLY_LOOP('',(#4016,#3135,#3131));
#4021=FACE_OUTER_BOUND('',#4020,.T.);
#4022=FACETED_PRIMITIVE_FACE('',(#4021));
#4023=POLY_LOOP('',(#4016,#3038,#3942));
#4024=FACE_OUTER_BOUND('',#4023,.T.);
#4025=FACETED_PRIMITIVE_FACE('',(#4024));
#4027=POLY_LOOP('',(#4026,#3923,#3952));
#4028=FACE_OUTER_BOUND('',#4027,.T.);
#4029=FACETED_PRIMITIVE_FACE('',(#4028));
#4030=POLY_LOOP('',(#4026,#3990,#3923));
#4031=FACE_OUTER_BOUND('',#4030,.T.);
#4032=FACETED_PRIMITIVE_FACE('',(#4031));
#4034=POLY_LOOP('',(#4033,#3997,#3935));
#4035=FACE_OUTER_BOUND('',#4034,.T.);
#4036=FACETED_PRIMITIVE_FACE('',(#4035));
#4037=POLY_LOOP('',(#4033,#3935,#3964));
#4038=FACE_OUTER_BOUND('',#4037,.T.);
#4039=FACETED_PRIMITIVE_FACE('',(#4038));
#4040=POLY_LOOP('',(#4033,#3964,#3990));
#4041=FACE_OUTER_BOUND('',#4040,.T.);
#4042=FACETED_PRIMITIVE_FACE('',(#4041));
#4044=POLY_LOOP('',(#4043,#3971,#3997));
#4045=FACE_OUTER_BOUND('',#4044,.T.);
#4046=FACETED_PRIMITIVE_FACE('',(#4045));
#4047=POLY_LOOP('',(#4043,#3942,#3971));
#4048=FACE_OUTER_BOUND('',#4047,.T.);
#4049=FACETED_PRIMITIVE_FACE('',(#4048));
#4050=POLY_LOOP('',(#4043,#4016,#3942));
#4051=FACE_OUTER_BOUND('',#4050,.T.);
#4052=FACETED_PRIMITIVE_FACE('',(#4051));
#4054=POLY_LOOP('',(#4053,#4004,#4012));
#4055=FACE_OUTER_BOUND('',#4054,.T.);
#4056=FACETED_PRIMITIVE_FACE('',(#4055));
#4058=POLY_LOOP('',(#4053,#4012,#4057));
#4059=FACE_OUTER_BOUND('',#4058,.T.);
#4060=FACETED_PRIMITIVE_FACE('',(#4059));
#4062=POLY_LOOP('',(#4053,#4057,#4061));
#4063=FACE_OUTER_BOUND('',#4062,.T.);
#4064=FACETED_PRIMITIVE_FACE('',(#4063));
#4066=POLY_LOOP('',(#4065,#4026,#3952));
#4067=FACE_OUTER_BOUND('',#4066,.T.);
#4068=FACETED_PRIMITIVE_FACE('',(#4067));
#4069=POLY_LOOP('',(#4065,#3952,#3978));
#4070=FACE_OUTER_BOUND('',#4069,.T.);
#4071=FACETED_PRIMITIVE_FACE('',(#4070));
#4073=POLY_LOOP('',(#4072,#3990,#4026));
#4074=FACE_OUTER_BOUND('',#4073,.T.);
#4075=FACETED_PRIMITIVE_FACE('',(#4074));
#4076=POLY_LOOP('',(#4072,#4033,#3990));
#4077=FACE_OUTER_BOUND('',#4076,.T.);
#4078=FACETED_PRIMITIVE_FACE('',(#4077));
#4080=POLY_LOOP('',(#4079,#4043,#3997));
#4081=FACE_OUTER_BOUND('',#4080,.T.);
#4082=FACETED_PRIMITIVE_FACE('',(#4081));
#4084=POLY_LOOP('',(#4083,#4053,#4061));
#4085=FACE_OUTER_BOUND('',#4084,.T.);
#4086=FACETED_PRIMITIVE_FACE('',(#4085));
#4088=POLY_LOOP('',(#4083,#4061,#4087));
#4089=FACE_OUTER_BOUND('',#4088,.T.);
#4090=FACETED_PRIMITIVE_FACE('',(#4089));
#4092=POLY_LOOP('',(#4083,#4087,#4091));
#4093=FACE_OUTER_BOUND('',#4092,.T.);
#4094=FACETED_PRIMITIVE_FACE('',(#4093));
#4096=POLY_LOOP('',(#4095,#4004,#4053));
#4097=FACE_OUTER_BOUND('',#4096,.T.);
#4098=FACETED_PRIMITIVE_FACE('',(#4097));
#4099=POLY_LOOP('',(#4095,#3978,#4004));
#4100=FACE_OUTER_BOUND('',#4099,.T.);
#4101=FACETED_PRIMITIVE_FACE('',(#4100));
#4102=POLY_LOOP('',(#4095,#4065,#3978));
#4103=FACE_OUTER_BOUND('',#4102,.T.);
#4104=FACETED_PRIMITIVE_FACE('',(#4103));
#4106=POLY_LOOP('',(#4105,#4016,#4043));
#4107=FACE_OUTER_BOUND('',#4106,.T.);
#4108=FACETED_PRIMITIVE_FACE('',(#4107));
#4109=POLY_LOOP('',(#4105,#3219,#3135));
#4110=FACE_OUTER_BOUND('',#4109,.T.);
#4111=FACETED_PRIMITIVE_FACE('',(#4110));
#4112=POLY_LOOP('',(#4105,#3223,#3219));
#4113=FACE_OUTER_BOUND('',#4112,.T.);
#4114=FACETED_PRIMITIVE_FACE('',(#4113));
#4115=POLY_LOOP('',(#4105,#3135,#4016));
#4116=FACE_OUTER_BOUND('',#4115,.T.);
#4117=FACETED_PRIMITIVE_FACE('',(#4116));
#4119=POLY_LOOP('',(#4118,#4072,#4026));
#4120=FACE_OUTER_BOUND('',#4119,.T.);
#4121=FACETED_PRIMITIVE_FACE('',(#4120));
#4123=POLY_LOOP('',(#4122,#3997,#4033));
#4124=FACE_OUTER_BOUND('',#4123,.T.);
#4125=FACETED_PRIMITIVE_FACE('',(#4124));
#4126=POLY_LOOP('',(#4122,#4079,#3997));
#4127=FACE_OUTER_BOUND('',#4126,.T.);
#4128=FACETED_PRIMITIVE_FACE('',(#4127));
#4130=POLY_LOOP('',(#4129,#4083,#4091));
#4131=FACE_OUTER_BOUND('',#4130,.T.);
#4132=FACETED_PRIMITIVE_FACE('',(#4131));
#4133=POLY_LOOP('',(#4129,#3802,#2397));
#4134=FACE_OUTER_BOUND('',#4133,.T.);
#4135=FACETED_PRIMITIVE_FACE('',(#4134));
#4136=POLY_LOOP('',(#4129,#2397,#2401));
#4137=FACE_OUTER_BOUND('',#4136,.T.);
#4138=FACETED_PRIMITIVE_FACE('',(#4137));
#4139=POLY_LOOP('',(#4129,#2401,#2408));
#4140=FACE_OUTER_BOUND('',#4139,.T.);
#4141=FACETED_PRIMITIVE_FACE('',(#4140));
#4143=POLY_LOOP('',(#4129,#4091,#4142));
#4144=FACE_OUTER_BOUND('',#4143,.T.);
#4145=FACETED_PRIMITIVE_FACE('',(#4144));
#4146=POLY_LOOP('',(#4129,#4142,#3802));
#4147=FACE_OUTER_BOUND('',#4146,.T.);
#4148=FACETED_PRIMITIVE_FACE('',(#4147));
#4150=POLY_LOOP('',(#4149,#4105,#4043));
#4151=FACE_OUTER_BOUND('',#4150,.T.);
#4152=FACETED_PRIMITIVE_FACE('',(#4151));
#4154=POLY_LOOP('',(#4153,#4095,#4053));
#4155=FACE_OUTER_BOUND('',#4154,.T.);
#4156=FACETED_PRIMITIVE_FACE('',(#4155));
#4158=POLY_LOOP('',(#4157,#4026,#4065));
#4159=FACE_OUTER_BOUND('',#4158,.T.);
#4160=FACETED_PRIMITIVE_FACE('',(#4159));
#4161=POLY_LOOP('',(#4157,#4118,#4026));
#4162=FACE_OUTER_BOUND('',#4161,.T.);
#4163=FACETED_PRIMITIVE_FACE('',(#4162));
#4165=POLY_LOOP('',(#4164,#4122,#4033));
#4166=FACE_OUTER_BOUND('',#4165,.T.);
#4167=FACETED_PRIMITIVE_FACE('',(#4166));
#4168=POLY_LOOP('',(#4164,#4033,#4072));
#4169=FACE_OUTER_BOUND('',#4168,.T.);
#4170=FACETED_PRIMITIVE_FACE('',(#4169));
#4172=POLY_LOOP('',(#4171,#4079,#4122));
#4173=FACE_OUTER_BOUND('',#4172,.T.);
#4174=FACETED_PRIMITIVE_FACE('',(#4173));
#4175=POLY_LOOP('',(#4171,#4043,#4079));
#4176=FACE_OUTER_BOUND('',#4175,.T.);
#4177=FACETED_PRIMITIVE_FACE('',(#4176));
#4178=POLY_LOOP('',(#4171,#4149,#4043));
#4179=FACE_OUTER_BOUND('',#4178,.T.);
#4180=FACETED_PRIMITIVE_FACE('',(#4179));
#4182=POLY_LOOP('',(#4181,#4053,#4083));
#4183=FACE_OUTER_BOUND('',#4182,.T.);
#4184=FACETED_PRIMITIVE_FACE('',(#4183));
#4185=POLY_LOOP('',(#4181,#4153,#4053));
#4186=FACE_OUTER_BOUND('',#4185,.T.);
#4187=FACETED_PRIMITIVE_FACE('',(#4186));
#4188=POLY_LOOP('',(#4181,#4083,#4129));
#4189=FACE_OUTER_BOUND('',#4188,.T.);
#4190=FACETED_PRIMITIVE_FACE('',(#4189));
#4192=POLY_LOOP('',(#4191,#4065,#4095));
#4193=FACE_OUTER_BOUND('',#4192,.T.);
#4194=FACETED_PRIMITIVE_FACE('',(#4193));
#4195=POLY_LOOP('',(#4191,#4157,#4065));
#4196=FACE_OUTER_BOUND('',#4195,.T.);
#4197=FACETED_PRIMITIVE_FACE('',(#4196));
#4199=POLY_LOOP('',(#4198,#3330,#3223));
#4200=FACE_OUTER_BOUND('',#4199,.T.);
#4201=FACETED_PRIMITIVE_FACE('',(#4200));
#4202=POLY_LOOP('',(#4198,#3334,#3330));
#4203=FACE_OUTER_BOUND('',#4202,.T.);
#4204=FACETED_PRIMITIVE_FACE('',(#4203));
#4205=POLY_LOOP('',(#4198,#3223,#4105));
#4206=FACE_OUTER_BOUND('',#4205,.T.);
#4207=FACETED_PRIMITIVE_FACE('',(#4206));
#4209=POLY_LOOP('',(#4208,#4164,#4072));
#4210=FACE_OUTER_BOUND('',#4209,.T.);
#4211=FACETED_PRIMITIVE_FACE('',(#4210));
#4212=POLY_LOOP('',(#4208,#4072,#4118));
#4213=FACE_OUTER_BOUND('',#4212,.T.);
#4214=FACETED_PRIMITIVE_FACE('',(#4213));
#4216=POLY_LOOP('',(#4215,#4122,#4164));
#4217=FACE_OUTER_BOUND('',#4216,.T.);
#4218=FACETED_PRIMITIVE_FACE('',(#4217));
#4219=POLY_LOOP('',(#4215,#4171,#4122));
#4220=FACE_OUTER_BOUND('',#4219,.T.);
#4221=FACETED_PRIMITIVE_FACE('',(#4220));
#4223=POLY_LOOP('',(#4222,#4181,#4129));
#4224=FACE_OUTER_BOUND('',#4223,.T.);
#4225=FACETED_PRIMITIVE_FACE('',(#4224));
#4226=POLY_LOOP('',(#4222,#4129,#2408));
#4227=FACE_OUTER_BOUND('',#4226,.T.);
#4228=FACETED_PRIMITIVE_FACE('',(#4227));
#4229=POLY_LOOP('',(#4222,#2408,#2415));
#4230=FACE_OUTER_BOUND('',#4229,.T.);
#4231=FACETED_PRIMITIVE_FACE('',(#4230));
#4232=POLY_LOOP('',(#4222,#2415,#2425));
#4233=FACE_OUTER_BOUND('',#4232,.T.);
#4234=FACETED_PRIMITIVE_FACE('',(#4233));
#4236=POLY_LOOP('',(#4235,#4149,#4171));
#4237=FACE_OUTER_BOUND('',#4236,.T.);
#4238=FACETED_PRIMITIVE_FACE('',(#4237));
#4239=POLY_LOOP('',(#4235,#4105,#4149));
#4240=FACE_OUTER_BOUND('',#4239,.T.);
#4241=FACETED_PRIMITIVE_FACE('',(#4240));
#4242=POLY_LOOP('',(#4235,#4198,#4105));
#4243=FACE_OUTER_BOUND('',#4242,.T.);
#4244=FACETED_PRIMITIVE_FACE('',(#4243));
#4246=POLY_LOOP('',(#4245,#4191,#4095));
#4247=FACE_OUTER_BOUND('',#4246,.T.);
#4248=FACETED_PRIMITIVE_FACE('',(#4247));
#4249=POLY_LOOP('',(#4245,#4095,#4153));
#4250=FACE_OUTER_BOUND('',#4249,.T.);
#4251=FACETED_PRIMITIVE_FACE('',(#4250));
#4253=POLY_LOOP('',(#4252,#4118,#4157));
#4254=FACE_OUTER_BOUND('',#4253,.T.);
#4255=FACETED_PRIMITIVE_FACE('',(#4254));
#4256=POLY_LOOP('',(#4252,#4208,#4118));
#4257=FACE_OUTER_BOUND('',#4256,.T.);
#4258=FACETED_PRIMITIVE_FACE('',(#4257));
#4260=POLY_LOOP('',(#4259,#4215,#4164));
#4261=FACE_OUTER_BOUND('',#4260,.T.);
#4262=FACETED_PRIMITIVE_FACE('',(#4261));
#4264=POLY_LOOP('',(#4263,#4235,#4171));
#4265=FACE_OUTER_BOUND('',#4264,.T.);
#4266=FACETED_PRIMITIVE_FACE('',(#4265));
#4268=POLY_LOOP('',(#4267,#4245,#4153));
#4269=FACE_OUTER_BOUND('',#4268,.T.);
#4270=FACETED_PRIMITIVE_FACE('',(#4269));
#4271=POLY_LOOP('',(#4267,#4153,#4181));
#4272=FACE_OUTER_BOUND('',#4271,.T.);
#4273=FACETED_PRIMITIVE_FACE('',(#4272));
#4275=POLY_LOOP('',(#4274,#4252,#4157));
#4276=FACE_OUTER_BOUND('',#4275,.T.);
#4277=FACETED_PRIMITIVE_FACE('',(#4276));
#4278=POLY_LOOP('',(#4274,#4157,#4191));
#4279=FACE_OUTER_BOUND('',#4278,.T.);
#4280=FACETED_PRIMITIVE_FACE('',(#4279));
#4282=POLY_LOOP('',(#4281,#3408,#3334));
#4283=FACE_OUTER_BOUND('',#4282,.T.);
#4284=FACETED_PRIMITIVE_FACE('',(#4283));
#4285=POLY_LOOP('',(#4281,#3412,#3408));
#4286=FACE_OUTER_BOUND('',#4285,.T.);
#4287=FACETED_PRIMITIVE_FACE('',(#4286));
#4288=POLY_LOOP('',(#4281,#3334,#4198));
#4289=FACE_OUTER_BOUND('',#4288,.T.);
#4290=FACETED_PRIMITIVE_FACE('',(#4289));
#4292=POLY_LOOP('',(#4291,#4259,#4164));
#4293=FACE_OUTER_BOUND('',#4292,.T.);
#4294=FACETED_PRIMITIVE_FACE('',(#4293));
#4295=POLY_LOOP('',(#4291,#4164,#4208));
#4296=FACE_OUTER_BOUND('',#4295,.T.);
#4297=FACETED_PRIMITIVE_FACE('',(#4296));
#4299=POLY_LOOP('',(#4298,#4263,#4171));
#4300=FACE_OUTER_BOUND('',#4299,.T.);
#4301=FACETED_PRIMITIVE_FACE('',(#4300));
#4302=POLY_LOOP('',(#4298,#4171,#4215));
#4303=FACE_OUTER_BOUND('',#4302,.T.);
#4304=FACETED_PRIMITIVE_FACE('',(#4303));
#4306=POLY_LOOP('',(#4305,#4222,#2425));
#4307=FACE_OUTER_BOUND('',#4306,.T.);
#4308=FACETED_PRIMITIVE_FACE('',(#4307));
#4309=POLY_LOOP('',(#4305,#4267,#4181));
#4310=FACE_OUTER_BOUND('',#4309,.T.);
#4311=FACETED_PRIMITIVE_FACE('',(#4310));
#4312=POLY_LOOP('',(#4305,#2425,#2432));
#4313=FACE_OUTER_BOUND('',#4312,.T.);
#4314=FACETED_PRIMITIVE_FACE('',(#4313));
#4315=POLY_LOOP('',(#4305,#2432,#2439));
#4316=FACE_OUTER_BOUND('',#4315,.T.);
#4317=FACETED_PRIMITIVE_FACE('',(#4316));
#4318=POLY_LOOP('',(#4305,#4181,#4222));
#4319=FACE_OUTER_BOUND('',#4318,.T.);
#4320=FACETED_PRIMITIVE_FACE('',(#4319));
#4322=POLY_LOOP('',(#4321,#4281,#4198));
#4323=FACE_OUTER_BOUND('',#4322,.T.);
#4324=FACETED_PRIMITIVE_FACE('',(#4323));
#4325=POLY_LOOP('',(#4321,#4198,#4235));
#4326=FACE_OUTER_BOUND('',#4325,.T.);
#4327=FACETED_PRIMITIVE_FACE('',(#4326));
#4328=POLY_LOOP('',(#4321,#4235,#4263));
#4329=FACE_OUTER_BOUND('',#4328,.T.);
#4330=FACETED_PRIMITIVE_FACE('',(#4329));
#4332=POLY_LOOP('',(#4331,#4274,#4191));
#4333=FACE_OUTER_BOUND('',#4332,.T.);
#4334=FACETED_PRIMITIVE_FACE('',(#4333));
#4335=POLY_LOOP('',(#4331,#4191,#4245));
#4336=FACE_OUTER_BOUND('',#4335,.T.);
#4337=FACETED_PRIMITIVE_FACE('',(#4336));
#4339=POLY_LOOP('',(#4338,#4208,#4252));
#4340=FACE_OUTER_BOUND('',#4339,.T.);
#4341=FACETED_PRIMITIVE_FACE('',(#4340));
#4342=POLY_LOOP('',(#4338,#4291,#4208));
#4343=FACE_OUTER_BOUND('',#4342,.T.);
#4344=FACETED_PRIMITIVE_FACE('',(#4343));
#4345=POLY_LOOP('',(#4338,#4252,#4274));
#4346=FACE_OUTER_BOUND('',#4345,.T.);
#4347=FACETED_PRIMITIVE_FACE('',(#4346));
#4349=POLY_LOOP('',(#4348,#4259,#4291));
#4350=FACE_OUTER_BOUND('',#4349,.T.);
#4351=FACETED_PRIMITIVE_FACE('',(#4350));
#4352=POLY_LOOP('',(#4348,#4298,#4215));
#4353=FACE_OUTER_BOUND('',#4352,.T.);
#4354=FACETED_PRIMITIVE_FACE('',(#4353));
#4355=POLY_LOOP('',(#4348,#4215,#4259));
#4356=FACE_OUTER_BOUND('',#4355,.T.);
#4357=FACETED_PRIMITIVE_FACE('',(#4356));
#4359=POLY_LOOP('',(#4358,#4321,#4263));
#4360=FACE_OUTER_BOUND('',#4359,.T.);
#4361=FACETED_PRIMITIVE_FACE('',(#4360));
#4363=POLY_LOOP('',(#4362,#4331,#4245));
#4364=FACE_OUTER_BOUND('',#4363,.T.);
#4365=FACETED_PRIMITIVE_FACE('',(#4364));
#4366=POLY_LOOP('',(#4362,#4267,#4305));
#4367=FACE_OUTER_BOUND('',#4366,.T.);
#4368=FACETED_PRIMITIVE_FACE('',(#4367));
#4369=POLY_LOOP('',(#4362,#4245,#4267));
#4370=FACE_OUTER_BOUND('',#4369,.T.);
#4371=FACETED_PRIMITIVE_FACE('',(#4370));
#4373=POLY_LOOP('',(#4372,#4274,#4331));
#4374=FACE_OUTER_BOUND('',#4373,.T.);
#4375=FACETED_PRIMITIVE_FACE('',(#4374));
#4376=POLY_LOOP('',(#4372,#4338,#4274));
#4377=FACE_OUTER_BOUND('',#4376,.T.);
#4378=FACETED_PRIMITIVE_FACE('',(#4377));
#4380=POLY_LOOP('',(#4379,#3412,#4281));
#4381=FACE_OUTER_BOUND('',#4380,.T.);
#4382=FACETED_PRIMITIVE_FACE('',(#4381));
#4383=POLY_LOOP('',(#4379,#3475,#3412));
#4384=FACE_OUTER_BOUND('',#4383,.T.);
#4385=FACETED_PRIMITIVE_FACE('',(#4384));
#4386=POLY_LOOP('',(#4379,#3479,#3475));
#4387=FACE_OUTER_BOUND('',#4386,.T.);
#4388=FACETED_PRIMITIVE_FACE('',(#4387));
#4389=POLY_LOOP('',(#4379,#4281,#4321));
#4390=FACE_OUTER_BOUND('',#4389,.T.);
#4391=FACETED_PRIMITIVE_FACE('',(#4390));
#4393=POLY_LOOP('',(#4392,#4348,#4291));
#4394=FACE_OUTER_BOUND('',#4393,.T.);
#4395=FACETED_PRIMITIVE_FACE('',(#4394));
#4397=POLY_LOOP('',(#4396,#4298,#4348));
#4398=FACE_OUTER_BOUND('',#4397,.T.);
#4399=FACETED_PRIMITIVE_FACE('',(#4398));
#4400=POLY_LOOP('',(#4396,#4358,#4263));
#4401=FACE_OUTER_BOUND('',#4400,.T.);
#4402=FACETED_PRIMITIVE_FACE('',(#4401));
#4403=POLY_LOOP('',(#4396,#4263,#4298));
#4404=FACE_OUTER_BOUND('',#4403,.T.);
#4405=FACETED_PRIMITIVE_FACE('',(#4404));
#4407=POLY_LOOP('',(#4406,#4362,#4305));
#4408=FACE_OUTER_BOUND('',#4407,.T.);
#4409=FACETED_PRIMITIVE_FACE('',(#4408));
#4410=POLY_LOOP('',(#4406,#4305,#2439));
#4411=FACE_OUTER_BOUND('',#4410,.T.);
#4412=FACETED_PRIMITIVE_FACE('',(#4411));
#4413=POLY_LOOP('',(#4406,#2439,#2446));
#4414=FACE_OUTER_BOUND('',#4413,.T.);
#4415=FACETED_PRIMITIVE_FACE('',(#4414));
#4416=POLY_LOOP('',(#4406,#2446,#2453));
#4417=FACE_OUTER_BOUND('',#4416,.T.);
#4418=FACETED_PRIMITIVE_FACE('',(#4417));
#4420=POLY_LOOP('',(#4419,#4379,#4321));
#4421=FACE_OUTER_BOUND('',#4420,.T.);
#4422=FACETED_PRIMITIVE_FACE('',(#4421));
#4424=POLY_LOOP('',(#4423,#4372,#4331));
#4425=FACE_OUTER_BOUND('',#4424,.T.);
#4426=FACETED_PRIMITIVE_FACE('',(#4425));
#4428=POLY_LOOP('',(#4427,#4291,#4338));
#4429=FACE_OUTER_BOUND('',#4428,.T.);
#4430=FACETED_PRIMITIVE_FACE('',(#4429));
#4431=POLY_LOOP('',(#4427,#4392,#4291));
#4432=FACE_OUTER_BOUND('',#4431,.T.);
#4433=FACETED_PRIMITIVE_FACE('',(#4432));
#4435=POLY_LOOP('',(#4434,#4396,#4348));
#4436=FACE_OUTER_BOUND('',#4435,.T.);
#4437=FACETED_PRIMITIVE_FACE('',(#4436));
#4439=POLY_LOOP('',(#4438,#4321,#4358));
#4440=FACE_OUTER_BOUND('',#4439,.T.);
#4441=FACETED_PRIMITIVE_FACE('',(#4440));
#4442=POLY_LOOP('',(#4438,#4419,#4321));
#4443=FACE_OUTER_BOUND('',#4442,.T.);
#4444=FACETED_PRIMITIVE_FACE('',(#4443));
#4446=POLY_LOOP('',(#4445,#4331,#4362));
#4447=FACE_OUTER_BOUND('',#4446,.T.);
#4448=FACETED_PRIMITIVE_FACE('',(#4447));
#4449=POLY_LOOP('',(#4445,#4362,#4406));
#4450=FACE_OUTER_BOUND('',#4449,.T.);
#4451=FACETED_PRIMITIVE_FACE('',(#4450));
#4452=POLY_LOOP('',(#4445,#4423,#4331));
#4453=FACE_OUTER_BOUND('',#4452,.T.);
#4454=FACETED_PRIMITIVE_FACE('',(#4453));
#4456=POLY_LOOP('',(#4455,#4338,#4372));
#4457=FACE_OUTER_BOUND('',#4456,.T.);
#4458=FACETED_PRIMITIVE_FACE('',(#4457));
#4459=POLY_LOOP('',(#4455,#4427,#4338));
#4460=FACE_OUTER_BOUND('',#4459,.T.);
#4461=FACETED_PRIMITIVE_FACE('',(#4460));
#4463=POLY_LOOP('',(#4462,#3479,#4379));
#4464=FACE_OUTER_BOUND('',#4463,.T.);
#4465=FACETED_PRIMITIVE_FACE('',(#4464));
#4466=POLY_LOOP('',(#4462,#3522,#3479));
#4467=FACE_OUTER_BOUND('',#4466,.T.);
#4468=FACETED_PRIMITIVE_FACE('',(#4467));
#4469=POLY_LOOP('',(#4462,#2578,#3522));
#4470=FACE_OUTER_BOUND('',#4469,.T.);
#4471=FACETED_PRIMITIVE_FACE('',(#4470));
#4472=POLY_LOOP('',(#4462,#4379,#4419));
#4473=FACE_OUTER_BOUND('',#4472,.T.);
#4474=FACETED_PRIMITIVE_FACE('',(#4473));
#4476=POLY_LOOP('',(#4475,#4348,#4392));
#4477=FACE_OUTER_BOUND('',#4476,.T.);
#4478=FACETED_PRIMITIVE_FACE('',(#4477));
#4479=POLY_LOOP('',(#4475,#4434,#4348));
#4480=FACE_OUTER_BOUND('',#4479,.T.);
#4481=FACETED_PRIMITIVE_FACE('',(#4480));
#4483=POLY_LOOP('',(#4482,#4358,#4396));
#4484=FACE_OUTER_BOUND('',#4483,.T.);
#4485=FACETED_PRIMITIVE_FACE('',(#4484));
#4486=POLY_LOOP('',(#4482,#4438,#4358));
#4487=FACE_OUTER_BOUND('',#4486,.T.);
#4488=FACETED_PRIMITIVE_FACE('',(#4487));
#4490=POLY_LOOP('',(#4489,#2453,#2463));
#4491=FACE_OUTER_BOUND('',#4490,.T.);
#4492=FACETED_PRIMITIVE_FACE('',(#4491));
#4493=POLY_LOOP('',(#4489,#2463,#2470));
#4494=FACE_OUTER_BOUND('',#4493,.T.);
#4495=FACETED_PRIMITIVE_FACE('',(#4494));
#4496=POLY_LOOP('',(#4489,#4406,#2453));
#4497=FACE_OUTER_BOUND('',#4496,.T.);
#4498=FACETED_PRIMITIVE_FACE('',(#4497));
#4499=POLY_LOOP('',(#4489,#4445,#4406));
#4500=FACE_OUTER_BOUND('',#4499,.T.);
#4501=FACETED_PRIMITIVE_FACE('',(#4500));
#4503=POLY_LOOP('',(#4502,#3830,#2578));
#4504=FACE_OUTER_BOUND('',#4503,.T.);
#4505=FACETED_PRIMITIVE_FACE('',(#4504));
#4507=POLY_LOOP('',(#4502,#4506,#3830));
#4508=FACE_OUTER_BOUND('',#4507,.T.);
#4509=FACETED_PRIMITIVE_FACE('',(#4508));
#4510=POLY_LOOP('',(#4502,#2578,#4462));
#4511=FACE_OUTER_BOUND('',#4510,.T.);
#4512=FACETED_PRIMITIVE_FACE('',(#4511));
#4513=POLY_LOOP('',(#4502,#4462,#4419));
#4514=FACE_OUTER_BOUND('',#4513,.T.);
#4515=FACETED_PRIMITIVE_FACE('',(#4514));
#4517=POLY_LOOP('',(#4516,#4455,#4372));
#4518=FACE_OUTER_BOUND('',#4517,.T.);
#4519=FACETED_PRIMITIVE_FACE('',(#4518));
#4520=POLY_LOOP('',(#4516,#4372,#4423));
#4521=FACE_OUTER_BOUND('',#4520,.T.);
#4522=FACETED_PRIMITIVE_FACE('',(#4521));
#4524=POLY_LOOP('',(#4523,#4475,#4392));
#4525=FACE_OUTER_BOUND('',#4524,.T.);
#4526=FACETED_PRIMITIVE_FACE('',(#4525));
#4527=POLY_LOOP('',(#4523,#4392,#4427));
#4528=FACE_OUTER_BOUND('',#4527,.T.);
#4529=FACETED_PRIMITIVE_FACE('',(#4528));
#4530=POLY_LOOP('',(#4523,#4427,#4455));
#4531=FACE_OUTER_BOUND('',#4530,.T.);
#4532=FACETED_PRIMITIVE_FACE('',(#4531));
#4534=POLY_LOOP('',(#4533,#4396,#4434));
#4535=FACE_OUTER_BOUND('',#4534,.T.);
#4536=FACETED_PRIMITIVE_FACE('',(#4535));
#4537=POLY_LOOP('',(#4533,#4482,#4396));
#4538=FACE_OUTER_BOUND('',#4537,.T.);
#4539=FACETED_PRIMITIVE_FACE('',(#4538));
#4541=POLY_LOOP('',(#4540,#4502,#4419));
#4542=FACE_OUTER_BOUND('',#4541,.T.);
#4543=FACETED_PRIMITIVE_FACE('',(#4542));
#4545=POLY_LOOP('',(#4540,#4544,#4506));
#4546=FACE_OUTER_BOUND('',#4545,.T.);
#4547=FACETED_PRIMITIVE_FACE('',(#4546));
#4549=POLY_LOOP('',(#4540,#4548,#4544));
#4550=FACE_OUTER_BOUND('',#4549,.T.);
#4551=FACETED_PRIMITIVE_FACE('',(#4550));
#4552=POLY_LOOP('',(#4540,#4419,#4438));
#4553=FACE_OUTER_BOUND('',#4552,.T.);
#4554=FACETED_PRIMITIVE_FACE('',(#4553));
#4555=POLY_LOOP('',(#4540,#4506,#4502));
#4556=FACE_OUTER_BOUND('',#4555,.T.);
#4557=FACETED_PRIMITIVE_FACE('',(#4556));
#4559=POLY_LOOP('',(#4558,#4516,#4423));
#4560=FACE_OUTER_BOUND('',#4559,.T.);
#4561=FACETED_PRIMITIVE_FACE('',(#4560));
#4562=POLY_LOOP('',(#4558,#4423,#4445));
#4563=FACE_OUTER_BOUND('',#4562,.T.);
#4564=FACETED_PRIMITIVE_FACE('',(#4563));
#4566=POLY_LOOP('',(#4565,#4523,#4455));
#4567=FACE_OUTER_BOUND('',#4566,.T.);
#4568=FACETED_PRIMITIVE_FACE('',(#4567));
#4569=POLY_LOOP('',(#4565,#4455,#4516));
#4570=FACE_OUTER_BOUND('',#4569,.T.);
#4571=FACETED_PRIMITIVE_FACE('',(#4570));
#4573=POLY_LOOP('',(#4572,#4533,#4434));
#4574=FACE_OUTER_BOUND('',#4573,.T.);
#4575=FACETED_PRIMITIVE_FACE('',(#4574));
#4576=POLY_LOOP('',(#4572,#4434,#4475));
#4577=FACE_OUTER_BOUND('',#4576,.T.);
#4578=FACETED_PRIMITIVE_FACE('',(#4577));
#4580=POLY_LOOP('',(#4579,#4540,#4438));
#4581=FACE_OUTER_BOUND('',#4580,.T.);
#4582=FACETED_PRIMITIVE_FACE('',(#4581));
#4583=POLY_LOOP('',(#4579,#4438,#4482));
#4584=FACE_OUTER_BOUND('',#4583,.T.);
#4585=FACETED_PRIMITIVE_FACE('',(#4584));
#4586=POLY_LOOP('',(#4579,#4548,#4540));
#4587=FACE_OUTER_BOUND('',#4586,.T.);
#4588=FACETED_PRIMITIVE_FACE('',(#4587));
#4590=POLY_LOOP('',(#4579,#4589,#4548));
#4591=FACE_OUTER_BOUND('',#4590,.T.);
#4592=FACETED_PRIMITIVE_FACE('',(#4591));
#4594=POLY_LOOP('',(#4579,#4593,#4589));
#4595=FACE_OUTER_BOUND('',#4594,.T.);
#4596=FACETED_PRIMITIVE_FACE('',(#4595));
#4598=POLY_LOOP('',(#4597,#4489,#2470));
#4599=FACE_OUTER_BOUND('',#4598,.T.);
#4600=FACETED_PRIMITIVE_FACE('',(#4599));
#4601=POLY_LOOP('',(#4597,#4558,#4445));
#4602=FACE_OUTER_BOUND('',#4601,.T.);
#4603=FACETED_PRIMITIVE_FACE('',(#4602));
#4604=POLY_LOOP('',(#4597,#2470,#2481));
#4605=FACE_OUTER_BOUND('',#4604,.T.);
#4606=FACETED_PRIMITIVE_FACE('',(#4605));
#4607=POLY_LOOP('',(#4597,#2481,#2495));
#4608=FACE_OUTER_BOUND('',#4607,.T.);
#4609=FACETED_PRIMITIVE_FACE('',(#4608));
#4610=POLY_LOOP('',(#4597,#4445,#4489));
#4611=FACE_OUTER_BOUND('',#4610,.T.);
#4612=FACETED_PRIMITIVE_FACE('',(#4611));
#4614=POLY_LOOP('',(#4613,#4565,#4516));
#4615=FACE_OUTER_BOUND('',#4614,.T.);
#4616=FACETED_PRIMITIVE_FACE('',(#4615));
#4618=POLY_LOOP('',(#4617,#4475,#4523));
#4619=FACE_OUTER_BOUND('',#4618,.T.);
#4620=FACETED_PRIMITIVE_FACE('',(#4619));
#4621=POLY_LOOP('',(#4617,#4572,#4475));
#4622=FACE_OUTER_BOUND('',#4621,.T.);
#4623=FACETED_PRIMITIVE_FACE('',(#4622));
#4625=POLY_LOOP('',(#4624,#4482,#4533));
#4626=FACE_OUTER_BOUND('',#4625,.T.);
#4627=FACETED_PRIMITIVE_FACE('',(#4626));
#4628=POLY_LOOP('',(#4624,#4593,#4579));
#4629=FACE_OUTER_BOUND('',#4628,.T.);
#4630=FACETED_PRIMITIVE_FACE('',(#4629));
#4631=POLY_LOOP('',(#4624,#4579,#4482));
#4632=FACE_OUTER_BOUND('',#4631,.T.);
#4633=FACETED_PRIMITIVE_FACE('',(#4632));
#4635=POLY_LOOP('',(#4624,#4634,#4593));
#4636=FACE_OUTER_BOUND('',#4635,.T.);
#4637=FACETED_PRIMITIVE_FACE('',(#4636));
#4639=POLY_LOOP('',(#4624,#4638,#4634));
#4640=FACE_OUTER_BOUND('',#4639,.T.);
#4641=FACETED_PRIMITIVE_FACE('',(#4640));
#4643=POLY_LOOP('',(#4642,#4613,#4516));
#4644=FACE_OUTER_BOUND('',#4643,.T.);
#4645=FACETED_PRIMITIVE_FACE('',(#4644));
#4646=POLY_LOOP('',(#4642,#4516,#4558));
#4647=FACE_OUTER_BOUND('',#4646,.T.);
#4648=FACETED_PRIMITIVE_FACE('',(#4647));
#4649=POLY_LOOP('',(#4642,#4558,#4597));
#4650=FACE_OUTER_BOUND('',#4649,.T.);
#4651=FACETED_PRIMITIVE_FACE('',(#4650));
#4653=POLY_LOOP('',(#4652,#4617,#4523));
#4654=FACE_OUTER_BOUND('',#4653,.T.);
#4655=FACETED_PRIMITIVE_FACE('',(#4654));
#4656=POLY_LOOP('',(#4652,#4523,#4565));
#4657=FACE_OUTER_BOUND('',#4656,.T.);
#4658=FACETED_PRIMITIVE_FACE('',(#4657));
#4661=POLY_LOOP('',(#4659,#4660,#4638));
#4662=FACE_OUTER_BOUND('',#4661,.T.);
#4663=FACETED_PRIMITIVE_FACE('',(#4662));
#4665=POLY_LOOP('',(#4659,#4664,#4660));
#4666=FACE_OUTER_BOUND('',#4665,.T.);
#4667=FACETED_PRIMITIVE_FACE('',(#4666));
#4668=POLY_LOOP('',(#4659,#4624,#4533));
#4669=FACE_OUTER_BOUND('',#4668,.T.);
#4670=FACETED_PRIMITIVE_FACE('',(#4669));
#4671=POLY_LOOP('',(#4659,#4533,#4572));
#4672=FACE_OUTER_BOUND('',#4671,.T.);
#4673=FACETED_PRIMITIVE_FACE('',(#4672));
#4674=POLY_LOOP('',(#4659,#4638,#4624));
#4675=FACE_OUTER_BOUND('',#4674,.T.);
#4676=FACETED_PRIMITIVE_FACE('',(#4675));
#4678=POLY_LOOP('',(#4677,#4597,#2495));
#4679=FACE_OUTER_BOUND('',#4678,.T.);
#4680=FACETED_PRIMITIVE_FACE('',(#4679));
#4681=POLY_LOOP('',(#4677,#4642,#4597));
#4682=FACE_OUTER_BOUND('',#4681,.T.);
#4683=FACETED_PRIMITIVE_FACE('',(#4682));
#4684=POLY_LOOP('',(#4677,#2495,#2512));
#4685=FACE_OUTER_BOUND('',#4684,.T.);
#4686=FACETED_PRIMITIVE_FACE('',(#4685));
#4687=POLY_LOOP('',(#4677,#2512,#2526));
#4688=FACE_OUTER_BOUND('',#4687,.T.);
#4689=FACETED_PRIMITIVE_FACE('',(#4688));
#4691=POLY_LOOP('',(#4690,#4652,#4565));
#4692=FACE_OUTER_BOUND('',#4691,.T.);
#4693=FACETED_PRIMITIVE_FACE('',(#4692));
#4694=POLY_LOOP('',(#4690,#4565,#4613));
#4695=FACE_OUTER_BOUND('',#4694,.T.);
#4696=FACETED_PRIMITIVE_FACE('',(#4695));
#4698=POLY_LOOP('',(#4697,#4617,#4652));
#4699=FACE_OUTER_BOUND('',#4698,.T.);
#4700=FACETED_PRIMITIVE_FACE('',(#4699));
#4701=POLY_LOOP('',(#4697,#4659,#4572));
#4702=FACE_OUTER_BOUND('',#4701,.T.);
#4703=FACETED_PRIMITIVE_FACE('',(#4702));
#4704=POLY_LOOP('',(#4697,#4572,#4617));
#4705=FACE_OUTER_BOUND('',#4704,.T.);
#4706=FACETED_PRIMITIVE_FACE('',(#4705));
#4708=POLY_LOOP('',(#4697,#4707,#4664));
#4709=FACE_OUTER_BOUND('',#4708,.T.);
#4710=FACETED_PRIMITIVE_FACE('',(#4709));
#4712=POLY_LOOP('',(#4697,#4711,#4707));
#4713=FACE_OUTER_BOUND('',#4712,.T.);
#4714=FACETED_PRIMITIVE_FACE('',(#4713));
#4715=POLY_LOOP('',(#4697,#4664,#4659));
#4716=FACE_OUTER_BOUND('',#4715,.T.);
#4717=FACETED_PRIMITIVE_FACE('',(#4716));
#4719=POLY_LOOP('',(#4718,#4690,#4613));
#4720=FACE_OUTER_BOUND('',#4719,.T.);
#4721=FACETED_PRIMITIVE_FACE('',(#4720));
#4722=POLY_LOOP('',(#4718,#4613,#4642));
#4723=FACE_OUTER_BOUND('',#4722,.T.);
#4724=FACETED_PRIMITIVE_FACE('',(#4723));
#4727=POLY_LOOP('',(#4725,#4726,#4711));
#4728=FACE_OUTER_BOUND('',#4727,.T.);
#4729=FACETED_PRIMITIVE_FACE('',(#4728));
#4731=POLY_LOOP('',(#4725,#4730,#4726));
#4732=FACE_OUTER_BOUND('',#4731,.T.);
#4733=FACETED_PRIMITIVE_FACE('',(#4732));
#4734=POLY_LOOP('',(#4725,#4711,#4697));
#4735=FACE_OUTER_BOUND('',#4734,.T.);
#4736=FACETED_PRIMITIVE_FACE('',(#4735));
#4737=POLY_LOOP('',(#4725,#4697,#4652));
#4738=FACE_OUTER_BOUND('',#4737,.T.);
#4739=FACETED_PRIMITIVE_FACE('',(#4738));
#4741=POLY_LOOP('',(#4740,#4642,#4677));
#4742=FACE_OUTER_BOUND('',#4741,.T.);
#4743=FACETED_PRIMITIVE_FACE('',(#4742));
#4744=POLY_LOOP('',(#4740,#4677,#2526));
#4745=FACE_OUTER_BOUND('',#4744,.T.);
#4746=FACETED_PRIMITIVE_FACE('',(#4745));
#4747=POLY_LOOP('',(#4740,#4718,#4642));
#4748=FACE_OUTER_BOUND('',#4747,.T.);
#4749=FACETED_PRIMITIVE_FACE('',(#4748));
#4750=POLY_LOOP('',(#4740,#2526,#2533));
#4751=FACE_OUTER_BOUND('',#4750,.T.);
#4752=FACETED_PRIMITIVE_FACE('',(#4751));
#4753=POLY_LOOP('',(#4740,#2533,#2516));
#4754=FACE_OUTER_BOUND('',#4753,.T.);
#4755=FACETED_PRIMITIVE_FACE('',(#4754));
#4757=POLY_LOOP('',(#4756,#4652,#4690));
#4758=FACE_OUTER_BOUND('',#4757,.T.);
#4759=FACETED_PRIMITIVE_FACE('',(#4758));
#4761=POLY_LOOP('',(#4756,#4760,#4730));
#4762=FACE_OUTER_BOUND('',#4761,.T.);
#4763=FACETED_PRIMITIVE_FACE('',(#4762));
#4765=POLY_LOOP('',(#4756,#4764,#4760));
#4766=FACE_OUTER_BOUND('',#4765,.T.);
#4767=FACETED_PRIMITIVE_FACE('',(#4766));
#4768=POLY_LOOP('',(#4756,#4690,#4718));
#4769=FACE_OUTER_BOUND('',#4768,.T.);
#4770=FACETED_PRIMITIVE_FACE('',(#4769));
#4771=POLY_LOOP('',(#4756,#4725,#4652));
#4772=FACE_OUTER_BOUND('',#4771,.T.);
#4773=FACETED_PRIMITIVE_FACE('',(#4772));
#4774=POLY_LOOP('',(#4756,#4730,#4725));
#4775=FACE_OUTER_BOUND('',#4774,.T.);
#4776=FACETED_PRIMITIVE_FACE('',(#4775));
#4779=POLY_LOOP('',(#4777,#4778,#4764));
#4780=FACE_OUTER_BOUND('',#4779,.T.);
#4781=FACETED_PRIMITIVE_FACE('',(#4780));
#4783=POLY_LOOP('',(#4777,#4782,#4778));
#4784=FACE_OUTER_BOUND('',#4783,.T.);
#4785=FACETED_PRIMITIVE_FACE('',(#4784));
#4786=POLY_LOOP('',(#4777,#4756,#4718));
#4787=FACE_OUTER_BOUND('',#4786,.T.);
#4788=FACETED_PRIMITIVE_FACE('',(#4787));
#4789=POLY_LOOP('',(#4777,#4718,#4740));
#4790=FACE_OUTER_BOUND('',#4789,.T.);
#4791=FACETED_PRIMITIVE_FACE('',(#4790));
#4792=POLY_LOOP('',(#4777,#4764,#4756));
#4793=FACE_OUTER_BOUND('',#4792,.T.);
#4794=FACETED_PRIMITIVE_FACE('',(#4793));
#4796=POLY_LOOP('',(#4795,#3837,#4782));
#4797=FACE_OUTER_BOUND('',#4796,.T.);
#4798=FACETED_PRIMITIVE_FACE('',(#4797));
#4799=POLY_LOOP('',(#4795,#2516,#2505));
#4800=FACE_OUTER_BOUND('',#4799,.T.);
#4801=FACETED_PRIMITIVE_FACE('',(#4800));
#4802=POLY_LOOP('',(#4795,#2505,#2488));
#4803=FACE_OUTER_BOUND('',#4802,.T.);
#4804=FACETED_PRIMITIVE_FACE('',(#4803));
#4805=POLY_LOOP('',(#4795,#4777,#4740));
#4806=FACE_OUTER_BOUND('',#4805,.T.);
#4807=FACETED_PRIMITIVE_FACE('',(#4806));
#4808=POLY_LOOP('',(#4795,#4740,#2516));
#4809=FACE_OUTER_BOUND('',#4808,.T.);
#4810=FACETED_PRIMITIVE_FACE('',(#4809));
#4811=POLY_LOOP('',(#4795,#4782,#4777));
#4812=FACE_OUTER_BOUND('',#4811,.T.);
#4813=FACETED_PRIMITIVE_FACE('',(#4812));
#4814=POLY_LOOP('',(#4795,#2488,#3837));
#4815=FACE_OUTER_BOUND('',#4814,.T.);
#4816=FACETED_PRIMITIVE_FACE('',(#4815));
#4819=POLY_LOOP('',(#4544,#4817,#4818));
#4820=FACE_OUTER_BOUND('',#4819,.T.);
#4821=FACETED_PRIMITIVE_FACE('',(#4820));
#4823=POLY_LOOP('',(#4548,#4822,#4817));
#4824=FACE_OUTER_BOUND('',#4823,.T.);
#4825=FACETED_PRIMITIVE_FACE('',(#4824));
#4826=POLY_LOOP('',(#4548,#4817,#4544));
#4827=FACE_OUTER_BOUND('',#4826,.T.);
#4828=FACETED_PRIMITIVE_FACE('',(#4827));
#4830=POLY_LOOP('',(#4506,#4818,#4829));
#4831=FACE_OUTER_BOUND('',#4830,.T.);
#4832=FACETED_PRIMITIVE_FACE('',(#4831));
#4833=POLY_LOOP('',(#4506,#4544,#4818));
#4834=FACE_OUTER_BOUND('',#4833,.T.);
#4835=FACETED_PRIMITIVE_FACE('',(#4834));
#4837=POLY_LOOP('',(#4589,#4836,#4822));
#4838=FACE_OUTER_BOUND('',#4837,.T.);
#4839=FACETED_PRIMITIVE_FACE('',(#4838));
#4840=POLY_LOOP('',(#4589,#4822,#4548));
#4841=FACE_OUTER_BOUND('',#4840,.T.);
#4842=FACETED_PRIMITIVE_FACE('',(#4841));
#4844=POLY_LOOP('',(#3830,#4829,#4843));
#4845=FACE_OUTER_BOUND('',#4844,.T.);
#4846=FACETED_PRIMITIVE_FACE('',(#4845));
#4847=POLY_LOOP('',(#3830,#4506,#4829));
#4848=FACE_OUTER_BOUND('',#4847,.T.);
#4849=FACETED_PRIMITIVE_FACE('',(#4848));
#4851=POLY_LOOP('',(#4593,#4850,#4836));
#4852=FACE_OUTER_BOUND('',#4851,.T.);
#4853=FACETED_PRIMITIVE_FACE('',(#4852));
#4854=POLY_LOOP('',(#4593,#4836,#4589));
#4855=FACE_OUTER_BOUND('',#4854,.T.);
#4856=FACETED_PRIMITIVE_FACE('',(#4855));
#4858=POLY_LOOP('',(#3826,#4843,#4857));
#4859=FACE_OUTER_BOUND('',#4858,.T.);
#4860=FACETED_PRIMITIVE_FACE('',(#4859));
#4861=POLY_LOOP('',(#3826,#3830,#4843));
#4862=FACE_OUTER_BOUND('',#4861,.T.);
#4863=FACETED_PRIMITIVE_FACE('',(#4862));
#4866=POLY_LOOP('',(#4634,#4864,#4865));
#4867=FACE_OUTER_BOUND('',#4866,.T.);
#4868=FACETED_PRIMITIVE_FACE('',(#4867));
#4869=POLY_LOOP('',(#4634,#4865,#4850));
#4870=FACE_OUTER_BOUND('',#4869,.T.);
#4871=FACETED_PRIMITIVE_FACE('',(#4870));
#4872=POLY_LOOP('',(#4634,#4850,#4593));
#4873=FACE_OUTER_BOUND('',#4872,.T.);
#4874=FACETED_PRIMITIVE_FACE('',(#4873));
#4876=POLY_LOOP('',(#3822,#4857,#4875));
#4877=FACE_OUTER_BOUND('',#4876,.T.);
#4878=FACETED_PRIMITIVE_FACE('',(#4877));
#4879=POLY_LOOP('',(#3822,#3826,#4857));
#4880=FACE_OUTER_BOUND('',#4879,.T.);
#4881=FACETED_PRIMITIVE_FACE('',(#4880));
#4882=POLY_LOOP('',(#3818,#3822,#4875));
#4883=FACE_OUTER_BOUND('',#4882,.T.);
#4884=FACETED_PRIMITIVE_FACE('',(#4883));
#4885=POLY_LOOP('',(#4638,#4864,#4634));
#4886=FACE_OUTER_BOUND('',#4885,.T.);
#4887=FACETED_PRIMITIVE_FACE('',(#4886));
#4889=POLY_LOOP('',(#4638,#4888,#4864));
#4890=FACE_OUTER_BOUND('',#4889,.T.);
#4891=FACETED_PRIMITIVE_FACE('',(#4890));
#4893=POLY_LOOP('',(#3814,#4875,#4892));
#4894=FACE_OUTER_BOUND('',#4893,.T.);
#4895=FACETED_PRIMITIVE_FACE('',(#4894));
#4896=POLY_LOOP('',(#3814,#3818,#4875));
#4897=FACE_OUTER_BOUND('',#4896,.T.);
#4898=FACETED_PRIMITIVE_FACE('',(#4897));
#4900=POLY_LOOP('',(#4660,#4899,#4888));
#4901=FACE_OUTER_BOUND('',#4900,.T.);
#4902=FACETED_PRIMITIVE_FACE('',(#4901));
#4903=POLY_LOOP('',(#4660,#4888,#4638));
#4904=FACE_OUTER_BOUND('',#4903,.T.);
#4905=FACETED_PRIMITIVE_FACE('',(#4904));
#4906=POLY_LOOP('',(#1628,#3814,#4892));
#4907=FACE_OUTER_BOUND('',#4906,.T.);
#4908=FACETED_PRIMITIVE_FACE('',(#4907));
#4910=POLY_LOOP('',(#1628,#4892,#4909));
#4911=FACE_OUTER_BOUND('',#4910,.T.);
#4912=FACETED_PRIMITIVE_FACE('',(#4911));
#4914=POLY_LOOP('',(#4664,#4913,#4899));
#4915=FACE_OUTER_BOUND('',#4914,.T.);
#4916=FACETED_PRIMITIVE_FACE('',(#4915));
#4917=POLY_LOOP('',(#4664,#4899,#4660));
#4918=FACE_OUTER_BOUND('',#4917,.T.);
#4919=FACETED_PRIMITIVE_FACE('',(#4918));
#4921=POLY_LOOP('',(#4707,#4920,#4913));
#4922=FACE_OUTER_BOUND('',#4921,.T.);
#4923=FACETED_PRIMITIVE_FACE('',(#4922));
#4924=POLY_LOOP('',(#4707,#4913,#4664));
#4925=FACE_OUTER_BOUND('',#4924,.T.);
#4926=FACETED_PRIMITIVE_FACE('',(#4925));
#4928=POLY_LOOP('',(#4711,#4927,#4920));
#4929=FACE_OUTER_BOUND('',#4928,.T.);
#4930=FACETED_PRIMITIVE_FACE('',(#4929));
#4931=POLY_LOOP('',(#4711,#4920,#4707));
#4932=FACE_OUTER_BOUND('',#4931,.T.);
#4933=FACETED_PRIMITIVE_FACE('',(#4932));
#4934=POLY_LOOP('',(#4726,#4927,#4711));
#4935=FACE_OUTER_BOUND('',#4934,.T.);
#4936=FACETED_PRIMITIVE_FACE('',(#4935));
#4938=POLY_LOOP('',(#4937,#4927,#4726));
#4939=FACE_OUTER_BOUND('',#4938,.T.);
#4940=FACETED_PRIMITIVE_FACE('',(#4939));
#4941=POLY_LOOP('',(#4730,#4937,#4726));
#4942=FACE_OUTER_BOUND('',#4941,.T.);
#4943=FACETED_PRIMITIVE_FACE('',(#4942));
#4945=POLY_LOOP('',(#4944,#4937,#4730));
#4946=FACE_OUTER_BOUND('',#4945,.T.);
#4947=FACETED_PRIMITIVE_FACE('',(#4946));
#4948=POLY_LOOP('',(#4760,#4944,#4730));
#4949=FACE_OUTER_BOUND('',#4948,.T.);
#4950=FACETED_PRIMITIVE_FACE('',(#4949));
#4952=POLY_LOOP('',(#1683,#4909,#4951));
#4953=FACE_OUTER_BOUND('',#4952,.T.);
#4954=FACETED_PRIMITIVE_FACE('',(#4953));
#4955=POLY_LOOP('',(#1683,#1628,#4909));
#4956=FACE_OUTER_BOUND('',#4955,.T.);
#4957=FACETED_PRIMITIVE_FACE('',(#4956));
#4959=POLY_LOOP('',(#4958,#4944,#4760));
#4960=FACE_OUTER_BOUND('',#4959,.T.);
#4961=FACETED_PRIMITIVE_FACE('',(#4960));
#4962=POLY_LOOP('',(#4958,#4760,#4764));
#4963=FACE_OUTER_BOUND('',#4962,.T.);
#4964=FACETED_PRIMITIVE_FACE('',(#4963));
#4965=POLY_LOOP('',(#4778,#4958,#4764));
#4966=FACE_OUTER_BOUND('',#4965,.T.);
#4967=FACETED_PRIMITIVE_FACE('',(#4966));
#4969=POLY_LOOP('',(#4968,#4958,#4778));
#4970=FACE_OUTER_BOUND('',#4969,.T.);
#4971=FACETED_PRIMITIVE_FACE('',(#4970));
#4972=POLY_LOOP('',(#4782,#4968,#4778));
#4973=FACE_OUTER_BOUND('',#4972,.T.);
#4974=FACETED_PRIMITIVE_FACE('',(#4973));
#4976=POLY_LOOP('',(#4975,#4968,#4782));
#4977=FACE_OUTER_BOUND('',#4976,.T.);
#4978=FACETED_PRIMITIVE_FACE('',(#4977));
#4979=POLY_LOOP('',(#3837,#4975,#4782));
#4980=FACE_OUTER_BOUND('',#4979,.T.);
#4981=FACETED_PRIMITIVE_FACE('',(#4980));
#4983=POLY_LOOP('',(#4982,#4975,#3837));
#4984=FACE_OUTER_BOUND('',#4983,.T.);
#4985=FACETED_PRIMITIVE_FACE('',(#4984));
#4987=POLY_LOOP('',(#4986,#3837,#3841));
#4988=FACE_OUTER_BOUND('',#4987,.T.);
#4989=FACETED_PRIMITIVE_FACE('',(#4988));
#4990=POLY_LOOP('',(#4986,#4982,#3837));
#4991=FACE_OUTER_BOUND('',#4990,.T.);
#4992=FACETED_PRIMITIVE_FACE('',(#4991));
#4994=POLY_LOOP('',(#4993,#3841,#3845));
#4995=FACE_OUTER_BOUND('',#4994,.T.);
#4996=FACETED_PRIMITIVE_FACE('',(#4995));
#4997=POLY_LOOP('',(#4993,#4986,#3841));
#4998=FACE_OUTER_BOUND('',#4997,.T.);
#4999=FACETED_PRIMITIVE_FACE('',(#4998));
#5001=POLY_LOOP('',(#5000,#3845,#3849));
#5002=FACE_OUTER_BOUND('',#5001,.T.);
#5003=FACETED_PRIMITIVE_FACE('',(#5002));
#5004=POLY_LOOP('',(#5000,#4993,#3845));
#5005=FACE_OUTER_BOUND('',#5004,.T.);
#5006=FACETED_PRIMITIVE_FACE('',(#5005));
#5008=POLY_LOOP('',(#5007,#3849,#1736));
#5009=FACE_OUTER_BOUND('',#5008,.T.);
#5010=FACETED_PRIMITIVE_FACE('',(#5009));
#5011=POLY_LOOP('',(#5007,#5000,#3849));
#5012=FACE_OUTER_BOUND('',#5011,.T.);
#5013=FACETED_PRIMITIVE_FACE('',(#5012));
#5014=POLY_LOOP('',(#1743,#5007,#1736));
#5015=FACE_OUTER_BOUND('',#5014,.T.);
#5016=FACETED_PRIMITIVE_FACE('',(#5015));
#5018=POLY_LOOP('',(#5017,#5007,#1743));
#5019=FACE_OUTER_BOUND('',#5018,.T.);
#5020=FACETED_PRIMITIVE_FACE('',(#5019));
#5023=POLY_LOOP('',(#5021,#5022,#1752));
#5024=FACE_OUTER_BOUND('',#5023,.T.);
#5025=FACETED_PRIMITIVE_FACE('',(#5024));
#5026=POLY_LOOP('',(#5021,#1751,#1759));
#5027=FACE_OUTER_BOUND('',#5026,.T.);
#5028=FACETED_PRIMITIVE_FACE('',(#5027));
#5029=POLY_LOOP('',(#5021,#1752,#1751));
#5030=FACE_OUTER_BOUND('',#5029,.T.);
#5031=FACETED_PRIMITIVE_FACE('',(#5030));
#5033=POLY_LOOP('',(#5032,#5021,#1759));
#5034=FACE_OUTER_BOUND('',#5033,.T.);
#5035=FACETED_PRIMITIVE_FACE('',(#5034));
#5037=POLY_LOOP('',(#5036,#1759,#1766));
#5038=FACE_OUTER_BOUND('',#5037,.T.);
#5039=FACETED_PRIMITIVE_FACE('',(#5038));
#5040=POLY_LOOP('',(#5036,#5032,#1759));
#5041=FACE_OUTER_BOUND('',#5040,.T.);
#5042=FACETED_PRIMITIVE_FACE('',(#5041));
#5044=POLY_LOOP('',(#5043,#1776,#1780));
#5045=FACE_OUTER_BOUND('',#5044,.T.);
#5046=FACETED_PRIMITIVE_FACE('',(#5045));
#5047=POLY_LOOP('',(#5043,#1766,#1776));
#5048=FACE_OUTER_BOUND('',#5047,.T.);
#5049=FACETED_PRIMITIVE_FACE('',(#5048));
#5050=POLY_LOOP('',(#5043,#5036,#1766));
#5051=FACE_OUTER_BOUND('',#5050,.T.);
#5052=FACETED_PRIMITIVE_FACE('',(#5051));
#5054=POLY_LOOP('',(#5053,#5043,#1780));
#5055=FACE_OUTER_BOUND('',#5054,.T.);
#5056=FACETED_PRIMITIVE_FACE('',(#5055));
#5058=POLY_LOOP('',(#5057,#1780,#1787));
#5059=FACE_OUTER_BOUND('',#5058,.T.);
#5060=FACETED_PRIMITIVE_FACE('',(#5059));
#5061=POLY_LOOP('',(#5057,#5053,#1780));
#5062=FACE_OUTER_BOUND('',#5061,.T.);
#5063=FACETED_PRIMITIVE_FACE('',(#5062));
#5065=POLY_LOOP('',(#5064,#1797,#1801));
#5066=FACE_OUTER_BOUND('',#5065,.T.);
#5067=FACETED_PRIMITIVE_FACE('',(#5066));
#5068=POLY_LOOP('',(#5064,#1787,#1797));
#5069=FACE_OUTER_BOUND('',#5068,.T.);
#5070=FACETED_PRIMITIVE_FACE('',(#5069));
#5071=POLY_LOOP('',(#5064,#5057,#1787));
#5072=FACE_OUTER_BOUND('',#5071,.T.);
#5073=FACETED_PRIMITIVE_FACE('',(#5072));
#5075=POLY_LOOP('',(#5074,#5064,#1801));
#5076=FACE_OUTER_BOUND('',#5075,.T.);
#5077=FACETED_PRIMITIVE_FACE('',(#5076));
#5079=POLY_LOOP('',(#5078,#1801,#1808));
#5080=FACE_OUTER_BOUND('',#5079,.T.);
#5081=FACETED_PRIMITIVE_FACE('',(#5080));
#5082=POLY_LOOP('',(#5078,#5074,#1801));
#5083=FACE_OUTER_BOUND('',#5082,.T.);
#5084=FACETED_PRIMITIVE_FACE('',(#5083));
#5086=POLY_LOOP('',(#5085,#1808,#1815));
#5087=FACE_OUTER_BOUND('',#5086,.T.);
#5088=FACETED_PRIMITIVE_FACE('',(#5087));
#5089=POLY_LOOP('',(#5085,#5078,#1808));
#5090=FACE_OUTER_BOUND('',#5089,.T.);
#5091=FACETED_PRIMITIVE_FACE('',(#5090));
#5093=POLY_LOOP('',(#5092,#1815,#1822));
#5094=FACE_OUTER_BOUND('',#5093,.T.);
#5095=FACETED_PRIMITIVE_FACE('',(#5094));
#5096=POLY_LOOP('',(#5092,#5085,#1815));
#5097=FACE_OUTER_BOUND('',#5096,.T.);
#5098=FACETED_PRIMITIVE_FACE('',(#5097));
#5100=POLY_LOOP('',(#5099,#1829,#1836));
#5101=FACE_OUTER_BOUND('',#5100,.T.);
#5102=FACETED_PRIMITIVE_FACE('',(#5101));
#5103=POLY_LOOP('',(#5099,#1822,#1829));
#5104=FACE_OUTER_BOUND('',#5103,.T.);
#5105=FACETED_PRIMITIVE_FACE('',(#5104));
#5106=POLY_LOOP('',(#5099,#5092,#1822));
#5107=FACE_OUTER_BOUND('',#5106,.T.);
#5108=FACETED_PRIMITIVE_FACE('',(#5107));
#5110=POLY_LOOP('',(#5109,#5099,#1836));
#5111=FACE_OUTER_BOUND('',#5110,.T.);
#5112=FACETED_PRIMITIVE_FACE('',(#5111));
#5114=POLY_LOOP('',(#5113,#5109,#1836));
#5115=FACE_OUTER_BOUND('',#5114,.T.);
#5116=FACETED_PRIMITIVE_FACE('',(#5115));
#5117=POLY_LOOP('',(#5113,#1836,#1843));
#5118=FACE_OUTER_BOUND('',#5117,.T.);
#5119=FACETED_PRIMITIVE_FACE('',(#5118));
#5121=POLY_LOOP('',(#5120,#1843,#1853));
#5122=FACE_OUTER_BOUND('',#5121,.T.);
#5123=FACETED_PRIMITIVE_FACE('',(#5122));
#5124=POLY_LOOP('',(#5120,#5113,#1843));
#5125=FACE_OUTER_BOUND('',#5124,.T.);
#5126=FACETED_PRIMITIVE_FACE('',(#5125));
#5128=POLY_LOOP('',(#5127,#1857,#1867));
#5129=FACE_OUTER_BOUND('',#5128,.T.);
#5130=FACETED_PRIMITIVE_FACE('',(#5129));
#5131=POLY_LOOP('',(#5127,#1853,#1857));
#5132=FACE_OUTER_BOUND('',#5131,.T.);
#5133=FACETED_PRIMITIVE_FACE('',(#5132));
#5134=POLY_LOOP('',(#5127,#5120,#1853));
#5135=FACE_OUTER_BOUND('',#5134,.T.);
#5136=FACETED_PRIMITIVE_FACE('',(#5135));
#5138=POLY_LOOP('',(#5137,#5127,#1867));
#5139=FACE_OUTER_BOUND('',#5138,.T.);
#5140=FACETED_PRIMITIVE_FACE('',(#5139));
#5142=POLY_LOOP('',(#5141,#1871,#1881));
#5143=FACE_OUTER_BOUND('',#5142,.T.);
#5144=FACETED_PRIMITIVE_FACE('',(#5143));
#5145=POLY_LOOP('',(#5141,#1867,#1871));
#5146=FACE_OUTER_BOUND('',#5145,.T.);
#5147=FACETED_PRIMITIVE_FACE('',(#5146));
#5148=POLY_LOOP('',(#5141,#5137,#1867));
#5149=FACE_OUTER_BOUND('',#5148,.T.);
#5150=FACETED_PRIMITIVE_FACE('',(#5149));
#5152=POLY_LOOP('',(#5151,#5141,#1881));
#5153=FACE_OUTER_BOUND('',#5152,.T.);
#5154=FACETED_PRIMITIVE_FACE('',(#5153));
#5156=POLY_LOOP('',(#5155,#1881,#1885));
#5157=FACE_OUTER_BOUND('',#5156,.T.);
#5158=FACETED_PRIMITIVE_FACE('',(#5157));
#5159=POLY_LOOP('',(#5155,#5151,#1881));
#5160=FACE_OUTER_BOUND('',#5159,.T.);
#5161=FACETED_PRIMITIVE_FACE('',(#5160));
#5162=POLY_LOOP('',(#4951,#1885,#1683));
#5163=FACE_OUTER_BOUND('',#5162,.T.);
#5164=FACETED_PRIMITIVE_FACE('',(#5163));
#5165=POLY_LOOP('',(#4951,#5155,#1885));
#5166=FACE_OUTER_BOUND('',#5165,.T.);
#5167=FACETED_PRIMITIVE_FACE('',(#5166));
#5170=POLY_LOOP('',(#1898,#5168,#5169));
#5171=FACE_OUTER_BOUND('',#5170,.T.);
#5172=FACETED_PRIMITIVE_FACE('',(#5171));
#5173=POLY_LOOP('',(#1898,#5022,#5168));
#5174=FACE_OUTER_BOUND('',#5173,.T.);
#5175=FACETED_PRIMITIVE_FACE('',(#5174));
#5176=POLY_LOOP('',(#1898,#1752,#5022));
#5177=FACE_OUTER_BOUND('',#5176,.T.);
#5178=FACETED_PRIMITIVE_FACE('',(#5177));
#5180=POLY_LOOP('',(#3790,#5169,#5179));
#5181=FACE_OUTER_BOUND('',#5180,.T.);
#5182=FACETED_PRIMITIVE_FACE('',(#5181));
#5183=POLY_LOOP('',(#3790,#1898,#5169));
#5184=FACE_OUTER_BOUND('',#5183,.T.);
#5185=FACETED_PRIMITIVE_FACE('',(#5184));
#5186=POLY_LOOP('',(#3794,#3790,#5179));
#5187=FACE_OUTER_BOUND('',#5186,.T.);
#5188=FACETED_PRIMITIVE_FACE('',(#5187));
#5190=POLY_LOOP('',(#3798,#5179,#5189));
#5191=FACE_OUTER_BOUND('',#5190,.T.);
#5192=FACETED_PRIMITIVE_FACE('',(#5191));
#5193=POLY_LOOP('',(#3798,#3794,#5179));
#5194=FACE_OUTER_BOUND('',#5193,.T.);
#5195=FACETED_PRIMITIVE_FACE('',(#5194));
#5197=POLY_LOOP('',(#3866,#5189,#5196));
#5198=FACE_OUTER_BOUND('',#5197,.T.);
#5199=FACETED_PRIMITIVE_FACE('',(#5198));
#5200=POLY_LOOP('',(#3866,#3798,#5189));
#5201=FACE_OUTER_BOUND('',#5200,.T.);
#5202=FACETED_PRIMITIVE_FACE('',(#5201));
#5203=POLY_LOOP('',(#3874,#3866,#5196));
#5204=FACE_OUTER_BOUND('',#5203,.T.);
#5205=FACETED_PRIMITIVE_FACE('',(#5204));
#5207=POLY_LOOP('',(#5206,#3874,#5196));
#5208=FACE_OUTER_BOUND('',#5207,.T.);
#5209=FACETED_PRIMITIVE_FACE('',(#5208));
#5210=POLY_LOOP('',(#3878,#3874,#5206));
#5211=FACE_OUTER_BOUND('',#5210,.T.);
#5212=FACETED_PRIMITIVE_FACE('',(#5211));
#5214=POLY_LOOP('',(#5213,#3878,#5206));
#5215=FACE_OUTER_BOUND('',#5214,.T.);
#5216=FACETED_PRIMITIVE_FACE('',(#5215));
#5217=POLY_LOOP('',(#3886,#3878,#5213));
#5218=FACE_OUTER_BOUND('',#5217,.T.);
#5219=FACETED_PRIMITIVE_FACE('',(#5218));
#5221=POLY_LOOP('',(#5220,#3886,#5213));
#5222=FACE_OUTER_BOUND('',#5221,.T.);
#5223=FACETED_PRIMITIVE_FACE('',(#5222));
#5224=POLY_LOOP('',(#3890,#3886,#5220));
#5225=FACE_OUTER_BOUND('',#5224,.T.);
#5226=FACETED_PRIMITIVE_FACE('',(#5225));
#5228=POLY_LOOP('',(#5227,#3890,#5220));
#5229=FACE_OUTER_BOUND('',#5228,.T.);
#5230=FACETED_PRIMITIVE_FACE('',(#5229));
#5231=POLY_LOOP('',(#3905,#3890,#5227));
#5232=FACE_OUTER_BOUND('',#5231,.T.);
#5233=FACETED_PRIMITIVE_FACE('',(#5232));
#5235=POLY_LOOP('',(#5234,#3905,#5227));
#5236=FACE_OUTER_BOUND('',#5235,.T.);
#5237=FACETED_PRIMITIVE_FACE('',(#5236));
#5238=POLY_LOOP('',(#3909,#3905,#5234));
#5239=FACE_OUTER_BOUND('',#5238,.T.);
#5240=FACETED_PRIMITIVE_FACE('',(#5239));
#5242=POLY_LOOP('',(#5241,#3909,#5234));
#5243=FACE_OUTER_BOUND('',#5242,.T.);
#5244=FACETED_PRIMITIVE_FACE('',(#5243));
#5245=POLY_LOOP('',(#3927,#3909,#5241));
#5246=FACE_OUTER_BOUND('',#5245,.T.);
#5247=FACETED_PRIMITIVE_FACE('',(#5246));
#5249=POLY_LOOP('',(#5248,#3927,#5241));
#5250=FACE_OUTER_BOUND('',#5249,.T.);
#5251=FACETED_PRIMITIVE_FACE('',(#5250));
#5253=POLY_LOOP('',(#5252,#3931,#3927));
#5254=FACE_OUTER_BOUND('',#5253,.T.);
#5255=FACETED_PRIMITIVE_FACE('',(#5254));
#5256=POLY_LOOP('',(#5252,#3927,#5248));
#5257=FACE_OUTER_BOUND('',#5256,.T.);
#5258=FACETED_PRIMITIVE_FACE('',(#5257));
#5260=POLY_LOOP('',(#5259,#3953,#3931));
#5261=FACE_OUTER_BOUND('',#5260,.T.);
#5262=FACETED_PRIMITIVE_FACE('',(#5261));
#5263=POLY_LOOP('',(#5259,#3931,#5252));
#5264=FACE_OUTER_BOUND('',#5263,.T.);
#5265=FACETED_PRIMITIVE_FACE('',(#5264));
#5267=POLY_LOOP('',(#5266,#3957,#3953));
#5268=FACE_OUTER_BOUND('',#5267,.T.);
#5269=FACETED_PRIMITIVE_FACE('',(#5268));
#5270=POLY_LOOP('',(#5266,#3953,#5259));
#5271=FACE_OUTER_BOUND('',#5270,.T.);
#5272=FACETED_PRIMITIVE_FACE('',(#5271));
#5274=POLY_LOOP('',(#5273,#1999,#3807));
#5275=FACE_OUTER_BOUND('',#5274,.T.);
#5276=FACETED_PRIMITIVE_FACE('',(#5275));
#5277=POLY_LOOP('',(#5273,#2007,#1999));
#5278=FACE_OUTER_BOUND('',#5277,.T.);
#5279=FACETED_PRIMITIVE_FACE('',(#5278));
#5281=POLY_LOOP('',(#5273,#5280,#2007));
#5282=FACE_OUTER_BOUND('',#5281,.T.);
#5283=FACETED_PRIMITIVE_FACE('',(#5282));
#5285=POLY_LOOP('',(#5284,#3982,#3957));
#5286=FACE_OUTER_BOUND('',#5285,.T.);
#5287=FACETED_PRIMITIVE_FACE('',(#5286));
#5288=POLY_LOOP('',(#5284,#3957,#5266));
#5289=FACE_OUTER_BOUND('',#5288,.T.);
#5290=FACETED_PRIMITIVE_FACE('',(#5289));
#5292=POLY_LOOP('',(#5291,#3807,#3803));
#5293=FACE_OUTER_BOUND('',#5292,.T.);
#5294=FACETED_PRIMITIVE_FACE('',(#5293));
#5295=POLY_LOOP('',(#5291,#5273,#3807));
#5296=FACE_OUTER_BOUND('',#5295,.T.);
#5297=FACETED_PRIMITIVE_FACE('',(#5296));
#5299=POLY_LOOP('',(#5298,#3803,#3802));
#5300=FACE_OUTER_BOUND('',#5299,.T.);
#5301=FACETED_PRIMITIVE_FACE('',(#5300));
#5302=POLY_LOOP('',(#5298,#5291,#3803));
#5303=FACE_OUTER_BOUND('',#5302,.T.);
#5304=FACETED_PRIMITIVE_FACE('',(#5303));
#5306=POLY_LOOP('',(#5305,#3986,#3982));
#5307=FACE_OUTER_BOUND('',#5306,.T.);
#5308=FACETED_PRIMITIVE_FACE('',(#5307));
#5309=POLY_LOOP('',(#5305,#3982,#5284));
#5310=FACE_OUTER_BOUND('',#5309,.T.);
#5311=FACETED_PRIMITIVE_FACE('',(#5310));
#5313=POLY_LOOP('',(#5312,#3802,#4142));
#5314=FACE_OUTER_BOUND('',#5313,.T.);
#5315=FACETED_PRIMITIVE_FACE('',(#5314));
#5316=POLY_LOOP('',(#5312,#5298,#3802));
#5317=FACE_OUTER_BOUND('',#5316,.T.);
#5318=FACETED_PRIMITIVE_FACE('',(#5317));
#5320=POLY_LOOP('',(#5319,#4008,#3986));
#5321=FACE_OUTER_BOUND('',#5320,.T.);
#5322=FACETED_PRIMITIVE_FACE('',(#5321));
#5323=POLY_LOOP('',(#5319,#3986,#5305));
#5324=FACE_OUTER_BOUND('',#5323,.T.);
#5325=FACETED_PRIMITIVE_FACE('',(#5324));
#5327=POLY_LOOP('',(#5326,#5312,#4142));
#5328=FACE_OUTER_BOUND('',#5327,.T.);
#5329=FACETED_PRIMITIVE_FACE('',(#5328));
#5331=POLY_LOOP('',(#5330,#4142,#4091));
#5332=FACE_OUTER_BOUND('',#5331,.T.);
#5333=FACETED_PRIMITIVE_FACE('',(#5332));
#5334=POLY_LOOP('',(#5330,#5326,#4142));
#5335=FACE_OUTER_BOUND('',#5334,.T.);
#5336=FACETED_PRIMITIVE_FACE('',(#5335));
#5338=POLY_LOOP('',(#5337,#4012,#4008));
#5339=FACE_OUTER_BOUND('',#5338,.T.);
#5340=FACETED_PRIMITIVE_FACE('',(#5339));
#5341=POLY_LOOP('',(#5337,#4008,#5319));
#5342=FACE_OUTER_BOUND('',#5341,.T.);
#5343=FACETED_PRIMITIVE_FACE('',(#5342));
#5345=POLY_LOOP('',(#5344,#4091,#4087));
#5346=FACE_OUTER_BOUND('',#5345,.T.);
#5347=FACETED_PRIMITIVE_FACE('',(#5346));
#5348=POLY_LOOP('',(#5344,#5330,#4091));
#5349=FACE_OUTER_BOUND('',#5348,.T.);
#5350=FACETED_PRIMITIVE_FACE('',(#5349));
#5352=POLY_LOOP('',(#5351,#4057,#4012));
#5353=FACE_OUTER_BOUND('',#5352,.T.);
#5354=FACETED_PRIMITIVE_FACE('',(#5353));
#5355=POLY_LOOP('',(#5351,#4012,#5337));
#5356=FACE_OUTER_BOUND('',#5355,.T.);
#5357=FACETED_PRIMITIVE_FACE('',(#5356));
#5359=POLY_LOOP('',(#5358,#4061,#4057));
#5360=FACE_OUTER_BOUND('',#5359,.T.);
#5361=FACETED_PRIMITIVE_FACE('',(#5360));
#5362=POLY_LOOP('',(#5358,#4087,#4061));
#5363=FACE_OUTER_BOUND('',#5362,.T.);
#5364=FACETED_PRIMITIVE_FACE('',(#5363));
#5365=POLY_LOOP('',(#5358,#5344,#4087));
#5366=FACE_OUTER_BOUND('',#5365,.T.);
#5367=FACETED_PRIMITIVE_FACE('',(#5366));
#5368=POLY_LOOP('',(#5358,#4057,#5351));
#5369=FACE_OUTER_BOUND('',#5368,.T.);
#5370=FACETED_PRIMITIVE_FACE('',(#5369));
#5371=POLY_LOOP('',(#1743,#1736,#2474));
#5372=FACE_OUTER_BOUND('',#5371,.T.);
#5373=FACETED_PRIMITIVE_FACE('',(#5372));
#5374=POLY_LOOP('',(#2384,#1743,#2474));
#5375=FACE_OUTER_BOUND('',#5374,.T.);
#5376=FACETED_PRIMITIVE_FACE('',(#5375));
#5377=POLY_LOOP('',(#2371,#2488,#2505));
#5378=FACE_OUTER_BOUND('',#5377,.T.);
#5379=FACETED_PRIMITIVE_FACE('',(#5378));
#5380=POLY_LOOP('',(#2371,#2474,#2488));
#5381=FACE_OUTER_BOUND('',#5380,.T.);
#5382=FACETED_PRIMITIVE_FACE('',(#5381));
#5383=POLY_LOOP('',(#2371,#2384,#2474));
#5384=FACE_OUTER_BOUND('',#5383,.T.);
#5385=FACETED_PRIMITIVE_FACE('',(#5384));
#5386=POLY_LOOP('',(#2370,#2371,#2505));
#5387=FACE_OUTER_BOUND('',#5386,.T.);
#5388=FACETED_PRIMITIVE_FACE('',(#5387));
#5389=POLY_LOOP('',(#2357,#2505,#2516));
#5390=FACE_OUTER_BOUND('',#5389,.T.);
#5391=FACETED_PRIMITIVE_FACE('',(#5390));
#5392=POLY_LOOP('',(#2357,#2370,#2505));
#5393=FACE_OUTER_BOUND('',#5392,.T.);
#5394=FACETED_PRIMITIVE_FACE('',(#5393));
#5395=POLY_LOOP('',(#2356,#2516,#2533));
#5396=FACE_OUTER_BOUND('',#5395,.T.);
#5397=FACETED_PRIMITIVE_FACE('',(#5396));
#5398=POLY_LOOP('',(#2356,#2357,#2516));
#5399=FACE_OUTER_BOUND('',#5398,.T.);
#5400=FACETED_PRIMITIVE_FACE('',(#5399));
#5401=POLY_LOOP('',(#2526,#2346,#2356));
#5402=FACE_OUTER_BOUND('',#5401,.T.);
#5403=FACETED_PRIMITIVE_FACE('',(#5402));
#5404=POLY_LOOP('',(#2526,#2345,#2346));
#5405=FACE_OUTER_BOUND('',#5404,.T.);
#5406=FACETED_PRIMITIVE_FACE('',(#5405));
#5407=POLY_LOOP('',(#2526,#2356,#2533));
#5408=FACE_OUTER_BOUND('',#5407,.T.);
#5409=FACETED_PRIMITIVE_FACE('',(#5408));
#5410=POLY_LOOP('',(#2512,#2345,#2526));
#5411=FACE_OUTER_BOUND('',#5410,.T.);
#5412=FACETED_PRIMITIVE_FACE('',(#5411));
#5413=POLY_LOOP('',(#2495,#2338,#2345));
#5414=FACE_OUTER_BOUND('',#5413,.T.);
#5415=FACETED_PRIMITIVE_FACE('',(#5414));
#5416=POLY_LOOP('',(#2495,#2345,#2512));
#5417=FACE_OUTER_BOUND('',#5416,.T.);
#5418=FACETED_PRIMITIVE_FACE('',(#5417));
#5419=POLY_LOOP('',(#2481,#2328,#2338));
#5420=FACE_OUTER_BOUND('',#5419,.T.);
#5421=FACETED_PRIMITIVE_FACE('',(#5420));
#5422=POLY_LOOP('',(#2481,#2338,#2495));
#5423=FACE_OUTER_BOUND('',#5422,.T.);
#5424=FACETED_PRIMITIVE_FACE('',(#5423));
#5425=POLY_LOOP('',(#2470,#2321,#2328));
#5426=FACE_OUTER_BOUND('',#5425,.T.);
#5427=FACETED_PRIMITIVE_FACE('',(#5426));
#5428=POLY_LOOP('',(#2470,#2328,#2481));
#5429=FACE_OUTER_BOUND('',#5428,.T.);
#5430=FACETED_PRIMITIVE_FACE('',(#5429));
#5431=POLY_LOOP('',(#2463,#2314,#2321));
#5432=FACE_OUTER_BOUND('',#5431,.T.);
#5433=FACETED_PRIMITIVE_FACE('',(#5432));
#5434=POLY_LOOP('',(#2463,#2321,#2470));
#5435=FACE_OUTER_BOUND('',#5434,.T.);
#5436=FACETED_PRIMITIVE_FACE('',(#5435));
#5437=POLY_LOOP('',(#2397,#1999,#2007));
#5438=FACE_OUTER_BOUND('',#5437,.T.);
#5439=FACETED_PRIMITIVE_FACE('',(#5438));
#5440=POLY_LOOP('',(#2397,#2254,#2258));
#5441=FACE_OUTER_BOUND('',#5440,.T.);
#5442=FACETED_PRIMITIVE_FACE('',(#5441));
#5443=POLY_LOOP('',(#2397,#2007,#2254));
#5444=FACE_OUTER_BOUND('',#5443,.T.);
#5445=FACETED_PRIMITIVE_FACE('',(#5444));
#5446=POLY_LOOP('',(#2453,#2314,#2463));
#5447=FACE_OUTER_BOUND('',#5446,.T.);
#5448=FACETED_PRIMITIVE_FACE('',(#5447));
#5449=POLY_LOOP('',(#2453,#2307,#2314));
#5450=FACE_OUTER_BOUND('',#5449,.T.);
#5451=FACETED_PRIMITIVE_FACE('',(#5450));
#5452=POLY_LOOP('',(#2453,#2300,#2307));
#5453=FACE_OUTER_BOUND('',#5452,.T.);
#5454=FACETED_PRIMITIVE_FACE('',(#5453));
#5455=POLY_LOOP('',(#2401,#2397,#2258));
#5456=FACE_OUTER_BOUND('',#5455,.T.);
#5457=FACETED_PRIMITIVE_FACE('',(#5456));
#5458=POLY_LOOP('',(#2446,#2300,#2453));
#5459=FACE_OUTER_BOUND('',#5458,.T.);
#5460=FACETED_PRIMITIVE_FACE('',(#5459));
#5461=POLY_LOOP('',(#2446,#2287,#2300));
#5462=FACE_OUTER_BOUND('',#5461,.T.);
#5463=FACETED_PRIMITIVE_FACE('',(#5462));
#5464=POLY_LOOP('',(#2408,#2258,#2265));
#5465=FACE_OUTER_BOUND('',#5464,.T.);
#5466=FACETED_PRIMITIVE_FACE('',(#5465));
#5467=POLY_LOOP('',(#2408,#2401,#2258));
#5468=FACE_OUTER_BOUND('',#5467,.T.);
#5469=FACETED_PRIMITIVE_FACE('',(#5468));
#5470=POLY_LOOP('',(#2439,#2287,#2446));
#5471=FACE_OUTER_BOUND('',#5470,.T.);
#5472=FACETED_PRIMITIVE_FACE('',(#5471));
#5473=POLY_LOOP('',(#2415,#2408,#2265));
#5474=FACE_OUTER_BOUND('',#5473,.T.);
#5475=FACETED_PRIMITIVE_FACE('',(#5474));
#5476=POLY_LOOP('',(#2415,#2265,#2266));
#5477=FACE_OUTER_BOUND('',#5476,.T.);
#5478=FACETED_PRIMITIVE_FACE('',(#5477));
#5479=POLY_LOOP('',(#2432,#2287,#2439));
#5480=FACE_OUTER_BOUND('',#5479,.T.);
#5481=FACETED_PRIMITIVE_FACE('',(#5480));
#5482=POLY_LOOP('',(#2432,#2286,#2287));
#5483=FACE_OUTER_BOUND('',#5482,.T.);
#5484=FACETED_PRIMITIVE_FACE('',(#5483));
#5485=POLY_LOOP('',(#2425,#2415,#2266));
#5486=FACE_OUTER_BOUND('',#5485,.T.);
#5487=FACETED_PRIMITIVE_FACE('',(#5486));
#5488=POLY_LOOP('',(#2425,#2286,#2432));
#5489=FACE_OUTER_BOUND('',#5488,.T.);
#5490=FACETED_PRIMITIVE_FACE('',(#5489));
#5491=POLY_LOOP('',(#2425,#2279,#2286));
#5492=FACE_OUTER_BOUND('',#5491,.T.);
#5493=FACETED_PRIMITIVE_FACE('',(#5492));
#5494=POLY_LOOP('',(#2425,#2266,#2279));
#5495=FACE_OUTER_BOUND('',#5494,.T.);
#5496=FACETED_PRIMITIVE_FACE('',(#5495));
#5497=POLY_LOOP('',(#2254,#2007,#5280));
#5498=FACE_OUTER_BOUND('',#5497,.T.);
#5499=FACETED_PRIMITIVE_FACE('',(#5498));
#5502=POLY_LOOP('',(#2254,#5500,#5501));
#5503=FACE_OUTER_BOUND('',#5502,.T.);
#5504=FACETED_PRIMITIVE_FACE('',(#5503));
#5505=POLY_LOOP('',(#2254,#5280,#5500));
#5506=FACE_OUTER_BOUND('',#5505,.T.);
#5507=FACETED_PRIMITIVE_FACE('',(#5506));
#5508=POLY_LOOP('',(#2258,#2254,#5501));
#5509=FACE_OUTER_BOUND('',#5508,.T.);
#5510=FACETED_PRIMITIVE_FACE('',(#5509));
#5512=POLY_LOOP('',(#2265,#5501,#5511));
#5513=FACE_OUTER_BOUND('',#5512,.T.);
#5514=FACETED_PRIMITIVE_FACE('',(#5513));
#5515=POLY_LOOP('',(#2265,#2258,#5501));
#5516=FACE_OUTER_BOUND('',#5515,.T.);
#5517=FACETED_PRIMITIVE_FACE('',(#5516));
#5520=POLY_LOOP('',(#2266,#5518,#5519));
#5521=FACE_OUTER_BOUND('',#5520,.T.);
#5522=FACETED_PRIMITIVE_FACE('',(#5521));
#5523=POLY_LOOP('',(#2266,#5511,#5518));
#5524=FACE_OUTER_BOUND('',#5523,.T.);
#5525=FACETED_PRIMITIVE_FACE('',(#5524));
#5526=POLY_LOOP('',(#2266,#2265,#5511));
#5527=FACE_OUTER_BOUND('',#5526,.T.);
#5528=FACETED_PRIMITIVE_FACE('',(#5527));
#5529=POLY_LOOP('',(#2279,#2266,#5519));
#5530=FACE_OUTER_BOUND('',#5529,.T.);
#5531=FACETED_PRIMITIVE_FACE('',(#5530));
#5533=POLY_LOOP('',(#2286,#5519,#5532));
#5534=FACE_OUTER_BOUND('',#5533,.T.);
#5535=FACETED_PRIMITIVE_FACE('',(#5534));
#5536=POLY_LOOP('',(#2286,#2279,#5519));
#5537=FACE_OUTER_BOUND('',#5536,.T.);
#5538=FACETED_PRIMITIVE_FACE('',(#5537));
#5541=POLY_LOOP('',(#2287,#5539,#5540));
#5542=FACE_OUTER_BOUND('',#5541,.T.);
#5543=FACETED_PRIMITIVE_FACE('',(#5542));
#5544=POLY_LOOP('',(#2287,#5532,#5539));
#5545=FACE_OUTER_BOUND('',#5544,.T.);
#5546=FACETED_PRIMITIVE_FACE('',(#5545));
#5547=POLY_LOOP('',(#2287,#2286,#5532));
#5548=FACE_OUTER_BOUND('',#5547,.T.);
#5549=FACETED_PRIMITIVE_FACE('',(#5548));
#5550=POLY_LOOP('',(#2300,#2287,#5540));
#5551=FACE_OUTER_BOUND('',#5550,.T.);
#5552=FACETED_PRIMITIVE_FACE('',(#5551));
#5554=POLY_LOOP('',(#2307,#5540,#5553));
#5555=FACE_OUTER_BOUND('',#5554,.T.);
#5556=FACETED_PRIMITIVE_FACE('',(#5555));
#5557=POLY_LOOP('',(#2307,#2300,#5540));
#5558=FACE_OUTER_BOUND('',#5557,.T.);
#5559=FACETED_PRIMITIVE_FACE('',(#5558));
#5561=POLY_LOOP('',(#2314,#5553,#5560));
#5562=FACE_OUTER_BOUND('',#5561,.T.);
#5563=FACETED_PRIMITIVE_FACE('',(#5562));
#5564=POLY_LOOP('',(#2314,#2307,#5553));
#5565=FACE_OUTER_BOUND('',#5564,.T.);
#5566=FACETED_PRIMITIVE_FACE('',(#5565));
#5568=POLY_LOOP('',(#2321,#5560,#5567));
#5569=FACE_OUTER_BOUND('',#5568,.T.);
#5570=FACETED_PRIMITIVE_FACE('',(#5569));
#5571=POLY_LOOP('',(#2321,#2314,#5560));
#5572=FACE_OUTER_BOUND('',#5571,.T.);
#5573=FACETED_PRIMITIVE_FACE('',(#5572));
#5576=POLY_LOOP('',(#2328,#5574,#5575));
#5577=FACE_OUTER_BOUND('',#5576,.T.);
#5578=FACETED_PRIMITIVE_FACE('',(#5577));
#5579=POLY_LOOP('',(#2328,#5567,#5574));
#5580=FACE_OUTER_BOUND('',#5579,.T.);
#5581=FACETED_PRIMITIVE_FACE('',(#5580));
#5582=POLY_LOOP('',(#2328,#2321,#5567));
#5583=FACE_OUTER_BOUND('',#5582,.T.);
#5584=FACETED_PRIMITIVE_FACE('',(#5583));
#5585=POLY_LOOP('',(#2338,#2328,#5575));
#5586=FACE_OUTER_BOUND('',#5585,.T.);
#5587=FACETED_PRIMITIVE_FACE('',(#5586));
#5588=POLY_LOOP('',(#2345,#2338,#5575));
#5589=FACE_OUTER_BOUND('',#5588,.T.);
#5590=FACETED_PRIMITIVE_FACE('',(#5589));
#5592=POLY_LOOP('',(#2345,#5575,#5591));
#5593=FACE_OUTER_BOUND('',#5592,.T.);
#5594=FACETED_PRIMITIVE_FACE('',(#5593));
#5596=POLY_LOOP('',(#2346,#5591,#5595));
#5597=FACE_OUTER_BOUND('',#5596,.T.);
#5598=FACETED_PRIMITIVE_FACE('',(#5597));
#5599=POLY_LOOP('',(#2346,#2345,#5591));
#5600=FACE_OUTER_BOUND('',#5599,.T.);
#5601=FACETED_PRIMITIVE_FACE('',(#5600));
#5604=POLY_LOOP('',(#2356,#5602,#5603));
#5605=FACE_OUTER_BOUND('',#5604,.T.);
#5606=FACETED_PRIMITIVE_FACE('',(#5605));
#5607=POLY_LOOP('',(#2356,#5595,#5602));
#5608=FACE_OUTER_BOUND('',#5607,.T.);
#5609=FACETED_PRIMITIVE_FACE('',(#5608));
#5610=POLY_LOOP('',(#2356,#2346,#5595));
#5611=FACE_OUTER_BOUND('',#5610,.T.);
#5612=FACETED_PRIMITIVE_FACE('',(#5611));
#5613=POLY_LOOP('',(#2357,#2356,#5603));
#5614=FACE_OUTER_BOUND('',#5613,.T.);
#5615=FACETED_PRIMITIVE_FACE('',(#5614));
#5618=POLY_LOOP('',(#2370,#5616,#5617));
#5619=FACE_OUTER_BOUND('',#5618,.T.);
#5620=FACETED_PRIMITIVE_FACE('',(#5619));
#5621=POLY_LOOP('',(#2370,#5603,#5616));
#5622=FACE_OUTER_BOUND('',#5621,.T.);
#5623=FACETED_PRIMITIVE_FACE('',(#5622));
#5624=POLY_LOOP('',(#2370,#2357,#5603));
#5625=FACE_OUTER_BOUND('',#5624,.T.);
#5626=FACETED_PRIMITIVE_FACE('',(#5625));
#5627=POLY_LOOP('',(#2371,#2370,#5617));
#5628=FACE_OUTER_BOUND('',#5627,.T.);
#5629=FACETED_PRIMITIVE_FACE('',(#5628));
#5631=POLY_LOOP('',(#2384,#5617,#5630));
#5632=FACE_OUTER_BOUND('',#5631,.T.);
#5633=FACETED_PRIMITIVE_FACE('',(#5632));
#5634=POLY_LOOP('',(#2384,#2371,#5617));
#5635=FACE_OUTER_BOUND('',#5634,.T.);
#5636=FACETED_PRIMITIVE_FACE('',(#5635));
#5637=POLY_LOOP('',(#1743,#5630,#5017));
#5638=FACE_OUTER_BOUND('',#5637,.T.);
#5639=FACETED_PRIMITIVE_FACE('',(#5638));
#5640=POLY_LOOP('',(#1743,#2384,#5630));
#5641=FACE_OUTER_BOUND('',#5640,.T.);
#5642=FACETED_PRIMITIVE_FACE('',(#5641));
#5644=POLY_LOOP('',(#5280,#5273,#5643));
#5645=FACE_OUTER_BOUND('',#5644,.T.);
#5646=FACETED_PRIMITIVE_FACE('',(#5645));
#5648=POLY_LOOP('',(#5500,#5643,#5647));
#5649=FACE_OUTER_BOUND('',#5648,.T.);
#5650=FACETED_PRIMITIVE_FACE('',(#5649));
#5651=POLY_LOOP('',(#5500,#5280,#5643));
#5652=FACE_OUTER_BOUND('',#5651,.T.);
#5653=FACETED_PRIMITIVE_FACE('',(#5652));
#5655=POLY_LOOP('',(#5501,#5647,#5654));
#5656=FACE_OUTER_BOUND('',#5655,.T.);
#5657=FACETED_PRIMITIVE_FACE('',(#5656));
#5658=POLY_LOOP('',(#5501,#5500,#5647));
#5659=FACE_OUTER_BOUND('',#5658,.T.);
#5660=FACETED_PRIMITIVE_FACE('',(#5659));
#5662=POLY_LOOP('',(#5511,#5654,#5661));
#5663=FACE_OUTER_BOUND('',#5662,.T.);
#5664=FACETED_PRIMITIVE_FACE('',(#5663));
#5665=POLY_LOOP('',(#5511,#5501,#5654));
#5666=FACE_OUTER_BOUND('',#5665,.T.);
#5667=FACETED_PRIMITIVE_FACE('',(#5666));
#5668=POLY_LOOP('',(#5518,#5511,#5661));
#5669=FACE_OUTER_BOUND('',#5668,.T.);
#5670=FACETED_PRIMITIVE_FACE('',(#5669));
#5672=POLY_LOOP('',(#5671,#5518,#5661));
#5673=FACE_OUTER_BOUND('',#5672,.T.);
#5674=FACETED_PRIMITIVE_FACE('',(#5673));
#5675=POLY_LOOP('',(#5519,#5518,#5671));
#5676=FACE_OUTER_BOUND('',#5675,.T.);
#5677=FACETED_PRIMITIVE_FACE('',(#5676));
#5679=POLY_LOOP('',(#5678,#5532,#5519));
#5680=FACE_OUTER_BOUND('',#5679,.T.);
#5681=FACETED_PRIMITIVE_FACE('',(#5680));
#5682=POLY_LOOP('',(#5678,#5519,#5671));
#5683=FACE_OUTER_BOUND('',#5682,.T.);
#5684=FACETED_PRIMITIVE_FACE('',(#5683));
#5686=POLY_LOOP('',(#5685,#5539,#5532));
#5687=FACE_OUTER_BOUND('',#5686,.T.);
#5688=FACETED_PRIMITIVE_FACE('',(#5687));
#5689=POLY_LOOP('',(#5685,#5532,#5678));
#5690=FACE_OUTER_BOUND('',#5689,.T.);
#5691=FACETED_PRIMITIVE_FACE('',(#5690));
#5693=POLY_LOOP('',(#5692,#5540,#5539));
#5694=FACE_OUTER_BOUND('',#5693,.T.);
#5695=FACETED_PRIMITIVE_FACE('',(#5694));
#5696=POLY_LOOP('',(#5692,#5539,#5685));
#5697=FACE_OUTER_BOUND('',#5696,.T.);
#5698=FACETED_PRIMITIVE_FACE('',(#5697));
#5700=POLY_LOOP('',(#5699,#5540,#5692));
#5701=FACE_OUTER_BOUND('',#5700,.T.);
#5702=FACETED_PRIMITIVE_FACE('',(#5701));
#5703=POLY_LOOP('',(#5699,#5560,#5553));
#5704=FACE_OUTER_BOUND('',#5703,.T.);
#5705=FACETED_PRIMITIVE_FACE('',(#5704));
#5706=POLY_LOOP('',(#5699,#5553,#5540));
#5707=FACE_OUTER_BOUND('',#5706,.T.);
#5708=FACETED_PRIMITIVE_FACE('',(#5707));
#5710=POLY_LOOP('',(#5709,#5560,#5699));
#5711=FACE_OUTER_BOUND('',#5710,.T.);
#5712=FACETED_PRIMITIVE_FACE('',(#5711));
#5713=POLY_LOOP('',(#5709,#5567,#5560));
#5714=FACE_OUTER_BOUND('',#5713,.T.);
#5715=FACETED_PRIMITIVE_FACE('',(#5714));
#5717=POLY_LOOP('',(#5716,#5567,#5709));
#5718=FACE_OUTER_BOUND('',#5717,.T.);
#5719=FACETED_PRIMITIVE_FACE('',(#5718));
#5721=POLY_LOOP('',(#5720,#5017,#5630));
#5722=FACE_OUTER_BOUND('',#5721,.T.);
#5723=FACETED_PRIMITIVE_FACE('',(#5722));
#5724=POLY_LOOP('',(#5720,#5007,#5017));
#5725=FACE_OUTER_BOUND('',#5724,.T.);
#5726=FACETED_PRIMITIVE_FACE('',(#5725));
#5728=POLY_LOOP('',(#5727,#5574,#5567));
#5729=FACE_OUTER_BOUND('',#5728,.T.);
#5730=FACETED_PRIMITIVE_FACE('',(#5729));
#5731=POLY_LOOP('',(#5727,#5567,#5716));
#5732=FACE_OUTER_BOUND('',#5731,.T.);
#5733=FACETED_PRIMITIVE_FACE('',(#5732));
#5735=POLY_LOOP('',(#5734,#5630,#5617));
#5736=FACE_OUTER_BOUND('',#5735,.T.);
#5737=FACETED_PRIMITIVE_FACE('',(#5736));
#5738=POLY_LOOP('',(#5734,#5720,#5630));
#5739=FACE_OUTER_BOUND('',#5738,.T.);
#5740=FACETED_PRIMITIVE_FACE('',(#5739));
#5742=POLY_LOOP('',(#5741,#5574,#5727));
#5743=FACE_OUTER_BOUND('',#5742,.T.);
#5744=FACETED_PRIMITIVE_FACE('',(#5743));
#5745=POLY_LOOP('',(#5741,#5591,#5575));
#5746=FACE_OUTER_BOUND('',#5745,.T.);
#5747=FACETED_PRIMITIVE_FACE('',(#5746));
#5748=POLY_LOOP('',(#5741,#5575,#5574));
#5749=FACE_OUTER_BOUND('',#5748,.T.);
#5750=FACETED_PRIMITIVE_FACE('',(#5749));
#5752=POLY_LOOP('',(#5751,#5734,#5617));
#5753=FACE_OUTER_BOUND('',#5752,.T.);
#5754=FACETED_PRIMITIVE_FACE('',(#5753));
#5755=POLY_LOOP('',(#5751,#5617,#5616));
#5756=FACE_OUTER_BOUND('',#5755,.T.);
#5757=FACETED_PRIMITIVE_FACE('',(#5756));
#5759=POLY_LOOP('',(#5758,#5591,#5741));
#5760=FACE_OUTER_BOUND('',#5759,.T.);
#5761=FACETED_PRIMITIVE_FACE('',(#5760));
#5763=POLY_LOOP('',(#5762,#5616,#5603));
#5764=FACE_OUTER_BOUND('',#5763,.T.);
#5765=FACETED_PRIMITIVE_FACE('',(#5764));
#5766=POLY_LOOP('',(#5762,#5603,#5602));
#5767=FACE_OUTER_BOUND('',#5766,.T.);
#5768=FACETED_PRIMITIVE_FACE('',(#5767));
#5769=POLY_LOOP('',(#5762,#5751,#5616));
#5770=FACE_OUTER_BOUND('',#5769,.T.);
#5771=FACETED_PRIMITIVE_FACE('',(#5770));
#5773=POLY_LOOP('',(#5772,#5595,#5591));
#5774=FACE_OUTER_BOUND('',#5773,.T.);
#5775=FACETED_PRIMITIVE_FACE('',(#5774));
#5776=POLY_LOOP('',(#5772,#5591,#5758));
#5777=FACE_OUTER_BOUND('',#5776,.T.);
#5778=FACETED_PRIMITIVE_FACE('',(#5777));
#5780=POLY_LOOP('',(#5779,#5602,#5595));
#5781=FACE_OUTER_BOUND('',#5780,.T.);
#5782=FACETED_PRIMITIVE_FACE('',(#5781));
#5783=POLY_LOOP('',(#5779,#5595,#5772));
#5784=FACE_OUTER_BOUND('',#5783,.T.);
#5785=FACETED_PRIMITIVE_FACE('',(#5784));
#5786=POLY_LOOP('',(#5779,#5762,#5602));
#5787=FACE_OUTER_BOUND('',#5786,.T.);
#5788=FACETED_PRIMITIVE_FACE('',(#5787));
#5789=POLY_LOOP('',(#5643,#5273,#5291));
#5790=FACE_OUTER_BOUND('',#5789,.T.);
#5791=FACETED_PRIMITIVE_FACE('',(#5790));
#5792=POLY_LOOP('',(#5643,#5291,#5298));
#5793=FACE_OUTER_BOUND('',#5792,.T.);
#5794=FACETED_PRIMITIVE_FACE('',(#5793));
#5795=POLY_LOOP('',(#5312,#5643,#5298));
#5796=FACE_OUTER_BOUND('',#5795,.T.);
#5797=FACETED_PRIMITIVE_FACE('',(#5796));
#5798=POLY_LOOP('',(#5326,#5643,#5312));
#5799=FACE_OUTER_BOUND('',#5798,.T.);
#5800=FACETED_PRIMITIVE_FACE('',(#5799));
#5801=POLY_LOOP('',(#5647,#5643,#5326));
#5802=FACE_OUTER_BOUND('',#5801,.T.);
#5803=FACETED_PRIMITIVE_FACE('',(#5802));
#5804=POLY_LOOP('',(#5647,#5326,#5330));
#5805=FACE_OUTER_BOUND('',#5804,.T.);
#5806=FACETED_PRIMITIVE_FACE('',(#5805));
#5808=POLY_LOOP('',(#5807,#5169,#5168));
#5809=FACE_OUTER_BOUND('',#5808,.T.);
#5810=FACETED_PRIMITIVE_FACE('',(#5809));
#5811=POLY_LOOP('',(#5000,#5007,#5720));
#5812=FACE_OUTER_BOUND('',#5811,.T.);
#5813=FACETED_PRIMITIVE_FACE('',(#5812));
#5814=POLY_LOOP('',(#4993,#5000,#5720));
#5815=FACE_OUTER_BOUND('',#5814,.T.);
#5816=FACETED_PRIMITIVE_FACE('',(#5815));
#5817=POLY_LOOP('',(#4986,#4993,#5720));
#5818=FACE_OUTER_BOUND('',#5817,.T.);
#5819=FACETED_PRIMITIVE_FACE('',(#5818));
#5820=POLY_LOOP('',(#4982,#4986,#5720));
#5821=FACE_OUTER_BOUND('',#5820,.T.);
#5822=FACETED_PRIMITIVE_FACE('',(#5821));
#5823=POLY_LOOP('',(#4982,#5720,#5734));
#5824=FACE_OUTER_BOUND('',#5823,.T.);
#5825=FACETED_PRIMITIVE_FACE('',(#5824));
#5828=POLY_LOOP('',(#5826,#4857,#5827));
#5829=FACE_OUTER_BOUND('',#5828,.T.);
#5830=FACETED_PRIMITIVE_FACE('',(#5829));
#5831=POLY_LOOP('',(#4875,#4857,#5826));
#5832=FACE_OUTER_BOUND('',#5831,.T.);
#5833=FACETED_PRIMITIVE_FACE('',(#5832));
#5834=POLY_LOOP('',(#4892,#4875,#5826));
#5835=FACE_OUTER_BOUND('',#5834,.T.);
#5836=FACETED_PRIMITIVE_FACE('',(#5835));
#5837=POLY_LOOP('',(#4909,#4892,#5826));
#5838=FACE_OUTER_BOUND('',#5837,.T.);
#5839=FACETED_PRIMITIVE_FACE('',(#5838));
#5841=POLY_LOOP('',(#5840,#5654,#5647));
#5842=FACE_OUTER_BOUND('',#5841,.T.);
#5843=FACETED_PRIMITIVE_FACE('',(#5842));
#5844=POLY_LOOP('',(#5840,#5661,#5654));
#5845=FACE_OUTER_BOUND('',#5844,.T.);
#5846=FACETED_PRIMITIVE_FACE('',(#5845));
#5847=POLY_LOOP('',(#5840,#5671,#5661));
#5848=FACE_OUTER_BOUND('',#5847,.T.);
#5849=FACETED_PRIMITIVE_FACE('',(#5848));
#5850=POLY_LOOP('',(#5840,#5678,#5671));
#5851=FACE_OUTER_BOUND('',#5850,.T.);
#5852=FACETED_PRIMITIVE_FACE('',(#5851));
#5854=POLY_LOOP('',(#5853,#5840,#5647));
#5855=FACE_OUTER_BOUND('',#5854,.T.);
#5856=FACETED_PRIMITIVE_FACE('',(#5855));
#5857=POLY_LOOP('',(#5853,#5647,#5330));
#5858=FACE_OUTER_BOUND('',#5857,.T.);
#5859=FACETED_PRIMITIVE_FACE('',(#5858));
#5860=POLY_LOOP('',(#5853,#5678,#5840));
#5861=FACE_OUTER_BOUND('',#5860,.T.);
#5862=FACETED_PRIMITIVE_FACE('',(#5861));
#5863=POLY_LOOP('',(#5853,#5330,#5344));
#5864=FACE_OUTER_BOUND('',#5863,.T.);
#5865=FACETED_PRIMITIVE_FACE('',(#5864));
#5867=POLY_LOOP('',(#5866,#5853,#5344));
#5868=FACE_OUTER_BOUND('',#5867,.T.);
#5869=FACETED_PRIMITIVE_FACE('',(#5868));
#5871=POLY_LOOP('',(#5870,#5685,#5678));
#5872=FACE_OUTER_BOUND('',#5871,.T.);
#5873=FACETED_PRIMITIVE_FACE('',(#5872));
#5874=POLY_LOOP('',(#5870,#5692,#5685));
#5875=FACE_OUTER_BOUND('',#5874,.T.);
#5876=FACETED_PRIMITIVE_FACE('',(#5875));
#5877=POLY_LOOP('',(#5870,#5699,#5692));
#5878=FACE_OUTER_BOUND('',#5877,.T.);
#5879=FACETED_PRIMITIVE_FACE('',(#5878));
#5880=POLY_LOOP('',(#5870,#5709,#5699));
#5881=FACE_OUTER_BOUND('',#5880,.T.);
#5882=FACETED_PRIMITIVE_FACE('',(#5881));
#5884=POLY_LOOP('',(#5883,#5678,#5853));
#5885=FACE_OUTER_BOUND('',#5884,.T.);
#5886=FACETED_PRIMITIVE_FACE('',(#5885));
#5887=POLY_LOOP('',(#5883,#5870,#5678));
#5888=FACE_OUTER_BOUND('',#5887,.T.);
#5889=FACETED_PRIMITIVE_FACE('',(#5888));
#5890=POLY_LOOP('',(#5883,#5709,#5870));
#5891=FACE_OUTER_BOUND('',#5890,.T.);
#5892=FACETED_PRIMITIVE_FACE('',(#5891));
#5894=POLY_LOOP('',(#5893,#5883,#5853));
#5895=FACE_OUTER_BOUND('',#5894,.T.);
#5896=FACETED_PRIMITIVE_FACE('',(#5895));
#5897=POLY_LOOP('',(#5893,#5853,#5866));
#5898=FACE_OUTER_BOUND('',#5897,.T.);
#5899=FACETED_PRIMITIVE_FACE('',(#5898));
#5901=POLY_LOOP('',(#5900,#5716,#5709));
#5902=FACE_OUTER_BOUND('',#5901,.T.);
#5903=FACETED_PRIMITIVE_FACE('',(#5902));
#5904=POLY_LOOP('',(#5900,#5727,#5716));
#5905=FACE_OUTER_BOUND('',#5904,.T.);
#5906=FACETED_PRIMITIVE_FACE('',(#5905));
#5907=POLY_LOOP('',(#5900,#5741,#5727));
#5908=FACE_OUTER_BOUND('',#5907,.T.);
#5909=FACETED_PRIMITIVE_FACE('',(#5908));
#5910=POLY_LOOP('',(#5900,#5758,#5741));
#5911=FACE_OUTER_BOUND('',#5910,.T.);
#5912=FACETED_PRIMITIVE_FACE('',(#5911));
#5914=POLY_LOOP('',(#5913,#5227,#5220));
#5915=FACE_OUTER_BOUND('',#5914,.T.);
#5916=FACETED_PRIMITIVE_FACE('',(#5915));
#5918=POLY_LOOP('',(#5917,#5709,#5883));
#5919=FACE_OUTER_BOUND('',#5918,.T.);
#5920=FACETED_PRIMITIVE_FACE('',(#5919));
#5921=POLY_LOOP('',(#5917,#5900,#5709));
#5922=FACE_OUTER_BOUND('',#5921,.T.);
#5923=FACETED_PRIMITIVE_FACE('',(#5922));
#5924=POLY_LOOP('',(#5917,#5883,#5893));
#5925=FACE_OUTER_BOUND('',#5924,.T.);
#5926=FACETED_PRIMITIVE_FACE('',(#5925));
#5927=POLY_LOOP('',(#5917,#5758,#5900));
#5928=FACE_OUTER_BOUND('',#5927,.T.);
#5929=FACETED_PRIMITIVE_FACE('',(#5928));
#5931=POLY_LOOP('',(#5930,#5913,#5220));
#5932=FACE_OUTER_BOUND('',#5931,.T.);
#5933=FACETED_PRIMITIVE_FACE('',(#5932));
#5934=POLY_LOOP('',(#5930,#5220,#5213));
#5935=FACE_OUTER_BOUND('',#5934,.T.);
#5936=FACETED_PRIMITIVE_FACE('',(#5935));
#5938=POLY_LOOP('',(#5937,#5917,#5893));
#5939=FACE_OUTER_BOUND('',#5938,.T.);
#5940=FACETED_PRIMITIVE_FACE('',(#5939));
#5944=POLY_LOOP('',(#5941,#5942,#5943));
#5945=FACE_OUTER_BOUND('',#5944,.T.);
#5946=FACETED_PRIMITIVE_FACE('',(#5945));
#5949=POLY_LOOP('',(#5941,#5947,#5948));
#5950=FACE_OUTER_BOUND('',#5949,.T.);
#5951=FACETED_PRIMITIVE_FACE('',(#5950));
#5954=POLY_LOOP('',(#5952,#5943,#5953));
#5955=FACE_OUTER_BOUND('',#5954,.T.);
#5956=FACETED_PRIMITIVE_FACE('',(#5955));
#5957=POLY_LOOP('',(#5952,#5953,#5947));
#5958=FACE_OUTER_BOUND('',#5957,.T.);
#5959=FACETED_PRIMITIVE_FACE('',(#5958));
#5960=POLY_LOOP('',(#5952,#5941,#5943));
#5961=FACE_OUTER_BOUND('',#5960,.T.);
#5962=FACETED_PRIMITIVE_FACE('',(#5961));
#5963=POLY_LOOP('',(#5952,#5947,#5941));
#5964=FACE_OUTER_BOUND('',#5963,.T.);
#5965=FACETED_PRIMITIVE_FACE('',(#5964));
#5967=POLY_LOOP('',(#5966,#5772,#5758));
#5968=FACE_OUTER_BOUND('',#5967,.T.);
#5969=FACETED_PRIMITIVE_FACE('',(#5968));
#5970=POLY_LOOP('',(#5966,#5779,#5772));
#5971=FACE_OUTER_BOUND('',#5970,.T.);
#5972=FACETED_PRIMITIVE_FACE('',(#5971));
#5973=POLY_LOOP('',(#5966,#5762,#5779));
#5974=FACE_OUTER_BOUND('',#5973,.T.);
#5975=FACETED_PRIMITIVE_FACE('',(#5974));
#5977=POLY_LOOP('',(#5976,#5758,#5917));
#5978=FACE_OUTER_BOUND('',#5977,.T.);
#5979=FACETED_PRIMITIVE_FACE('',(#5978));
#5980=POLY_LOOP('',(#5976,#5966,#5758));
#5981=FACE_OUTER_BOUND('',#5980,.T.);
#5982=FACETED_PRIMITIVE_FACE('',(#5981));
#5983=POLY_LOOP('',(#5976,#5917,#5937));
#5984=FACE_OUTER_BOUND('',#5983,.T.);
#5985=FACETED_PRIMITIVE_FACE('',(#5984));
#5987=POLY_LOOP('',(#5986,#5976,#5937));
#5988=FACE_OUTER_BOUND('',#5987,.T.);
#5989=FACETED_PRIMITIVE_FACE('',(#5988));
#5992=POLY_LOOP('',(#5990,#5991,#5930));
#5993=FACE_OUTER_BOUND('',#5992,.T.);
#5994=FACETED_PRIMITIVE_FACE('',(#5993));
#5995=POLY_LOOP('',(#5990,#5930,#5941));
#5996=FACE_OUTER_BOUND('',#5995,.T.);
#5997=FACETED_PRIMITIVE_FACE('',(#5996));
#5999=POLY_LOOP('',(#5990,#5948,#5998));
#6000=FACE_OUTER_BOUND('',#5999,.T.);
#6001=FACETED_PRIMITIVE_FACE('',(#6000));
#6004=POLY_LOOP('',(#5990,#6002,#6003));
#6005=FACE_OUTER_BOUND('',#6004,.T.);
#6006=FACETED_PRIMITIVE_FACE('',(#6005));
#6007=POLY_LOOP('',(#5990,#5941,#5948));
#6008=FACE_OUTER_BOUND('',#6007,.T.);
#6009=FACETED_PRIMITIVE_FACE('',(#6008));
#6011=POLY_LOOP('',(#6010,#5751,#5762));
#6012=FACE_OUTER_BOUND('',#6011,.T.);
#6013=FACETED_PRIMITIVE_FACE('',(#6012));
#6014=POLY_LOOP('',(#6010,#5734,#5751));
#6015=FACE_OUTER_BOUND('',#6014,.T.);
#6016=FACETED_PRIMITIVE_FACE('',(#6015));
#6017=POLY_LOOP('',(#6010,#4982,#5734));
#6018=FACE_OUTER_BOUND('',#6017,.T.);
#6019=FACETED_PRIMITIVE_FACE('',(#6018));
#6020=POLY_LOOP('',(#6010,#5762,#5966));
#6021=FACE_OUTER_BOUND('',#6020,.T.);
#6022=FACETED_PRIMITIVE_FACE('',(#6021));
#6024=POLY_LOOP('',(#6023,#5966,#5976));
#6025=FACE_OUTER_BOUND('',#6024,.T.);
#6026=FACETED_PRIMITIVE_FACE('',(#6025));
#6027=POLY_LOOP('',(#6023,#4975,#4982));
#6028=FACE_OUTER_BOUND('',#6027,.T.);
#6029=FACETED_PRIMITIVE_FACE('',(#6028));
#6030=POLY_LOOP('',(#6023,#4968,#4975));
#6031=FACE_OUTER_BOUND('',#6030,.T.);
#6032=FACETED_PRIMITIVE_FACE('',(#6031));
#6033=POLY_LOOP('',(#6023,#6010,#5966));
#6034=FACE_OUTER_BOUND('',#6033,.T.);
#6035=FACETED_PRIMITIVE_FACE('',(#6034));
#6036=POLY_LOOP('',(#6023,#4982,#6010));
#6037=FACE_OUTER_BOUND('',#6036,.T.);
#6038=FACETED_PRIMITIVE_FACE('',(#6037));
#6040=POLY_LOOP('',(#6039,#5990,#5998));
#6041=FACE_OUTER_BOUND('',#6040,.T.);
#6042=FACETED_PRIMITIVE_FACE('',(#6041));
#6044=POLY_LOOP('',(#6039,#5998,#6043));
#6045=FACE_OUTER_BOUND('',#6044,.T.);
#6046=FACETED_PRIMITIVE_FACE('',(#6045));
#6047=POLY_LOOP('',(#6039,#6043,#6002));
#6048=FACE_OUTER_BOUND('',#6047,.T.);
#6049=FACETED_PRIMITIVE_FACE('',(#6048));
#6050=POLY_LOOP('',(#6039,#6002,#5990));
#6051=FACE_OUTER_BOUND('',#6050,.T.);
#6052=FACETED_PRIMITIVE_FACE('',(#6051));
#6054=POLY_LOOP('',(#6053,#6023,#5976));
#6055=FACE_OUTER_BOUND('',#6054,.T.);
#6056=FACETED_PRIMITIVE_FACE('',(#6055));
#6057=POLY_LOOP('',(#6053,#4958,#4968));
#6058=FACE_OUTER_BOUND('',#6057,.T.);
#6059=FACETED_PRIMITIVE_FACE('',(#6058));
#6060=POLY_LOOP('',(#6053,#4944,#4958));
#6061=FACE_OUTER_BOUND('',#6060,.T.);
#6062=FACETED_PRIMITIVE_FACE('',(#6061));
#6063=POLY_LOOP('',(#6053,#4968,#6023));
#6064=FACE_OUTER_BOUND('',#6063,.T.);
#6065=FACETED_PRIMITIVE_FACE('',(#6064));
#6066=POLY_LOOP('',(#6053,#5976,#5986));
#6067=FACE_OUTER_BOUND('',#6066,.T.);
#6068=FACETED_PRIMITIVE_FACE('',(#6067));
#6072=POLY_LOOP('',(#6069,#6070,#6071));
#6073=FACE_OUTER_BOUND('',#6072,.T.);
#6074=FACETED_PRIMITIVE_FACE('',(#6073));
#6075=POLY_LOOP('',(#6069,#6053,#5986));
#6076=FACE_OUTER_BOUND('',#6075,.T.);
#6077=FACETED_PRIMITIVE_FACE('',(#6076));
#6078=POLY_LOOP('',(#6069,#4937,#4944));
#6079=FACE_OUTER_BOUND('',#6078,.T.);
#6080=FACETED_PRIMITIVE_FACE('',(#6079));
#6081=POLY_LOOP('',(#6069,#4927,#4937));
#6082=FACE_OUTER_BOUND('',#6081,.T.);
#6083=FACETED_PRIMITIVE_FACE('',(#6082));
#6084=POLY_LOOP('',(#6069,#5986,#6070));
#6085=FACE_OUTER_BOUND('',#6084,.T.);
#6086=FACETED_PRIMITIVE_FACE('',(#6085));
#6087=POLY_LOOP('',(#6069,#4944,#6053));
#6088=FACE_OUTER_BOUND('',#6087,.T.);
#6089=FACETED_PRIMITIVE_FACE('',(#6088));
#6091=POLY_LOOP('',(#6090,#5991,#5990));
#6092=FACE_OUTER_BOUND('',#6091,.T.);
#6093=FACETED_PRIMITIVE_FACE('',(#6092));
#6094=POLY_LOOP('',(#6090,#5990,#6003));
#6095=FACE_OUTER_BOUND('',#6094,.T.);
#6096=FACETED_PRIMITIVE_FACE('',(#6095));
#6098=POLY_LOOP('',(#6090,#6003,#6097));
#6099=FACE_OUTER_BOUND('',#6098,.T.);
#6100=FACETED_PRIMITIVE_FACE('',(#6099));
#6103=POLY_LOOP('',(#6090,#6101,#6102));
#6104=FACE_OUTER_BOUND('',#6103,.T.);
#6105=FACETED_PRIMITIVE_FACE('',(#6104));
#6107=POLY_LOOP('',(#6090,#6106,#5991));
#6108=FACE_OUTER_BOUND('',#6107,.T.);
#6109=FACETED_PRIMITIVE_FACE('',(#6108));
#6111=POLY_LOOP('',(#6110,#4927,#6069));
#6112=FACE_OUTER_BOUND('',#6111,.T.);
#6113=FACETED_PRIMITIVE_FACE('',(#6112));
#6114=POLY_LOOP('',(#6110,#6069,#6071));
#6115=FACE_OUTER_BOUND('',#6114,.T.);
#6116=FACETED_PRIMITIVE_FACE('',(#6115));
#6117=POLY_LOOP('',(#6110,#4920,#4927));
#6118=FACE_OUTER_BOUND('',#6117,.T.);
#6119=FACETED_PRIMITIVE_FACE('',(#6118));
#6120=POLY_LOOP('',(#6110,#4913,#4920));
#6121=FACE_OUTER_BOUND('',#6120,.T.);
#6122=FACETED_PRIMITIVE_FACE('',(#6121));
#6124=POLY_LOOP('',(#6123,#6090,#6097));
#6125=FACE_OUTER_BOUND('',#6124,.T.);
#6126=FACETED_PRIMITIVE_FACE('',(#6125));
#6127=POLY_LOOP('',(#6123,#6101,#6090));
#6128=FACE_OUTER_BOUND('',#6127,.T.);
#6129=FACETED_PRIMITIVE_FACE('',(#6128));
#6131=POLY_LOOP('',(#6123,#6097,#6130));
#6132=FACE_OUTER_BOUND('',#6131,.T.);
#6133=FACETED_PRIMITIVE_FACE('',(#6132));
#6134=POLY_LOOP('',(#6123,#6130,#6101));
#6135=FACE_OUTER_BOUND('',#6134,.T.);
#6136=FACETED_PRIMITIVE_FACE('',(#6135));
#6138=POLY_LOOP('',(#6137,#4899,#4913));
#6139=FACE_OUTER_BOUND('',#6138,.T.);
#6140=FACETED_PRIMITIVE_FACE('',(#6139));
#6141=POLY_LOOP('',(#6137,#4888,#4899));
#6142=FACE_OUTER_BOUND('',#6141,.T.);
#6143=FACETED_PRIMITIVE_FACE('',(#6142));
#6145=POLY_LOOP('',(#6137,#6071,#6144));
#6146=FACE_OUTER_BOUND('',#6145,.T.);
#6147=FACETED_PRIMITIVE_FACE('',(#6146));
#6148=POLY_LOOP('',(#6137,#4913,#6110));
#6149=FACE_OUTER_BOUND('',#6148,.T.);
#6150=FACETED_PRIMITIVE_FACE('',(#6149));
#6151=POLY_LOOP('',(#6137,#6110,#6071));
#6152=FACE_OUTER_BOUND('',#6151,.T.);
#6153=FACETED_PRIMITIVE_FACE('',(#6152));
#6155=POLY_LOOP('',(#6154,#4888,#6137));
#6156=FACE_OUTER_BOUND('',#6155,.T.);
#6157=FACETED_PRIMITIVE_FACE('',(#6156));
#6158=POLY_LOOP('',(#6154,#6137,#6144));
#6159=FACE_OUTER_BOUND('',#6158,.T.);
#6160=FACETED_PRIMITIVE_FACE('',(#6159));
#6161=POLY_LOOP('',(#6154,#4864,#4888));
#6162=FACE_OUTER_BOUND('',#6161,.T.);
#6163=FACETED_PRIMITIVE_FACE('',(#6162));
#6164=POLY_LOOP('',(#6154,#4865,#4864));
#6165=FACE_OUTER_BOUND('',#6164,.T.);
#6166=FACETED_PRIMITIVE_FACE('',(#6165));
#6168=POLY_LOOP('',(#6154,#6144,#6167));
#6169=FACE_OUTER_BOUND('',#6168,.T.);
#6170=FACETED_PRIMITIVE_FACE('',(#6169));
#6172=POLY_LOOP('',(#6154,#6167,#6171));
#6173=FACE_OUTER_BOUND('',#6172,.T.);
#6174=FACETED_PRIMITIVE_FACE('',(#6173));
#6176=POLY_LOOP('',(#6175,#4865,#6154));
#6177=FACE_OUTER_BOUND('',#6176,.T.);
#6178=FACETED_PRIMITIVE_FACE('',(#6177));
#6179=POLY_LOOP('',(#6175,#4850,#4865));
#6180=FACE_OUTER_BOUND('',#6179,.T.);
#6181=FACETED_PRIMITIVE_FACE('',(#6180));
#6182=POLY_LOOP('',(#6175,#4836,#4850));
#6183=FACE_OUTER_BOUND('',#6182,.T.);
#6184=FACETED_PRIMITIVE_FACE('',(#6183));
#6185=POLY_LOOP('',(#6175,#6154,#6171));
#6186=FACE_OUTER_BOUND('',#6185,.T.);
#6187=FACETED_PRIMITIVE_FACE('',(#6186));
#6189=POLY_LOOP('',(#6188,#6090,#6102));
#6190=FACE_OUTER_BOUND('',#6189,.T.);
#6191=FACETED_PRIMITIVE_FACE('',(#6190));
#6192=POLY_LOOP('',(#6188,#6106,#6090));
#6193=FACE_OUTER_BOUND('',#6192,.T.);
#6194=FACETED_PRIMITIVE_FACE('',(#6193));
#6196=POLY_LOOP('',(#6188,#6195,#6106));
#6197=FACE_OUTER_BOUND('',#6196,.T.);
#6198=FACETED_PRIMITIVE_FACE('',(#6197));
#6200=POLY_LOOP('',(#6188,#6102,#6199));
#6201=FACE_OUTER_BOUND('',#6200,.T.);
#6202=FACETED_PRIMITIVE_FACE('',(#6201));
#6204=POLY_LOOP('',(#6203,#4836,#6175));
#6205=FACE_OUTER_BOUND('',#6204,.T.);
#6206=FACETED_PRIMITIVE_FACE('',(#6205));
#6207=POLY_LOOP('',(#6203,#6175,#6171));
#6208=FACE_OUTER_BOUND('',#6207,.T.);
#6209=FACETED_PRIMITIVE_FACE('',(#6208));
#6210=POLY_LOOP('',(#6203,#4822,#4836));
#6211=FACE_OUTER_BOUND('',#6210,.T.);
#6212=FACETED_PRIMITIVE_FACE('',(#6211));
#6213=POLY_LOOP('',(#6203,#4817,#4822));
#6214=FACE_OUTER_BOUND('',#6213,.T.);
#6215=FACETED_PRIMITIVE_FACE('',(#6214));
#6217=POLY_LOOP('',(#6203,#6171,#6216));
#6218=FACE_OUTER_BOUND('',#6217,.T.);
#6219=FACETED_PRIMITIVE_FACE('',(#6218));
#6221=POLY_LOOP('',(#6220,#6188,#6199));
#6222=FACE_OUTER_BOUND('',#6221,.T.);
#6223=FACETED_PRIMITIVE_FACE('',(#6222));
#6225=POLY_LOOP('',(#6220,#6199,#6224));
#6226=FACE_OUTER_BOUND('',#6225,.T.);
#6227=FACETED_PRIMITIVE_FACE('',(#6226));
#6229=POLY_LOOP('',(#6220,#6224,#6228));
#6230=FACE_OUTER_BOUND('',#6229,.T.);
#6231=FACETED_PRIMITIVE_FACE('',(#6230));
#6233=POLY_LOOP('',(#6232,#6203,#6216));
#6234=FACE_OUTER_BOUND('',#6233,.T.);
#6235=FACETED_PRIMITIVE_FACE('',(#6234));
#6236=POLY_LOOP('',(#6232,#4817,#6203));
#6237=FACE_OUTER_BOUND('',#6236,.T.);
#6238=FACETED_PRIMITIVE_FACE('',(#6237));
#6239=POLY_LOOP('',(#6232,#6216,#6195));
#6240=FACE_OUTER_BOUND('',#6239,.T.);
#6241=FACETED_PRIMITIVE_FACE('',(#6240));
#6242=POLY_LOOP('',(#6232,#4818,#4817));
#6243=FACE_OUTER_BOUND('',#6242,.T.);
#6244=FACETED_PRIMITIVE_FACE('',(#6243));
#6245=POLY_LOOP('',(#6232,#4829,#4818));
#6246=FACE_OUTER_BOUND('',#6245,.T.);
#6247=FACETED_PRIMITIVE_FACE('',(#6246));
#6249=POLY_LOOP('',(#6248,#6195,#6188));
#6250=FACE_OUTER_BOUND('',#6249,.T.);
#6251=FACETED_PRIMITIVE_FACE('',(#6250));
#6252=POLY_LOOP('',(#6248,#4829,#6232));
#6253=FACE_OUTER_BOUND('',#6252,.T.);
#6254=FACETED_PRIMITIVE_FACE('',(#6253));
#6255=POLY_LOOP('',(#6248,#4843,#4829));
#6256=FACE_OUTER_BOUND('',#6255,.T.);
#6257=FACETED_PRIMITIVE_FACE('',(#6256));
#6258=POLY_LOOP('',(#6248,#4857,#4843));
#6259=FACE_OUTER_BOUND('',#6258,.T.);
#6260=FACETED_PRIMITIVE_FACE('',(#6259));
#6261=POLY_LOOP('',(#6248,#6232,#6195));
#6262=FACE_OUTER_BOUND('',#6261,.T.);
#6263=FACETED_PRIMITIVE_FACE('',(#6262));
#6264=POLY_LOOP('',(#6248,#5827,#4857));
#6265=FACE_OUTER_BOUND('',#6264,.T.);
#6266=FACETED_PRIMITIVE_FACE('',(#6265));
#6268=POLY_LOOP('',(#6267,#6188,#6220));
#6269=FACE_OUTER_BOUND('',#6268,.T.);
#6270=FACETED_PRIMITIVE_FACE('',(#6269));
#6271=POLY_LOOP('',(#6267,#6220,#6228));
#6272=FACE_OUTER_BOUND('',#6271,.T.);
#6273=FACETED_PRIMITIVE_FACE('',(#6272));
#6274=POLY_LOOP('',(#6267,#6248,#6188));
#6275=FACE_OUTER_BOUND('',#6274,.T.);
#6276=FACETED_PRIMITIVE_FACE('',(#6275));
#6277=POLY_LOOP('',(#6267,#5827,#6248));
#6278=FACE_OUTER_BOUND('',#6277,.T.);
#6279=FACETED_PRIMITIVE_FACE('',(#6278));
#6281=POLY_LOOP('',(#6267,#6228,#6280));
#6282=FACE_OUTER_BOUND('',#6281,.T.);
#6283=FACETED_PRIMITIVE_FACE('',(#6282));
#6284=POLY_LOOP('',(#6267,#6280,#5827));
#6285=FACE_OUTER_BOUND('',#6284,.T.);
#6286=FACETED_PRIMITIVE_FACE('',(#6285));
#6290=POLY_LOOP('',(#6287,#6288,#6289));
#6291=FACE_OUTER_BOUND('',#6290,.T.);
#6292=FACETED_PRIMITIVE_FACE('',(#6291));
#6293=POLY_LOOP('',(#6287,#5337,#5319));
#6294=FACE_OUTER_BOUND('',#6293,.T.);
#6295=FACETED_PRIMITIVE_FACE('',(#6294));
#6296=POLY_LOOP('',(#6287,#5319,#5305));
#6297=FACE_OUTER_BOUND('',#6296,.T.);
#6298=FACETED_PRIMITIVE_FACE('',(#6297));
#6299=POLY_LOOP('',(#6287,#5305,#5284));
#6300=FACE_OUTER_BOUND('',#6299,.T.);
#6301=FACETED_PRIMITIVE_FACE('',(#6300));
#6303=POLY_LOOP('',(#6302,#6288,#6287));
#6304=FACE_OUTER_BOUND('',#6303,.T.);
#6305=FACETED_PRIMITIVE_FACE('',(#6304));
#6306=POLY_LOOP('',(#6302,#5284,#5266));
#6307=FACE_OUTER_BOUND('',#6306,.T.);
#6308=FACETED_PRIMITIVE_FACE('',(#6307));
#6309=POLY_LOOP('',(#6302,#6287,#5284));
#6310=FACE_OUTER_BOUND('',#6309,.T.);
#6311=FACETED_PRIMITIVE_FACE('',(#6310));
#6314=POLY_LOOP('',(#6312,#6313,#6288));
#6315=FACE_OUTER_BOUND('',#6314,.T.);
#6316=FACETED_PRIMITIVE_FACE('',(#6315));
#6317=POLY_LOOP('',(#6312,#6288,#6302));
#6318=FACE_OUTER_BOUND('',#6317,.T.);
#6319=FACETED_PRIMITIVE_FACE('',(#6318));
#6320=POLY_LOOP('',(#6312,#6302,#5266));
#6321=FACE_OUTER_BOUND('',#6320,.T.);
#6322=FACETED_PRIMITIVE_FACE('',(#6321));
#6323=POLY_LOOP('',(#6312,#5266,#5259));
#6324=FACE_OUTER_BOUND('',#6323,.T.);
#6325=FACETED_PRIMITIVE_FACE('',(#6324));
#6327=POLY_LOOP('',(#6326,#5227,#5913));
#6328=FACE_OUTER_BOUND('',#6327,.T.);
#6329=FACETED_PRIMITIVE_FACE('',(#6328));
#6331=POLY_LOOP('',(#6326,#5913,#6330));
#6332=FACE_OUTER_BOUND('',#6331,.T.);
#6333=FACETED_PRIMITIVE_FACE('',(#6332));
#6334=POLY_LOOP('',(#6326,#6312,#5259));
#6335=FACE_OUTER_BOUND('',#6334,.T.);
#6336=FACETED_PRIMITIVE_FACE('',(#6335));
#6337=POLY_LOOP('',(#6326,#6313,#6312));
#6338=FACE_OUTER_BOUND('',#6337,.T.);
#6339=FACETED_PRIMITIVE_FACE('',(#6338));
#6340=POLY_LOOP('',(#6326,#6330,#6313));
#6341=FACE_OUTER_BOUND('',#6340,.T.);
#6342=FACETED_PRIMITIVE_FACE('',(#6341));
#6343=POLY_LOOP('',(#6326,#5259,#5252));
#6344=FACE_OUTER_BOUND('',#6343,.T.);
#6345=FACETED_PRIMITIVE_FACE('',(#6344));
#6346=POLY_LOOP('',(#6326,#5252,#5248));
#6347=FACE_OUTER_BOUND('',#6346,.T.);
#6348=FACETED_PRIMITIVE_FACE('',(#6347));
#6349=POLY_LOOP('',(#6326,#5248,#5241));
#6350=FACE_OUTER_BOUND('',#6349,.T.);
#6351=FACETED_PRIMITIVE_FACE('',(#6350));
#6352=POLY_LOOP('',(#6326,#5241,#5234));
#6353=FACE_OUTER_BOUND('',#6352,.T.);
#6354=FACETED_PRIMITIVE_FACE('',(#6353));
#6355=POLY_LOOP('',(#6326,#5234,#5227));
#6356=FACE_OUTER_BOUND('',#6355,.T.);
#6357=FACETED_PRIMITIVE_FACE('',(#6356));
#6359=POLY_LOOP('',(#6358,#5893,#5866));
#6360=FACE_OUTER_BOUND('',#6359,.T.);
#6361=FACETED_PRIMITIVE_FACE('',(#6360));
#6363=POLY_LOOP('',(#6358,#5866,#6362));
#6364=FACE_OUTER_BOUND('',#6363,.T.);
#6365=FACETED_PRIMITIVE_FACE('',(#6364));
#6367=POLY_LOOP('',(#6358,#6366,#5893));
#6368=FACE_OUTER_BOUND('',#6367,.T.);
#6369=FACETED_PRIMITIVE_FACE('',(#6368));
#6371=POLY_LOOP('',(#6358,#6370,#6366));
#6372=FACE_OUTER_BOUND('',#6371,.T.);
#6373=FACETED_PRIMITIVE_FACE('',(#6372));
#6374=POLY_LOOP('',(#6358,#6362,#6289));
#6375=FACE_OUTER_BOUND('',#6374,.T.);
#6376=FACETED_PRIMITIVE_FACE('',(#6375));
#6378=POLY_LOOP('',(#6377,#6370,#6358));
#6379=FACE_OUTER_BOUND('',#6378,.T.);
#6380=FACETED_PRIMITIVE_FACE('',(#6379));
#6381=POLY_LOOP('',(#6377,#6289,#6288));
#6382=FACE_OUTER_BOUND('',#6381,.T.);
#6383=FACETED_PRIMITIVE_FACE('',(#6382));
#6384=POLY_LOOP('',(#6377,#6358,#6289));
#6385=FACE_OUTER_BOUND('',#6384,.T.);
#6386=FACETED_PRIMITIVE_FACE('',(#6385));
#6388=POLY_LOOP('',(#6377,#6387,#6370));
#6389=FACE_OUTER_BOUND('',#6388,.T.);
#6390=FACETED_PRIMITIVE_FACE('',(#6389));
#6392=POLY_LOOP('',(#6391,#5942,#5941));
#6393=FACE_OUTER_BOUND('',#6392,.T.);
#6394=FACETED_PRIMITIVE_FACE('',(#6393));
#6395=POLY_LOOP('',(#6391,#5807,#5942));
#6396=FACE_OUTER_BOUND('',#6395,.T.);
#6397=FACETED_PRIMITIVE_FACE('',(#6396));
#6398=POLY_LOOP('',(#6391,#5941,#5930));
#6399=FACE_OUTER_BOUND('',#6398,.T.);
#6400=FACETED_PRIMITIVE_FACE('',(#6399));
#6401=POLY_LOOP('',(#6391,#5930,#5213));
#6402=FACE_OUTER_BOUND('',#6401,.T.);
#6403=FACETED_PRIMITIVE_FACE('',(#6402));
#6404=POLY_LOOP('',(#6391,#5169,#5807));
#6405=FACE_OUTER_BOUND('',#6404,.T.);
#6406=FACETED_PRIMITIVE_FACE('',(#6405));
#6407=POLY_LOOP('',(#6391,#5213,#5206));
#6408=FACE_OUTER_BOUND('',#6407,.T.);
#6409=FACETED_PRIMITIVE_FACE('',(#6408));
#6410=POLY_LOOP('',(#6391,#5206,#5196));
#6411=FACE_OUTER_BOUND('',#6410,.T.);
#6412=FACETED_PRIMITIVE_FACE('',(#6411));
#6413=POLY_LOOP('',(#6391,#5196,#5189));
#6414=FACE_OUTER_BOUND('',#6413,.T.);
#6415=FACETED_PRIMITIVE_FACE('',(#6414));
#6416=POLY_LOOP('',(#6391,#5189,#5179));
#6417=FACE_OUTER_BOUND('',#6416,.T.);
#6418=FACETED_PRIMITIVE_FACE('',(#6417));
#6419=POLY_LOOP('',(#6391,#5179,#5169));
#6420=FACE_OUTER_BOUND('',#6419,.T.);
#6421=FACETED_PRIMITIVE_FACE('',(#6420));
#6423=POLY_LOOP('',(#6422,#6387,#6377));
#6424=FACE_OUTER_BOUND('',#6423,.T.);
#6425=FACETED_PRIMITIVE_FACE('',(#6424));
#6426=POLY_LOOP('',(#6422,#6288,#6313));
#6427=FACE_OUTER_BOUND('',#6426,.T.);
#6428=FACETED_PRIMITIVE_FACE('',(#6427));
#6430=POLY_LOOP('',(#6422,#6429,#6387));
#6431=FACE_OUTER_BOUND('',#6430,.T.);
#6432=FACETED_PRIMITIVE_FACE('',(#6431));
#6433=POLY_LOOP('',(#6422,#6377,#6288));
#6434=FACE_OUTER_BOUND('',#6433,.T.);
#6435=FACETED_PRIMITIVE_FACE('',(#6434));
#6437=POLY_LOOP('',(#6436,#6422,#6313));
#6438=FACE_OUTER_BOUND('',#6437,.T.);
#6439=FACETED_PRIMITIVE_FACE('',(#6438));
#6442=POLY_LOOP('',(#6436,#6440,#6441));
#6443=FACE_OUTER_BOUND('',#6442,.T.);
#6444=FACETED_PRIMITIVE_FACE('',(#6443));
#6445=POLY_LOOP('',(#6436,#6441,#6429));
#6446=FACE_OUTER_BOUND('',#6445,.T.);
#6447=FACETED_PRIMITIVE_FACE('',(#6446));
#6448=POLY_LOOP('',(#6436,#5930,#5991));
#6449=FACE_OUTER_BOUND('',#6448,.T.);
#6450=FACETED_PRIMITIVE_FACE('',(#6449));
#6451=POLY_LOOP('',(#6436,#6330,#5913));
#6452=FACE_OUTER_BOUND('',#6451,.T.);
#6453=FACETED_PRIMITIVE_FACE('',(#6452));
#6454=POLY_LOOP('',(#6436,#5913,#5930));
#6455=FACE_OUTER_BOUND('',#6454,.T.);
#6456=FACETED_PRIMITIVE_FACE('',(#6455));
#6457=POLY_LOOP('',(#6436,#6313,#6330));
#6458=FACE_OUTER_BOUND('',#6457,.T.);
#6459=FACETED_PRIMITIVE_FACE('',(#6458));
#6460=POLY_LOOP('',(#6436,#6429,#6422));
#6461=FACE_OUTER_BOUND('',#6460,.T.);
#6462=FACETED_PRIMITIVE_FACE('',(#6461));
#6463=POLY_LOOP('',(#6436,#5991,#6440));
#6464=FACE_OUTER_BOUND('',#6463,.T.);
#6465=FACETED_PRIMITIVE_FACE('',(#6464));
#6467=POLY_LOOP('',(#6466,#5937,#5893));
#6468=FACE_OUTER_BOUND('',#6467,.T.);
#6469=FACETED_PRIMITIVE_FACE('',(#6468));
#6470=POLY_LOOP('',(#6466,#5893,#6366));
#6471=FACE_OUTER_BOUND('',#6470,.T.);
#6472=FACETED_PRIMITIVE_FACE('',(#6471));
#6473=POLY_LOOP('',(#6466,#6366,#6370));
#6474=FACE_OUTER_BOUND('',#6473,.T.);
#6475=FACETED_PRIMITIVE_FACE('',(#6474));
#6477=POLY_LOOP('',(#6466,#6476,#5937));
#6478=FACE_OUTER_BOUND('',#6477,.T.);
#6479=FACETED_PRIMITIVE_FACE('',(#6478));
#6481=POLY_LOOP('',(#6466,#6480,#6476));
#6482=FACE_OUTER_BOUND('',#6481,.T.);
#6483=FACETED_PRIMITIVE_FACE('',(#6482));
#6486=POLY_LOOP('',(#6484,#6485,#6480));
#6487=FACE_OUTER_BOUND('',#6486,.T.);
#6488=FACETED_PRIMITIVE_FACE('',(#6487));
#6489=POLY_LOOP('',(#6484,#6370,#6387));
#6490=FACE_OUTER_BOUND('',#6489,.T.);
#6491=FACETED_PRIMITIVE_FACE('',(#6490));
#6492=POLY_LOOP('',(#6484,#6480,#6466));
#6493=FACE_OUTER_BOUND('',#6492,.T.);
#6494=FACETED_PRIMITIVE_FACE('',(#6493));
#6495=POLY_LOOP('',(#6484,#6466,#6370));
#6496=FACE_OUTER_BOUND('',#6495,.T.);
#6497=FACETED_PRIMITIVE_FACE('',(#6496));
#6500=POLY_LOOP('',(#6498,#6499,#6485));
#6501=FACE_OUTER_BOUND('',#6500,.T.);
#6502=FACETED_PRIMITIVE_FACE('',(#6501));
#6503=POLY_LOOP('',(#6498,#6484,#6387));
#6504=FACE_OUTER_BOUND('',#6503,.T.);
#6505=FACETED_PRIMITIVE_FACE('',(#6504));
#6506=POLY_LOOP('',(#6498,#6387,#6429));
#6507=FACE_OUTER_BOUND('',#6506,.T.);
#6508=FACETED_PRIMITIVE_FACE('',(#6507));
#6509=POLY_LOOP('',(#6498,#6485,#6484));
#6510=FACE_OUTER_BOUND('',#6509,.T.);
#6511=FACETED_PRIMITIVE_FACE('',(#6510));
#6513=POLY_LOOP('',(#6512,#6498,#6429));
#6514=FACE_OUTER_BOUND('',#6513,.T.);
#6515=FACETED_PRIMITIVE_FACE('',(#6514));
#6517=POLY_LOOP('',(#6512,#6106,#6516));
#6518=FACE_OUTER_BOUND('',#6517,.T.);
#6519=FACETED_PRIMITIVE_FACE('',(#6518));
#6521=POLY_LOOP('',(#6512,#6516,#6520));
#6522=FACE_OUTER_BOUND('',#6521,.T.);
#6523=FACETED_PRIMITIVE_FACE('',(#6522));
#6524=POLY_LOOP('',(#6512,#6441,#6440));
#6525=FACE_OUTER_BOUND('',#6524,.T.);
#6526=FACETED_PRIMITIVE_FACE('',(#6525));
#6527=POLY_LOOP('',(#6512,#6520,#6499));
#6528=FACE_OUTER_BOUND('',#6527,.T.);
#6529=FACETED_PRIMITIVE_FACE('',(#6528));
#6530=POLY_LOOP('',(#6512,#6429,#6441));
#6531=FACE_OUTER_BOUND('',#6530,.T.);
#6532=FACETED_PRIMITIVE_FACE('',(#6531));
#6533=POLY_LOOP('',(#6512,#6499,#6498));
#6534=FACE_OUTER_BOUND('',#6533,.T.);
#6535=FACETED_PRIMITIVE_FACE('',(#6534));
#6536=POLY_LOOP('',(#6512,#6440,#5991));
#6537=FACE_OUTER_BOUND('',#6536,.T.);
#6538=FACETED_PRIMITIVE_FACE('',(#6537));
#6539=POLY_LOOP('',(#6512,#5991,#6106));
#6540=FACE_OUTER_BOUND('',#6539,.T.);
#6541=FACETED_PRIMITIVE_FACE('',(#6540));
#6543=POLY_LOOP('',(#6542,#6071,#6070));
#6544=FACE_OUTER_BOUND('',#6543,.T.);
#6545=FACETED_PRIMITIVE_FACE('',(#6544));
#6546=POLY_LOOP('',(#6542,#5986,#5937));
#6547=FACE_OUTER_BOUND('',#6546,.T.);
#6548=FACETED_PRIMITIVE_FACE('',(#6547));
#6549=POLY_LOOP('',(#6542,#6070,#5986));
#6550=FACE_OUTER_BOUND('',#6549,.T.);
#6551=FACETED_PRIMITIVE_FACE('',(#6550));
#6552=POLY_LOOP('',(#6542,#5937,#6476));
#6553=FACE_OUTER_BOUND('',#6552,.T.);
#6554=FACETED_PRIMITIVE_FACE('',(#6553));
#6555=POLY_LOOP('',(#6542,#6476,#6480));
#6556=FACE_OUTER_BOUND('',#6555,.T.);
#6557=FACETED_PRIMITIVE_FACE('',(#6556));
#6559=POLY_LOOP('',(#6558,#6480,#6485));
#6560=FACE_OUTER_BOUND('',#6559,.T.);
#6561=FACETED_PRIMITIVE_FACE('',(#6560));
#6562=POLY_LOOP('',(#6558,#6144,#6071));
#6563=FACE_OUTER_BOUND('',#6562,.T.);
#6564=FACETED_PRIMITIVE_FACE('',(#6563));
#6565=POLY_LOOP('',(#6558,#6071,#6542));
#6566=FACE_OUTER_BOUND('',#6565,.T.);
#6567=FACETED_PRIMITIVE_FACE('',(#6566));
#6568=POLY_LOOP('',(#6558,#6542,#6480));
#6569=FACE_OUTER_BOUND('',#6568,.T.);
#6570=FACETED_PRIMITIVE_FACE('',(#6569));
#6572=POLY_LOOP('',(#6571,#6144,#6558));
#6573=FACE_OUTER_BOUND('',#6572,.T.);
#6574=FACETED_PRIMITIVE_FACE('',(#6573));
#6575=POLY_LOOP('',(#6571,#6485,#6499));
#6576=FACE_OUTER_BOUND('',#6575,.T.);
#6577=FACETED_PRIMITIVE_FACE('',(#6576));
#6578=POLY_LOOP('',(#6571,#6558,#6485));
#6579=FACE_OUTER_BOUND('',#6578,.T.);
#6580=FACETED_PRIMITIVE_FACE('',(#6579));
#6581=POLY_LOOP('',(#6571,#6167,#6144));
#6582=FACE_OUTER_BOUND('',#6581,.T.);
#6583=FACETED_PRIMITIVE_FACE('',(#6582));
#6585=POLY_LOOP('',(#6584,#6516,#6106));
#6586=FACE_OUTER_BOUND('',#6585,.T.);
#6587=FACETED_PRIMITIVE_FACE('',(#6586));
#6588=POLY_LOOP('',(#6584,#6571,#6499));
#6589=FACE_OUTER_BOUND('',#6588,.T.);
#6590=FACETED_PRIMITIVE_FACE('',(#6589));
#6591=POLY_LOOP('',(#6584,#6167,#6571));
#6592=FACE_OUTER_BOUND('',#6591,.T.);
#6593=FACETED_PRIMITIVE_FACE('',(#6592));
#6594=POLY_LOOP('',(#6584,#6520,#6516));
#6595=FACE_OUTER_BOUND('',#6594,.T.);
#6596=FACETED_PRIMITIVE_FACE('',(#6595));
#6597=POLY_LOOP('',(#6584,#6106,#6195));
#6598=FACE_OUTER_BOUND('',#6597,.T.);
#6599=FACETED_PRIMITIVE_FACE('',(#6598));
#6600=POLY_LOOP('',(#6584,#6195,#6216));
#6601=FACE_OUTER_BOUND('',#6600,.T.);
#6602=FACETED_PRIMITIVE_FACE('',(#6601));
#6603=POLY_LOOP('',(#6584,#6499,#6520));
#6604=FACE_OUTER_BOUND('',#6603,.T.);
#6605=FACETED_PRIMITIVE_FACE('',(#6604));
#6606=POLY_LOOP('',(#6584,#6171,#6167));
#6607=FACE_OUTER_BOUND('',#6606,.T.);
#6608=FACETED_PRIMITIVE_FACE('',(#6607));
#6609=POLY_LOOP('',(#6584,#6216,#6171));
#6610=FACE_OUTER_BOUND('',#6609,.T.);
#6611=FACETED_PRIMITIVE_FACE('',(#6610));
#6613=POLY_LOOP('',(#6612,#6362,#5866));
#6614=FACE_OUTER_BOUND('',#6613,.T.);
#6615=FACETED_PRIMITIVE_FACE('',(#6614));
#6616=POLY_LOOP('',(#6612,#5866,#5344));
#6617=FACE_OUTER_BOUND('',#6616,.T.);
#6618=FACETED_PRIMITIVE_FACE('',(#6617));
#6619=POLY_LOOP('',(#6612,#5344,#5358));
#6620=FACE_OUTER_BOUND('',#6619,.T.);
#6621=FACETED_PRIMITIVE_FACE('',(#6620));
#6622=POLY_LOOP('',(#6612,#5358,#5351));
#6623=FACE_OUTER_BOUND('',#6622,.T.);
#6624=FACETED_PRIMITIVE_FACE('',(#6623));
#6625=POLY_LOOP('',(#6612,#5351,#5337));
#6626=FACE_OUTER_BOUND('',#6625,.T.);
#6627=FACETED_PRIMITIVE_FACE('',(#6626));
#6628=POLY_LOOP('',(#6612,#6287,#6289));
#6629=FACE_OUTER_BOUND('',#6628,.T.);
#6630=FACETED_PRIMITIVE_FACE('',(#6629));
#6631=POLY_LOOP('',(#6612,#5337,#6287));
#6632=FACE_OUTER_BOUND('',#6631,.T.);
#6633=FACETED_PRIMITIVE_FACE('',(#6632));
#6634=POLY_LOOP('',(#6612,#6289,#6362));
#6635=FACE_OUTER_BOUND('',#6634,.T.);
#6636=FACETED_PRIMITIVE_FACE('',(#6635));
#6637=POLY_LOOP('',(#4951,#4909,#5826));
#6638=FACE_OUTER_BOUND('',#6637,.T.);
#6639=FACETED_PRIMITIVE_FACE('',(#6638));
#6640=POLY_LOOP('',(#5155,#4951,#5826));
#6641=FACE_OUTER_BOUND('',#6640,.T.);
#6642=FACETED_PRIMITIVE_FACE('',(#6641));
#6643=POLY_LOOP('',(#5151,#5827,#6280));
#6644=FACE_OUTER_BOUND('',#6643,.T.);
#6645=FACETED_PRIMITIVE_FACE('',(#6644));
#6646=POLY_LOOP('',(#5151,#5826,#5827));
#6647=FACE_OUTER_BOUND('',#6646,.T.);
#6648=FACETED_PRIMITIVE_FACE('',(#6647));
#6649=POLY_LOOP('',(#5151,#5155,#5826));
#6650=FACE_OUTER_BOUND('',#6649,.T.);
#6651=FACETED_PRIMITIVE_FACE('',(#6650));
#6652=POLY_LOOP('',(#5141,#5151,#6280));
#6653=FACE_OUTER_BOUND('',#6652,.T.);
#6654=FACETED_PRIMITIVE_FACE('',(#6653));
#6655=POLY_LOOP('',(#5137,#6280,#6228));
#6656=FACE_OUTER_BOUND('',#6655,.T.);
#6657=FACETED_PRIMITIVE_FACE('',(#6656));
#6658=POLY_LOOP('',(#5137,#5141,#6280));
#6659=FACE_OUTER_BOUND('',#6658,.T.);
#6660=FACETED_PRIMITIVE_FACE('',(#6659));
#6661=POLY_LOOP('',(#5127,#6228,#6224));
#6662=FACE_OUTER_BOUND('',#6661,.T.);
#6663=FACETED_PRIMITIVE_FACE('',(#6662));
#6664=POLY_LOOP('',(#5127,#5137,#6228));
#6665=FACE_OUTER_BOUND('',#6664,.T.);
#6666=FACETED_PRIMITIVE_FACE('',(#6665));
#6667=POLY_LOOP('',(#6199,#5120,#5127));
#6668=FACE_OUTER_BOUND('',#6667,.T.);
#6669=FACETED_PRIMITIVE_FACE('',(#6668));
#6670=POLY_LOOP('',(#6199,#5113,#5120));
#6671=FACE_OUTER_BOUND('',#6670,.T.);
#6672=FACETED_PRIMITIVE_FACE('',(#6671));
#6673=POLY_LOOP('',(#6199,#5127,#6224));
#6674=FACE_OUTER_BOUND('',#6673,.T.);
#6675=FACETED_PRIMITIVE_FACE('',(#6674));
#6676=POLY_LOOP('',(#6102,#5113,#6199));
#6677=FACE_OUTER_BOUND('',#6676,.T.);
#6678=FACETED_PRIMITIVE_FACE('',(#6677));
#6679=POLY_LOOP('',(#6101,#5109,#5113));
#6680=FACE_OUTER_BOUND('',#6679,.T.);
#6681=FACETED_PRIMITIVE_FACE('',(#6680));
#6682=POLY_LOOP('',(#6101,#5113,#6102));
#6683=FACE_OUTER_BOUND('',#6682,.T.);
#6684=FACETED_PRIMITIVE_FACE('',(#6683));
#6685=POLY_LOOP('',(#6130,#5099,#5109));
#6686=FACE_OUTER_BOUND('',#6685,.T.);
#6687=FACETED_PRIMITIVE_FACE('',(#6686));
#6688=POLY_LOOP('',(#6130,#5109,#6101));
#6689=FACE_OUTER_BOUND('',#6688,.T.);
#6690=FACETED_PRIMITIVE_FACE('',(#6689));
#6691=POLY_LOOP('',(#6097,#5092,#5099));
#6692=FACE_OUTER_BOUND('',#6691,.T.);
#6693=FACETED_PRIMITIVE_FACE('',(#6692));
#6694=POLY_LOOP('',(#6097,#5099,#6130));
#6695=FACE_OUTER_BOUND('',#6694,.T.);
#6696=FACETED_PRIMITIVE_FACE('',(#6695));
#6697=POLY_LOOP('',(#6003,#5085,#5092));
#6698=FACE_OUTER_BOUND('',#6697,.T.);
#6699=FACETED_PRIMITIVE_FACE('',(#6698));
#6700=POLY_LOOP('',(#6003,#5092,#6097));
#6701=FACE_OUTER_BOUND('',#6700,.T.);
#6702=FACETED_PRIMITIVE_FACE('',(#6701));
#6703=POLY_LOOP('',(#5807,#5168,#5022));
#6704=FACE_OUTER_BOUND('',#6703,.T.);
#6705=FACETED_PRIMITIVE_FACE('',(#6704));
#6706=POLY_LOOP('',(#5807,#5021,#5032));
#6707=FACE_OUTER_BOUND('',#6706,.T.);
#6708=FACETED_PRIMITIVE_FACE('',(#6707));
#6709=POLY_LOOP('',(#5807,#5022,#5021));
#6710=FACE_OUTER_BOUND('',#6709,.T.);
#6711=FACETED_PRIMITIVE_FACE('',(#6710));
#6712=POLY_LOOP('',(#6002,#5085,#6003));
#6713=FACE_OUTER_BOUND('',#6712,.T.);
#6714=FACETED_PRIMITIVE_FACE('',(#6713));
#6715=POLY_LOOP('',(#6002,#5078,#5085));
#6716=FACE_OUTER_BOUND('',#6715,.T.);
#6717=FACETED_PRIMITIVE_FACE('',(#6716));
#6718=POLY_LOOP('',(#6002,#5074,#5078));
#6719=FACE_OUTER_BOUND('',#6718,.T.);
#6720=FACETED_PRIMITIVE_FACE('',(#6719));
#6721=POLY_LOOP('',(#5942,#5807,#5032));
#6722=FACE_OUTER_BOUND('',#6721,.T.);
#6723=FACETED_PRIMITIVE_FACE('',(#6722));
#6724=POLY_LOOP('',(#6043,#5074,#6002));
#6725=FACE_OUTER_BOUND('',#6724,.T.);
#6726=FACETED_PRIMITIVE_FACE('',(#6725));
#6727=POLY_LOOP('',(#6043,#5064,#5074));
#6728=FACE_OUTER_BOUND('',#6727,.T.);
#6729=FACETED_PRIMITIVE_FACE('',(#6728));
#6730=POLY_LOOP('',(#5943,#5032,#5036));
#6731=FACE_OUTER_BOUND('',#6730,.T.);
#6732=FACETED_PRIMITIVE_FACE('',(#6731));
#6733=POLY_LOOP('',(#5943,#5942,#5032));
#6734=FACE_OUTER_BOUND('',#6733,.T.);
#6735=FACETED_PRIMITIVE_FACE('',(#6734));
#6736=POLY_LOOP('',(#5998,#5064,#6043));
#6737=FACE_OUTER_BOUND('',#6736,.T.);
#6738=FACETED_PRIMITIVE_FACE('',(#6737));
#6739=POLY_LOOP('',(#5953,#5943,#5036));
#6740=FACE_OUTER_BOUND('',#6739,.T.);
#6741=FACETED_PRIMITIVE_FACE('',(#6740));
#6742=POLY_LOOP('',(#5953,#5036,#5043));
#6743=FACE_OUTER_BOUND('',#6742,.T.);
#6744=FACETED_PRIMITIVE_FACE('',(#6743));
#6745=POLY_LOOP('',(#5948,#5064,#5998));
#6746=FACE_OUTER_BOUND('',#6745,.T.);
#6747=FACETED_PRIMITIVE_FACE('',(#6746));
#6748=POLY_LOOP('',(#5948,#5057,#5064));
#6749=FACE_OUTER_BOUND('',#6748,.T.);
#6750=FACETED_PRIMITIVE_FACE('',(#6749));
#6751=POLY_LOOP('',(#5947,#5953,#5043));
#6752=FACE_OUTER_BOUND('',#6751,.T.);
#6753=FACETED_PRIMITIVE_FACE('',(#6752));
#6754=POLY_LOOP('',(#5947,#5057,#5948));
#6755=FACE_OUTER_BOUND('',#6754,.T.);
#6756=FACETED_PRIMITIVE_FACE('',(#6755));
#6757=POLY_LOOP('',(#5947,#5053,#5057));
#6758=FACE_OUTER_BOUND('',#6757,.T.);
#6759=FACETED_PRIMITIVE_FACE('',(#6758));
#6760=POLY_LOOP('',(#5947,#5043,#5053));
#6761=FACE_OUTER_BOUND('',#6760,.T.);
#6762=FACETED_PRIMITIVE_FACE('',(#6761));
#6763=POLY_LOOP('',(#5022,#5168,#5807));
#6764=FACE_OUTER_BOUND('',#6763,.T.);
#6765=FACETED_PRIMITIVE_FACE('',(#6764));
#6766=POLY_LOOP('',(#5021,#5807,#5942));
#6767=FACE_OUTER_BOUND('',#6766,.T.);
#6768=FACETED_PRIMITIVE_FACE('',(#6767));
#6769=POLY_LOOP('',(#5021,#5022,#5807));
#6770=FACE_OUTER_BOUND('',#6769,.T.);
#6771=FACETED_PRIMITIVE_FACE('',(#6770));
#6772=POLY_LOOP('',(#5032,#5942,#5943));
#6773=FACE_OUTER_BOUND('',#6772,.T.);
#6774=FACETED_PRIMITIVE_FACE('',(#6773));
#6775=POLY_LOOP('',(#5032,#5021,#5942));
#6776=FACE_OUTER_BOUND('',#6775,.T.);
#6777=FACETED_PRIMITIVE_FACE('',(#6776));
#6778=POLY_LOOP('',(#5036,#5943,#5953));
#6779=FACE_OUTER_BOUND('',#6778,.T.);
#6780=FACETED_PRIMITIVE_FACE('',(#6779));
#6781=POLY_LOOP('',(#5036,#5032,#5943));
#6782=FACE_OUTER_BOUND('',#6781,.T.);
#6783=FACETED_PRIMITIVE_FACE('',(#6782));
#6784=POLY_LOOP('',(#5043,#5036,#5953));
#6785=FACE_OUTER_BOUND('',#6784,.T.);
#6786=FACETED_PRIMITIVE_FACE('',(#6785));
#6787=POLY_LOOP('',(#5947,#5043,#5953));
#6788=FACE_OUTER_BOUND('',#6787,.T.);
#6789=FACETED_PRIMITIVE_FACE('',(#6788));
#6790=POLY_LOOP('',(#5053,#5043,#5947));
#6791=FACE_OUTER_BOUND('',#6790,.T.);
#6792=FACETED_PRIMITIVE_FACE('',(#6791));
#6793=POLY_LOOP('',(#5948,#5057,#5053));
#6794=FACE_OUTER_BOUND('',#6793,.T.);
#6795=FACETED_PRIMITIVE_FACE('',(#6794));
#6796=POLY_LOOP('',(#5948,#5053,#5947));
#6797=FACE_OUTER_BOUND('',#6796,.T.);
#6798=FACETED_PRIMITIVE_FACE('',(#6797));
#6799=POLY_LOOP('',(#5998,#5064,#5057));
#6800=FACE_OUTER_BOUND('',#6799,.T.);
#6801=FACETED_PRIMITIVE_FACE('',(#6800));
#6802=POLY_LOOP('',(#5998,#5057,#5948));
#6803=FACE_OUTER_BOUND('',#6802,.T.);
#6804=FACETED_PRIMITIVE_FACE('',(#6803));
#6805=POLY_LOOP('',(#6043,#5074,#5064));
#6806=FACE_OUTER_BOUND('',#6805,.T.);
#6807=FACETED_PRIMITIVE_FACE('',(#6806));
#6808=POLY_LOOP('',(#6043,#5064,#5998));
#6809=FACE_OUTER_BOUND('',#6808,.T.);
#6810=FACETED_PRIMITIVE_FACE('',(#6809));
#6811=POLY_LOOP('',(#6002,#5074,#6043));
#6812=FACE_OUTER_BOUND('',#6811,.T.);
#6813=FACETED_PRIMITIVE_FACE('',(#6812));
#6814=POLY_LOOP('',(#6002,#5085,#5078));
#6815=FACE_OUTER_BOUND('',#6814,.T.);
#6816=FACETED_PRIMITIVE_FACE('',(#6815));
#6817=POLY_LOOP('',(#6002,#5078,#5074));
#6818=FACE_OUTER_BOUND('',#6817,.T.);
#6819=FACETED_PRIMITIVE_FACE('',(#6818));
#6820=POLY_LOOP('',(#6003,#5085,#6002));
#6821=FACE_OUTER_BOUND('',#6820,.T.);
#6822=FACETED_PRIMITIVE_FACE('',(#6821));
#6823=POLY_LOOP('',(#6003,#5092,#5085));
#6824=FACE_OUTER_BOUND('',#6823,.T.);
#6825=FACETED_PRIMITIVE_FACE('',(#6824));
#6826=POLY_LOOP('',(#6097,#5092,#6003));
#6827=FACE_OUTER_BOUND('',#6826,.T.);
#6828=FACETED_PRIMITIVE_FACE('',(#6827));
#6829=POLY_LOOP('',(#5826,#4951,#5155));
#6830=FACE_OUTER_BOUND('',#6829,.T.);
#6831=FACETED_PRIMITIVE_FACE('',(#6830));
#6832=POLY_LOOP('',(#5826,#4909,#4951));
#6833=FACE_OUTER_BOUND('',#6832,.T.);
#6834=FACETED_PRIMITIVE_FACE('',(#6833));
#6835=POLY_LOOP('',(#6130,#5099,#5092));
#6836=FACE_OUTER_BOUND('',#6835,.T.);
#6837=FACETED_PRIMITIVE_FACE('',(#6836));
#6838=POLY_LOOP('',(#6130,#5092,#6097));
#6839=FACE_OUTER_BOUND('',#6838,.T.);
#6840=FACETED_PRIMITIVE_FACE('',(#6839));
#6841=POLY_LOOP('',(#5827,#5155,#5151));
#6842=FACE_OUTER_BOUND('',#6841,.T.);
#6843=FACETED_PRIMITIVE_FACE('',(#6842));
#6844=POLY_LOOP('',(#5827,#5826,#5155));
#6845=FACE_OUTER_BOUND('',#6844,.T.);
#6846=FACETED_PRIMITIVE_FACE('',(#6845));
#6847=POLY_LOOP('',(#6101,#5099,#6130));
#6848=FACE_OUTER_BOUND('',#6847,.T.);
#6849=FACETED_PRIMITIVE_FACE('',(#6848));
#6850=POLY_LOOP('',(#6101,#5113,#5109));
#6851=FACE_OUTER_BOUND('',#6850,.T.);
#6852=FACETED_PRIMITIVE_FACE('',(#6851));
#6853=POLY_LOOP('',(#6101,#5109,#5099));
#6854=FACE_OUTER_BOUND('',#6853,.T.);
#6855=FACETED_PRIMITIVE_FACE('',(#6854));
#6856=POLY_LOOP('',(#6280,#5827,#5151));
#6857=FACE_OUTER_BOUND('',#6856,.T.);
#6858=FACETED_PRIMITIVE_FACE('',(#6857));
#6859=POLY_LOOP('',(#6280,#5151,#5141));
#6860=FACE_OUTER_BOUND('',#6859,.T.);
#6861=FACETED_PRIMITIVE_FACE('',(#6860));
#6862=POLY_LOOP('',(#6102,#5113,#6101));
#6863=FACE_OUTER_BOUND('',#6862,.T.);
#6864=FACETED_PRIMITIVE_FACE('',(#6863));
#6865=POLY_LOOP('',(#6228,#5141,#5137));
#6866=FACE_OUTER_BOUND('',#6865,.T.);
#6867=FACETED_PRIMITIVE_FACE('',(#6866));
#6868=POLY_LOOP('',(#6228,#5137,#5127));
#6869=FACE_OUTER_BOUND('',#6868,.T.);
#6870=FACETED_PRIMITIVE_FACE('',(#6869));
#6871=POLY_LOOP('',(#6228,#6280,#5141));
#6872=FACE_OUTER_BOUND('',#6871,.T.);
#6873=FACETED_PRIMITIVE_FACE('',(#6872));
#6874=POLY_LOOP('',(#6199,#5120,#5113));
#6875=FACE_OUTER_BOUND('',#6874,.T.);
#6876=FACETED_PRIMITIVE_FACE('',(#6875));
#6877=POLY_LOOP('',(#6199,#5113,#6102));
#6878=FACE_OUTER_BOUND('',#6877,.T.);
#6879=FACETED_PRIMITIVE_FACE('',(#6878));
#6880=POLY_LOOP('',(#6224,#5127,#5120));
#6881=FACE_OUTER_BOUND('',#6880,.T.);
#6882=FACETED_PRIMITIVE_FACE('',(#6881));
#6883=POLY_LOOP('',(#6224,#5120,#6199));
#6884=FACE_OUTER_BOUND('',#6883,.T.);
#6885=FACETED_PRIMITIVE_FACE('',(#6884));
#6886=POLY_LOOP('',(#6224,#6228,#5127));
#6887=FACE_OUTER_BOUND('',#6886,.T.);
#6888=FACETED_PRIMITIVE_FACE('',(#6887));
#6890=POLY_LOOP('',(#5807,#5168,#6889));
#6891=FACE_OUTER_BOUND('',#6890,.T.);
#6892=FACETED_PRIMITIVE_FACE('',(#6891));
#6894=POLY_LOOP('',(#5807,#6889,#6893));
#6895=FACE_OUTER_BOUND('',#6894,.T.);
#6896=FACETED_PRIMITIVE_FACE('',(#6895));
#6898=POLY_LOOP('',(#6897,#5807,#6893));
#6899=FACE_OUTER_BOUND('',#6898,.T.);
#6900=FACETED_PRIMITIVE_FACE('',(#6899));
#6902=POLY_LOOP('',(#6901,#5807,#6897));
#6903=FACE_OUTER_BOUND('',#6902,.T.);
#6904=FACETED_PRIMITIVE_FACE('',(#6903));
#6905=POLY_LOOP('',(#5942,#5807,#6901));
#6906=FACE_OUTER_BOUND('',#6905,.T.);
#6907=FACETED_PRIMITIVE_FACE('',(#6906));
#6909=POLY_LOOP('',(#5942,#6901,#6908));
#6910=FACE_OUTER_BOUND('',#6909,.T.);
#6911=FACETED_PRIMITIVE_FACE('',(#6910));
#6913=POLY_LOOP('',(#5643,#6912,#5273));
#6914=FACE_OUTER_BOUND('',#6913,.T.);
#6915=FACETED_PRIMITIVE_FACE('',(#6914));
#6917=POLY_LOOP('',(#6916,#4909,#5826));
#6918=FACE_OUTER_BOUND('',#6917,.T.);
#6919=FACETED_PRIMITIVE_FACE('',(#6918));
#6921=POLY_LOOP('',(#6920,#6916,#5826));
#6922=FACE_OUTER_BOUND('',#6921,.T.);
#6923=FACETED_PRIMITIVE_FACE('',(#6922));
#6925=POLY_LOOP('',(#6924,#6920,#5826));
#6926=FACE_OUTER_BOUND('',#6925,.T.);
#6927=FACETED_PRIMITIVE_FACE('',(#6926));
#6929=POLY_LOOP('',(#6928,#6924,#5826));
#6930=FACE_OUTER_BOUND('',#6929,.T.);
#6931=FACETED_PRIMITIVE_FACE('',(#6930));
#6932=POLY_LOOP('',(#6928,#5826,#5827));
#6933=FACE_OUTER_BOUND('',#6932,.T.);
#6934=FACETED_PRIMITIVE_FACE('',(#6933));
#6936=POLY_LOOP('',(#5720,#6935,#5734));
#6937=FACE_OUTER_BOUND('',#6936,.T.);
#6938=FACETED_PRIMITIVE_FACE('',(#6937));
#6940=POLY_LOOP('',(#6939,#6935,#5720));
#6941=FACE_OUTER_BOUND('',#6940,.T.);
#6942=FACETED_PRIMITIVE_FACE('',(#6941));
#6944=POLY_LOOP('',(#6943,#6939,#5720));
#6945=FACE_OUTER_BOUND('',#6944,.T.);
#6946=FACETED_PRIMITIVE_FACE('',(#6945));
#6947=POLY_LOOP('',(#5007,#6943,#5720));
#6948=FACE_OUTER_BOUND('',#6947,.T.);
#6949=FACETED_PRIMITIVE_FACE('',(#6948));
#6951=POLY_LOOP('',(#6950,#5943,#5942));
#6952=FACE_OUTER_BOUND('',#6951,.T.);
#6953=FACETED_PRIMITIVE_FACE('',(#6952));
#6954=POLY_LOOP('',(#6950,#5953,#5943));
#6955=FACE_OUTER_BOUND('',#6954,.T.);
#6956=FACETED_PRIMITIVE_FACE('',(#6955));
#6957=POLY_LOOP('',(#6950,#5947,#5953));
#6958=FACE_OUTER_BOUND('',#6957,.T.);
#6959=FACETED_PRIMITIVE_FACE('',(#6958));
#6960=POLY_LOOP('',(#6950,#5948,#5947));
#6961=FACE_OUTER_BOUND('',#6960,.T.);
#6962=FACETED_PRIMITIVE_FACE('',(#6961));
#6964=POLY_LOOP('',(#6963,#6950,#5942));
#6965=FACE_OUTER_BOUND('',#6964,.T.);
#6966=FACETED_PRIMITIVE_FACE('',(#6965));
#6967=POLY_LOOP('',(#6963,#5942,#6908));
#6968=FACE_OUTER_BOUND('',#6967,.T.);
#6969=FACETED_PRIMITIVE_FACE('',(#6968));
#6970=POLY_LOOP('',(#6963,#5948,#6950));
#6971=FACE_OUTER_BOUND('',#6970,.T.);
#6972=FACETED_PRIMITIVE_FACE('',(#6971));
#6974=POLY_LOOP('',(#6963,#6908,#6973));
#6975=FACE_OUTER_BOUND('',#6974,.T.);
#6976=FACETED_PRIMITIVE_FACE('',(#6975));
#6978=POLY_LOOP('',(#6977,#6963,#6973));
#6979=FACE_OUTER_BOUND('',#6978,.T.);
#6980=FACETED_PRIMITIVE_FACE('',(#6979));
#6982=POLY_LOOP('',(#6981,#5998,#5948));
#6983=FACE_OUTER_BOUND('',#6982,.T.);
#6984=FACETED_PRIMITIVE_FACE('',(#6983));
#6985=POLY_LOOP('',(#6981,#6043,#5998));
#6986=FACE_OUTER_BOUND('',#6985,.T.);
#6987=FACETED_PRIMITIVE_FACE('',(#6986));
#6988=POLY_LOOP('',(#6981,#6002,#6043));
#6989=FACE_OUTER_BOUND('',#6988,.T.);
#6990=FACETED_PRIMITIVE_FACE('',(#6989));
#6991=POLY_LOOP('',(#6981,#6003,#6002));
#6992=FACE_OUTER_BOUND('',#6991,.T.);
#6993=FACETED_PRIMITIVE_FACE('',(#6992));
#6995=POLY_LOOP('',(#6994,#5948,#6963));
#6996=FACE_OUTER_BOUND('',#6995,.T.);
#6997=FACETED_PRIMITIVE_FACE('',(#6996));
#6998=POLY_LOOP('',(#6994,#6981,#5948));
#6999=FACE_OUTER_BOUND('',#6998,.T.);
#7000=FACETED_PRIMITIVE_FACE('',(#6999));
#7001=POLY_LOOP('',(#6994,#6003,#6981));
#7002=FACE_OUTER_BOUND('',#7001,.T.);
#7003=FACETED_PRIMITIVE_FACE('',(#7002));
#7005=POLY_LOOP('',(#7004,#6994,#6963));
#7006=FACE_OUTER_BOUND('',#7005,.T.);
#7007=FACETED_PRIMITIVE_FACE('',(#7006));
#7008=POLY_LOOP('',(#7004,#6963,#6977));
#7009=FACE_OUTER_BOUND('',#7008,.T.);
#7010=FACETED_PRIMITIVE_FACE('',(#7009));
#7012=POLY_LOOP('',(#7011,#6097,#6003));
#7013=FACE_OUTER_BOUND('',#7012,.T.);
#7014=FACETED_PRIMITIVE_FACE('',(#7013));
#7015=POLY_LOOP('',(#7011,#6130,#6097));
#7016=FACE_OUTER_BOUND('',#7015,.T.);
#7017=FACETED_PRIMITIVE_FACE('',(#7016));
#7018=POLY_LOOP('',(#7011,#6101,#6130));
#7019=FACE_OUTER_BOUND('',#7018,.T.);
#7020=FACETED_PRIMITIVE_FACE('',(#7019));
#7021=POLY_LOOP('',(#7011,#6102,#6101));
#7022=FACE_OUTER_BOUND('',#7021,.T.);
#7023=FACETED_PRIMITIVE_FACE('',(#7022));
#7027=POLY_LOOP('',(#7024,#7025,#7026));
#7028=FACE_OUTER_BOUND('',#7027,.T.);
#7029=FACETED_PRIMITIVE_FACE('',(#7028));
#7031=POLY_LOOP('',(#7030,#6003,#6994));
#7032=FACE_OUTER_BOUND('',#7031,.T.);
#7033=FACETED_PRIMITIVE_FACE('',(#7032));
#7034=POLY_LOOP('',(#7030,#7011,#6003));
#7035=FACE_OUTER_BOUND('',#7034,.T.);
#7036=FACETED_PRIMITIVE_FACE('',(#7035));
#7037=POLY_LOOP('',(#7030,#6994,#7004));
#7038=FACE_OUTER_BOUND('',#7037,.T.);
#7039=FACETED_PRIMITIVE_FACE('',(#7038));
#7040=POLY_LOOP('',(#7030,#6102,#7011));
#7041=FACE_OUTER_BOUND('',#7040,.T.);
#7042=FACETED_PRIMITIVE_FACE('',(#7041));
#7044=POLY_LOOP('',(#7043,#7024,#7026));
#7045=FACE_OUTER_BOUND('',#7044,.T.);
#7046=FACETED_PRIMITIVE_FACE('',(#7045));
#7048=POLY_LOOP('',(#7043,#7026,#7047));
#7049=FACE_OUTER_BOUND('',#7048,.T.);
#7050=FACETED_PRIMITIVE_FACE('',(#7049));
#7052=POLY_LOOP('',(#7051,#7030,#7004));
#7053=FACE_OUTER_BOUND('',#7052,.T.);
#7054=FACETED_PRIMITIVE_FACE('',(#7053));
#7056=POLY_LOOP('',(#7055,#5647,#5654));
#7057=FACE_OUTER_BOUND('',#7056,.T.);
#7058=FACETED_PRIMITIVE_FACE('',(#7057));
#7059=POLY_LOOP('',(#7055,#5671,#5678));
#7060=FACE_OUTER_BOUND('',#7059,.T.);
#7061=FACETED_PRIMITIVE_FACE('',(#7060));
#7063=POLY_LOOP('',(#7062,#5654,#5661));
#7064=FACE_OUTER_BOUND('',#7063,.T.);
#7065=FACETED_PRIMITIVE_FACE('',(#7064));
#7066=POLY_LOOP('',(#7062,#5661,#5671));
#7067=FACE_OUTER_BOUND('',#7066,.T.);
#7068=FACETED_PRIMITIVE_FACE('',(#7067));
#7069=POLY_LOOP('',(#7062,#7055,#5654));
#7070=FACE_OUTER_BOUND('',#7069,.T.);
#7071=FACETED_PRIMITIVE_FACE('',(#7070));
#7072=POLY_LOOP('',(#7062,#5671,#7055));
#7073=FACE_OUTER_BOUND('',#7072,.T.);
#7074=FACETED_PRIMITIVE_FACE('',(#7073));
#7076=POLY_LOOP('',(#7075,#6199,#6102));
#7077=FACE_OUTER_BOUND('',#7076,.T.);
#7078=FACETED_PRIMITIVE_FACE('',(#7077));
#7079=POLY_LOOP('',(#7075,#6224,#6199));
#7080=FACE_OUTER_BOUND('',#7079,.T.);
#7081=FACETED_PRIMITIVE_FACE('',(#7080));
#7082=POLY_LOOP('',(#7075,#6228,#6224));
#7083=FACE_OUTER_BOUND('',#7082,.T.);
#7084=FACETED_PRIMITIVE_FACE('',(#7083));
#7086=POLY_LOOP('',(#7085,#6102,#7030));
#7087=FACE_OUTER_BOUND('',#7086,.T.);
#7088=FACETED_PRIMITIVE_FACE('',(#7087));
#7089=POLY_LOOP('',(#7085,#7075,#6102));
#7090=FACE_OUTER_BOUND('',#7089,.T.);
#7091=FACETED_PRIMITIVE_FACE('',(#7090));
#7093=POLY_LOOP('',(#7092,#7030,#7051));
#7094=FACE_OUTER_BOUND('',#7093,.T.);
#7095=FACETED_PRIMITIVE_FACE('',(#7094));
#7096=POLY_LOOP('',(#7092,#7085,#7030));
#7097=FACE_OUTER_BOUND('',#7096,.T.);
#7098=FACETED_PRIMITIVE_FACE('',(#7097));
#7100=POLY_LOOP('',(#7099,#7055,#5678));
#7101=FACE_OUTER_BOUND('',#7100,.T.);
#7102=FACETED_PRIMITIVE_FACE('',(#7101));
#7104=POLY_LOOP('',(#7099,#7103,#7043));
#7105=FACE_OUTER_BOUND('',#7104,.T.);
#7106=FACETED_PRIMITIVE_FACE('',(#7105));
#7107=POLY_LOOP('',(#7099,#5678,#5685));
#7108=FACE_OUTER_BOUND('',#7107,.T.);
#7109=FACETED_PRIMITIVE_FACE('',(#7108));
#7110=POLY_LOOP('',(#7099,#5699,#5709));
#7111=FACE_OUTER_BOUND('',#7110,.T.);
#7112=FACETED_PRIMITIVE_FACE('',(#7111));
#7113=POLY_LOOP('',(#7099,#7043,#7055));
#7114=FACE_OUTER_BOUND('',#7113,.T.);
#7115=FACETED_PRIMITIVE_FACE('',(#7114));
#7117=POLY_LOOP('',(#7116,#6280,#6228));
#7118=FACE_OUTER_BOUND('',#7117,.T.);
#7119=FACETED_PRIMITIVE_FACE('',(#7118));
#7120=POLY_LOOP('',(#7116,#5827,#6280));
#7121=FACE_OUTER_BOUND('',#7120,.T.);
#7122=FACETED_PRIMITIVE_FACE('',(#7121));
#7123=POLY_LOOP('',(#7116,#6928,#5827));
#7124=FACE_OUTER_BOUND('',#7123,.T.);
#7125=FACETED_PRIMITIVE_FACE('',(#7124));
#7126=POLY_LOOP('',(#7116,#6228,#7075));
#7127=FACE_OUTER_BOUND('',#7126,.T.);
#7128=FACETED_PRIMITIVE_FACE('',(#7127));
#7131=POLY_LOOP('',(#7129,#7130,#6928));
#7132=FACE_OUTER_BOUND('',#7131,.T.);
#7133=FACETED_PRIMITIVE_FACE('',(#7132));
#7135=POLY_LOOP('',(#7129,#7134,#7130));
#7136=FACE_OUTER_BOUND('',#7135,.T.);
#7137=FACETED_PRIMITIVE_FACE('',(#7136));
#7138=POLY_LOOP('',(#7129,#6928,#7116));
#7139=FACE_OUTER_BOUND('',#7138,.T.);
#7140=FACETED_PRIMITIVE_FACE('',(#7139));
#7141=POLY_LOOP('',(#7129,#7075,#7085));
#7142=FACE_OUTER_BOUND('',#7141,.T.);
#7143=FACETED_PRIMITIVE_FACE('',(#7142));
#7144=POLY_LOOP('',(#7129,#7116,#7075));
#7145=FACE_OUTER_BOUND('',#7144,.T.);
#7146=FACETED_PRIMITIVE_FACE('',(#7145));
#7148=POLY_LOOP('',(#7147,#5685,#5692));
#7149=FACE_OUTER_BOUND('',#7148,.T.);
#7150=FACETED_PRIMITIVE_FACE('',(#7149));
#7151=POLY_LOOP('',(#7147,#5692,#5699));
#7152=FACE_OUTER_BOUND('',#7151,.T.);
#7153=FACETED_PRIMITIVE_FACE('',(#7152));
#7154=POLY_LOOP('',(#7147,#7099,#5685));
#7155=FACE_OUTER_BOUND('',#7154,.T.);
#7156=FACETED_PRIMITIVE_FACE('',(#7155));
#7157=POLY_LOOP('',(#7147,#5699,#7099));
#7158=FACE_OUTER_BOUND('',#7157,.T.);
#7159=FACETED_PRIMITIVE_FACE('',(#7158));
#7162=POLY_LOOP('',(#7160,#7161,#7134));
#7163=FACE_OUTER_BOUND('',#7162,.T.);
#7164=FACETED_PRIMITIVE_FACE('',(#7163));
#7166=POLY_LOOP('',(#7160,#7165,#7161));
#7167=FACE_OUTER_BOUND('',#7166,.T.);
#7168=FACETED_PRIMITIVE_FACE('',(#7167));
#7169=POLY_LOOP('',(#7160,#7134,#7129));
#7170=FACE_OUTER_BOUND('',#7169,.T.);
#7171=FACETED_PRIMITIVE_FACE('',(#7170));
#7172=POLY_LOOP('',(#7160,#7085,#7092));
#7173=FACE_OUTER_BOUND('',#7172,.T.);
#7174=FACETED_PRIMITIVE_FACE('',(#7173));
#7175=POLY_LOOP('',(#7160,#7129,#7085));
#7176=FACE_OUTER_BOUND('',#7175,.T.);
#7177=FACETED_PRIMITIVE_FACE('',(#7176));
#7179=POLY_LOOP('',(#7178,#7160,#7092));
#7180=FACE_OUTER_BOUND('',#7179,.T.);
#7181=FACETED_PRIMITIVE_FACE('',(#7180));
#7183=POLY_LOOP('',(#7178,#7182,#7165));
#7184=FACE_OUTER_BOUND('',#7183,.T.);
#7185=FACETED_PRIMITIVE_FACE('',(#7184));
#7187=POLY_LOOP('',(#7178,#7186,#7182));
#7188=FACE_OUTER_BOUND('',#7187,.T.);
#7189=FACETED_PRIMITIVE_FACE('',(#7188));
#7190=POLY_LOOP('',(#7178,#7165,#7160));
#7191=FACE_OUTER_BOUND('',#7190,.T.);
#7192=FACETED_PRIMITIVE_FACE('',(#7191));
#7194=POLY_LOOP('',(#7178,#7092,#7193));
#7195=FACE_OUTER_BOUND('',#7194,.T.);
#7196=FACETED_PRIMITIVE_FACE('',(#7195));
#7198=POLY_LOOP('',(#7197,#7103,#7099));
#7199=FACE_OUTER_BOUND('',#7198,.T.);
#7200=FACETED_PRIMITIVE_FACE('',(#7199));
#7201=POLY_LOOP('',(#7197,#5709,#5716));
#7202=FACE_OUTER_BOUND('',#7201,.T.);
#7203=FACETED_PRIMITIVE_FACE('',(#7202));
#7204=POLY_LOOP('',(#7197,#7099,#5709));
#7205=FACE_OUTER_BOUND('',#7204,.T.);
#7206=FACETED_PRIMITIVE_FACE('',(#7205));
#7207=POLY_LOOP('',(#7197,#5741,#5758));
#7208=FACE_OUTER_BOUND('',#7207,.T.);
#7209=FACETED_PRIMITIVE_FACE('',(#7208));
#7211=POLY_LOOP('',(#7197,#7210,#7103));
#7212=FACE_OUTER_BOUND('',#7211,.T.);
#7213=FACETED_PRIMITIVE_FACE('',(#7212));
#7215=POLY_LOOP('',(#7214,#7178,#7193));
#7216=FACE_OUTER_BOUND('',#7215,.T.);
#7217=FACETED_PRIMITIVE_FACE('',(#7216));
#7218=POLY_LOOP('',(#7214,#7186,#7178));
#7219=FACE_OUTER_BOUND('',#7218,.T.);
#7220=FACETED_PRIMITIVE_FACE('',(#7219));
#7222=POLY_LOOP('',(#7214,#7221,#7186));
#7223=FACE_OUTER_BOUND('',#7222,.T.);
#7224=FACETED_PRIMITIVE_FACE('',(#7223));
#7226=POLY_LOOP('',(#7214,#7225,#7221));
#7227=FACE_OUTER_BOUND('',#7226,.T.);
#7228=FACETED_PRIMITIVE_FACE('',(#7227));
#7230=POLY_LOOP('',(#7214,#7193,#7229));
#7231=FACE_OUTER_BOUND('',#7230,.T.);
#7232=FACETED_PRIMITIVE_FACE('',(#7231));
#7234=POLY_LOOP('',(#7233,#7197,#5716));
#7235=FACE_OUTER_BOUND('',#7234,.T.);
#7236=FACETED_PRIMITIVE_FACE('',(#7235));
#7237=POLY_LOOP('',(#7233,#5741,#7197));
#7238=FACE_OUTER_BOUND('',#7237,.T.);
#7239=FACETED_PRIMITIVE_FACE('',(#7238));
#7240=POLY_LOOP('',(#7233,#5716,#5727));
#7241=FACE_OUTER_BOUND('',#7240,.T.);
#7242=FACETED_PRIMITIVE_FACE('',(#7241));
#7243=POLY_LOOP('',(#7233,#5727,#5741));
#7244=FACE_OUTER_BOUND('',#7243,.T.);
#7245=FACETED_PRIMITIVE_FACE('',(#7244));
#7248=POLY_LOOP('',(#7246,#7229,#7247));
#7249=FACE_OUTER_BOUND('',#7248,.T.);
#7250=FACETED_PRIMITIVE_FACE('',(#7249));
#7251=POLY_LOOP('',(#7246,#7214,#7229));
#7252=FACE_OUTER_BOUND('',#7251,.T.);
#7253=FACETED_PRIMITIVE_FACE('',(#7252));
#7254=POLY_LOOP('',(#7246,#7225,#7214));
#7255=FACE_OUTER_BOUND('',#7254,.T.);
#7256=FACETED_PRIMITIVE_FACE('',(#7255));
#7258=POLY_LOOP('',(#7246,#7257,#7225));
#7259=FACE_OUTER_BOUND('',#7258,.T.);
#7260=FACETED_PRIMITIVE_FACE('',(#7259));
#7262=POLY_LOOP('',(#7246,#7261,#7257));
#7263=FACE_OUTER_BOUND('',#7262,.T.);
#7264=FACETED_PRIMITIVE_FACE('',(#7263));
#7266=POLY_LOOP('',(#7265,#7261,#7246));
#7267=FACE_OUTER_BOUND('',#7266,.T.);
#7268=FACETED_PRIMITIVE_FACE('',(#7267));
#7270=POLY_LOOP('',(#7265,#7247,#7269));
#7271=FACE_OUTER_BOUND('',#7270,.T.);
#7272=FACETED_PRIMITIVE_FACE('',(#7271));
#7273=POLY_LOOP('',(#7265,#7246,#7247));
#7274=FACE_OUTER_BOUND('',#7273,.T.);
#7275=FACETED_PRIMITIVE_FACE('',(#7274));
#7277=POLY_LOOP('',(#7265,#7276,#7261));
#7278=FACE_OUTER_BOUND('',#7277,.T.);
#7279=FACETED_PRIMITIVE_FACE('',(#7278));
#7281=POLY_LOOP('',(#7265,#7280,#7276));
#7282=FACE_OUTER_BOUND('',#7281,.T.);
#7283=FACETED_PRIMITIVE_FACE('',(#7282));
#7287=POLY_LOOP('',(#7284,#7285,#7286));
#7288=FACE_OUTER_BOUND('',#7287,.T.);
#7289=FACETED_PRIMITIVE_FACE('',(#7288));
#7291=POLY_LOOP('',(#7284,#7290,#7280));
#7292=FACE_OUTER_BOUND('',#7291,.T.);
#7293=FACETED_PRIMITIVE_FACE('',(#7292));
#7295=POLY_LOOP('',(#7284,#7294,#7290));
#7296=FACE_OUTER_BOUND('',#7295,.T.);
#7297=FACETED_PRIMITIVE_FACE('',(#7296));
#7298=POLY_LOOP('',(#7284,#7269,#7285));
#7299=FACE_OUTER_BOUND('',#7298,.T.);
#7300=FACETED_PRIMITIVE_FACE('',(#7299));
#7301=POLY_LOOP('',(#7284,#7280,#7265));
#7302=FACE_OUTER_BOUND('',#7301,.T.);
#7303=FACETED_PRIMITIVE_FACE('',(#7302));
#7304=POLY_LOOP('',(#7284,#7265,#7269));
#7305=FACE_OUTER_BOUND('',#7304,.T.);
#7306=FACETED_PRIMITIVE_FACE('',(#7305));
#7308=POLY_LOOP('',(#7307,#7197,#5758));
#7309=FACE_OUTER_BOUND('',#7308,.T.);
#7310=FACETED_PRIMITIVE_FACE('',(#7309));
#7311=POLY_LOOP('',(#7307,#7210,#7197));
#7312=FACE_OUTER_BOUND('',#7311,.T.);
#7313=FACETED_PRIMITIVE_FACE('',(#7312));
#7315=POLY_LOOP('',(#7307,#7314,#7210));
#7316=FACE_OUTER_BOUND('',#7315,.T.);
#7317=FACETED_PRIMITIVE_FACE('',(#7316));
#7318=POLY_LOOP('',(#7307,#5758,#5772));
#7319=FACE_OUTER_BOUND('',#7318,.T.);
#7320=FACETED_PRIMITIVE_FACE('',(#7319));
#7323=POLY_LOOP('',(#7321,#7322,#7294));
#7324=FACE_OUTER_BOUND('',#7323,.T.);
#7325=FACETED_PRIMITIVE_FACE('',(#7324));
#7326=POLY_LOOP('',(#7321,#7294,#7284));
#7327=FACE_OUTER_BOUND('',#7326,.T.);
#7328=FACETED_PRIMITIVE_FACE('',(#7327));
#7330=POLY_LOOP('',(#7321,#7329,#7322));
#7331=FACE_OUTER_BOUND('',#7330,.T.);
#7332=FACETED_PRIMITIVE_FACE('',(#7331));
#7333=POLY_LOOP('',(#7321,#7284,#7286));
#7334=FACE_OUTER_BOUND('',#7333,.T.);
#7335=FACETED_PRIMITIVE_FACE('',(#7334));
#7337=POLY_LOOP('',(#7336,#7307,#5772));
#7338=FACE_OUTER_BOUND('',#7337,.T.);
#7339=FACETED_PRIMITIVE_FACE('',(#7338));
#7340=POLY_LOOP('',(#7336,#5772,#5779));
#7341=FACE_OUTER_BOUND('',#7340,.T.);
#7342=FACETED_PRIMITIVE_FACE('',(#7341));
#7343=POLY_LOOP('',(#7336,#5779,#5762));
#7344=FACE_OUTER_BOUND('',#7343,.T.);
#7345=FACETED_PRIMITIVE_FACE('',(#7344));
#7347=POLY_LOOP('',(#7346,#7329,#7321));
#7348=FACE_OUTER_BOUND('',#7347,.T.);
#7349=FACETED_PRIMITIVE_FACE('',(#7348));
#7350=POLY_LOOP('',(#7346,#7286,#7314));
#7351=FACE_OUTER_BOUND('',#7350,.T.);
#7352=FACETED_PRIMITIVE_FACE('',(#7351));
#7354=POLY_LOOP('',(#7346,#7353,#7329));
#7355=FACE_OUTER_BOUND('',#7354,.T.);
#7356=FACETED_PRIMITIVE_FACE('',(#7355));
#7358=POLY_LOOP('',(#7346,#7357,#7353));
#7359=FACE_OUTER_BOUND('',#7358,.T.);
#7360=FACETED_PRIMITIVE_FACE('',(#7359));
#7361=POLY_LOOP('',(#7346,#7321,#7286));
#7362=FACE_OUTER_BOUND('',#7361,.T.);
#7363=FACETED_PRIMITIVE_FACE('',(#7362));
#7365=POLY_LOOP('',(#7364,#7314,#7307));
#7366=FACE_OUTER_BOUND('',#7365,.T.);
#7367=FACETED_PRIMITIVE_FACE('',(#7366));
#7368=POLY_LOOP('',(#7364,#7357,#7346));
#7369=FACE_OUTER_BOUND('',#7368,.T.);
#7370=FACETED_PRIMITIVE_FACE('',(#7369));
#7372=POLY_LOOP('',(#7364,#7371,#7357));
#7373=FACE_OUTER_BOUND('',#7372,.T.);
#7374=FACETED_PRIMITIVE_FACE('',(#7373));
#7375=POLY_LOOP('',(#7364,#6935,#7371));
#7376=FACE_OUTER_BOUND('',#7375,.T.);
#7377=FACETED_PRIMITIVE_FACE('',(#7376));
#7378=POLY_LOOP('',(#7364,#7346,#7314));
#7379=FACE_OUTER_BOUND('',#7378,.T.);
#7380=FACETED_PRIMITIVE_FACE('',(#7379));
#7381=POLY_LOOP('',(#7364,#5734,#6935));
#7382=FACE_OUTER_BOUND('',#7381,.T.);
#7383=FACETED_PRIMITIVE_FACE('',(#7382));
#7385=POLY_LOOP('',(#7384,#7307,#7336));
#7386=FACE_OUTER_BOUND('',#7385,.T.);
#7387=FACETED_PRIMITIVE_FACE('',(#7386));
#7388=POLY_LOOP('',(#7384,#7336,#5762));
#7389=FACE_OUTER_BOUND('',#7388,.T.);
#7390=FACETED_PRIMITIVE_FACE('',(#7389));
#7391=POLY_LOOP('',(#7384,#7364,#7307));
#7392=FACE_OUTER_BOUND('',#7391,.T.);
#7393=FACETED_PRIMITIVE_FACE('',(#7392));
#7394=POLY_LOOP('',(#7384,#5734,#7364));
#7395=FACE_OUTER_BOUND('',#7394,.T.);
#7396=FACETED_PRIMITIVE_FACE('',(#7395));
#7397=POLY_LOOP('',(#7384,#5762,#5751));
#7398=FACE_OUTER_BOUND('',#7397,.T.);
#7399=FACETED_PRIMITIVE_FACE('',(#7398));
#7400=POLY_LOOP('',(#7384,#5751,#5734));
#7401=FACE_OUTER_BOUND('',#7400,.T.);
#7402=FACETED_PRIMITIVE_FACE('',(#7401));
#7406=POLY_LOOP('',(#7403,#7404,#7405));
#7407=FACE_OUTER_BOUND('',#7406,.T.);
#7408=FACETED_PRIMITIVE_FACE('',(#7407));
#7410=POLY_LOOP('',(#7403,#7405,#7409));
#7411=FACE_OUTER_BOUND('',#7410,.T.);
#7412=FACETED_PRIMITIVE_FACE('',(#7411));
#7414=POLY_LOOP('',(#7403,#7409,#7413));
#7415=FACE_OUTER_BOUND('',#7414,.T.);
#7416=FACETED_PRIMITIVE_FACE('',(#7415));
#7419=POLY_LOOP('',(#7403,#7417,#7418));
#7420=FACE_OUTER_BOUND('',#7419,.T.);
#7421=FACETED_PRIMITIVE_FACE('',(#7420));
#7423=POLY_LOOP('',(#7422,#7403,#7413));
#7424=FACE_OUTER_BOUND('',#7423,.T.);
#7425=FACETED_PRIMITIVE_FACE('',(#7424));
#7426=POLY_LOOP('',(#7422,#7417,#7403));
#7427=FACE_OUTER_BOUND('',#7426,.T.);
#7428=FACETED_PRIMITIVE_FACE('',(#7427));
#7430=POLY_LOOP('',(#7422,#7413,#7429));
#7431=FACE_OUTER_BOUND('',#7430,.T.);
#7432=FACETED_PRIMITIVE_FACE('',(#7431));
#7434=POLY_LOOP('',(#7433,#7422,#7429));
#7435=FACE_OUTER_BOUND('',#7434,.T.);
#7436=FACETED_PRIMITIVE_FACE('',(#7435));
#7437=POLY_LOOP('',(#7433,#7417,#7422));
#7438=FACE_OUTER_BOUND('',#7437,.T.);
#7439=FACETED_PRIMITIVE_FACE('',(#7438));
#7441=POLY_LOOP('',(#7433,#7429,#7440));
#7442=FACE_OUTER_BOUND('',#7441,.T.);
#7443=FACETED_PRIMITIVE_FACE('',(#7442));
#7446=POLY_LOOP('',(#7444,#7445,#7417));
#7447=FACE_OUTER_BOUND('',#7446,.T.);
#7448=FACETED_PRIMITIVE_FACE('',(#7447));
#7449=POLY_LOOP('',(#7444,#7025,#7024));
#7450=FACE_OUTER_BOUND('',#7449,.T.);
#7451=FACETED_PRIMITIVE_FACE('',(#7450));
#7453=POLY_LOOP('',(#7444,#7024,#7452));
#7454=FACE_OUTER_BOUND('',#7453,.T.);
#7455=FACETED_PRIMITIVE_FACE('',(#7454));
#7456=POLY_LOOP('',(#7444,#7433,#7440));
#7457=FACE_OUTER_BOUND('',#7456,.T.);
#7458=FACETED_PRIMITIVE_FACE('',(#7457));
#7459=POLY_LOOP('',(#7444,#7417,#7433));
#7460=FACE_OUTER_BOUND('',#7459,.T.);
#7461=FACETED_PRIMITIVE_FACE('',(#7460));
#7462=POLY_LOOP('',(#7444,#7452,#7445));
#7463=FACE_OUTER_BOUND('',#7462,.T.);
#7464=FACETED_PRIMITIVE_FACE('',(#7463));
#7466=POLY_LOOP('',(#7444,#7440,#7465));
#7467=FACE_OUTER_BOUND('',#7466,.T.);
#7468=FACETED_PRIMITIVE_FACE('',(#7467));
#7470=POLY_LOOP('',(#7444,#7465,#7469));
#7471=FACE_OUTER_BOUND('',#7470,.T.);
#7472=FACETED_PRIMITIVE_FACE('',(#7471));
#7474=POLY_LOOP('',(#7444,#7469,#7473));
#7475=FACE_OUTER_BOUND('',#7474,.T.);
#7476=FACETED_PRIMITIVE_FACE('',(#7475));
#7478=POLY_LOOP('',(#7444,#7473,#7477));
#7479=FACE_OUTER_BOUND('',#7478,.T.);
#7480=FACETED_PRIMITIVE_FACE('',(#7479));
#7481=POLY_LOOP('',(#7444,#7477,#7025));
#7482=FACE_OUTER_BOUND('',#7481,.T.);
#7483=FACETED_PRIMITIVE_FACE('',(#7482));
#7485=POLY_LOOP('',(#7484,#7004,#6977));
#7486=FACE_OUTER_BOUND('',#7485,.T.);
#7487=FACETED_PRIMITIVE_FACE('',(#7486));
#7489=POLY_LOOP('',(#7484,#6977,#7488));
#7490=FACE_OUTER_BOUND('',#7489,.T.);
#7491=FACETED_PRIMITIVE_FACE('',(#7490));
#7493=POLY_LOOP('',(#7484,#7492,#7004));
#7494=FACE_OUTER_BOUND('',#7493,.T.);
#7495=FACETED_PRIMITIVE_FACE('',(#7494));
#7497=POLY_LOOP('',(#7484,#7496,#7492));
#7498=FACE_OUTER_BOUND('',#7497,.T.);
#7499=FACETED_PRIMITIVE_FACE('',(#7498));
#7500=POLY_LOOP('',(#7484,#7488,#7418));
#7501=FACE_OUTER_BOUND('',#7500,.T.);
#7502=FACETED_PRIMITIVE_FACE('',(#7501));
#7504=POLY_LOOP('',(#7503,#7496,#7484));
#7505=FACE_OUTER_BOUND('',#7504,.T.);
#7506=FACETED_PRIMITIVE_FACE('',(#7505));
#7507=POLY_LOOP('',(#7503,#7484,#7418));
#7508=FACE_OUTER_BOUND('',#7507,.T.);
#7509=FACETED_PRIMITIVE_FACE('',(#7508));
#7511=POLY_LOOP('',(#7503,#7510,#7496));
#7512=FACE_OUTER_BOUND('',#7511,.T.);
#7513=FACETED_PRIMITIVE_FACE('',(#7512));
#7514=POLY_LOOP('',(#7503,#7418,#7417));
#7515=FACE_OUTER_BOUND('',#7514,.T.);
#7516=FACETED_PRIMITIVE_FACE('',(#7515));
#7518=POLY_LOOP('',(#7517,#5647,#7055));
#7519=FACE_OUTER_BOUND('',#7518,.T.);
#7520=FACETED_PRIMITIVE_FACE('',(#7519));
#7521=POLY_LOOP('',(#7517,#5643,#5647));
#7522=FACE_OUTER_BOUND('',#7521,.T.);
#7523=FACETED_PRIMITIVE_FACE('',(#7522));
#7524=POLY_LOOP('',(#7517,#7043,#7047));
#7525=FACE_OUTER_BOUND('',#7524,.T.);
#7526=FACETED_PRIMITIVE_FACE('',(#7525));
#7527=POLY_LOOP('',(#7517,#7055,#7043));
#7528=FACE_OUTER_BOUND('',#7527,.T.);
#7529=FACETED_PRIMITIVE_FACE('',(#7528));
#7530=POLY_LOOP('',(#7517,#6912,#5643));
#7531=FACE_OUTER_BOUND('',#7530,.T.);
#7532=FACETED_PRIMITIVE_FACE('',(#7531));
#7534=POLY_LOOP('',(#7517,#7047,#7533));
#7535=FACE_OUTER_BOUND('',#7534,.T.);
#7536=FACETED_PRIMITIVE_FACE('',(#7535));
#7538=POLY_LOOP('',(#7517,#7533,#7537));
#7539=FACE_OUTER_BOUND('',#7538,.T.);
#7540=FACETED_PRIMITIVE_FACE('',(#7539));
#7542=POLY_LOOP('',(#7517,#7537,#7541));
#7543=FACE_OUTER_BOUND('',#7542,.T.);
#7544=FACETED_PRIMITIVE_FACE('',(#7543));
#7546=POLY_LOOP('',(#7517,#7541,#7545));
#7547=FACE_OUTER_BOUND('',#7546,.T.);
#7548=FACETED_PRIMITIVE_FACE('',(#7547));
#7549=POLY_LOOP('',(#7517,#7545,#6912));
#7550=FACE_OUTER_BOUND('',#7549,.T.);
#7551=FACETED_PRIMITIVE_FACE('',(#7550));
#7553=POLY_LOOP('',(#7552,#7417,#7445));
#7554=FACE_OUTER_BOUND('',#7553,.T.);
#7555=FACETED_PRIMITIVE_FACE('',(#7554));
#7557=POLY_LOOP('',(#7552,#7556,#7510));
#7558=FACE_OUTER_BOUND('',#7557,.T.);
#7559=FACETED_PRIMITIVE_FACE('',(#7558));
#7560=POLY_LOOP('',(#7552,#7503,#7417));
#7561=FACE_OUTER_BOUND('',#7560,.T.);
#7562=FACETED_PRIMITIVE_FACE('',(#7561));
#7563=POLY_LOOP('',(#7552,#7510,#7503));
#7564=FACE_OUTER_BOUND('',#7563,.T.);
#7565=FACETED_PRIMITIVE_FACE('',(#7564));
#7569=POLY_LOOP('',(#7566,#7567,#7568));
#7570=FACE_OUTER_BOUND('',#7569,.T.);
#7571=FACETED_PRIMITIVE_FACE('',(#7570));
#7572=POLY_LOOP('',(#7566,#7568,#7556));
#7573=FACE_OUTER_BOUND('',#7572,.T.);
#7574=FACETED_PRIMITIVE_FACE('',(#7573));
#7575=POLY_LOOP('',(#7566,#7043,#7103));
#7576=FACE_OUTER_BOUND('',#7575,.T.);
#7577=FACETED_PRIMITIVE_FACE('',(#7576));
#7578=POLY_LOOP('',(#7566,#7452,#7024));
#7579=FACE_OUTER_BOUND('',#7578,.T.);
#7580=FACETED_PRIMITIVE_FACE('',(#7579));
#7581=POLY_LOOP('',(#7566,#7024,#7043));
#7582=FACE_OUTER_BOUND('',#7581,.T.);
#7583=FACETED_PRIMITIVE_FACE('',(#7582));
#7584=POLY_LOOP('',(#7566,#7103,#7567));
#7585=FACE_OUTER_BOUND('',#7584,.T.);
#7586=FACETED_PRIMITIVE_FACE('',(#7585));
#7587=POLY_LOOP('',(#7566,#7445,#7452));
#7588=FACE_OUTER_BOUND('',#7587,.T.);
#7589=FACETED_PRIMITIVE_FACE('',(#7588));
#7590=POLY_LOOP('',(#7566,#7552,#7445));
#7591=FACE_OUTER_BOUND('',#7590,.T.);
#7592=FACETED_PRIMITIVE_FACE('',(#7591));
#7593=POLY_LOOP('',(#7566,#7556,#7552));
#7594=FACE_OUTER_BOUND('',#7593,.T.);
#7595=FACETED_PRIMITIVE_FACE('',(#7594));
#7597=POLY_LOOP('',(#7596,#7051,#7004));
#7598=FACE_OUTER_BOUND('',#7597,.T.);
#7599=FACETED_PRIMITIVE_FACE('',(#7598));
#7600=POLY_LOOP('',(#7596,#7004,#7492));
#7601=FACE_OUTER_BOUND('',#7600,.T.);
#7602=FACETED_PRIMITIVE_FACE('',(#7601));
#7603=POLY_LOOP('',(#7596,#7492,#7496));
#7604=FACE_OUTER_BOUND('',#7603,.T.);
#7605=FACETED_PRIMITIVE_FACE('',(#7604));
#7607=POLY_LOOP('',(#7596,#7606,#7051));
#7608=FACE_OUTER_BOUND('',#7607,.T.);
#7609=FACETED_PRIMITIVE_FACE('',(#7608));
#7611=POLY_LOOP('',(#7596,#7610,#7606));
#7612=FACE_OUTER_BOUND('',#7611,.T.);
#7613=FACETED_PRIMITIVE_FACE('',(#7612));
#7616=POLY_LOOP('',(#7614,#7615,#7610));
#7617=FACE_OUTER_BOUND('',#7616,.T.);
#7618=FACETED_PRIMITIVE_FACE('',(#7617));
#7619=POLY_LOOP('',(#7614,#7610,#7596));
#7620=FACE_OUTER_BOUND('',#7619,.T.);
#7621=FACETED_PRIMITIVE_FACE('',(#7620));
#7622=POLY_LOOP('',(#7614,#7496,#7510));
#7623=FACE_OUTER_BOUND('',#7622,.T.);
#7624=FACETED_PRIMITIVE_FACE('',(#7623));
#7625=POLY_LOOP('',(#7614,#7596,#7496));
#7626=FACE_OUTER_BOUND('',#7625,.T.);
#7627=FACETED_PRIMITIVE_FACE('',(#7626));
#7629=POLY_LOOP('',(#7628,#7615,#7614));
#7630=FACE_OUTER_BOUND('',#7629,.T.);
#7631=FACETED_PRIMITIVE_FACE('',(#7630));
#7632=POLY_LOOP('',(#7628,#7510,#7556));
#7633=FACE_OUTER_BOUND('',#7632,.T.);
#7634=FACETED_PRIMITIVE_FACE('',(#7633));
#7636=POLY_LOOP('',(#7628,#7635,#7615));
#7637=FACE_OUTER_BOUND('',#7636,.T.);
#7638=FACETED_PRIMITIVE_FACE('',(#7637));
#7639=POLY_LOOP('',(#7628,#7614,#7510));
#7640=FACE_OUTER_BOUND('',#7639,.T.);
#7641=FACETED_PRIMITIVE_FACE('',(#7640));
#7643=POLY_LOOP('',(#7642,#7568,#7567));
#7644=FACE_OUTER_BOUND('',#7643,.T.);
#7645=FACETED_PRIMITIVE_FACE('',(#7644));
#7646=POLY_LOOP('',(#7642,#7556,#7568));
#7647=FACE_OUTER_BOUND('',#7646,.T.);
#7648=FACETED_PRIMITIVE_FACE('',(#7647));
#7650=POLY_LOOP('',(#7642,#7649,#7635));
#7651=FACE_OUTER_BOUND('',#7650,.T.);
#7652=FACETED_PRIMITIVE_FACE('',(#7651));
#7653=POLY_LOOP('',(#7642,#7628,#7556));
#7654=FACE_OUTER_BOUND('',#7653,.T.);
#7655=FACETED_PRIMITIVE_FACE('',(#7654));
#7656=POLY_LOOP('',(#7642,#7567,#7103));
#7657=FACE_OUTER_BOUND('',#7656,.T.);
#7658=FACETED_PRIMITIVE_FACE('',(#7657));
#7659=POLY_LOOP('',(#7642,#7103,#7210));
#7660=FACE_OUTER_BOUND('',#7659,.T.);
#7661=FACETED_PRIMITIVE_FACE('',(#7660));
#7663=POLY_LOOP('',(#7642,#7210,#7662));
#7664=FACE_OUTER_BOUND('',#7663,.T.);
#7665=FACETED_PRIMITIVE_FACE('',(#7664));
#7666=POLY_LOOP('',(#7642,#7635,#7628));
#7667=FACE_OUTER_BOUND('',#7666,.T.);
#7668=FACETED_PRIMITIVE_FACE('',(#7667));
#7669=POLY_LOOP('',(#7642,#7662,#7649));
#7670=FACE_OUTER_BOUND('',#7669,.T.);
#7671=FACETED_PRIMITIVE_FACE('',(#7670));
#7673=POLY_LOOP('',(#7672,#7051,#7606));
#7674=FACE_OUTER_BOUND('',#7673,.T.);
#7675=FACETED_PRIMITIVE_FACE('',(#7674));
#7676=POLY_LOOP('',(#7672,#7092,#7051));
#7677=FACE_OUTER_BOUND('',#7676,.T.);
#7678=FACETED_PRIMITIVE_FACE('',(#7677));
#7679=POLY_LOOP('',(#7672,#7606,#7610));
#7680=FACE_OUTER_BOUND('',#7679,.T.);
#7681=FACETED_PRIMITIVE_FACE('',(#7680));
#7682=POLY_LOOP('',(#7672,#7229,#7193));
#7683=FACE_OUTER_BOUND('',#7682,.T.);
#7684=FACETED_PRIMITIVE_FACE('',(#7683));
#7685=POLY_LOOP('',(#7672,#7193,#7092));
#7686=FACE_OUTER_BOUND('',#7685,.T.);
#7687=FACETED_PRIMITIVE_FACE('',(#7686));
#7689=POLY_LOOP('',(#7688,#7247,#7229));
#7690=FACE_OUTER_BOUND('',#7689,.T.);
#7691=FACETED_PRIMITIVE_FACE('',(#7690));
#7692=POLY_LOOP('',(#7688,#7610,#7615));
#7693=FACE_OUTER_BOUND('',#7692,.T.);
#7694=FACETED_PRIMITIVE_FACE('',(#7693));
#7695=POLY_LOOP('',(#7688,#7229,#7672));
#7696=FACE_OUTER_BOUND('',#7695,.T.);
#7697=FACETED_PRIMITIVE_FACE('',(#7696));
#7698=POLY_LOOP('',(#7688,#7672,#7610));
#7699=FACE_OUTER_BOUND('',#7698,.T.);
#7700=FACETED_PRIMITIVE_FACE('',(#7699));
#7702=POLY_LOOP('',(#7701,#7269,#7247));
#7703=FACE_OUTER_BOUND('',#7702,.T.);
#7704=FACETED_PRIMITIVE_FACE('',(#7703));
#7705=POLY_LOOP('',(#7701,#7688,#7615));
#7706=FACE_OUTER_BOUND('',#7705,.T.);
#7707=FACETED_PRIMITIVE_FACE('',(#7706));
#7708=POLY_LOOP('',(#7701,#7247,#7688));
#7709=FACE_OUTER_BOUND('',#7708,.T.);
#7710=FACETED_PRIMITIVE_FACE('',(#7709));
#7711=POLY_LOOP('',(#7701,#7615,#7635));
#7712=FACE_OUTER_BOUND('',#7711,.T.);
#7713=FACETED_PRIMITIVE_FACE('',(#7712));
#7715=POLY_LOOP('',(#7714,#7635,#7649));
#7716=FACE_OUTER_BOUND('',#7715,.T.);
#7717=FACETED_PRIMITIVE_FACE('',(#7716));
#7718=POLY_LOOP('',(#7714,#7286,#7285));
#7719=FACE_OUTER_BOUND('',#7718,.T.);
#7720=FACETED_PRIMITIVE_FACE('',(#7719));
#7721=POLY_LOOP('',(#7714,#7314,#7286));
#7722=FACE_OUTER_BOUND('',#7721,.T.);
#7723=FACETED_PRIMITIVE_FACE('',(#7722));
#7724=POLY_LOOP('',(#7714,#7210,#7314));
#7725=FACE_OUTER_BOUND('',#7724,.T.);
#7726=FACETED_PRIMITIVE_FACE('',(#7725));
#7727=POLY_LOOP('',(#7714,#7701,#7635));
#7728=FACE_OUTER_BOUND('',#7727,.T.);
#7729=FACETED_PRIMITIVE_FACE('',(#7728));
#7730=POLY_LOOP('',(#7714,#7269,#7701));
#7731=FACE_OUTER_BOUND('',#7730,.T.);
#7732=FACETED_PRIMITIVE_FACE('',(#7731));
#7733=POLY_LOOP('',(#7714,#7285,#7269));
#7734=FACE_OUTER_BOUND('',#7733,.T.);
#7735=FACETED_PRIMITIVE_FACE('',(#7734));
#7736=POLY_LOOP('',(#7714,#7662,#7210));
#7737=FACE_OUTER_BOUND('',#7736,.T.);
#7738=FACETED_PRIMITIVE_FACE('',(#7737));
#7739=POLY_LOOP('',(#7714,#7649,#7662));
#7740=FACE_OUTER_BOUND('',#7739,.T.);
#7741=FACETED_PRIMITIVE_FACE('',(#7740));
#7743=POLY_LOOP('',(#7742,#7488,#6977));
#7744=FACE_OUTER_BOUND('',#7743,.T.);
#7745=FACETED_PRIMITIVE_FACE('',(#7744));
#7746=POLY_LOOP('',(#7742,#7404,#7403));
#7747=FACE_OUTER_BOUND('',#7746,.T.);
#7748=FACETED_PRIMITIVE_FACE('',(#7747));
#7749=POLY_LOOP('',(#7742,#6977,#6973));
#7750=FACE_OUTER_BOUND('',#7749,.T.);
#7751=FACETED_PRIMITIVE_FACE('',(#7750));
#7752=POLY_LOOP('',(#7742,#7403,#7418));
#7753=FACE_OUTER_BOUND('',#7752,.T.);
#7754=FACETED_PRIMITIVE_FACE('',(#7753));
#7756=POLY_LOOP('',(#7742,#6973,#7755));
#7757=FACE_OUTER_BOUND('',#7756,.T.);
#7758=FACETED_PRIMITIVE_FACE('',(#7757));
#7760=POLY_LOOP('',(#7742,#7755,#7759));
#7761=FACE_OUTER_BOUND('',#7760,.T.);
#7762=FACETED_PRIMITIVE_FACE('',(#7761));
#7763=POLY_LOOP('',(#7742,#7759,#7404));
#7764=FACE_OUTER_BOUND('',#7763,.T.);
#7765=FACETED_PRIMITIVE_FACE('',(#7764));
#7766=POLY_LOOP('',(#7742,#7418,#7488));
#7767=FACE_OUTER_BOUND('',#7766,.T.);
#7768=FACETED_PRIMITIVE_FACE('',(#7767));
#7771=POLY_LOOP('',(#7161,#7769,#7770));
#7772=FACE_OUTER_BOUND('',#7771,.T.);
#7773=FACETED_PRIMITIVE_FACE('',(#7772));
#7776=POLY_LOOP('',(#7165,#7774,#7775));
#7777=FACE_OUTER_BOUND('',#7776,.T.);
#7778=FACETED_PRIMITIVE_FACE('',(#7777));
#7779=POLY_LOOP('',(#7165,#7775,#7769));
#7780=FACE_OUTER_BOUND('',#7779,.T.);
#7781=FACETED_PRIMITIVE_FACE('',(#7780));
#7782=POLY_LOOP('',(#7165,#7769,#7161));
#7783=FACE_OUTER_BOUND('',#7782,.T.);
#7784=FACETED_PRIMITIVE_FACE('',(#7783));
#7786=POLY_LOOP('',(#7134,#7770,#7785));
#7787=FACE_OUTER_BOUND('',#7786,.T.);
#7788=FACETED_PRIMITIVE_FACE('',(#7787));
#7789=POLY_LOOP('',(#7134,#7161,#7770));
#7790=FACE_OUTER_BOUND('',#7789,.T.);
#7791=FACETED_PRIMITIVE_FACE('',(#7790));
#7793=POLY_LOOP('',(#7182,#7792,#7774));
#7794=FACE_OUTER_BOUND('',#7793,.T.);
#7795=FACETED_PRIMITIVE_FACE('',(#7794));
#7796=POLY_LOOP('',(#7182,#7774,#7165));
#7797=FACE_OUTER_BOUND('',#7796,.T.);
#7798=FACETED_PRIMITIVE_FACE('',(#7797));
#7800=POLY_LOOP('',(#7130,#7785,#7799));
#7801=FACE_OUTER_BOUND('',#7800,.T.);
#7802=FACETED_PRIMITIVE_FACE('',(#7801));
#7803=POLY_LOOP('',(#7130,#7134,#7785));
#7804=FACE_OUTER_BOUND('',#7803,.T.);
#7805=FACETED_PRIMITIVE_FACE('',(#7804));
#7807=POLY_LOOP('',(#6928,#7799,#7806));
#7808=FACE_OUTER_BOUND('',#7807,.T.);
#7809=FACETED_PRIMITIVE_FACE('',(#7808));
#7810=POLY_LOOP('',(#6928,#7130,#7799));
#7811=FACE_OUTER_BOUND('',#7810,.T.);
#7812=FACETED_PRIMITIVE_FACE('',(#7811));
#7814=POLY_LOOP('',(#7186,#7813,#7792));
#7815=FACE_OUTER_BOUND('',#7814,.T.);
#7816=FACETED_PRIMITIVE_FACE('',(#7815));
#7817=POLY_LOOP('',(#7186,#7792,#7182));
#7818=FACE_OUTER_BOUND('',#7817,.T.);
#7819=FACETED_PRIMITIVE_FACE('',(#7818));
#7820=POLY_LOOP('',(#6924,#6928,#7806));
#7821=FACE_OUTER_BOUND('',#7820,.T.);
#7822=FACETED_PRIMITIVE_FACE('',(#7821));
#7824=POLY_LOOP('',(#7823,#6924,#7806));
#7825=FACE_OUTER_BOUND('',#7824,.T.);
#7826=FACETED_PRIMITIVE_FACE('',(#7825));
#7828=POLY_LOOP('',(#7221,#7827,#7813));
#7829=FACE_OUTER_BOUND('',#7828,.T.);
#7830=FACETED_PRIMITIVE_FACE('',(#7829));
#7831=POLY_LOOP('',(#7221,#7813,#7186));
#7832=FACE_OUTER_BOUND('',#7831,.T.);
#7833=FACETED_PRIMITIVE_FACE('',(#7832));
#7834=POLY_LOOP('',(#6920,#6924,#7823));
#7835=FACE_OUTER_BOUND('',#7834,.T.);
#7836=FACETED_PRIMITIVE_FACE('',(#7835));
#7838=POLY_LOOP('',(#6916,#7823,#7837));
#7839=FACE_OUTER_BOUND('',#7838,.T.);
#7840=FACETED_PRIMITIVE_FACE('',(#7839));
#7841=POLY_LOOP('',(#6916,#6920,#7823));
#7842=FACE_OUTER_BOUND('',#7841,.T.);
#7843=FACETED_PRIMITIVE_FACE('',(#7842));
#7844=POLY_LOOP('',(#7225,#7827,#7221));
#7845=FACE_OUTER_BOUND('',#7844,.T.);
#7846=FACETED_PRIMITIVE_FACE('',(#7845));
#7848=POLY_LOOP('',(#7225,#7847,#7827));
#7849=FACE_OUTER_BOUND('',#7848,.T.);
#7850=FACETED_PRIMITIVE_FACE('',(#7849));
#7851=POLY_LOOP('',(#4909,#6916,#7837));
#7852=FACE_OUTER_BOUND('',#7851,.T.);
#7853=FACETED_PRIMITIVE_FACE('',(#7852));
#7855=POLY_LOOP('',(#4909,#7837,#7854));
#7856=FACE_OUTER_BOUND('',#7855,.T.);
#7857=FACETED_PRIMITIVE_FACE('',(#7856));
#7858=POLY_LOOP('',(#7257,#7847,#7225));
#7859=FACE_OUTER_BOUND('',#7858,.T.);
#7860=FACETED_PRIMITIVE_FACE('',(#7859));
#7862=POLY_LOOP('',(#7257,#7861,#7847));
#7863=FACE_OUTER_BOUND('',#7862,.T.);
#7864=FACETED_PRIMITIVE_FACE('',(#7863));
#7866=POLY_LOOP('',(#7261,#7865,#7861));
#7867=FACE_OUTER_BOUND('',#7866,.T.);
#7868=FACETED_PRIMITIVE_FACE('',(#7867));
#7869=POLY_LOOP('',(#7261,#7861,#7257));
#7870=FACE_OUTER_BOUND('',#7869,.T.);
#7871=FACETED_PRIMITIVE_FACE('',(#7870));
#7872=POLY_LOOP('',(#7276,#7865,#7261));
#7873=FACE_OUTER_BOUND('',#7872,.T.);
#7874=FACETED_PRIMITIVE_FACE('',(#7873));
#7876=POLY_LOOP('',(#7276,#7875,#7865));
#7877=FACE_OUTER_BOUND('',#7876,.T.);
#7878=FACETED_PRIMITIVE_FACE('',(#7877));
#7879=POLY_LOOP('',(#7280,#7875,#7276));
#7880=FACE_OUTER_BOUND('',#7879,.T.);
#7881=FACETED_PRIMITIVE_FACE('',(#7880));
#7883=POLY_LOOP('',(#7882,#7875,#7280));
#7884=FACE_OUTER_BOUND('',#7883,.T.);
#7885=FACETED_PRIMITIVE_FACE('',(#7884));
#7886=POLY_LOOP('',(#7290,#7882,#7280));
#7887=FACE_OUTER_BOUND('',#7886,.T.);
#7888=FACETED_PRIMITIVE_FACE('',(#7887));
#7890=POLY_LOOP('',(#7889,#7882,#7290));
#7891=FACE_OUTER_BOUND('',#7890,.T.);
#7892=FACETED_PRIMITIVE_FACE('',(#7891));
#7893=POLY_LOOP('',(#7294,#7889,#7290));
#7894=FACE_OUTER_BOUND('',#7893,.T.);
#7895=FACETED_PRIMITIVE_FACE('',(#7894));
#7896=POLY_LOOP('',(#4951,#7854,#102));
#7897=FACE_OUTER_BOUND('',#7896,.T.);
#7898=FACETED_PRIMITIVE_FACE('',(#7897));
#7899=POLY_LOOP('',(#4951,#4909,#7854));
#7900=FACE_OUTER_BOUND('',#7899,.T.);
#7901=FACETED_PRIMITIVE_FACE('',(#7900));
#7903=POLY_LOOP('',(#7902,#7889,#7294));
#7904=FACE_OUTER_BOUND('',#7903,.T.);
#7905=FACETED_PRIMITIVE_FACE('',(#7904));
#7906=POLY_LOOP('',(#7322,#7902,#7294));
#7907=FACE_OUTER_BOUND('',#7906,.T.);
#7908=FACETED_PRIMITIVE_FACE('',(#7907));
#7909=POLY_LOOP('',(#7329,#7902,#7322));
#7910=FACE_OUTER_BOUND('',#7909,.T.);
#7911=FACETED_PRIMITIVE_FACE('',(#7910));
#7913=POLY_LOOP('',(#7912,#7902,#7329));
#7914=FACE_OUTER_BOUND('',#7913,.T.);
#7915=FACETED_PRIMITIVE_FACE('',(#7914));
#7916=POLY_LOOP('',(#7353,#7912,#7329));
#7917=FACE_OUTER_BOUND('',#7916,.T.);
#7918=FACETED_PRIMITIVE_FACE('',(#7917));
#7920=POLY_LOOP('',(#7919,#7912,#7353));
#7921=FACE_OUTER_BOUND('',#7920,.T.);
#7922=FACETED_PRIMITIVE_FACE('',(#7921));
#7923=POLY_LOOP('',(#7357,#7919,#7353));
#7924=FACE_OUTER_BOUND('',#7923,.T.);
#7925=FACETED_PRIMITIVE_FACE('',(#7924));
#7927=POLY_LOOP('',(#7926,#7919,#7357));
#7928=FACE_OUTER_BOUND('',#7927,.T.);
#7929=FACETED_PRIMITIVE_FACE('',(#7928));
#7930=POLY_LOOP('',(#7371,#7926,#7357));
#7931=FACE_OUTER_BOUND('',#7930,.T.);
#7932=FACETED_PRIMITIVE_FACE('',(#7931));
#7934=POLY_LOOP('',(#7933,#7926,#7371));
#7935=FACE_OUTER_BOUND('',#7934,.T.);
#7936=FACETED_PRIMITIVE_FACE('',(#7935));
#7937=POLY_LOOP('',(#6935,#7933,#7371));
#7938=FACE_OUTER_BOUND('',#7937,.T.);
#7939=FACETED_PRIMITIVE_FACE('',(#7938));
#7941=POLY_LOOP('',(#7940,#7933,#6935));
#7942=FACE_OUTER_BOUND('',#7941,.T.);
#7943=FACETED_PRIMITIVE_FACE('',(#7942));
#7944=POLY_LOOP('',(#6939,#7940,#6935));
#7945=FACE_OUTER_BOUND('',#7944,.T.);
#7946=FACETED_PRIMITIVE_FACE('',(#7945));
#7948=POLY_LOOP('',(#7947,#7940,#6939));
#7949=FACE_OUTER_BOUND('',#7948,.T.);
#7950=FACETED_PRIMITIVE_FACE('',(#7949));
#7952=POLY_LOOP('',(#7951,#6939,#6943));
#7953=FACE_OUTER_BOUND('',#7952,.T.);
#7954=FACETED_PRIMITIVE_FACE('',(#7953));
#7955=POLY_LOOP('',(#7951,#7947,#6939));
#7956=FACE_OUTER_BOUND('',#7955,.T.);
#7957=FACETED_PRIMITIVE_FACE('',(#7956));
#7959=POLY_LOOP('',(#7958,#6943,#5007));
#7960=FACE_OUTER_BOUND('',#7959,.T.);
#7961=FACETED_PRIMITIVE_FACE('',(#7960));
#7962=POLY_LOOP('',(#7958,#7951,#6943));
#7963=FACE_OUTER_BOUND('',#7962,.T.);
#7964=FACETED_PRIMITIVE_FACE('',(#7963));
#7965=POLY_LOOP('',(#61,#5007,#5017));
#7966=FACE_OUTER_BOUND('',#7965,.T.);
#7967=FACETED_PRIMITIVE_FACE('',(#7966));
#7968=POLY_LOOP('',(#61,#7958,#5007));
#7969=FACE_OUTER_BOUND('',#7968,.T.);
#7970=FACETED_PRIMITIVE_FACE('',(#7969));
#7971=POLY_LOOP('',(#142,#103,#5022));
#7972=FACE_OUTER_BOUND('',#7971,.T.);
#7973=FACETED_PRIMITIVE_FACE('',(#7972));
#7974=POLY_LOOP('',(#142,#5022,#5021));
#7975=FACE_OUTER_BOUND('',#7974,.T.);
#7976=FACETED_PRIMITIVE_FACE('',(#7975));
#7977=POLY_LOOP('',(#155,#5021,#5032));
#7978=FACE_OUTER_BOUND('',#7977,.T.);
#7979=FACETED_PRIMITIVE_FACE('',(#7978));
#7980=POLY_LOOP('',(#155,#142,#5021));
#7981=FACE_OUTER_BOUND('',#7980,.T.);
#7982=FACETED_PRIMITIVE_FACE('',(#7981));
#7983=POLY_LOOP('',(#154,#5036,#5043));
#7984=FACE_OUTER_BOUND('',#7983,.T.);
#7985=FACETED_PRIMITIVE_FACE('',(#7984));
#7986=POLY_LOOP('',(#154,#5032,#5036));
#7987=FACE_OUTER_BOUND('',#7986,.T.);
#7988=FACETED_PRIMITIVE_FACE('',(#7987));
#7989=POLY_LOOP('',(#154,#155,#5032));
#7990=FACE_OUTER_BOUND('',#7989,.T.);
#7991=FACETED_PRIMITIVE_FACE('',(#7990));
#7992=POLY_LOOP('',(#166,#154,#5043));
#7993=FACE_OUTER_BOUND('',#7992,.T.);
#7994=FACETED_PRIMITIVE_FACE('',(#7993));
#7995=POLY_LOOP('',(#186,#5043,#5053));
#7996=FACE_OUTER_BOUND('',#7995,.T.);
#7997=FACETED_PRIMITIVE_FACE('',(#7996));
#7998=POLY_LOOP('',(#186,#166,#5043));
#7999=FACE_OUTER_BOUND('',#7998,.T.);
#8000=FACETED_PRIMITIVE_FACE('',(#7999));
#8001=POLY_LOOP('',(#173,#5057,#5064));
#8002=FACE_OUTER_BOUND('',#8001,.T.);
#8003=FACETED_PRIMITIVE_FACE('',(#8002));
#8004=POLY_LOOP('',(#173,#5053,#5057));
#8005=FACE_OUTER_BOUND('',#8004,.T.);
#8006=FACETED_PRIMITIVE_FACE('',(#8005));
#8007=POLY_LOOP('',(#173,#186,#5053));
#8008=FACE_OUTER_BOUND('',#8007,.T.);
#8009=FACETED_PRIMITIVE_FACE('',(#8008));
#8010=POLY_LOOP('',(#162,#173,#5064));
#8011=FACE_OUTER_BOUND('',#8010,.T.);
#8012=FACETED_PRIMITIVE_FACE('',(#8011));
#8013=POLY_LOOP('',(#149,#5064,#5074));
#8014=FACE_OUTER_BOUND('',#8013,.T.);
#8015=FACETED_PRIMITIVE_FACE('',(#8014));
#8016=POLY_LOOP('',(#149,#162,#5064));
#8017=FACE_OUTER_BOUND('',#8016,.T.);
#8018=FACETED_PRIMITIVE_FACE('',(#8017));
#8019=POLY_LOOP('',(#150,#5074,#5078));
#8020=FACE_OUTER_BOUND('',#8019,.T.);
#8021=FACETED_PRIMITIVE_FACE('',(#8020));
#8022=POLY_LOOP('',(#150,#149,#5074));
#8023=FACE_OUTER_BOUND('',#8022,.T.);
#8024=FACETED_PRIMITIVE_FACE('',(#8023));
#8025=POLY_LOOP('',(#138,#5078,#5085));
#8026=FACE_OUTER_BOUND('',#8025,.T.);
#8027=FACETED_PRIMITIVE_FACE('',(#8026));
#8028=POLY_LOOP('',(#138,#150,#5078));
#8029=FACE_OUTER_BOUND('',#8028,.T.);
#8030=FACETED_PRIMITIVE_FACE('',(#8029));
#8031=POLY_LOOP('',(#133,#5085,#5092));
#8032=FACE_OUTER_BOUND('',#8031,.T.);
#8033=FACETED_PRIMITIVE_FACE('',(#8032));
#8034=POLY_LOOP('',(#133,#138,#5085));
#8035=FACE_OUTER_BOUND('',#8034,.T.);
#8036=FACETED_PRIMITIVE_FACE('',(#8035));
#8037=POLY_LOOP('',(#134,#5092,#5099));
#8038=FACE_OUTER_BOUND('',#8037,.T.);
#8039=FACETED_PRIMITIVE_FACE('',(#8038));
#8040=POLY_LOOP('',(#134,#133,#5092));
#8041=FACE_OUTER_BOUND('',#8040,.T.);
#8042=FACETED_PRIMITIVE_FACE('',(#8041));
#8043=POLY_LOOP('',(#126,#134,#5099));
#8044=FACE_OUTER_BOUND('',#8043,.T.);
#8045=FACETED_PRIMITIVE_FACE('',(#8044));
#8046=POLY_LOOP('',(#126,#5099,#5109));
#8047=FACE_OUTER_BOUND('',#8046,.T.);
#8048=FACETED_PRIMITIVE_FACE('',(#8047));
#8049=POLY_LOOP('',(#116,#126,#5109));
#8050=FACE_OUTER_BOUND('',#8049,.T.);
#8051=FACETED_PRIMITIVE_FACE('',(#8050));
#8052=POLY_LOOP('',(#116,#5113,#5120));
#8053=FACE_OUTER_BOUND('',#8052,.T.);
#8054=FACETED_PRIMITIVE_FACE('',(#8053));
#8055=POLY_LOOP('',(#116,#5109,#5113));
#8056=FACE_OUTER_BOUND('',#8055,.T.);
#8057=FACETED_PRIMITIVE_FACE('',(#8056));
#8058=POLY_LOOP('',(#118,#116,#5120));
#8059=FACE_OUTER_BOUND('',#8058,.T.);
#8060=FACETED_PRIMITIVE_FACE('',(#8059));
#8061=POLY_LOOP('',(#117,#5127,#5137));
#8062=FACE_OUTER_BOUND('',#8061,.T.);
#8063=FACETED_PRIMITIVE_FACE('',(#8062));
#8064=POLY_LOOP('',(#117,#5120,#5127));
#8065=FACE_OUTER_BOUND('',#8064,.T.);
#8066=FACETED_PRIMITIVE_FACE('',(#8065));
#8067=POLY_LOOP('',(#117,#118,#5120));
#8068=FACE_OUTER_BOUND('',#8067,.T.);
#8069=FACETED_PRIMITIVE_FACE('',(#8068));
#8070=POLY_LOOP('',(#122,#117,#5137));
#8071=FACE_OUTER_BOUND('',#8070,.T.);
#8072=FACETED_PRIMITIVE_FACE('',(#8071));
#8073=POLY_LOOP('',(#110,#5141,#5151));
#8074=FACE_OUTER_BOUND('',#8073,.T.);
#8075=FACETED_PRIMITIVE_FACE('',(#8074));
#8076=POLY_LOOP('',(#110,#5137,#5141));
#8077=FACE_OUTER_BOUND('',#8076,.T.);
#8078=FACETED_PRIMITIVE_FACE('',(#8077));
#8079=POLY_LOOP('',(#110,#122,#5137));
#8080=FACE_OUTER_BOUND('',#8079,.T.);
#8081=FACETED_PRIMITIVE_FACE('',(#8080));
#8082=POLY_LOOP('',(#112,#110,#5151));
#8083=FACE_OUTER_BOUND('',#8082,.T.);
#8084=FACETED_PRIMITIVE_FACE('',(#8083));
#8085=POLY_LOOP('',(#111,#5151,#5155));
#8086=FACE_OUTER_BOUND('',#8085,.T.);
#8087=FACETED_PRIMITIVE_FACE('',(#8086));
#8088=POLY_LOOP('',(#111,#112,#5151));
#8089=FACE_OUTER_BOUND('',#8088,.T.);
#8090=FACETED_PRIMITIVE_FACE('',(#8089));
#8091=POLY_LOOP('',(#102,#5155,#4951));
#8092=FACE_OUTER_BOUND('',#8091,.T.);
#8093=FACETED_PRIMITIVE_FACE('',(#8092));
#8094=POLY_LOOP('',(#102,#111,#5155));
#8095=FACE_OUTER_BOUND('',#8094,.T.);
#8096=FACETED_PRIMITIVE_FACE('',(#8095));
#8098=POLY_LOOP('',(#5168,#103,#8097));
#8099=FACE_OUTER_BOUND('',#8098,.T.);
#8100=FACETED_PRIMITIVE_FACE('',(#8099));
#8101=POLY_LOOP('',(#5168,#5022,#103));
#8102=FACE_OUTER_BOUND('',#8101,.T.);
#8103=FACETED_PRIMITIVE_FACE('',(#8102));
#8105=POLY_LOOP('',(#8104,#5168,#8097));
#8106=FACE_OUTER_BOUND('',#8105,.T.);
#8107=FACETED_PRIMITIVE_FACE('',(#8106));
#8108=POLY_LOOP('',(#6889,#5168,#8104));
#8109=FACE_OUTER_BOUND('',#8108,.T.);
#8110=FACETED_PRIMITIVE_FACE('',(#8109));
#8112=POLY_LOOP('',(#8111,#6889,#8104));
#8113=FACE_OUTER_BOUND('',#8112,.T.);
#8114=FACETED_PRIMITIVE_FACE('',(#8113));
#8115=POLY_LOOP('',(#6893,#6889,#8111));
#8116=FACE_OUTER_BOUND('',#8115,.T.);
#8117=FACETED_PRIMITIVE_FACE('',(#8116));
#8119=POLY_LOOP('',(#6897,#8111,#8118));
#8120=FACE_OUTER_BOUND('',#8119,.T.);
#8121=FACETED_PRIMITIVE_FACE('',(#8120));
#8122=POLY_LOOP('',(#6897,#6893,#8111));
#8123=FACE_OUTER_BOUND('',#8122,.T.);
#8124=FACETED_PRIMITIVE_FACE('',(#8123));
#8125=POLY_LOOP('',(#6901,#6897,#8118));
#8126=FACE_OUTER_BOUND('',#8125,.T.);
#8127=FACETED_PRIMITIVE_FACE('',(#8126));
#8129=POLY_LOOP('',(#8128,#6901,#8118));
#8130=FACE_OUTER_BOUND('',#8129,.T.);
#8131=FACETED_PRIMITIVE_FACE('',(#8130));
#8132=POLY_LOOP('',(#6908,#6901,#8128));
#8133=FACE_OUTER_BOUND('',#8132,.T.);
#8134=FACETED_PRIMITIVE_FACE('',(#8133));
#8136=POLY_LOOP('',(#8135,#6908,#8128));
#8137=FACE_OUTER_BOUND('',#8136,.T.);
#8138=FACETED_PRIMITIVE_FACE('',(#8137));
#8139=POLY_LOOP('',(#6973,#6908,#8135));
#8140=FACE_OUTER_BOUND('',#8139,.T.);
#8141=FACETED_PRIMITIVE_FACE('',(#8140));
#8143=POLY_LOOP('',(#8142,#6973,#8135));
#8144=FACE_OUTER_BOUND('',#8143,.T.);
#8145=FACETED_PRIMITIVE_FACE('',(#8144));
#8146=POLY_LOOP('',(#7755,#6973,#8142));
#8147=FACE_OUTER_BOUND('',#8146,.T.);
#8148=FACETED_PRIMITIVE_FACE('',(#8147));
#8150=POLY_LOOP('',(#8149,#7755,#8142));
#8151=FACE_OUTER_BOUND('',#8150,.T.);
#8152=FACETED_PRIMITIVE_FACE('',(#8151));
#8154=POLY_LOOP('',(#7759,#8149,#8153));
#8155=FACE_OUTER_BOUND('',#8154,.T.);
#8156=FACETED_PRIMITIVE_FACE('',(#8155));
#8157=POLY_LOOP('',(#7759,#7755,#8149));
#8158=FACE_OUTER_BOUND('',#8157,.T.);
#8159=FACETED_PRIMITIVE_FACE('',(#8158));
#8161=POLY_LOOP('',(#8160,#7759,#8153));
#8162=FACE_OUTER_BOUND('',#8161,.T.);
#8163=FACETED_PRIMITIVE_FACE('',(#8162));
#8164=POLY_LOOP('',(#7404,#7759,#8160));
#8165=FACE_OUTER_BOUND('',#8164,.T.);
#8166=FACETED_PRIMITIVE_FACE('',(#8165));
#8168=POLY_LOOP('',(#8167,#7404,#8160));
#8169=FACE_OUTER_BOUND('',#8168,.T.);
#8170=FACETED_PRIMITIVE_FACE('',(#8169));
#8171=POLY_LOOP('',(#7405,#7404,#8167));
#8172=FACE_OUTER_BOUND('',#8171,.T.);
#8173=FACETED_PRIMITIVE_FACE('',(#8172));
#8175=POLY_LOOP('',(#8174,#7405,#8167));
#8176=FACE_OUTER_BOUND('',#8175,.T.);
#8177=FACETED_PRIMITIVE_FACE('',(#8176));
#8178=POLY_LOOP('',(#7409,#7405,#8174));
#8179=FACE_OUTER_BOUND('',#8178,.T.);
#8180=FACETED_PRIMITIVE_FACE('',(#8179));
#8182=POLY_LOOP('',(#8181,#7409,#8174));
#8183=FACE_OUTER_BOUND('',#8182,.T.);
#8184=FACETED_PRIMITIVE_FACE('',(#8183));
#8185=POLY_LOOP('',(#7413,#7409,#8181));
#8186=FACE_OUTER_BOUND('',#8185,.T.);
#8187=FACETED_PRIMITIVE_FACE('',(#8186));
#8189=POLY_LOOP('',(#8188,#7413,#8181));
#8190=FACE_OUTER_BOUND('',#8189,.T.);
#8191=FACETED_PRIMITIVE_FACE('',(#8190));
#8192=POLY_LOOP('',(#7429,#7413,#8188));
#8193=FACE_OUTER_BOUND('',#8192,.T.);
#8194=FACETED_PRIMITIVE_FACE('',(#8193));
#8196=POLY_LOOP('',(#8195,#7429,#8188));
#8197=FACE_OUTER_BOUND('',#8196,.T.);
#8198=FACETED_PRIMITIVE_FACE('',(#8197));
#8200=POLY_LOOP('',(#8199,#5280,#5273));
#8201=FACE_OUTER_BOUND('',#8200,.T.);
#8202=FACETED_PRIMITIVE_FACE('',(#8201));
#8203=POLY_LOOP('',(#8199,#52,#5280));
#8204=FACE_OUTER_BOUND('',#8203,.T.);
#8205=FACETED_PRIMITIVE_FACE('',(#8204));
#8206=POLY_LOOP('',(#7440,#7429,#8195));
#8207=FACE_OUTER_BOUND('',#8206,.T.);
#8208=FACETED_PRIMITIVE_FACE('',(#8207));
#8209=POLY_LOOP('',(#6912,#8199,#5273));
#8210=FACE_OUTER_BOUND('',#8209,.T.);
#8211=FACETED_PRIMITIVE_FACE('',(#8210));
#8213=POLY_LOOP('',(#8212,#7440,#8195));
#8214=FACE_OUTER_BOUND('',#8213,.T.);
#8215=FACETED_PRIMITIVE_FACE('',(#8214));
#8217=POLY_LOOP('',(#8216,#8199,#6912));
#8218=FACE_OUTER_BOUND('',#8217,.T.);
#8219=FACETED_PRIMITIVE_FACE('',(#8218));
#8220=POLY_LOOP('',(#7465,#7440,#8212));
#8221=FACE_OUTER_BOUND('',#8220,.T.);
#8222=FACETED_PRIMITIVE_FACE('',(#8221));
#8223=POLY_LOOP('',(#7545,#8216,#6912));
#8224=FACE_OUTER_BOUND('',#8223,.T.);
#8225=FACETED_PRIMITIVE_FACE('',(#8224));
#8227=POLY_LOOP('',(#8226,#8216,#7545));
#8228=FACE_OUTER_BOUND('',#8227,.T.);
#8229=FACETED_PRIMITIVE_FACE('',(#8228));
#8231=POLY_LOOP('',(#8230,#7469,#7465));
#8232=FACE_OUTER_BOUND('',#8231,.T.);
#8233=FACETED_PRIMITIVE_FACE('',(#8232));
#8234=POLY_LOOP('',(#8230,#7465,#8212));
#8235=FACE_OUTER_BOUND('',#8234,.T.);
#8236=FACETED_PRIMITIVE_FACE('',(#8235));
#8238=POLY_LOOP('',(#8237,#7545,#7541));
#8239=FACE_OUTER_BOUND('',#8238,.T.);
#8240=FACETED_PRIMITIVE_FACE('',(#8239));
#8241=POLY_LOOP('',(#8237,#8226,#7545));
#8242=FACE_OUTER_BOUND('',#8241,.T.);
#8243=FACETED_PRIMITIVE_FACE('',(#8242));
#8245=POLY_LOOP('',(#8244,#7473,#7469));
#8246=FACE_OUTER_BOUND('',#8245,.T.);
#8247=FACETED_PRIMITIVE_FACE('',(#8246));
#8248=POLY_LOOP('',(#8244,#7469,#8230));
#8249=FACE_OUTER_BOUND('',#8248,.T.);
#8250=FACETED_PRIMITIVE_FACE('',(#8249));
#8252=POLY_LOOP('',(#8251,#8237,#7541));
#8253=FACE_OUTER_BOUND('',#8252,.T.);
#8254=FACETED_PRIMITIVE_FACE('',(#8253));
#8255=POLY_LOOP('',(#8251,#7541,#7537));
#8256=FACE_OUTER_BOUND('',#8255,.T.);
#8257=FACETED_PRIMITIVE_FACE('',(#8256));
#8259=POLY_LOOP('',(#8258,#7537,#7533));
#8260=FACE_OUTER_BOUND('',#8259,.T.);
#8261=FACETED_PRIMITIVE_FACE('',(#8260));
#8262=POLY_LOOP('',(#8258,#8251,#7537));
#8263=FACE_OUTER_BOUND('',#8262,.T.);
#8264=FACETED_PRIMITIVE_FACE('',(#8263));
#8266=POLY_LOOP('',(#8265,#7477,#7473));
#8267=FACE_OUTER_BOUND('',#8266,.T.);
#8268=FACETED_PRIMITIVE_FACE('',(#8267));
#8269=POLY_LOOP('',(#8265,#7473,#8244));
#8270=FACE_OUTER_BOUND('',#8269,.T.);
#8271=FACETED_PRIMITIVE_FACE('',(#8270));
#8273=POLY_LOOP('',(#8272,#7533,#7047));
#8274=FACE_OUTER_BOUND('',#8273,.T.);
#8275=FACETED_PRIMITIVE_FACE('',(#8274));
#8276=POLY_LOOP('',(#8272,#8258,#7533));
#8277=FACE_OUTER_BOUND('',#8276,.T.);
#8278=FACETED_PRIMITIVE_FACE('',(#8277));
#8280=POLY_LOOP('',(#8279,#7025,#7477));
#8281=FACE_OUTER_BOUND('',#8280,.T.);
#8282=FACETED_PRIMITIVE_FACE('',(#8281));
#8283=POLY_LOOP('',(#8279,#7026,#7025));
#8284=FACE_OUTER_BOUND('',#8283,.T.);
#8285=FACETED_PRIMITIVE_FACE('',(#8284));
#8286=POLY_LOOP('',(#8279,#7477,#8265));
#8287=FACE_OUTER_BOUND('',#8286,.T.);
#8288=FACETED_PRIMITIVE_FACE('',(#8287));
#8290=POLY_LOOP('',(#8289,#7047,#7026));
#8291=FACE_OUTER_BOUND('',#8290,.T.);
#8292=FACETED_PRIMITIVE_FACE('',(#8291));
#8293=POLY_LOOP('',(#8289,#7026,#8279));
#8294=FACE_OUTER_BOUND('',#8293,.T.);
#8295=FACETED_PRIMITIVE_FACE('',(#8294));
#8296=POLY_LOOP('',(#8289,#8272,#7047));
#8297=FACE_OUTER_BOUND('',#8296,.T.);
#8298=FACETED_PRIMITIVE_FACE('',(#8297));
#8299=POLY_LOOP('',(#5017,#5007,#5720));
#8300=FACE_OUTER_BOUND('',#8299,.T.);
#8301=FACETED_PRIMITIVE_FACE('',(#8300));
#8302=POLY_LOOP('',(#5630,#5017,#5720));
#8303=FACE_OUTER_BOUND('',#8302,.T.);
#8304=FACETED_PRIMITIVE_FACE('',(#8303));
#8305=POLY_LOOP('',(#5617,#5734,#5751));
#8306=FACE_OUTER_BOUND('',#8305,.T.);
#8307=FACETED_PRIMITIVE_FACE('',(#8306));
#8308=POLY_LOOP('',(#5617,#5720,#5734));
#8309=FACE_OUTER_BOUND('',#8308,.T.);
#8310=FACETED_PRIMITIVE_FACE('',(#8309));
#8311=POLY_LOOP('',(#5617,#5630,#5720));
#8312=FACE_OUTER_BOUND('',#8311,.T.);
#8313=FACETED_PRIMITIVE_FACE('',(#8312));
#8314=POLY_LOOP('',(#5616,#5617,#5751));
#8315=FACE_OUTER_BOUND('',#8314,.T.);
#8316=FACETED_PRIMITIVE_FACE('',(#8315));
#8317=POLY_LOOP('',(#5603,#5751,#5762));
#8318=FACE_OUTER_BOUND('',#8317,.T.);
#8319=FACETED_PRIMITIVE_FACE('',(#8318));
#8320=POLY_LOOP('',(#5603,#5616,#5751));
#8321=FACE_OUTER_BOUND('',#8320,.T.);
#8322=FACETED_PRIMITIVE_FACE('',(#8321));
#8323=POLY_LOOP('',(#5602,#5762,#5779));
#8324=FACE_OUTER_BOUND('',#8323,.T.);
#8325=FACETED_PRIMITIVE_FACE('',(#8324));
#8326=POLY_LOOP('',(#5602,#5603,#5762));
#8327=FACE_OUTER_BOUND('',#8326,.T.);
#8328=FACETED_PRIMITIVE_FACE('',(#8327));
#8329=POLY_LOOP('',(#5772,#5595,#5602));
#8330=FACE_OUTER_BOUND('',#8329,.T.);
#8331=FACETED_PRIMITIVE_FACE('',(#8330));
#8332=POLY_LOOP('',(#5772,#5591,#5595));
#8333=FACE_OUTER_BOUND('',#8332,.T.);
#8334=FACETED_PRIMITIVE_FACE('',(#8333));
#8335=POLY_LOOP('',(#5772,#5602,#5779));
#8336=FACE_OUTER_BOUND('',#8335,.T.);
#8337=FACETED_PRIMITIVE_FACE('',(#8336));
#8338=POLY_LOOP('',(#5758,#5591,#5772));
#8339=FACE_OUTER_BOUND('',#8338,.T.);
#8340=FACETED_PRIMITIVE_FACE('',(#8339));
#8341=POLY_LOOP('',(#5741,#5575,#5591));
#8342=FACE_OUTER_BOUND('',#8341,.T.);
#8343=FACETED_PRIMITIVE_FACE('',(#8342));
#8344=POLY_LOOP('',(#5741,#5591,#5758));
#8345=FACE_OUTER_BOUND('',#8344,.T.);
#8346=FACETED_PRIMITIVE_FACE('',(#8345));
#8347=POLY_LOOP('',(#5727,#5574,#5575));
#8348=FACE_OUTER_BOUND('',#8347,.T.);
#8349=FACETED_PRIMITIVE_FACE('',(#8348));
#8350=POLY_LOOP('',(#5727,#5575,#5741));
#8351=FACE_OUTER_BOUND('',#8350,.T.);
#8352=FACETED_PRIMITIVE_FACE('',(#8351));
#8353=POLY_LOOP('',(#5716,#5567,#5574));
#8354=FACE_OUTER_BOUND('',#8353,.T.);
#8355=FACETED_PRIMITIVE_FACE('',(#8354));
#8356=POLY_LOOP('',(#5716,#5574,#5727));
#8357=FACE_OUTER_BOUND('',#8356,.T.);
#8358=FACETED_PRIMITIVE_FACE('',(#8357));
#8359=POLY_LOOP('',(#5709,#5560,#5567));
#8360=FACE_OUTER_BOUND('',#8359,.T.);
#8361=FACETED_PRIMITIVE_FACE('',(#8360));
#8362=POLY_LOOP('',(#5709,#5567,#5716));
#8363=FACE_OUTER_BOUND('',#8362,.T.);
#8364=FACETED_PRIMITIVE_FACE('',(#8363));
#8365=POLY_LOOP('',(#5643,#5273,#5280));
#8366=FACE_OUTER_BOUND('',#8365,.T.);
#8367=FACETED_PRIMITIVE_FACE('',(#8366));
#8368=POLY_LOOP('',(#5643,#5500,#5501));
#8369=FACE_OUTER_BOUND('',#8368,.T.);
#8370=FACETED_PRIMITIVE_FACE('',(#8369));
#8371=POLY_LOOP('',(#5643,#5280,#5500));
#8372=FACE_OUTER_BOUND('',#8371,.T.);
#8373=FACETED_PRIMITIVE_FACE('',(#8372));
#8374=POLY_LOOP('',(#5699,#5560,#5709));
#8375=FACE_OUTER_BOUND('',#8374,.T.);
#8376=FACETED_PRIMITIVE_FACE('',(#8375));
#8377=POLY_LOOP('',(#5699,#5553,#5560));
#8378=FACE_OUTER_BOUND('',#8377,.T.);
#8379=FACETED_PRIMITIVE_FACE('',(#8378));
#8380=POLY_LOOP('',(#5699,#5540,#5553));
#8381=FACE_OUTER_BOUND('',#8380,.T.);
#8382=FACETED_PRIMITIVE_FACE('',(#8381));
#8383=POLY_LOOP('',(#5647,#5643,#5501));
#8384=FACE_OUTER_BOUND('',#8383,.T.);
#8385=FACETED_PRIMITIVE_FACE('',(#8384));
#8386=POLY_LOOP('',(#5692,#5540,#5699));
#8387=FACE_OUTER_BOUND('',#8386,.T.);
#8388=FACETED_PRIMITIVE_FACE('',(#8387));
#8389=POLY_LOOP('',(#5692,#5539,#5540));
#8390=FACE_OUTER_BOUND('',#8389,.T.);
#8391=FACETED_PRIMITIVE_FACE('',(#8390));
#8392=POLY_LOOP('',(#5654,#5501,#5511));
#8393=FACE_OUTER_BOUND('',#8392,.T.);
#8394=FACETED_PRIMITIVE_FACE('',(#8393));
#8395=POLY_LOOP('',(#5654,#5647,#5501));
#8396=FACE_OUTER_BOUND('',#8395,.T.);
#8397=FACETED_PRIMITIVE_FACE('',(#8396));
#8398=POLY_LOOP('',(#5685,#5539,#5692));
#8399=FACE_OUTER_BOUND('',#8398,.T.);
#8400=FACETED_PRIMITIVE_FACE('',(#8399));
#8401=POLY_LOOP('',(#5661,#5654,#5511));
#8402=FACE_OUTER_BOUND('',#8401,.T.);
#8403=FACETED_PRIMITIVE_FACE('',(#8402));
#8404=POLY_LOOP('',(#5661,#5511,#5518));
#8405=FACE_OUTER_BOUND('',#8404,.T.);
#8406=FACETED_PRIMITIVE_FACE('',(#8405));
#8407=POLY_LOOP('',(#5678,#5539,#5685));
#8408=FACE_OUTER_BOUND('',#8407,.T.);
#8409=FACETED_PRIMITIVE_FACE('',(#8408));
#8410=POLY_LOOP('',(#5678,#5532,#5539));
#8411=FACE_OUTER_BOUND('',#8410,.T.);
#8412=FACETED_PRIMITIVE_FACE('',(#8411));
#8413=POLY_LOOP('',(#5671,#5661,#5518));
#8414=FACE_OUTER_BOUND('',#8413,.T.);
#8415=FACETED_PRIMITIVE_FACE('',(#8414));
#8416=POLY_LOOP('',(#5671,#5532,#5678));
#8417=FACE_OUTER_BOUND('',#8416,.T.);
#8418=FACETED_PRIMITIVE_FACE('',(#8417));
#8419=POLY_LOOP('',(#5671,#5519,#5532));
#8420=FACE_OUTER_BOUND('',#8419,.T.);
#8421=FACETED_PRIMITIVE_FACE('',(#8420));
#8422=POLY_LOOP('',(#5671,#5518,#5519));
#8423=FACE_OUTER_BOUND('',#8422,.T.);
#8424=FACETED_PRIMITIVE_FACE('',(#8423));
#8425=POLY_LOOP('',(#5500,#5280,#52));
#8426=FACE_OUTER_BOUND('',#8425,.T.);
#8427=FACETED_PRIMITIVE_FACE('',(#8426));
#8428=POLY_LOOP('',(#5500,#52,#53));
#8429=FACE_OUTER_BOUND('',#8428,.T.);
#8430=FACETED_PRIMITIVE_FACE('',(#8429));
#8431=POLY_LOOP('',(#5501,#53,#21));
#8432=FACE_OUTER_BOUND('',#8431,.T.);
#8433=FACETED_PRIMITIVE_FACE('',(#8432));
#8434=POLY_LOOP('',(#5501,#5500,#53));
#8435=FACE_OUTER_BOUND('',#8434,.T.);
#8436=FACETED_PRIMITIVE_FACE('',(#8435));
#8437=POLY_LOOP('',(#5511,#22,#20));
#8438=FACE_OUTER_BOUND('',#8437,.T.);
#8439=FACETED_PRIMITIVE_FACE('',(#8438));
#8440=POLY_LOOP('',(#5511,#21,#22));
#8441=FACE_OUTER_BOUND('',#8440,.T.);
#8442=FACETED_PRIMITIVE_FACE('',(#8441));
#8443=POLY_LOOP('',(#5511,#5501,#21));
#8444=FACE_OUTER_BOUND('',#8443,.T.);
#8445=FACETED_PRIMITIVE_FACE('',(#8444));
#8446=POLY_LOOP('',(#5518,#5511,#20));
#8447=FACE_OUTER_BOUND('',#8446,.T.);
#8448=FACETED_PRIMITIVE_FACE('',(#8447));
#8449=POLY_LOOP('',(#5519,#20,#27));
#8450=FACE_OUTER_BOUND('',#8449,.T.);
#8451=FACETED_PRIMITIVE_FACE('',(#8450));
#8452=POLY_LOOP('',(#5519,#5518,#20));
#8453=FACE_OUTER_BOUND('',#8452,.T.);
#8454=FACETED_PRIMITIVE_FACE('',(#8453));
#8455=POLY_LOOP('',(#5532,#26,#41));
#8456=FACE_OUTER_BOUND('',#8455,.T.);
#8457=FACETED_PRIMITIVE_FACE('',(#8456));
#8458=POLY_LOOP('',(#5532,#27,#26));
#8459=FACE_OUTER_BOUND('',#8458,.T.);
#8460=FACETED_PRIMITIVE_FACE('',(#8459));
#8461=POLY_LOOP('',(#5532,#5519,#27));
#8462=FACE_OUTER_BOUND('',#8461,.T.);
#8463=FACETED_PRIMITIVE_FACE('',(#8462));
#8464=POLY_LOOP('',(#5539,#5532,#41));
#8465=FACE_OUTER_BOUND('',#8464,.T.);
#8466=FACETED_PRIMITIVE_FACE('',(#8465));
#8467=POLY_LOOP('',(#5540,#41,#35));
#8468=FACE_OUTER_BOUND('',#8467,.T.);
#8469=FACETED_PRIMITIVE_FACE('',(#8468));
#8470=POLY_LOOP('',(#5540,#5539,#41));
#8471=FACE_OUTER_BOUND('',#8470,.T.);
#8472=FACETED_PRIMITIVE_FACE('',(#8471));
#8473=POLY_LOOP('',(#5553,#35,#36));
#8474=FACE_OUTER_BOUND('',#8473,.T.);
#8475=FACETED_PRIMITIVE_FACE('',(#8474));
#8476=POLY_LOOP('',(#5553,#5540,#35));
#8477=FACE_OUTER_BOUND('',#8476,.T.);
#8478=FACETED_PRIMITIVE_FACE('',(#8477));
#8479=POLY_LOOP('',(#5560,#36,#34));
#8480=FACE_OUTER_BOUND('',#8479,.T.);
#8481=FACETED_PRIMITIVE_FACE('',(#8480));
#8482=POLY_LOOP('',(#5560,#5553,#36));
#8483=FACE_OUTER_BOUND('',#8482,.T.);
#8484=FACETED_PRIMITIVE_FACE('',(#8483));
#8485=POLY_LOOP('',(#5567,#34,#40));
#8486=FACE_OUTER_BOUND('',#8485,.T.);
#8487=FACETED_PRIMITIVE_FACE('',(#8486));
#8488=POLY_LOOP('',(#5567,#5560,#34));
#8489=FACE_OUTER_BOUND('',#8488,.T.);
#8490=FACETED_PRIMITIVE_FACE('',(#8489));
#8491=POLY_LOOP('',(#5574,#40,#69));
#8492=FACE_OUTER_BOUND('',#8491,.T.);
#8493=FACETED_PRIMITIVE_FACE('',(#8492));
#8494=POLY_LOOP('',(#5574,#5567,#40));
#8495=FACE_OUTER_BOUND('',#8494,.T.);
#8496=FACETED_PRIMITIVE_FACE('',(#8495));
#8497=POLY_LOOP('',(#5575,#5574,#69));
#8498=FACE_OUTER_BOUND('',#8497,.T.);
#8499=FACETED_PRIMITIVE_FACE('',(#8498));
#8500=POLY_LOOP('',(#5575,#69,#68));
#8501=FACE_OUTER_BOUND('',#8500,.T.);
#8502=FACETED_PRIMITIVE_FACE('',(#8501));
#8503=POLY_LOOP('',(#5591,#5575,#68));
#8504=FACE_OUTER_BOUND('',#8503,.T.);
#8505=FACETED_PRIMITIVE_FACE('',(#8504));
#8506=POLY_LOOP('',(#5591,#88,#92));
#8507=FACE_OUTER_BOUND('',#8506,.T.);
#8508=FACETED_PRIMITIVE_FACE('',(#8507));
#8509=POLY_LOOP('',(#5591,#68,#88));
#8510=FACE_OUTER_BOUND('',#8509,.T.);
#8511=FACETED_PRIMITIVE_FACE('',(#8510));
#8512=POLY_LOOP('',(#5595,#5591,#92));
#8513=FACE_OUTER_BOUND('',#8512,.T.);
#8514=FACETED_PRIMITIVE_FACE('',(#8513));
#8515=POLY_LOOP('',(#5602,#87,#79));
#8516=FACE_OUTER_BOUND('',#8515,.T.);
#8517=FACETED_PRIMITIVE_FACE('',(#8516));
#8518=POLY_LOOP('',(#5602,#92,#87));
#8519=FACE_OUTER_BOUND('',#8518,.T.);
#8520=FACETED_PRIMITIVE_FACE('',(#8519));
#8521=POLY_LOOP('',(#5602,#5595,#92));
#8522=FACE_OUTER_BOUND('',#8521,.T.);
#8523=FACETED_PRIMITIVE_FACE('',(#8522));
#8524=POLY_LOOP('',(#5603,#5602,#79));
#8525=FACE_OUTER_BOUND('',#8524,.T.);
#8526=FACETED_PRIMITIVE_FACE('',(#8525));
#8527=POLY_LOOP('',(#5616,#80,#51));
#8528=FACE_OUTER_BOUND('',#8527,.T.);
#8529=FACETED_PRIMITIVE_FACE('',(#8528));
#8530=POLY_LOOP('',(#5616,#79,#80));
#8531=FACE_OUTER_BOUND('',#8530,.T.);
#8532=FACETED_PRIMITIVE_FACE('',(#8531));
#8533=POLY_LOOP('',(#5616,#5603,#79));
#8534=FACE_OUTER_BOUND('',#8533,.T.);
#8535=FACETED_PRIMITIVE_FACE('',(#8534));
#8536=POLY_LOOP('',(#5617,#5616,#51));
#8537=FACE_OUTER_BOUND('',#8536,.T.);
#8538=FACETED_PRIMITIVE_FACE('',(#8537));
#8539=POLY_LOOP('',(#5630,#51,#60));
#8540=FACE_OUTER_BOUND('',#8539,.T.);
#8541=FACETED_PRIMITIVE_FACE('',(#8540));
#8542=POLY_LOOP('',(#5630,#5617,#51));
#8543=FACE_OUTER_BOUND('',#8542,.T.);
#8544=FACETED_PRIMITIVE_FACE('',(#8543));
#8545=POLY_LOOP('',(#5017,#60,#61));
#8546=FACE_OUTER_BOUND('',#8545,.T.);
#8547=FACETED_PRIMITIVE_FACE('',(#8546));
#8548=POLY_LOOP('',(#5017,#5630,#60));
#8549=FACE_OUTER_BOUND('',#8548,.T.);
#8550=FACETED_PRIMITIVE_FACE('',(#8549));
#8552=POLY_LOOP('',(#52,#8199,#8551));
#8553=FACE_OUTER_BOUND('',#8552,.T.);
#8554=FACETED_PRIMITIVE_FACE('',(#8553));
#8556=POLY_LOOP('',(#53,#8551,#8555));
#8557=FACE_OUTER_BOUND('',#8556,.T.);
#8558=FACETED_PRIMITIVE_FACE('',(#8557));
#8559=POLY_LOOP('',(#53,#52,#8551));
#8560=FACE_OUTER_BOUND('',#8559,.T.);
#8561=FACETED_PRIMITIVE_FACE('',(#8560));
#8563=POLY_LOOP('',(#21,#8555,#8562));
#8564=FACE_OUTER_BOUND('',#8563,.T.);
#8565=FACETED_PRIMITIVE_FACE('',(#8564));
#8566=POLY_LOOP('',(#21,#53,#8555));
#8567=FACE_OUTER_BOUND('',#8566,.T.);
#8568=FACETED_PRIMITIVE_FACE('',(#8567));
#8570=POLY_LOOP('',(#22,#8562,#8569));
#8571=FACE_OUTER_BOUND('',#8570,.T.);
#8572=FACETED_PRIMITIVE_FACE('',(#8571));
#8573=POLY_LOOP('',(#22,#21,#8562));
#8574=FACE_OUTER_BOUND('',#8573,.T.);
#8575=FACETED_PRIMITIVE_FACE('',(#8574));
#8576=POLY_LOOP('',(#20,#22,#8569));
#8577=FACE_OUTER_BOUND('',#8576,.T.);
#8578=FACETED_PRIMITIVE_FACE('',(#8577));
#8580=POLY_LOOP('',(#8579,#20,#8569));
#8581=FACE_OUTER_BOUND('',#8580,.T.);
#8582=FACETED_PRIMITIVE_FACE('',(#8581));
#8583=POLY_LOOP('',(#27,#20,#8579));
#8584=FACE_OUTER_BOUND('',#8583,.T.);
#8585=FACETED_PRIMITIVE_FACE('',(#8584));
#8587=POLY_LOOP('',(#8586,#26,#27));
#8588=FACE_OUTER_BOUND('',#8587,.T.);
#8589=FACETED_PRIMITIVE_FACE('',(#8588));
#8590=POLY_LOOP('',(#8586,#27,#8579));
#8591=FACE_OUTER_BOUND('',#8590,.T.);
#8592=FACETED_PRIMITIVE_FACE('',(#8591));
#8594=POLY_LOOP('',(#8593,#41,#26));
#8595=FACE_OUTER_BOUND('',#8594,.T.);
#8596=FACETED_PRIMITIVE_FACE('',(#8595));
#8597=POLY_LOOP('',(#8593,#26,#8586));
#8598=FACE_OUTER_BOUND('',#8597,.T.);
#8599=FACETED_PRIMITIVE_FACE('',(#8598));
#8601=POLY_LOOP('',(#8600,#35,#41));
#8602=FACE_OUTER_BOUND('',#8601,.T.);
#8603=FACETED_PRIMITIVE_FACE('',(#8602));
#8604=POLY_LOOP('',(#8600,#41,#8593));
#8605=FACE_OUTER_BOUND('',#8604,.T.);
#8606=FACETED_PRIMITIVE_FACE('',(#8605));
#8608=POLY_LOOP('',(#8607,#35,#8600));
#8609=FACE_OUTER_BOUND('',#8608,.T.);
#8610=FACETED_PRIMITIVE_FACE('',(#8609));
#8611=POLY_LOOP('',(#8607,#34,#36));
#8612=FACE_OUTER_BOUND('',#8611,.T.);
#8613=FACETED_PRIMITIVE_FACE('',(#8612));
#8614=POLY_LOOP('',(#8607,#36,#35));
#8615=FACE_OUTER_BOUND('',#8614,.T.);
#8616=FACETED_PRIMITIVE_FACE('',(#8615));
#8618=POLY_LOOP('',(#8617,#34,#8607));
#8619=FACE_OUTER_BOUND('',#8618,.T.);
#8620=FACETED_PRIMITIVE_FACE('',(#8619));
#8621=POLY_LOOP('',(#8617,#40,#34));
#8622=FACE_OUTER_BOUND('',#8621,.T.);
#8623=FACETED_PRIMITIVE_FACE('',(#8622));
#8625=POLY_LOOP('',(#8624,#40,#8617));
#8626=FACE_OUTER_BOUND('',#8625,.T.);
#8627=FACETED_PRIMITIVE_FACE('',(#8626));
#8629=POLY_LOOP('',(#8628,#61,#60));
#8630=FACE_OUTER_BOUND('',#8629,.T.);
#8631=FACETED_PRIMITIVE_FACE('',(#8630));
#8632=POLY_LOOP('',(#8628,#7958,#61));
#8633=FACE_OUTER_BOUND('',#8632,.T.);
#8634=FACETED_PRIMITIVE_FACE('',(#8633));
#8636=POLY_LOOP('',(#8635,#69,#40));
#8637=FACE_OUTER_BOUND('',#8636,.T.);
#8638=FACETED_PRIMITIVE_FACE('',(#8637));
#8639=POLY_LOOP('',(#8635,#40,#8624));
#8640=FACE_OUTER_BOUND('',#8639,.T.);
#8641=FACETED_PRIMITIVE_FACE('',(#8640));
#8643=POLY_LOOP('',(#8642,#60,#51));
#8644=FACE_OUTER_BOUND('',#8643,.T.);
#8645=FACETED_PRIMITIVE_FACE('',(#8644));
#8646=POLY_LOOP('',(#8642,#8628,#60));
#8647=FACE_OUTER_BOUND('',#8646,.T.);
#8648=FACETED_PRIMITIVE_FACE('',(#8647));
#8650=POLY_LOOP('',(#8649,#69,#8635));
#8651=FACE_OUTER_BOUND('',#8650,.T.);
#8652=FACETED_PRIMITIVE_FACE('',(#8651));
#8653=POLY_LOOP('',(#8649,#88,#68));
#8654=FACE_OUTER_BOUND('',#8653,.T.);
#8655=FACETED_PRIMITIVE_FACE('',(#8654));
#8656=POLY_LOOP('',(#8649,#68,#69));
#8657=FACE_OUTER_BOUND('',#8656,.T.);
#8658=FACETED_PRIMITIVE_FACE('',(#8657));
#8660=POLY_LOOP('',(#8659,#8642,#51));
#8661=FACE_OUTER_BOUND('',#8660,.T.);
#8662=FACETED_PRIMITIVE_FACE('',(#8661));
#8663=POLY_LOOP('',(#8659,#51,#80));
#8664=FACE_OUTER_BOUND('',#8663,.T.);
#8665=FACETED_PRIMITIVE_FACE('',(#8664));
#8667=POLY_LOOP('',(#8666,#88,#8649));
#8668=FACE_OUTER_BOUND('',#8667,.T.);
#8669=FACETED_PRIMITIVE_FACE('',(#8668));
#8671=POLY_LOOP('',(#8670,#80,#79));
#8672=FACE_OUTER_BOUND('',#8671,.T.);
#8673=FACETED_PRIMITIVE_FACE('',(#8672));
#8674=POLY_LOOP('',(#8670,#79,#87));
#8675=FACE_OUTER_BOUND('',#8674,.T.);
#8676=FACETED_PRIMITIVE_FACE('',(#8675));
#8677=POLY_LOOP('',(#8670,#8659,#80));
#8678=FACE_OUTER_BOUND('',#8677,.T.);
#8679=FACETED_PRIMITIVE_FACE('',(#8678));
#8681=POLY_LOOP('',(#8680,#92,#88));
#8682=FACE_OUTER_BOUND('',#8681,.T.);
#8683=FACETED_PRIMITIVE_FACE('',(#8682));
#8684=POLY_LOOP('',(#8680,#88,#8666));
#8685=FACE_OUTER_BOUND('',#8684,.T.);
#8686=FACETED_PRIMITIVE_FACE('',(#8685));
#8688=POLY_LOOP('',(#8687,#87,#92));
#8689=FACE_OUTER_BOUND('',#8688,.T.);
#8690=FACETED_PRIMITIVE_FACE('',(#8689));
#8691=POLY_LOOP('',(#8687,#92,#8680));
#8692=FACE_OUTER_BOUND('',#8691,.T.);
#8693=FACETED_PRIMITIVE_FACE('',(#8692));
#8694=POLY_LOOP('',(#8687,#8670,#87));
#8695=FACE_OUTER_BOUND('',#8694,.T.);
#8696=FACETED_PRIMITIVE_FACE('',(#8695));
#8697=POLY_LOOP('',(#8551,#8199,#8216));
#8698=FACE_OUTER_BOUND('',#8697,.T.);
#8699=FACETED_PRIMITIVE_FACE('',(#8698));
#8700=POLY_LOOP('',(#8551,#8216,#8226));
#8701=FACE_OUTER_BOUND('',#8700,.T.);
#8702=FACETED_PRIMITIVE_FACE('',(#8701));
#8703=POLY_LOOP('',(#8237,#8551,#8226));
#8704=FACE_OUTER_BOUND('',#8703,.T.);
#8705=FACETED_PRIMITIVE_FACE('',(#8704));
#8706=POLY_LOOP('',(#8251,#8551,#8237));
#8707=FACE_OUTER_BOUND('',#8706,.T.);
#8708=FACETED_PRIMITIVE_FACE('',(#8707));
#8709=POLY_LOOP('',(#8555,#8551,#8251));
#8710=FACE_OUTER_BOUND('',#8709,.T.);
#8711=FACETED_PRIMITIVE_FACE('',(#8710));
#8712=POLY_LOOP('',(#8258,#8555,#8251));
#8713=FACE_OUTER_BOUND('',#8712,.T.);
#8714=FACETED_PRIMITIVE_FACE('',(#8713));
#8716=POLY_LOOP('',(#8715,#8118,#8111));
#8717=FACE_OUTER_BOUND('',#8716,.T.);
#8718=FACETED_PRIMITIVE_FACE('',(#8717));
#8719=POLY_LOOP('',(#8715,#8111,#8104));
#8720=FACE_OUTER_BOUND('',#8719,.T.);
#8721=FACETED_PRIMITIVE_FACE('',(#8720));
#8722=POLY_LOOP('',(#8715,#8104,#8097));
#8723=FACE_OUTER_BOUND('',#8722,.T.);
#8724=FACETED_PRIMITIVE_FACE('',(#8723));
#8726=POLY_LOOP('',(#8725,#8118,#8715));
#8727=FACE_OUTER_BOUND('',#8726,.T.);
#8728=FACETED_PRIMITIVE_FACE('',(#8727));
#8729=POLY_LOOP('',(#8725,#8128,#8118));
#8730=FACE_OUTER_BOUND('',#8729,.T.);
#8731=FACETED_PRIMITIVE_FACE('',(#8730));
#8732=POLY_LOOP('',(#7951,#7958,#8628));
#8733=FACE_OUTER_BOUND('',#8732,.T.);
#8734=FACETED_PRIMITIVE_FACE('',(#8733));
#8735=POLY_LOOP('',(#7947,#7951,#8628));
#8736=FACE_OUTER_BOUND('',#8735,.T.);
#8737=FACETED_PRIMITIVE_FACE('',(#8736));
#8738=POLY_LOOP('',(#7940,#7947,#8628));
#8739=FACE_OUTER_BOUND('',#8738,.T.);
#8740=FACETED_PRIMITIVE_FACE('',(#8739));
#8741=POLY_LOOP('',(#7933,#7940,#8628));
#8742=FACE_OUTER_BOUND('',#8741,.T.);
#8743=FACETED_PRIMITIVE_FACE('',(#8742));
#8744=POLY_LOOP('',(#7933,#8628,#8642));
#8745=FACE_OUTER_BOUND('',#8744,.T.);
#8746=FACETED_PRIMITIVE_FACE('',(#8745));
#8749=POLY_LOOP('',(#8747,#7806,#8748));
#8750=FACE_OUTER_BOUND('',#8749,.T.);
#8751=FACETED_PRIMITIVE_FACE('',(#8750));
#8752=POLY_LOOP('',(#7823,#7806,#8747));
#8753=FACE_OUTER_BOUND('',#8752,.T.);
#8754=FACETED_PRIMITIVE_FACE('',(#8753));
#8755=POLY_LOOP('',(#7837,#7823,#8747));
#8756=FACE_OUTER_BOUND('',#8755,.T.);
#8757=FACETED_PRIMITIVE_FACE('',(#8756));
#8758=POLY_LOOP('',(#7854,#7837,#8747));
#8759=FACE_OUTER_BOUND('',#8758,.T.);
#8760=FACETED_PRIMITIVE_FACE('',(#8759));
#8762=POLY_LOOP('',(#8761,#8562,#8555));
#8763=FACE_OUTER_BOUND('',#8762,.T.);
#8764=FACETED_PRIMITIVE_FACE('',(#8763));
#8765=POLY_LOOP('',(#8761,#8569,#8562));
#8766=FACE_OUTER_BOUND('',#8765,.T.);
#8767=FACETED_PRIMITIVE_FACE('',(#8766));
#8768=POLY_LOOP('',(#8761,#8579,#8569));
#8769=FACE_OUTER_BOUND('',#8768,.T.);
#8770=FACETED_PRIMITIVE_FACE('',(#8769));
#8771=POLY_LOOP('',(#8761,#8586,#8579));
#8772=FACE_OUTER_BOUND('',#8771,.T.);
#8773=FACETED_PRIMITIVE_FACE('',(#8772));
#8775=POLY_LOOP('',(#8774,#8555,#8258));
#8776=FACE_OUTER_BOUND('',#8775,.T.);
#8777=FACETED_PRIMITIVE_FACE('',(#8776));
#8778=POLY_LOOP('',(#8774,#8761,#8555));
#8779=FACE_OUTER_BOUND('',#8778,.T.);
#8780=FACETED_PRIMITIVE_FACE('',(#8779));
#8781=POLY_LOOP('',(#8774,#8586,#8761));
#8782=FACE_OUTER_BOUND('',#8781,.T.);
#8783=FACETED_PRIMITIVE_FACE('',(#8782));
#8784=POLY_LOOP('',(#8774,#8258,#8272));
#8785=FACE_OUTER_BOUND('',#8784,.T.);
#8786=FACETED_PRIMITIVE_FACE('',(#8785));
#8788=POLY_LOOP('',(#8787,#8774,#8272));
#8789=FACE_OUTER_BOUND('',#8788,.T.);
#8790=FACETED_PRIMITIVE_FACE('',(#8789));
#8791=POLY_LOOP('',(#8787,#8272,#8289));
#8792=FACE_OUTER_BOUND('',#8791,.T.);
#8793=FACETED_PRIMITIVE_FACE('',(#8792));
#8794=POLY_LOOP('',(#8787,#8289,#8279));
#8795=FACE_OUTER_BOUND('',#8794,.T.);
#8796=FACETED_PRIMITIVE_FACE('',(#8795));
#8798=POLY_LOOP('',(#8797,#8787,#8279));
#8799=FACE_OUTER_BOUND('',#8798,.T.);
#8800=FACETED_PRIMITIVE_FACE('',(#8799));
#8802=POLY_LOOP('',(#8801,#8593,#8586));
#8803=FACE_OUTER_BOUND('',#8802,.T.);
#8804=FACETED_PRIMITIVE_FACE('',(#8803));
#8805=POLY_LOOP('',(#8801,#8600,#8593));
#8806=FACE_OUTER_BOUND('',#8805,.T.);
#8807=FACETED_PRIMITIVE_FACE('',(#8806));
#8808=POLY_LOOP('',(#8801,#8607,#8600));
#8809=FACE_OUTER_BOUND('',#8808,.T.);
#8810=FACETED_PRIMITIVE_FACE('',(#8809));
#8811=POLY_LOOP('',(#8801,#8617,#8607));
#8812=FACE_OUTER_BOUND('',#8811,.T.);
#8813=FACETED_PRIMITIVE_FACE('',(#8812));
#8815=POLY_LOOP('',(#8814,#8586,#8774));
#8816=FACE_OUTER_BOUND('',#8815,.T.);
#8817=FACETED_PRIMITIVE_FACE('',(#8816));
#8818=POLY_LOOP('',(#8814,#8801,#8586));
#8819=FACE_OUTER_BOUND('',#8818,.T.);
#8820=FACETED_PRIMITIVE_FACE('',(#8819));
#8821=POLY_LOOP('',(#8814,#8617,#8801));
#8822=FACE_OUTER_BOUND('',#8821,.T.);
#8823=FACETED_PRIMITIVE_FACE('',(#8822));
#8825=POLY_LOOP('',(#8824,#8814,#8774));
#8826=FACE_OUTER_BOUND('',#8825,.T.);
#8827=FACETED_PRIMITIVE_FACE('',(#8826));
#8828=POLY_LOOP('',(#8824,#8774,#8787));
#8829=FACE_OUTER_BOUND('',#8828,.T.);
#8830=FACETED_PRIMITIVE_FACE('',(#8829));
#8832=POLY_LOOP('',(#8831,#8624,#8617));
#8833=FACE_OUTER_BOUND('',#8832,.T.);
#8834=FACETED_PRIMITIVE_FACE('',(#8833));
#8835=POLY_LOOP('',(#8831,#8635,#8624));
#8836=FACE_OUTER_BOUND('',#8835,.T.);
#8837=FACETED_PRIMITIVE_FACE('',(#8836));
#8838=POLY_LOOP('',(#8831,#8649,#8635));
#8839=FACE_OUTER_BOUND('',#8838,.T.);
#8840=FACETED_PRIMITIVE_FACE('',(#8839));
#8841=POLY_LOOP('',(#8831,#8666,#8649));
#8842=FACE_OUTER_BOUND('',#8841,.T.);
#8843=FACETED_PRIMITIVE_FACE('',(#8842));
#8845=POLY_LOOP('',(#8844,#8153,#8149));
#8846=FACE_OUTER_BOUND('',#8845,.T.);
#8847=FACETED_PRIMITIVE_FACE('',(#8846));
#8849=POLY_LOOP('',(#8848,#8617,#8814));
#8850=FACE_OUTER_BOUND('',#8849,.T.);
#8851=FACETED_PRIMITIVE_FACE('',(#8850));
#8852=POLY_LOOP('',(#8848,#8831,#8617));
#8853=FACE_OUTER_BOUND('',#8852,.T.);
#8854=FACETED_PRIMITIVE_FACE('',(#8853));
#8855=POLY_LOOP('',(#8848,#8666,#8831));
#8856=FACE_OUTER_BOUND('',#8855,.T.);
#8857=FACETED_PRIMITIVE_FACE('',(#8856));
#8859=POLY_LOOP('',(#8858,#8149,#8142));
#8860=FACE_OUTER_BOUND('',#8859,.T.);
#8861=FACETED_PRIMITIVE_FACE('',(#8860));
#8862=POLY_LOOP('',(#8858,#8142,#8135));
#8863=FACE_OUTER_BOUND('',#8862,.T.);
#8864=FACETED_PRIMITIVE_FACE('',(#8863));
#8865=POLY_LOOP('',(#8858,#8844,#8149));
#8866=FACE_OUTER_BOUND('',#8865,.T.);
#8867=FACETED_PRIMITIVE_FACE('',(#8866));
#8869=POLY_LOOP('',(#8868,#8848,#8814));
#8870=FACE_OUTER_BOUND('',#8869,.T.);
#8871=FACETED_PRIMITIVE_FACE('',(#8870));
#8872=POLY_LOOP('',(#8868,#8814,#8824));
#8873=FACE_OUTER_BOUND('',#8872,.T.);
#8874=FACETED_PRIMITIVE_FACE('',(#8873));
#8876=POLY_LOOP('',(#8875,#8858,#8135));
#8877=FACE_OUTER_BOUND('',#8876,.T.);
#8878=FACETED_PRIMITIVE_FACE('',(#8877));
#8880=POLY_LOOP('',(#8875,#8725,#8879));
#8881=FACE_OUTER_BOUND('',#8880,.T.);
#8882=FACETED_PRIMITIVE_FACE('',(#8881));
#8885=POLY_LOOP('',(#8875,#8883,#8884));
#8886=FACE_OUTER_BOUND('',#8885,.T.);
#8887=FACETED_PRIMITIVE_FACE('',(#8886));
#8888=POLY_LOOP('',(#8875,#8128,#8725));
#8889=FACE_OUTER_BOUND('',#8888,.T.);
#8890=FACETED_PRIMITIVE_FACE('',(#8889));
#8891=POLY_LOOP('',(#8875,#8135,#8128));
#8892=FACE_OUTER_BOUND('',#8891,.T.);
#8893=FACETED_PRIMITIVE_FACE('',(#8892));
#8895=POLY_LOOP('',(#8894,#8875,#8879));
#8896=FACE_OUTER_BOUND('',#8895,.T.);
#8897=FACETED_PRIMITIVE_FACE('',(#8896));
#8899=POLY_LOOP('',(#8894,#8879,#8898));
#8900=FACE_OUTER_BOUND('',#8899,.T.);
#8901=FACETED_PRIMITIVE_FACE('',(#8900));
#8902=POLY_LOOP('',(#8894,#8898,#8883));
#8903=FACE_OUTER_BOUND('',#8902,.T.);
#8904=FACETED_PRIMITIVE_FACE('',(#8903));
#8905=POLY_LOOP('',(#8894,#8883,#8875));
#8906=FACE_OUTER_BOUND('',#8905,.T.);
#8907=FACETED_PRIMITIVE_FACE('',(#8906));
#8909=POLY_LOOP('',(#8908,#8680,#8666));
#8910=FACE_OUTER_BOUND('',#8909,.T.);
#8911=FACETED_PRIMITIVE_FACE('',(#8910));
#8912=POLY_LOOP('',(#8908,#8687,#8680));
#8913=FACE_OUTER_BOUND('',#8912,.T.);
#8914=FACETED_PRIMITIVE_FACE('',(#8913));
#8915=POLY_LOOP('',(#8908,#8670,#8687));
#8916=FACE_OUTER_BOUND('',#8915,.T.);
#8917=FACETED_PRIMITIVE_FACE('',(#8916));
#8919=POLY_LOOP('',(#8918,#8666,#8848));
#8920=FACE_OUTER_BOUND('',#8919,.T.);
#8921=FACETED_PRIMITIVE_FACE('',(#8920));
#8922=POLY_LOOP('',(#8918,#8908,#8666));
#8923=FACE_OUTER_BOUND('',#8922,.T.);
#8924=FACETED_PRIMITIVE_FACE('',(#8923));
#8926=POLY_LOOP('',(#8925,#8918,#8848));
#8927=FACE_OUTER_BOUND('',#8926,.T.);
#8928=FACETED_PRIMITIVE_FACE('',(#8927));
#8929=POLY_LOOP('',(#8925,#8848,#8868));
#8930=FACE_OUTER_BOUND('',#8929,.T.);
#8931=FACETED_PRIMITIVE_FACE('',(#8930));
#8933=POLY_LOOP('',(#8932,#8670,#8908));
#8934=FACE_OUTER_BOUND('',#8933,.T.);
#8935=FACETED_PRIMITIVE_FACE('',(#8934));
#8936=POLY_LOOP('',(#8932,#8659,#8670));
#8937=FACE_OUTER_BOUND('',#8936,.T.);
#8938=FACETED_PRIMITIVE_FACE('',(#8937));
#8939=POLY_LOOP('',(#8932,#8642,#8659));
#8940=FACE_OUTER_BOUND('',#8939,.T.);
#8941=FACETED_PRIMITIVE_FACE('',(#8940));
#8942=POLY_LOOP('',(#8932,#7933,#8642));
#8943=FACE_OUTER_BOUND('',#8942,.T.);
#8944=FACETED_PRIMITIVE_FACE('',(#8943));
#8947=POLY_LOOP('',(#8945,#8946,#8858));
#8948=FACE_OUTER_BOUND('',#8947,.T.);
#8949=FACETED_PRIMITIVE_FACE('',(#8948));
#8951=POLY_LOOP('',(#8945,#8884,#8950));
#8952=FACE_OUTER_BOUND('',#8951,.T.);
#8953=FACETED_PRIMITIVE_FACE('',(#8952));
#8956=POLY_LOOP('',(#8945,#8954,#8955));
#8957=FACE_OUTER_BOUND('',#8956,.T.);
#8958=FACETED_PRIMITIVE_FACE('',(#8957));
#8959=POLY_LOOP('',(#8945,#8875,#8884));
#8960=FACE_OUTER_BOUND('',#8959,.T.);
#8961=FACETED_PRIMITIVE_FACE('',(#8960));
#8962=POLY_LOOP('',(#8945,#8858,#8875));
#8963=FACE_OUTER_BOUND('',#8962,.T.);
#8964=FACETED_PRIMITIVE_FACE('',(#8963));
#8966=POLY_LOOP('',(#8965,#7933,#8932));
#8967=FACE_OUTER_BOUND('',#8966,.T.);
#8968=FACETED_PRIMITIVE_FACE('',(#8967));
#8969=POLY_LOOP('',(#8965,#8932,#8908));
#8970=FACE_OUTER_BOUND('',#8969,.T.);
#8971=FACETED_PRIMITIVE_FACE('',(#8970));
#8972=POLY_LOOP('',(#8965,#7926,#7933));
#8973=FACE_OUTER_BOUND('',#8972,.T.);
#8974=FACETED_PRIMITIVE_FACE('',(#8973));
#8975=POLY_LOOP('',(#8965,#7919,#7926));
#8976=FACE_OUTER_BOUND('',#8975,.T.);
#8977=FACETED_PRIMITIVE_FACE('',(#8976));
#8978=POLY_LOOP('',(#8965,#8908,#8918));
#8979=FACE_OUTER_BOUND('',#8978,.T.);
#8980=FACETED_PRIMITIVE_FACE('',(#8979));
#8982=POLY_LOOP('',(#8981,#8954,#8945));
#8983=FACE_OUTER_BOUND('',#8982,.T.);
#8984=FACETED_PRIMITIVE_FACE('',(#8983));
#8985=POLY_LOOP('',(#8981,#8945,#8950));
#8986=FACE_OUTER_BOUND('',#8985,.T.);
#8987=FACETED_PRIMITIVE_FACE('',(#8986));
#8989=POLY_LOOP('',(#8981,#8950,#8988));
#8990=FACE_OUTER_BOUND('',#8989,.T.);
#8991=FACETED_PRIMITIVE_FACE('',(#8990));
#8992=POLY_LOOP('',(#8981,#8988,#8954));
#8993=FACE_OUTER_BOUND('',#8992,.T.);
#8994=FACETED_PRIMITIVE_FACE('',(#8993));
#8996=POLY_LOOP('',(#8995,#7912,#7919));
#8997=FACE_OUTER_BOUND('',#8996,.T.);
#8998=FACETED_PRIMITIVE_FACE('',(#8997));
#8999=POLY_LOOP('',(#8995,#7902,#7912));
#9000=FACE_OUTER_BOUND('',#8999,.T.);
#9001=FACETED_PRIMITIVE_FACE('',(#9000));
#9003=POLY_LOOP('',(#8995,#8925,#9002));
#9004=FACE_OUTER_BOUND('',#9003,.T.);
#9005=FACETED_PRIMITIVE_FACE('',(#9004));
#9006=POLY_LOOP('',(#8995,#8918,#8925));
#9007=FACE_OUTER_BOUND('',#9006,.T.);
#9008=FACETED_PRIMITIVE_FACE('',(#9007));
#9009=POLY_LOOP('',(#8995,#7919,#8965));
#9010=FACE_OUTER_BOUND('',#9009,.T.);
#9011=FACETED_PRIMITIVE_FACE('',(#9010));
#9012=POLY_LOOP('',(#8995,#8965,#8918));
#9013=FACE_OUTER_BOUND('',#9012,.T.);
#9014=FACETED_PRIMITIVE_FACE('',(#9013));
#9016=POLY_LOOP('',(#9015,#7902,#8995));
#9017=FACE_OUTER_BOUND('',#9016,.T.);
#9018=FACETED_PRIMITIVE_FACE('',(#9017));
#9019=POLY_LOOP('',(#9015,#7889,#7902));
#9020=FACE_OUTER_BOUND('',#9019,.T.);
#9021=FACETED_PRIMITIVE_FACE('',(#9020));
#9022=POLY_LOOP('',(#9015,#7882,#7889));
#9023=FACE_OUTER_BOUND('',#9022,.T.);
#9024=FACETED_PRIMITIVE_FACE('',(#9023));
#9026=POLY_LOOP('',(#9015,#9002,#9025));
#9027=FACE_OUTER_BOUND('',#9026,.T.);
#9028=FACETED_PRIMITIVE_FACE('',(#9027));
#9029=POLY_LOOP('',(#9015,#8995,#9002));
#9030=FACE_OUTER_BOUND('',#9029,.T.);
#9031=FACETED_PRIMITIVE_FACE('',(#9030));
#9033=POLY_LOOP('',(#9032,#8946,#8945));
#9034=FACE_OUTER_BOUND('',#9033,.T.);
#9035=FACETED_PRIMITIVE_FACE('',(#9034));
#9037=POLY_LOOP('',(#9032,#8955,#9036));
#9038=FACE_OUTER_BOUND('',#9037,.T.);
#9039=FACETED_PRIMITIVE_FACE('',(#9038));
#9042=POLY_LOOP('',(#9032,#9040,#9041));
#9043=FACE_OUTER_BOUND('',#9042,.T.);
#9044=FACETED_PRIMITIVE_FACE('',(#9043));
#9046=POLY_LOOP('',(#9032,#9045,#8946));
#9047=FACE_OUTER_BOUND('',#9046,.T.);
#9048=FACETED_PRIMITIVE_FACE('',(#9047));
#9049=POLY_LOOP('',(#9032,#8945,#8955));
#9050=FACE_OUTER_BOUND('',#9049,.T.);
#9051=FACETED_PRIMITIVE_FACE('',(#9050));
#9053=POLY_LOOP('',(#9052,#7875,#7882));
#9054=FACE_OUTER_BOUND('',#9053,.T.);
#9055=FACETED_PRIMITIVE_FACE('',(#9054));
#9056=POLY_LOOP('',(#9052,#7865,#7875));
#9057=FACE_OUTER_BOUND('',#9056,.T.);
#9058=FACETED_PRIMITIVE_FACE('',(#9057));
#9059=POLY_LOOP('',(#9052,#9015,#9025));
#9060=FACE_OUTER_BOUND('',#9059,.T.);
#9061=FACETED_PRIMITIVE_FACE('',(#9060));
#9063=POLY_LOOP('',(#9052,#9025,#9062));
#9064=FACE_OUTER_BOUND('',#9063,.T.);
#9065=FACETED_PRIMITIVE_FACE('',(#9064));
#9066=POLY_LOOP('',(#9052,#7882,#9015));
#9067=FACE_OUTER_BOUND('',#9066,.T.);
#9068=FACETED_PRIMITIVE_FACE('',(#9067));
#9070=POLY_LOOP('',(#9069,#9040,#9032));
#9071=FACE_OUTER_BOUND('',#9070,.T.);
#9072=FACETED_PRIMITIVE_FACE('',(#9071));
#9074=POLY_LOOP('',(#9069,#9036,#9073));
#9075=FACE_OUTER_BOUND('',#9074,.T.);
#9076=FACETED_PRIMITIVE_FACE('',(#9075));
#9077=POLY_LOOP('',(#9069,#9073,#9040));
#9078=FACE_OUTER_BOUND('',#9077,.T.);
#9079=FACETED_PRIMITIVE_FACE('',(#9078));
#9080=POLY_LOOP('',(#9069,#9032,#9036));
#9081=FACE_OUTER_BOUND('',#9080,.T.);
#9082=FACETED_PRIMITIVE_FACE('',(#9081));
#9084=POLY_LOOP('',(#9083,#7865,#9052));
#9085=FACE_OUTER_BOUND('',#9084,.T.);
#9086=FACETED_PRIMITIVE_FACE('',(#9085));
#9087=POLY_LOOP('',(#9083,#9052,#9062));
#9088=FACE_OUTER_BOUND('',#9087,.T.);
#9089=FACETED_PRIMITIVE_FACE('',(#9088));
#9090=POLY_LOOP('',(#9083,#7861,#7865));
#9091=FACE_OUTER_BOUND('',#9090,.T.);
#9092=FACETED_PRIMITIVE_FACE('',(#9091));
#9093=POLY_LOOP('',(#9083,#7847,#7861));
#9094=FACE_OUTER_BOUND('',#9093,.T.);
#9095=FACETED_PRIMITIVE_FACE('',(#9094));
#9097=POLY_LOOP('',(#9096,#7847,#9083));
#9098=FACE_OUTER_BOUND('',#9097,.T.);
#9099=FACETED_PRIMITIVE_FACE('',(#9098));
#9100=POLY_LOOP('',(#9096,#9083,#9062));
#9101=FACE_OUTER_BOUND('',#9100,.T.);
#9102=FACETED_PRIMITIVE_FACE('',(#9101));
#9103=POLY_LOOP('',(#9096,#7827,#7847));
#9104=FACE_OUTER_BOUND('',#9103,.T.);
#9105=FACETED_PRIMITIVE_FACE('',(#9104));
#9106=POLY_LOOP('',(#9096,#7813,#7827));
#9107=FACE_OUTER_BOUND('',#9106,.T.);
#9108=FACETED_PRIMITIVE_FACE('',(#9107));
#9110=POLY_LOOP('',(#9096,#9062,#9109));
#9111=FACE_OUTER_BOUND('',#9110,.T.);
#9112=FACETED_PRIMITIVE_FACE('',(#9111));
#9114=POLY_LOOP('',(#9113,#9045,#9032));
#9115=FACE_OUTER_BOUND('',#9114,.T.);
#9116=FACETED_PRIMITIVE_FACE('',(#9115));
#9118=POLY_LOOP('',(#9117,#7813,#9096));
#9119=FACE_OUTER_BOUND('',#9118,.T.);
#9120=FACETED_PRIMITIVE_FACE('',(#9119));
#9122=POLY_LOOP('',(#9117,#9109,#9121));
#9123=FACE_OUTER_BOUND('',#9122,.T.);
#9124=FACETED_PRIMITIVE_FACE('',(#9123));
#9125=POLY_LOOP('',(#9117,#9096,#9109));
#9126=FACE_OUTER_BOUND('',#9125,.T.);
#9127=FACETED_PRIMITIVE_FACE('',(#9126));
#9128=POLY_LOOP('',(#9117,#7792,#7813));
#9129=FACE_OUTER_BOUND('',#9128,.T.);
#9130=FACETED_PRIMITIVE_FACE('',(#9129));
#9131=POLY_LOOP('',(#9117,#7774,#7792));
#9132=FACE_OUTER_BOUND('',#9131,.T.);
#9133=FACETED_PRIMITIVE_FACE('',(#9132));
#9135=POLY_LOOP('',(#9134,#9113,#9032));
#9136=FACE_OUTER_BOUND('',#9135,.T.);
#9137=FACETED_PRIMITIVE_FACE('',(#9136));
#9138=POLY_LOOP('',(#9134,#9032,#9041));
#9139=FACE_OUTER_BOUND('',#9138,.T.);
#9140=FACETED_PRIMITIVE_FACE('',(#9139));
#9142=POLY_LOOP('',(#9134,#9041,#9141));
#9143=FACE_OUTER_BOUND('',#9142,.T.);
#9144=FACETED_PRIMITIVE_FACE('',(#9143));
#9147=POLY_LOOP('',(#9145,#9121,#9146));
#9148=FACE_OUTER_BOUND('',#9147,.T.);
#9149=FACETED_PRIMITIVE_FACE('',(#9148));
#9150=POLY_LOOP('',(#9145,#9117,#9121));
#9151=FACE_OUTER_BOUND('',#9150,.T.);
#9152=FACETED_PRIMITIVE_FACE('',(#9151));
#9153=POLY_LOOP('',(#9145,#7775,#7774));
#9154=FACE_OUTER_BOUND('',#9153,.T.);
#9155=FACETED_PRIMITIVE_FACE('',(#9154));
#9156=POLY_LOOP('',(#9145,#7774,#9117));
#9157=FACE_OUTER_BOUND('',#9156,.T.);
#9158=FACETED_PRIMITIVE_FACE('',(#9157));
#9159=POLY_LOOP('',(#9145,#7769,#7775));
#9160=FACE_OUTER_BOUND('',#9159,.T.);
#9161=FACETED_PRIMITIVE_FACE('',(#9160));
#9163=POLY_LOOP('',(#9162,#9134,#9141));
#9164=FACE_OUTER_BOUND('',#9163,.T.);
#9165=FACETED_PRIMITIVE_FACE('',(#9164));
#9167=POLY_LOOP('',(#9162,#9141,#9166));
#9168=FACE_OUTER_BOUND('',#9167,.T.);
#9169=FACETED_PRIMITIVE_FACE('',(#9168));
#9171=POLY_LOOP('',(#9162,#9166,#9170));
#9172=FACE_OUTER_BOUND('',#9171,.T.);
#9173=FACETED_PRIMITIVE_FACE('',(#9172));
#9175=POLY_LOOP('',(#9174,#7769,#9145));
#9176=FACE_OUTER_BOUND('',#9175,.T.);
#9177=FACETED_PRIMITIVE_FACE('',(#9176));
#9178=POLY_LOOP('',(#9174,#9146,#9113));
#9179=FACE_OUTER_BOUND('',#9178,.T.);
#9180=FACETED_PRIMITIVE_FACE('',(#9179));
#9181=POLY_LOOP('',(#9174,#7770,#7769));
#9182=FACE_OUTER_BOUND('',#9181,.T.);
#9183=FACETED_PRIMITIVE_FACE('',(#9182));
#9184=POLY_LOOP('',(#9174,#7785,#7770));
#9185=FACE_OUTER_BOUND('',#9184,.T.);
#9186=FACETED_PRIMITIVE_FACE('',(#9185));
#9187=POLY_LOOP('',(#9174,#9145,#9146));
#9188=FACE_OUTER_BOUND('',#9187,.T.);
#9189=FACETED_PRIMITIVE_FACE('',(#9188));
#9191=POLY_LOOP('',(#9190,#9113,#9134));
#9192=FACE_OUTER_BOUND('',#9191,.T.);
#9193=FACETED_PRIMITIVE_FACE('',(#9192));
#9194=POLY_LOOP('',(#9190,#7799,#7785));
#9195=FACE_OUTER_BOUND('',#9194,.T.);
#9196=FACETED_PRIMITIVE_FACE('',(#9195));
#9197=POLY_LOOP('',(#9190,#7806,#7799));
#9198=FACE_OUTER_BOUND('',#9197,.T.);
#9199=FACETED_PRIMITIVE_FACE('',(#9198));
#9200=POLY_LOOP('',(#9190,#9174,#9113));
#9201=FACE_OUTER_BOUND('',#9200,.T.);
#9202=FACETED_PRIMITIVE_FACE('',(#9201));
#9203=POLY_LOOP('',(#9190,#9134,#9162));
#9204=FACE_OUTER_BOUND('',#9203,.T.);
#9205=FACETED_PRIMITIVE_FACE('',(#9204));
#9206=POLY_LOOP('',(#9190,#7785,#9174));
#9207=FACE_OUTER_BOUND('',#9206,.T.);
#9208=FACETED_PRIMITIVE_FACE('',(#9207));
#9209=POLY_LOOP('',(#9190,#8748,#7806));
#9210=FACE_OUTER_BOUND('',#9209,.T.);
#9211=FACETED_PRIMITIVE_FACE('',(#9210));
#9213=POLY_LOOP('',(#9212,#9162,#9170));
#9214=FACE_OUTER_BOUND('',#9213,.T.);
#9215=FACETED_PRIMITIVE_FACE('',(#9214));
#9216=POLY_LOOP('',(#9212,#8748,#9190));
#9217=FACE_OUTER_BOUND('',#9216,.T.);
#9218=FACETED_PRIMITIVE_FACE('',(#9217));
#9220=POLY_LOOP('',(#9212,#9170,#9219));
#9221=FACE_OUTER_BOUND('',#9220,.T.);
#9222=FACETED_PRIMITIVE_FACE('',(#9221));
#9223=POLY_LOOP('',(#9212,#9219,#8748));
#9224=FACE_OUTER_BOUND('',#9223,.T.);
#9225=FACETED_PRIMITIVE_FACE('',(#9224));
#9226=POLY_LOOP('',(#9212,#9190,#9162));
#9227=FACE_OUTER_BOUND('',#9226,.T.);
#9228=FACETED_PRIMITIVE_FACE('',(#9227));
#9232=POLY_LOOP('',(#9229,#9230,#9231));
#9233=FACE_OUTER_BOUND('',#9232,.T.);
#9234=FACETED_PRIMITIVE_FACE('',(#9233));
#9235=POLY_LOOP('',(#9229,#8279,#8265));
#9236=FACE_OUTER_BOUND('',#9235,.T.);
#9237=FACETED_PRIMITIVE_FACE('',(#9236));
#9238=POLY_LOOP('',(#9229,#8265,#8244));
#9239=FACE_OUTER_BOUND('',#9238,.T.);
#9240=FACETED_PRIMITIVE_FACE('',(#9239));
#9241=POLY_LOOP('',(#9229,#8244,#8230));
#9242=FACE_OUTER_BOUND('',#9241,.T.);
#9243=FACETED_PRIMITIVE_FACE('',(#9242));
#9244=POLY_LOOP('',(#9229,#8230,#8212));
#9245=FACE_OUTER_BOUND('',#9244,.T.);
#9246=FACETED_PRIMITIVE_FACE('',(#9245));
#9247=POLY_LOOP('',(#9229,#9231,#8797));
#9248=FACE_OUTER_BOUND('',#9247,.T.);
#9249=FACETED_PRIMITIVE_FACE('',(#9248));
#9250=POLY_LOOP('',(#9229,#8797,#8279));
#9251=FACE_OUTER_BOUND('',#9250,.T.);
#9252=FACETED_PRIMITIVE_FACE('',(#9251));
#9254=POLY_LOOP('',(#9253,#9230,#9229));
#9255=FACE_OUTER_BOUND('',#9254,.T.);
#9256=FACETED_PRIMITIVE_FACE('',(#9255));
#9257=POLY_LOOP('',(#9253,#9229,#8212));
#9258=FACE_OUTER_BOUND('',#9257,.T.);
#9259=FACETED_PRIMITIVE_FACE('',(#9258));
#9260=POLY_LOOP('',(#9253,#8212,#8195));
#9261=FACE_OUTER_BOUND('',#9260,.T.);
#9262=FACETED_PRIMITIVE_FACE('',(#9261));
#9264=POLY_LOOP('',(#9263,#9253,#8195));
#9265=FACE_OUTER_BOUND('',#9264,.T.);
#9266=FACETED_PRIMITIVE_FACE('',(#9265));
#9267=POLY_LOOP('',(#9263,#9230,#9253));
#9268=FACE_OUTER_BOUND('',#9267,.T.);
#9269=FACETED_PRIMITIVE_FACE('',(#9268));
#9270=POLY_LOOP('',(#9263,#8195,#8188));
#9271=FACE_OUTER_BOUND('',#9270,.T.);
#9272=FACETED_PRIMITIVE_FACE('',(#9271));
#9275=POLY_LOOP('',(#9273,#9274,#9230));
#9276=FACE_OUTER_BOUND('',#9275,.T.);
#9277=FACETED_PRIMITIVE_FACE('',(#9276));
#9278=POLY_LOOP('',(#9273,#8153,#8844));
#9279=FACE_OUTER_BOUND('',#9278,.T.);
#9280=FACETED_PRIMITIVE_FACE('',(#9279));
#9281=POLY_LOOP('',(#9273,#9263,#8188));
#9282=FACE_OUTER_BOUND('',#9281,.T.);
#9283=FACETED_PRIMITIVE_FACE('',(#9282));
#9284=POLY_LOOP('',(#9273,#9230,#9263));
#9285=FACE_OUTER_BOUND('',#9284,.T.);
#9286=FACETED_PRIMITIVE_FACE('',(#9285));
#9288=POLY_LOOP('',(#9273,#8844,#9287));
#9289=FACE_OUTER_BOUND('',#9288,.T.);
#9290=FACETED_PRIMITIVE_FACE('',(#9289));
#9291=POLY_LOOP('',(#9273,#8188,#8181));
#9292=FACE_OUTER_BOUND('',#9291,.T.);
#9293=FACETED_PRIMITIVE_FACE('',(#9292));
#9294=POLY_LOOP('',(#9273,#8181,#8174));
#9295=FACE_OUTER_BOUND('',#9294,.T.);
#9296=FACETED_PRIMITIVE_FACE('',(#9295));
#9297=POLY_LOOP('',(#9273,#8174,#8167));
#9298=FACE_OUTER_BOUND('',#9297,.T.);
#9299=FACETED_PRIMITIVE_FACE('',(#9298));
#9300=POLY_LOOP('',(#9273,#8167,#8160));
#9301=FACE_OUTER_BOUND('',#9300,.T.);
#9302=FACETED_PRIMITIVE_FACE('',(#9301));
#9303=POLY_LOOP('',(#9273,#8160,#8153));
#9304=FACE_OUTER_BOUND('',#9303,.T.);
#9305=FACETED_PRIMITIVE_FACE('',(#9304));
#9306=POLY_LOOP('',(#9273,#9287,#9274));
#9307=FACE_OUTER_BOUND('',#9306,.T.);
#9308=FACETED_PRIMITIVE_FACE('',(#9307));
#9310=POLY_LOOP('',(#9309,#8787,#8797));
#9311=FACE_OUTER_BOUND('',#9310,.T.);
#9312=FACETED_PRIMITIVE_FACE('',(#9311));
#9313=POLY_LOOP('',(#9309,#8824,#8787));
#9314=FACE_OUTER_BOUND('',#9313,.T.);
#9315=FACETED_PRIMITIVE_FACE('',(#9314));
#9318=POLY_LOOP('',(#9309,#9316,#9317));
#9319=FACE_OUTER_BOUND('',#9318,.T.);
#9320=FACETED_PRIMITIVE_FACE('',(#9319));
#9321=POLY_LOOP('',(#9309,#9317,#8824));
#9322=FACE_OUTER_BOUND('',#9321,.T.);
#9323=FACETED_PRIMITIVE_FACE('',(#9322));
#9324=POLY_LOOP('',(#9309,#8797,#9231));
#9325=FACE_OUTER_BOUND('',#9324,.T.);
#9326=FACETED_PRIMITIVE_FACE('',(#9325));
#9328=POLY_LOOP('',(#9327,#9231,#9230));
#9329=FACE_OUTER_BOUND('',#9328,.T.);
#9330=FACETED_PRIMITIVE_FACE('',(#9329));
#9332=POLY_LOOP('',(#9327,#9331,#9316));
#9333=FACE_OUTER_BOUND('',#9332,.T.);
#9334=FACETED_PRIMITIVE_FACE('',(#9333));
#9335=POLY_LOOP('',(#9327,#9309,#9231));
#9336=FACE_OUTER_BOUND('',#9335,.T.);
#9337=FACETED_PRIMITIVE_FACE('',(#9336));
#9338=POLY_LOOP('',(#9327,#9316,#9309));
#9339=FACE_OUTER_BOUND('',#9338,.T.);
#9340=FACETED_PRIMITIVE_FACE('',(#9339));
#9343=POLY_LOOP('',(#9341,#9342,#9331));
#9344=FACE_OUTER_BOUND('',#9343,.T.);
#9345=FACETED_PRIMITIVE_FACE('',(#9344));
#9346=POLY_LOOP('',(#9341,#9230,#9274));
#9347=FACE_OUTER_BOUND('',#9346,.T.);
#9348=FACETED_PRIMITIVE_FACE('',(#9347));
#9349=POLY_LOOP('',(#9341,#9327,#9230));
#9350=FACE_OUTER_BOUND('',#9349,.T.);
#9351=FACETED_PRIMITIVE_FACE('',(#9350));
#9352=POLY_LOOP('',(#9341,#9331,#9327));
#9353=FACE_OUTER_BOUND('',#9352,.T.);
#9354=FACETED_PRIMITIVE_FACE('',(#9353));
#9356=POLY_LOOP('',(#9355,#8858,#8946));
#9357=FACE_OUTER_BOUND('',#9356,.T.);
#9358=FACETED_PRIMITIVE_FACE('',(#9357));
#9361=POLY_LOOP('',(#9355,#9359,#9360));
#9362=FACE_OUTER_BOUND('',#9361,.T.);
#9363=FACETED_PRIMITIVE_FACE('',(#9362));
#9364=POLY_LOOP('',(#9355,#9360,#9342));
#9365=FACE_OUTER_BOUND('',#9364,.T.);
#9366=FACETED_PRIMITIVE_FACE('',(#9365));
#9367=POLY_LOOP('',(#9355,#9342,#9341));
#9368=FACE_OUTER_BOUND('',#9367,.T.);
#9369=FACETED_PRIMITIVE_FACE('',(#9368));
#9370=POLY_LOOP('',(#9355,#8946,#9359));
#9371=FACE_OUTER_BOUND('',#9370,.T.);
#9372=FACETED_PRIMITIVE_FACE('',(#9371));
#9373=POLY_LOOP('',(#9355,#9341,#9274));
#9374=FACE_OUTER_BOUND('',#9373,.T.);
#9375=FACETED_PRIMITIVE_FACE('',(#9374));
#9376=POLY_LOOP('',(#9355,#9287,#8844));
#9377=FACE_OUTER_BOUND('',#9376,.T.);
#9378=FACETED_PRIMITIVE_FACE('',(#9377));
#9379=POLY_LOOP('',(#9355,#8844,#8858));
#9380=FACE_OUTER_BOUND('',#9379,.T.);
#9381=FACETED_PRIMITIVE_FACE('',(#9380));
#9382=POLY_LOOP('',(#9355,#9274,#9287));
#9383=FACE_OUTER_BOUND('',#9382,.T.);
#9384=FACETED_PRIMITIVE_FACE('',(#9383));
#9386=POLY_LOOP('',(#9385,#9317,#9316));
#9387=FACE_OUTER_BOUND('',#9386,.T.);
#9388=FACETED_PRIMITIVE_FACE('',(#9387));
#9389=POLY_LOOP('',(#9385,#8824,#9317));
#9390=FACE_OUTER_BOUND('',#9389,.T.);
#9391=FACETED_PRIMITIVE_FACE('',(#9390));
#9394=POLY_LOOP('',(#9385,#9392,#9393));
#9395=FACE_OUTER_BOUND('',#9394,.T.);
#9396=FACETED_PRIMITIVE_FACE('',(#9395));
#9397=POLY_LOOP('',(#9385,#8868,#8824));
#9398=FACE_OUTER_BOUND('',#9397,.T.);
#9399=FACETED_PRIMITIVE_FACE('',(#9398));
#9400=POLY_LOOP('',(#9385,#9393,#8868));
#9401=FACE_OUTER_BOUND('',#9400,.T.);
#9402=FACETED_PRIMITIVE_FACE('',(#9401));
#9405=POLY_LOOP('',(#9403,#9404,#9392));
#9406=FACE_OUTER_BOUND('',#9405,.T.);
#9407=FACETED_PRIMITIVE_FACE('',(#9406));
#9408=POLY_LOOP('',(#9403,#9392,#9385));
#9409=FACE_OUTER_BOUND('',#9408,.T.);
#9410=FACETED_PRIMITIVE_FACE('',(#9409));
#9411=POLY_LOOP('',(#9403,#9316,#9331));
#9412=FACE_OUTER_BOUND('',#9411,.T.);
#9413=FACETED_PRIMITIVE_FACE('',(#9412));
#9414=POLY_LOOP('',(#9403,#9385,#9316));
#9415=FACE_OUTER_BOUND('',#9414,.T.);
#9416=FACETED_PRIMITIVE_FACE('',(#9415));
#9418=POLY_LOOP('',(#9417,#9331,#9342));
#9419=FACE_OUTER_BOUND('',#9418,.T.);
#9420=FACETED_PRIMITIVE_FACE('',(#9419));
#9422=POLY_LOOP('',(#9417,#9421,#9404));
#9423=FACE_OUTER_BOUND('',#9422,.T.);
#9424=FACETED_PRIMITIVE_FACE('',(#9423));
#9425=POLY_LOOP('',(#9417,#9404,#9403));
#9426=FACE_OUTER_BOUND('',#9425,.T.);
#9427=FACETED_PRIMITIVE_FACE('',(#9426));
#9428=POLY_LOOP('',(#9417,#9403,#9331));
#9429=FACE_OUTER_BOUND('',#9428,.T.);
#9430=FACETED_PRIMITIVE_FACE('',(#9429));
#9434=POLY_LOOP('',(#9431,#9432,#9433));
#9435=FACE_OUTER_BOUND('',#9434,.T.);
#9436=FACETED_PRIMITIVE_FACE('',(#9435));
#9437=POLY_LOOP('',(#9431,#9360,#9359));
#9438=FACE_OUTER_BOUND('',#9437,.T.);
#9439=FACETED_PRIMITIVE_FACE('',(#9438));
#9440=POLY_LOOP('',(#9431,#9342,#9360));
#9441=FACE_OUTER_BOUND('',#9440,.T.);
#9442=FACETED_PRIMITIVE_FACE('',(#9441));
#9443=POLY_LOOP('',(#9431,#9433,#9421));
#9444=FACE_OUTER_BOUND('',#9443,.T.);
#9445=FACETED_PRIMITIVE_FACE('',(#9444));
#9446=POLY_LOOP('',(#9431,#9359,#8946));
#9447=FACE_OUTER_BOUND('',#9446,.T.);
#9448=FACETED_PRIMITIVE_FACE('',(#9447));
#9449=POLY_LOOP('',(#9431,#8946,#9045));
#9450=FACE_OUTER_BOUND('',#9449,.T.);
#9451=FACETED_PRIMITIVE_FACE('',(#9450));
#9452=POLY_LOOP('',(#9431,#9045,#9432));
#9453=FACE_OUTER_BOUND('',#9452,.T.);
#9454=FACETED_PRIMITIVE_FACE('',(#9453));
#9455=POLY_LOOP('',(#9431,#9417,#9342));
#9456=FACE_OUTER_BOUND('',#9455,.T.);
#9457=FACETED_PRIMITIVE_FACE('',(#9456));
#9458=POLY_LOOP('',(#9431,#9421,#9417));
#9459=FACE_OUTER_BOUND('',#9458,.T.);
#9460=FACETED_PRIMITIVE_FACE('',(#9459));
#9462=POLY_LOOP('',(#9461,#9002,#8925));
#9463=FACE_OUTER_BOUND('',#9462,.T.);
#9464=FACETED_PRIMITIVE_FACE('',(#9463));
#9465=POLY_LOOP('',(#9461,#8925,#8868));
#9466=FACE_OUTER_BOUND('',#9465,.T.);
#9467=FACETED_PRIMITIVE_FACE('',(#9466));
#9468=POLY_LOOP('',(#9461,#9025,#9002));
#9469=FACE_OUTER_BOUND('',#9468,.T.);
#9470=FACETED_PRIMITIVE_FACE('',(#9469));
#9471=POLY_LOOP('',(#9461,#9393,#9392));
#9472=FACE_OUTER_BOUND('',#9471,.T.);
#9473=FACETED_PRIMITIVE_FACE('',(#9472));
#9474=POLY_LOOP('',(#9461,#8868,#9393));
#9475=FACE_OUTER_BOUND('',#9474,.T.);
#9476=FACETED_PRIMITIVE_FACE('',(#9475));
#9478=POLY_LOOP('',(#9477,#9025,#9461));
#9479=FACE_OUTER_BOUND('',#9478,.T.);
#9480=FACETED_PRIMITIVE_FACE('',(#9479));
#9481=POLY_LOOP('',(#9477,#9392,#9404));
#9482=FACE_OUTER_BOUND('',#9481,.T.);
#9483=FACETED_PRIMITIVE_FACE('',(#9482));
#9484=POLY_LOOP('',(#9477,#9461,#9392));
#9485=FACE_OUTER_BOUND('',#9484,.T.);
#9486=FACETED_PRIMITIVE_FACE('',(#9485));
#9487=POLY_LOOP('',(#9477,#9062,#9025));
#9488=FACE_OUTER_BOUND('',#9487,.T.);
#9489=FACETED_PRIMITIVE_FACE('',(#9488));
#9491=POLY_LOOP('',(#9490,#9062,#9477));
#9492=FACE_OUTER_BOUND('',#9491,.T.);
#9493=FACETED_PRIMITIVE_FACE('',(#9492));
#9494=POLY_LOOP('',(#9490,#9109,#9062));
#9495=FACE_OUTER_BOUND('',#9494,.T.);
#9496=FACETED_PRIMITIVE_FACE('',(#9495));
#9497=POLY_LOOP('',(#9490,#9404,#9421));
#9498=FACE_OUTER_BOUND('',#9497,.T.);
#9499=FACETED_PRIMITIVE_FACE('',(#9498));
#9500=POLY_LOOP('',(#9490,#9477,#9404));
#9501=FACE_OUTER_BOUND('',#9500,.T.);
#9502=FACETED_PRIMITIVE_FACE('',(#9501));
#9504=POLY_LOOP('',(#9503,#9433,#9432));
#9505=FACE_OUTER_BOUND('',#9504,.T.);
#9506=FACETED_PRIMITIVE_FACE('',(#9505));
#9507=POLY_LOOP('',(#9503,#9490,#9421));
#9508=FACE_OUTER_BOUND('',#9507,.T.);
#9509=FACETED_PRIMITIVE_FACE('',(#9508));
#9510=POLY_LOOP('',(#9503,#9109,#9490));
#9511=FACE_OUTER_BOUND('',#9510,.T.);
#9512=FACETED_PRIMITIVE_FACE('',(#9511));
#9513=POLY_LOOP('',(#9503,#9146,#9121));
#9514=FACE_OUTER_BOUND('',#9513,.T.);
#9515=FACETED_PRIMITIVE_FACE('',(#9514));
#9516=POLY_LOOP('',(#9503,#9045,#9113));
#9517=FACE_OUTER_BOUND('',#9516,.T.);
#9518=FACETED_PRIMITIVE_FACE('',(#9517));
#9519=POLY_LOOP('',(#9503,#9421,#9433));
#9520=FACE_OUTER_BOUND('',#9519,.T.);
#9521=FACETED_PRIMITIVE_FACE('',(#9520));
#9522=POLY_LOOP('',(#9503,#9121,#9109));
#9523=FACE_OUTER_BOUND('',#9522,.T.);
#9524=FACETED_PRIMITIVE_FACE('',(#9523));
#9525=POLY_LOOP('',(#9503,#9113,#9146));
#9526=FACE_OUTER_BOUND('',#9525,.T.);
#9527=FACETED_PRIMITIVE_FACE('',(#9526));
#9528=POLY_LOOP('',(#9503,#9432,#9045));
#9529=FACE_OUTER_BOUND('',#9528,.T.);
#9530=FACETED_PRIMITIVE_FACE('',(#9529));
#9531=POLY_LOOP('',(#102,#7854,#8747));
#9532=FACE_OUTER_BOUND('',#9531,.T.);
#9533=FACETED_PRIMITIVE_FACE('',(#9532));
#9534=POLY_LOOP('',(#111,#102,#8747));
#9535=FACE_OUTER_BOUND('',#9534,.T.);
#9536=FACETED_PRIMITIVE_FACE('',(#9535));
#9537=POLY_LOOP('',(#112,#8748,#9219));
#9538=FACE_OUTER_BOUND('',#9537,.T.);
#9539=FACETED_PRIMITIVE_FACE('',(#9538));
#9540=POLY_LOOP('',(#112,#8747,#8748));
#9541=FACE_OUTER_BOUND('',#9540,.T.);
#9542=FACETED_PRIMITIVE_FACE('',(#9541));
#9543=POLY_LOOP('',(#112,#111,#8747));
#9544=FACE_OUTER_BOUND('',#9543,.T.);
#9545=FACETED_PRIMITIVE_FACE('',(#9544));
#9546=POLY_LOOP('',(#110,#112,#9219));
#9547=FACE_OUTER_BOUND('',#9546,.T.);
#9548=FACETED_PRIMITIVE_FACE('',(#9547));
#9549=POLY_LOOP('',(#122,#9219,#9170));
#9550=FACE_OUTER_BOUND('',#9549,.T.);
#9551=FACETED_PRIMITIVE_FACE('',(#9550));
#9552=POLY_LOOP('',(#122,#110,#9219));
#9553=FACE_OUTER_BOUND('',#9552,.T.);
#9554=FACETED_PRIMITIVE_FACE('',(#9553));
#9555=POLY_LOOP('',(#117,#9170,#9166));
#9556=FACE_OUTER_BOUND('',#9555,.T.);
#9557=FACETED_PRIMITIVE_FACE('',(#9556));
#9558=POLY_LOOP('',(#117,#122,#9170));
#9559=FACE_OUTER_BOUND('',#9558,.T.);
#9560=FACETED_PRIMITIVE_FACE('',(#9559));
#9561=POLY_LOOP('',(#9141,#118,#117));
#9562=FACE_OUTER_BOUND('',#9561,.T.);
#9563=FACETED_PRIMITIVE_FACE('',(#9562));
#9564=POLY_LOOP('',(#9141,#116,#118));
#9565=FACE_OUTER_BOUND('',#9564,.T.);
#9566=FACETED_PRIMITIVE_FACE('',(#9565));
#9567=POLY_LOOP('',(#9141,#117,#9166));
#9568=FACE_OUTER_BOUND('',#9567,.T.);
#9569=FACETED_PRIMITIVE_FACE('',(#9568));
#9570=POLY_LOOP('',(#9041,#116,#9141));
#9571=FACE_OUTER_BOUND('',#9570,.T.);
#9572=FACETED_PRIMITIVE_FACE('',(#9571));
#9573=POLY_LOOP('',(#9040,#126,#116));
#9574=FACE_OUTER_BOUND('',#9573,.T.);
#9575=FACETED_PRIMITIVE_FACE('',(#9574));
#9576=POLY_LOOP('',(#9040,#116,#9041));
#9577=FACE_OUTER_BOUND('',#9576,.T.);
#9578=FACETED_PRIMITIVE_FACE('',(#9577));
#9579=POLY_LOOP('',(#9073,#134,#126));
#9580=FACE_OUTER_BOUND('',#9579,.T.);
#9581=FACETED_PRIMITIVE_FACE('',(#9580));
#9582=POLY_LOOP('',(#9073,#126,#9040));
#9583=FACE_OUTER_BOUND('',#9582,.T.);
#9584=FACETED_PRIMITIVE_FACE('',(#9583));
#9585=POLY_LOOP('',(#9036,#133,#134));
#9586=FACE_OUTER_BOUND('',#9585,.T.);
#9587=FACETED_PRIMITIVE_FACE('',(#9586));
#9588=POLY_LOOP('',(#9036,#134,#9073));
#9589=FACE_OUTER_BOUND('',#9588,.T.);
#9590=FACETED_PRIMITIVE_FACE('',(#9589));
#9591=POLY_LOOP('',(#8955,#138,#133));
#9592=FACE_OUTER_BOUND('',#9591,.T.);
#9593=FACETED_PRIMITIVE_FACE('',(#9592));
#9594=POLY_LOOP('',(#8955,#133,#9036));
#9595=FACE_OUTER_BOUND('',#9594,.T.);
#9596=FACETED_PRIMITIVE_FACE('',(#9595));
#9597=POLY_LOOP('',(#8715,#8097,#103));
#9598=FACE_OUTER_BOUND('',#9597,.T.);
#9599=FACETED_PRIMITIVE_FACE('',(#9598));
#9600=POLY_LOOP('',(#8715,#142,#155));
#9601=FACE_OUTER_BOUND('',#9600,.T.);
#9602=FACETED_PRIMITIVE_FACE('',(#9601));
#9603=POLY_LOOP('',(#8715,#103,#142));
#9604=FACE_OUTER_BOUND('',#9603,.T.);
#9605=FACETED_PRIMITIVE_FACE('',(#9604));
#9606=POLY_LOOP('',(#8954,#138,#8955));
#9607=FACE_OUTER_BOUND('',#9606,.T.);
#9608=FACETED_PRIMITIVE_FACE('',(#9607));
#9609=POLY_LOOP('',(#8954,#150,#138));
#9610=FACE_OUTER_BOUND('',#9609,.T.);
#9611=FACETED_PRIMITIVE_FACE('',(#9610));
#9612=POLY_LOOP('',(#8954,#149,#150));
#9613=FACE_OUTER_BOUND('',#9612,.T.);
#9614=FACETED_PRIMITIVE_FACE('',(#9613));
#9615=POLY_LOOP('',(#8725,#8715,#155));
#9616=FACE_OUTER_BOUND('',#9615,.T.);
#9617=FACETED_PRIMITIVE_FACE('',(#9616));
#9618=POLY_LOOP('',(#8988,#149,#8954));
#9619=FACE_OUTER_BOUND('',#9618,.T.);
#9620=FACETED_PRIMITIVE_FACE('',(#9619));
#9621=POLY_LOOP('',(#8988,#162,#149));
#9622=FACE_OUTER_BOUND('',#9621,.T.);
#9623=FACETED_PRIMITIVE_FACE('',(#9622));
#9624=POLY_LOOP('',(#8879,#155,#154));
#9625=FACE_OUTER_BOUND('',#9624,.T.);
#9626=FACETED_PRIMITIVE_FACE('',(#9625));
#9627=POLY_LOOP('',(#8879,#8725,#155));
#9628=FACE_OUTER_BOUND('',#9627,.T.);
#9629=FACETED_PRIMITIVE_FACE('',(#9628));
#9630=POLY_LOOP('',(#8950,#162,#8988));
#9631=FACE_OUTER_BOUND('',#9630,.T.);
#9632=FACETED_PRIMITIVE_FACE('',(#9631));
#9633=POLY_LOOP('',(#8898,#8879,#154));
#9634=FACE_OUTER_BOUND('',#9633,.T.);
#9635=FACETED_PRIMITIVE_FACE('',(#9634));
#9636=POLY_LOOP('',(#8898,#154,#166));
#9637=FACE_OUTER_BOUND('',#9636,.T.);
#9638=FACETED_PRIMITIVE_FACE('',(#9637));
#9639=POLY_LOOP('',(#8884,#162,#8950));
#9640=FACE_OUTER_BOUND('',#9639,.T.);
#9641=FACETED_PRIMITIVE_FACE('',(#9640));
#9642=POLY_LOOP('',(#8884,#173,#162));
#9643=FACE_OUTER_BOUND('',#9642,.T.);
#9644=FACETED_PRIMITIVE_FACE('',(#9643));
#9645=POLY_LOOP('',(#8883,#8898,#166));
#9646=FACE_OUTER_BOUND('',#9645,.T.);
#9647=FACETED_PRIMITIVE_FACE('',(#9646));
#9648=POLY_LOOP('',(#8883,#173,#8884));
#9649=FACE_OUTER_BOUND('',#9648,.T.);
#9650=FACETED_PRIMITIVE_FACE('',(#9649));
#9651=POLY_LOOP('',(#8883,#186,#173));
#9652=FACE_OUTER_BOUND('',#9651,.T.);
#9653=FACETED_PRIMITIVE_FACE('',(#9652));
#9654=POLY_LOOP('',(#8883,#166,#186));
#9655=FACE_OUTER_BOUND('',#9654,.T.);
#9656=FACETED_PRIMITIVE_FACE('',(#9655));
#9660=POLY_LOOP('',(#9657,#9658,#9659));
#9661=FACE_OUTER_BOUND('',#9660,.T.);
#9662=FACETED_PRIMITIVE_FACE('',(#9661));
#9664=POLY_LOOP('',(#9657,#9663,#9658));
#9665=FACE_OUTER_BOUND('',#9664,.T.);
#9666=FACETED_PRIMITIVE_FACE('',(#9665));
#9668=POLY_LOOP('',(#9657,#9667,#9663));
#9669=FACE_OUTER_BOUND('',#9668,.T.);
#9670=FACETED_PRIMITIVE_FACE('',(#9669));
#9672=POLY_LOOP('',(#9671,#9667,#9657));
#9673=FACE_OUTER_BOUND('',#9672,.T.);
#9674=FACETED_PRIMITIVE_FACE('',(#9673));
#9677=POLY_LOOP('',(#9657,#9675,#9676));
#9678=FACE_OUTER_BOUND('',#9677,.T.);
#9679=FACETED_PRIMITIVE_FACE('',(#9678));
#9681=POLY_LOOP('',(#9657,#9680,#9675));
#9682=FACE_OUTER_BOUND('',#9681,.T.);
#9683=FACETED_PRIMITIVE_FACE('',(#9682));
#9684=POLY_LOOP('',(#9657,#9659,#9680));
#9685=FACE_OUTER_BOUND('',#9684,.T.);
#9686=FACETED_PRIMITIVE_FACE('',(#9685));
#9690=POLY_LOOP('',(#9687,#9688,#9689));
#9691=FACE_OUTER_BOUND('',#9690,.T.);
#9692=FACETED_PRIMITIVE_FACE('',(#9691));
#9694=POLY_LOOP('',(#9689,#9688,#9693));
#9695=FACE_OUTER_BOUND('',#9694,.T.);
#9696=FACETED_PRIMITIVE_FACE('',(#9695));
#9699=POLY_LOOP('',(#9697,#9698,#9671));
#9700=FACE_OUTER_BOUND('',#9699,.T.);
#9701=FACETED_PRIMITIVE_FACE('',(#9700));
#9703=POLY_LOOP('',(#9697,#9702,#9698));
#9704=FACE_OUTER_BOUND('',#9703,.T.);
#9705=FACETED_PRIMITIVE_FACE('',(#9704));
#9707=POLY_LOOP('',(#9697,#9657,#9706));
#9708=FACE_OUTER_BOUND('',#9707,.T.);
#9709=FACETED_PRIMITIVE_FACE('',(#9708));
#9711=POLY_LOOP('',(#9697,#9706,#9710));
#9712=FACE_OUTER_BOUND('',#9711,.T.);
#9713=FACETED_PRIMITIVE_FACE('',(#9712));
#9714=POLY_LOOP('',(#9697,#9671,#9657));
#9715=FACE_OUTER_BOUND('',#9714,.T.);
#9716=FACETED_PRIMITIVE_FACE('',(#9715));
#9719=POLY_LOOP('',(#9717,#9718,#9702));
#9720=FACE_OUTER_BOUND('',#9719,.T.);
#9721=FACETED_PRIMITIVE_FACE('',(#9720));
#9723=POLY_LOOP('',(#9717,#9722,#9718));
#9724=FACE_OUTER_BOUND('',#9723,.T.);
#9725=FACETED_PRIMITIVE_FACE('',(#9724));
#9727=POLY_LOOP('',(#9717,#9726,#9722));
#9728=FACE_OUTER_BOUND('',#9727,.T.);
#9729=FACETED_PRIMITIVE_FACE('',(#9728));
#9731=POLY_LOOP('',(#9717,#9730,#9726));
#9732=FACE_OUTER_BOUND('',#9731,.T.);
#9733=FACETED_PRIMITIVE_FACE('',(#9732));
#9734=POLY_LOOP('',(#9717,#9702,#9697));
#9735=FACE_OUTER_BOUND('',#9734,.T.);
#9736=FACETED_PRIMITIVE_FACE('',(#9735));
#9739=POLY_LOOP('',(#9737,#9710,#9738));
#9740=FACE_OUTER_BOUND('',#9739,.T.);
#9741=FACETED_PRIMITIVE_FACE('',(#9740));
#9743=POLY_LOOP('',(#9737,#9738,#9742));
#9744=FACE_OUTER_BOUND('',#9743,.T.);
#9745=FACETED_PRIMITIVE_FACE('',(#9744));
#9746=POLY_LOOP('',(#9737,#9697,#9710));
#9747=FACE_OUTER_BOUND('',#9746,.T.);
#9748=FACETED_PRIMITIVE_FACE('',(#9747));
#9751=POLY_LOOP('',(#9749,#9750,#9730));
#9752=FACE_OUTER_BOUND('',#9751,.T.);
#9753=FACETED_PRIMITIVE_FACE('',(#9752));
#9755=POLY_LOOP('',(#9749,#9754,#9750));
#9756=FACE_OUTER_BOUND('',#9755,.T.);
#9757=FACETED_PRIMITIVE_FACE('',(#9756));
#9759=POLY_LOOP('',(#9749,#9758,#9754));
#9760=FACE_OUTER_BOUND('',#9759,.T.);
#9761=FACETED_PRIMITIVE_FACE('',(#9760));
#9762=POLY_LOOP('',(#9749,#9730,#9717));
#9763=FACE_OUTER_BOUND('',#9762,.T.);
#9764=FACETED_PRIMITIVE_FACE('',(#9763));
#9767=POLY_LOOP('',(#9765,#9766,#9758));
#9768=FACE_OUTER_BOUND('',#9767,.T.);
#9769=FACETED_PRIMITIVE_FACE('',(#9768));
#9771=POLY_LOOP('',(#9765,#9770,#9766));
#9772=FACE_OUTER_BOUND('',#9771,.T.);
#9773=FACETED_PRIMITIVE_FACE('',(#9772));
#9775=POLY_LOOP('',(#9765,#9774,#9770));
#9776=FACE_OUTER_BOUND('',#9775,.T.);
#9777=FACETED_PRIMITIVE_FACE('',(#9776));
#9778=POLY_LOOP('',(#9765,#9758,#9749));
#9779=FACE_OUTER_BOUND('',#9778,.T.);
#9780=FACETED_PRIMITIVE_FACE('',(#9779));
#9783=POLY_LOOP('',(#9781,#9782,#9774));
#9784=FACE_OUTER_BOUND('',#9783,.T.);
#9785=FACETED_PRIMITIVE_FACE('',(#9784));
#9787=POLY_LOOP('',(#9781,#9786,#9782));
#9788=FACE_OUTER_BOUND('',#9787,.T.);
#9789=FACETED_PRIMITIVE_FACE('',(#9788));
#9791=POLY_LOOP('',(#9781,#9790,#9786));
#9792=FACE_OUTER_BOUND('',#9791,.T.);
#9793=FACETED_PRIMITIVE_FACE('',(#9792));
#9795=POLY_LOOP('',(#9781,#9794,#9790));
#9796=FACE_OUTER_BOUND('',#9795,.T.);
#9797=FACETED_PRIMITIVE_FACE('',(#9796));
#9799=POLY_LOOP('',(#9781,#9798,#9794));
#9800=FACE_OUTER_BOUND('',#9799,.T.);
#9801=FACETED_PRIMITIVE_FACE('',(#9800));
#9803=POLY_LOOP('',(#9781,#9802,#9798));
#9804=FACE_OUTER_BOUND('',#9803,.T.);
#9805=FACETED_PRIMITIVE_FACE('',(#9804));
#9806=POLY_LOOP('',(#9781,#9774,#9765));
#9807=FACE_OUTER_BOUND('',#9806,.T.);
#9808=FACETED_PRIMITIVE_FACE('',(#9807));
#9810=POLY_LOOP('',(#9809,#9717,#9697));
#9811=FACE_OUTER_BOUND('',#9810,.T.);
#9812=FACETED_PRIMITIVE_FACE('',(#9811));
#9813=POLY_LOOP('',(#9809,#9749,#9717));
#9814=FACE_OUTER_BOUND('',#9813,.T.);
#9815=FACETED_PRIMITIVE_FACE('',(#9814));
#9816=POLY_LOOP('',(#9809,#9697,#9737));
#9817=FACE_OUTER_BOUND('',#9816,.T.);
#9818=FACETED_PRIMITIVE_FACE('',(#9817));
#9821=POLY_LOOP('',(#9819,#9820,#9802));
#9822=FACE_OUTER_BOUND('',#9821,.T.);
#9823=FACETED_PRIMITIVE_FACE('',(#9822));
#9825=POLY_LOOP('',(#9819,#9824,#9820));
#9826=FACE_OUTER_BOUND('',#9825,.T.);
#9827=FACETED_PRIMITIVE_FACE('',(#9826));
#9829=POLY_LOOP('',(#9819,#9828,#9824));
#9830=FACE_OUTER_BOUND('',#9829,.T.);
#9831=FACETED_PRIMITIVE_FACE('',(#9830));
#9832=POLY_LOOP('',(#9819,#9802,#9781));
#9833=FACE_OUTER_BOUND('',#9832,.T.);
#9834=FACETED_PRIMITIVE_FACE('',(#9833));
#9837=POLY_LOOP('',(#9835,#9742,#9836));
#9838=FACE_OUTER_BOUND('',#9837,.T.);
#9839=FACETED_PRIMITIVE_FACE('',(#9838));
#9841=POLY_LOOP('',(#9835,#9836,#9840));
#9842=FACE_OUTER_BOUND('',#9841,.T.);
#9843=FACETED_PRIMITIVE_FACE('',(#9842));
#9844=POLY_LOOP('',(#9835,#9737,#9742));
#9845=FACE_OUTER_BOUND('',#9844,.T.);
#9846=FACETED_PRIMITIVE_FACE('',(#9845));
#9848=POLY_LOOP('',(#9847,#9749,#9809));
#9849=FACE_OUTER_BOUND('',#9848,.T.);
#9850=FACETED_PRIMITIVE_FACE('',(#9849));
#9853=POLY_LOOP('',(#9851,#9852,#9828));
#9854=FACE_OUTER_BOUND('',#9853,.T.);
#9855=FACETED_PRIMITIVE_FACE('',(#9854));
#9856=POLY_LOOP('',(#9851,#9828,#9819));
#9857=FACE_OUTER_BOUND('',#9856,.T.);
#9858=FACETED_PRIMITIVE_FACE('',(#9857));
#9860=POLY_LOOP('',(#9859,#9765,#9749));
#9861=FACE_OUTER_BOUND('',#9860,.T.);
#9862=FACETED_PRIMITIVE_FACE('',(#9861));
#9863=POLY_LOOP('',(#9859,#9781,#9765));
#9864=FACE_OUTER_BOUND('',#9863,.T.);
#9865=FACETED_PRIMITIVE_FACE('',(#9864));
#9866=POLY_LOOP('',(#9859,#9749,#9847));
#9867=FACE_OUTER_BOUND('',#9866,.T.);
#9868=FACETED_PRIMITIVE_FACE('',(#9867));
#9870=POLY_LOOP('',(#9869,#9781,#9859));
#9871=FACE_OUTER_BOUND('',#9870,.T.);
#9872=FACETED_PRIMITIVE_FACE('',(#9871));
#9873=POLY_LOOP('',(#9869,#9819,#9781));
#9874=FACE_OUTER_BOUND('',#9873,.T.);
#9875=FACETED_PRIMITIVE_FACE('',(#9874));
#9877=POLY_LOOP('',(#9876,#9809,#9737));
#9878=FACE_OUTER_BOUND('',#9877,.T.);
#9879=FACETED_PRIMITIVE_FACE('',(#9878));
#9880=POLY_LOOP('',(#9876,#9737,#9835));
#9881=FACE_OUTER_BOUND('',#9880,.T.);
#9882=FACETED_PRIMITIVE_FACE('',(#9881));
#9885=POLY_LOOP('',(#9883,#9884,#9852));
#9886=FACE_OUTER_BOUND('',#9885,.T.);
#9887=FACETED_PRIMITIVE_FACE('',(#9886));
#9888=POLY_LOOP('',(#9883,#9852,#9851));
#9889=FACE_OUTER_BOUND('',#9888,.T.);
#9890=FACETED_PRIMITIVE_FACE('',(#9889));
#9892=POLY_LOOP('',(#9891,#9819,#9869));
#9893=FACE_OUTER_BOUND('',#9892,.T.);
#9894=FACETED_PRIMITIVE_FACE('',(#9893));
#9897=POLY_LOOP('',(#9895,#9840,#9896));
#9898=FACE_OUTER_BOUND('',#9897,.T.);
#9899=FACETED_PRIMITIVE_FACE('',(#9898));
#9901=POLY_LOOP('',(#9895,#9896,#9900));
#9902=FACE_OUTER_BOUND('',#9901,.T.);
#9903=FACETED_PRIMITIVE_FACE('',(#9902));
#9904=POLY_LOOP('',(#9895,#9835,#9840));
#9905=FACE_OUTER_BOUND('',#9904,.T.);
#9906=FACETED_PRIMITIVE_FACE('',(#9905));
#9907=POLY_LOOP('',(#9895,#9876,#9835));
#9908=FACE_OUTER_BOUND('',#9907,.T.);
#9909=FACETED_PRIMITIVE_FACE('',(#9908));
#9912=POLY_LOOP('',(#9910,#9911,#9884));
#9913=FACE_OUTER_BOUND('',#9912,.T.);
#9914=FACETED_PRIMITIVE_FACE('',(#9913));
#9915=POLY_LOOP('',(#9910,#9884,#9883));
#9916=FACE_OUTER_BOUND('',#9915,.T.);
#9917=FACETED_PRIMITIVE_FACE('',(#9916));
#9919=POLY_LOOP('',(#9918,#9847,#9809));
#9920=FACE_OUTER_BOUND('',#9919,.T.);
#9921=FACETED_PRIMITIVE_FACE('',(#9920));
#9922=POLY_LOOP('',(#9918,#9809,#9876));
#9923=FACE_OUTER_BOUND('',#9922,.T.);
#9924=FACETED_PRIMITIVE_FACE('',(#9923));
#9926=POLY_LOOP('',(#9925,#9851,#9819));
#9927=FACE_OUTER_BOUND('',#9926,.T.);
#9928=FACETED_PRIMITIVE_FACE('',(#9927));
#9929=POLY_LOOP('',(#9925,#9819,#9891));
#9930=FACE_OUTER_BOUND('',#9929,.T.);
#9931=FACETED_PRIMITIVE_FACE('',(#9930));
#9932=POLY_LOOP('',(#9925,#9883,#9851));
#9933=FACE_OUTER_BOUND('',#9932,.T.);
#9934=FACETED_PRIMITIVE_FACE('',(#9933));
#9936=POLY_LOOP('',(#9935,#9859,#9847));
#9937=FACE_OUTER_BOUND('',#9936,.T.);
#9938=FACETED_PRIMITIVE_FACE('',(#9937));
#9939=POLY_LOOP('',(#9935,#9847,#9918));
#9940=FACE_OUTER_BOUND('',#9939,.T.);
#9941=FACETED_PRIMITIVE_FACE('',(#9940));
#9943=POLY_LOOP('',(#9942,#9911,#9910));
#9944=FACE_OUTER_BOUND('',#9943,.T.);
#9945=FACETED_PRIMITIVE_FACE('',(#9944));
#9947=POLY_LOOP('',(#9942,#9946,#9911));
#9948=FACE_OUTER_BOUND('',#9947,.T.);
#9949=FACETED_PRIMITIVE_FACE('',(#9948));
#9951=POLY_LOOP('',(#9942,#9950,#9946));
#9952=FACE_OUTER_BOUND('',#9951,.T.);
#9953=FACETED_PRIMITIVE_FACE('',(#9952));
#9955=POLY_LOOP('',(#9954,#9869,#9859));
#9956=FACE_OUTER_BOUND('',#9955,.T.);
#9957=FACETED_PRIMITIVE_FACE('',(#9956));
#9958=POLY_LOOP('',(#9954,#9859,#9935));
#9959=FACE_OUTER_BOUND('',#9958,.T.);
#9960=FACETED_PRIMITIVE_FACE('',(#9959));
#9962=POLY_LOOP('',(#9961,#9918,#9876));
#9963=FACE_OUTER_BOUND('',#9962,.T.);
#9964=FACETED_PRIMITIVE_FACE('',(#9963));
#9965=POLY_LOOP('',(#9961,#9876,#9895));
#9966=FACE_OUTER_BOUND('',#9965,.T.);
#9967=FACETED_PRIMITIVE_FACE('',(#9966));
#9969=POLY_LOOP('',(#9968,#9883,#9925));
#9970=FACE_OUTER_BOUND('',#9969,.T.);
#9971=FACETED_PRIMITIVE_FACE('',(#9970));
#9974=POLY_LOOP('',(#9972,#9973,#9950));
#9975=FACE_OUTER_BOUND('',#9974,.T.);
#9976=FACETED_PRIMITIVE_FACE('',(#9975));
#9978=POLY_LOOP('',(#9972,#9977,#9973));
#9979=FACE_OUTER_BOUND('',#9978,.T.);
#9980=FACETED_PRIMITIVE_FACE('',(#9979));
#9981=POLY_LOOP('',(#9972,#9950,#9942));
#9982=FACE_OUTER_BOUND('',#9981,.T.);
#9983=FACETED_PRIMITIVE_FACE('',(#9982));
#9985=POLY_LOOP('',(#9984,#9869,#9954));
#9986=FACE_OUTER_BOUND('',#9985,.T.);
#9987=FACETED_PRIMITIVE_FACE('',(#9986));
#9988=POLY_LOOP('',(#9984,#9891,#9869));
#9989=FACE_OUTER_BOUND('',#9988,.T.);
#9990=FACETED_PRIMITIVE_FACE('',(#9989));
#9993=POLY_LOOP('',(#9991,#9900,#9992));
#9994=FACE_OUTER_BOUND('',#9993,.T.);
#9995=FACETED_PRIMITIVE_FACE('',(#9994));
#9997=POLY_LOOP('',(#9991,#9992,#9996));
#9998=FACE_OUTER_BOUND('',#9997,.T.);
#9999=FACETED_PRIMITIVE_FACE('',(#9998));
#10000=POLY_LOOP('',(#9991,#9895,#9900));
#10001=FACE_OUTER_BOUND('',#10000,.T.);
#10002=FACETED_PRIMITIVE_FACE('',(#10001));
#10003=POLY_LOOP('',(#9991,#9961,#9895));
#10004=FACE_OUTER_BOUND('',#10003,.T.);
#10005=FACETED_PRIMITIVE_FACE('',(#10004));
#10007=POLY_LOOP('',(#10006,#9883,#9968));
#10008=FACE_OUTER_BOUND('',#10007,.T.);
#10009=FACETED_PRIMITIVE_FACE('',(#10008));
#10010=POLY_LOOP('',(#10006,#9910,#9883));
#10011=FACE_OUTER_BOUND('',#10010,.T.);
#10012=FACETED_PRIMITIVE_FACE('',(#10011));
#10014=POLY_LOOP('',(#10013,#9977,#9972));
#10015=FACE_OUTER_BOUND('',#10014,.T.);
#10016=FACETED_PRIMITIVE_FACE('',(#10015));
#10018=POLY_LOOP('',(#10013,#10017,#9977));
#10019=FACE_OUTER_BOUND('',#10018,.T.);
#10020=FACETED_PRIMITIVE_FACE('',(#10019));
#10022=POLY_LOOP('',(#10013,#10021,#10017));
#10023=FACE_OUTER_BOUND('',#10022,.T.);
#10024=FACETED_PRIMITIVE_FACE('',(#10023));
#10026=POLY_LOOP('',(#10025,#10021,#10013));
#10027=FACE_OUTER_BOUND('',#10026,.T.);
#10028=FACETED_PRIMITIVE_FACE('',(#10027));
#10030=POLY_LOOP('',(#10025,#10029,#10021));
#10031=FACE_OUTER_BOUND('',#10030,.T.);
#10032=FACETED_PRIMITIVE_FACE('',(#10031));
#10034=POLY_LOOP('',(#10025,#10033,#10029));
#10035=FACE_OUTER_BOUND('',#10034,.T.);
#10036=FACETED_PRIMITIVE_FACE('',(#10035));
#10038=POLY_LOOP('',(#10025,#10037,#10033));
#10039=FACE_OUTER_BOUND('',#10038,.T.);
#10040=FACETED_PRIMITIVE_FACE('',(#10039));
#10042=POLY_LOOP('',(#10025,#10041,#10037));
#10043=FACE_OUTER_BOUND('',#10042,.T.);
#10044=FACETED_PRIMITIVE_FACE('',(#10043));
#10046=POLY_LOOP('',(#10045,#9918,#9961));
#10047=FACE_OUTER_BOUND('',#10046,.T.);
#10048=FACETED_PRIMITIVE_FACE('',(#10047));
#10050=POLY_LOOP('',(#10049,#9925,#9891));
#10051=FACE_OUTER_BOUND('',#10050,.T.);
#10052=FACETED_PRIMITIVE_FACE('',(#10051));
#10053=POLY_LOOP('',(#10049,#9891,#9984));
#10054=FACE_OUTER_BOUND('',#10053,.T.);
#10055=FACETED_PRIMITIVE_FACE('',(#10054));
#10057=POLY_LOOP('',(#10056,#10041,#10025));
#10058=FACE_OUTER_BOUND('',#10057,.T.);
#10059=FACETED_PRIMITIVE_FACE('',(#10058));
#10061=POLY_LOOP('',(#10056,#10060,#10041));
#10062=FACE_OUTER_BOUND('',#10061,.T.);
#10063=FACETED_PRIMITIVE_FACE('',(#10062));
#10065=POLY_LOOP('',(#10056,#10064,#10060));
#10066=FACE_OUTER_BOUND('',#10065,.T.);
#10067=FACETED_PRIMITIVE_FACE('',(#10066));
#10069=POLY_LOOP('',(#10056,#10068,#10064));
#10070=FACE_OUTER_BOUND('',#10069,.T.);
#10071=FACETED_PRIMITIVE_FACE('',(#10070));
#10073=POLY_LOOP('',(#10056,#10072,#10068));
#10074=FACE_OUTER_BOUND('',#10073,.T.);
#10075=FACETED_PRIMITIVE_FACE('',(#10074));
#10077=POLY_LOOP('',(#10056,#10076,#10072));
#10078=FACE_OUTER_BOUND('',#10077,.T.);
#10079=FACETED_PRIMITIVE_FACE('',(#10078));
#10081=POLY_LOOP('',(#10080,#9935,#9918));
#10082=FACE_OUTER_BOUND('',#10081,.T.);
#10083=FACETED_PRIMITIVE_FACE('',(#10082));
#10084=POLY_LOOP('',(#10080,#9918,#10045));
#10085=FACE_OUTER_BOUND('',#10084,.T.);
#10086=FACETED_PRIMITIVE_FACE('',(#10085));
#10088=POLY_LOOP('',(#10087,#9942,#9910));
#10089=FACE_OUTER_BOUND('',#10088,.T.);
#10090=FACETED_PRIMITIVE_FACE('',(#10089));
#10091=POLY_LOOP('',(#10087,#9910,#10006));
#10092=FACE_OUTER_BOUND('',#10091,.T.);
#10093=FACETED_PRIMITIVE_FACE('',(#10092));
#10095=POLY_LOOP('',(#10094,#9935,#10080));
#10096=FACE_OUTER_BOUND('',#10095,.T.);
#10097=FACETED_PRIMITIVE_FACE('',(#10096));
#10098=POLY_LOOP('',(#10094,#9954,#9935));
#10099=FACE_OUTER_BOUND('',#10098,.T.);
#10100=FACETED_PRIMITIVE_FACE('',(#10099));
#10102=POLY_LOOP('',(#10101,#9961,#9991));
#10103=FACE_OUTER_BOUND('',#10102,.T.);
#10104=FACETED_PRIMITIVE_FACE('',(#10103));
#10106=POLY_LOOP('',(#10105,#9968,#9925));
#10107=FACE_OUTER_BOUND('',#10106,.T.);
#10108=FACETED_PRIMITIVE_FACE('',(#10107));
#10109=POLY_LOOP('',(#10105,#9925,#10049));
#10110=FACE_OUTER_BOUND('',#10109,.T.);
#10111=FACETED_PRIMITIVE_FACE('',(#10110));
#10114=POLY_LOOP('',(#10112,#10113,#10076));
#10115=FACE_OUTER_BOUND('',#10114,.T.);
#10116=FACETED_PRIMITIVE_FACE('',(#10115));
#10118=POLY_LOOP('',(#10112,#10117,#10113));
#10119=FACE_OUTER_BOUND('',#10118,.T.);
#10120=FACETED_PRIMITIVE_FACE('',(#10119));
#10122=POLY_LOOP('',(#10112,#10121,#10117));
#10123=FACE_OUTER_BOUND('',#10122,.T.);
#10124=FACETED_PRIMITIVE_FACE('',(#10123));
#10126=POLY_LOOP('',(#10112,#10125,#10121));
#10127=FACE_OUTER_BOUND('',#10126,.T.);
#10128=FACETED_PRIMITIVE_FACE('',(#10127));
#10129=POLY_LOOP('',(#10112,#10076,#10056));
#10130=FACE_OUTER_BOUND('',#10129,.T.);
#10131=FACETED_PRIMITIVE_FACE('',(#10130));
#10133=POLY_LOOP('',(#10132,#9972,#9942));
#10134=FACE_OUTER_BOUND('',#10133,.T.);
#10135=FACETED_PRIMITIVE_FACE('',(#10134));
#10136=POLY_LOOP('',(#10132,#9942,#10087));
#10137=FACE_OUTER_BOUND('',#10136,.T.);
#10138=FACETED_PRIMITIVE_FACE('',(#10137));
#10140=POLY_LOOP('',(#10139,#9954,#10094));
#10141=FACE_OUTER_BOUND('',#10140,.T.);
#10142=FACETED_PRIMITIVE_FACE('',(#10141));
#10143=POLY_LOOP('',(#10139,#9984,#9954));
#10144=FACE_OUTER_BOUND('',#10143,.T.);
#10145=FACETED_PRIMITIVE_FACE('',(#10144));
#10146=POLY_LOOP('',(#10139,#10049,#9984));
#10147=FACE_OUTER_BOUND('',#10146,.T.);
#10148=FACETED_PRIMITIVE_FACE('',(#10147));
#10151=POLY_LOOP('',(#10149,#9996,#10150));
#10152=FACE_OUTER_BOUND('',#10151,.T.);
#10153=FACETED_PRIMITIVE_FACE('',(#10152));
#10155=POLY_LOOP('',(#10149,#10150,#10154));
#10156=FACE_OUTER_BOUND('',#10155,.T.);
#10157=FACETED_PRIMITIVE_FACE('',(#10156));
#10158=POLY_LOOP('',(#10149,#9991,#9996));
#10159=FACE_OUTER_BOUND('',#10158,.T.);
#10160=FACETED_PRIMITIVE_FACE('',(#10159));
#10162=POLY_LOOP('',(#10161,#10087,#10006));
#10163=FACE_OUTER_BOUND('',#10162,.T.);
#10164=FACETED_PRIMITIVE_FACE('',(#10163));
#10165=POLY_LOOP('',(#10161,#10006,#9968));
#10166=FACE_OUTER_BOUND('',#10165,.T.);
#10167=FACETED_PRIMITIVE_FACE('',(#10166));
#10168=POLY_LOOP('',(#10161,#9968,#10105));
#10169=FACE_OUTER_BOUND('',#10168,.T.);
#10170=FACETED_PRIMITIVE_FACE('',(#10169));
#10172=POLY_LOOP('',(#10171,#10013,#9972));
#10173=FACE_OUTER_BOUND('',#10172,.T.);
#10174=FACETED_PRIMITIVE_FACE('',(#10173));
#10175=POLY_LOOP('',(#10171,#9972,#10132));
#10176=FACE_OUTER_BOUND('',#10175,.T.);
#10177=FACETED_PRIMITIVE_FACE('',(#10176));
#10179=POLY_LOOP('',(#10178,#10025,#10013));
#10180=FACE_OUTER_BOUND('',#10179,.T.);
#10181=FACETED_PRIMITIVE_FACE('',(#10180));
#10182=POLY_LOOP('',(#10178,#10013,#10171));
#10183=FACE_OUTER_BOUND('',#10182,.T.);
#10184=FACETED_PRIMITIVE_FACE('',(#10183));
#10186=POLY_LOOP('',(#10185,#9961,#10101));
#10187=FACE_OUTER_BOUND('',#10186,.T.);
#10188=FACETED_PRIMITIVE_FACE('',(#10187));
#10189=POLY_LOOP('',(#10185,#10045,#9961));
#10190=FACE_OUTER_BOUND('',#10189,.T.);
#10191=FACETED_PRIMITIVE_FACE('',(#10190));
#10193=POLY_LOOP('',(#10192,#10049,#10139));
#10194=FACE_OUTER_BOUND('',#10193,.T.);
#10195=FACETED_PRIMITIVE_FACE('',(#10194));
#10196=POLY_LOOP('',(#10192,#10105,#10049));
#10197=FACE_OUTER_BOUND('',#10196,.T.);
#10198=FACETED_PRIMITIVE_FACE('',(#10197));
#10200=POLY_LOOP('',(#10199,#10056,#10025));
#10201=FACE_OUTER_BOUND('',#10200,.T.);
#10202=FACETED_PRIMITIVE_FACE('',(#10201));
#10203=POLY_LOOP('',(#10199,#10025,#10178));
#10204=FACE_OUTER_BOUND('',#10203,.T.);
#10205=FACETED_PRIMITIVE_FACE('',(#10204));
#10207=POLY_LOOP('',(#10206,#10080,#10045));
#10208=FACE_OUTER_BOUND('',#10207,.T.);
#10209=FACETED_PRIMITIVE_FACE('',(#10208));
#10210=POLY_LOOP('',(#10206,#10045,#10185));
#10211=FACE_OUTER_BOUND('',#10210,.T.);
#10212=FACETED_PRIMITIVE_FACE('',(#10211));
#10215=POLY_LOOP('',(#10213,#10214,#10125));
#10216=FACE_OUTER_BOUND('',#10215,.T.);
#10217=FACETED_PRIMITIVE_FACE('',(#10216));
#10219=POLY_LOOP('',(#10213,#10218,#10214));
#10220=FACE_OUTER_BOUND('',#10219,.T.);
#10221=FACETED_PRIMITIVE_FACE('',(#10220));
#10223=POLY_LOOP('',(#10213,#10222,#10218));
#10224=FACE_OUTER_BOUND('',#10223,.T.);
#10225=FACETED_PRIMITIVE_FACE('',(#10224));
#10226=POLY_LOOP('',(#10213,#10125,#10112));
#10227=FACE_OUTER_BOUND('',#10226,.T.);
#10228=FACETED_PRIMITIVE_FACE('',(#10227));
#10230=POLY_LOOP('',(#10229,#10087,#10161));
#10231=FACE_OUTER_BOUND('',#10230,.T.);
#10232=FACETED_PRIMITIVE_FACE('',(#10231));
#10234=POLY_LOOP('',(#10233,#10094,#10080));
#10235=FACE_OUTER_BOUND('',#10234,.T.);
#10236=FACETED_PRIMITIVE_FACE('',(#10235));
#10237=POLY_LOOP('',(#10233,#10080,#10206));
#10238=FACE_OUTER_BOUND('',#10237,.T.);
#10239=FACETED_PRIMITIVE_FACE('',(#10238));
#10241=POLY_LOOP('',(#10240,#10101,#9991));
#10242=FACE_OUTER_BOUND('',#10241,.T.);
#10243=FACETED_PRIMITIVE_FACE('',(#10242));
#10244=POLY_LOOP('',(#10240,#9991,#10149));
#10245=FACE_OUTER_BOUND('',#10244,.T.);
#10246=FACETED_PRIMITIVE_FACE('',(#10245));
#10247=POLY_LOOP('',(#10240,#10185,#10101));
#10248=FACE_OUTER_BOUND('',#10247,.T.);
#10249=FACETED_PRIMITIVE_FACE('',(#10248));
#10251=POLY_LOOP('',(#10250,#10105,#10192));
#10252=FACE_OUTER_BOUND('',#10251,.T.);
#10253=FACETED_PRIMITIVE_FACE('',(#10252));
#10255=POLY_LOOP('',(#10254,#10056,#10199));
#10256=FACE_OUTER_BOUND('',#10255,.T.);
#10257=FACETED_PRIMITIVE_FACE('',(#10256));
#10258=POLY_LOOP('',(#10254,#10112,#10056));
#10259=FACE_OUTER_BOUND('',#10258,.T.);
#10260=FACETED_PRIMITIVE_FACE('',(#10259));
#10262=POLY_LOOP('',(#10261,#10087,#10229));
#10263=FACE_OUTER_BOUND('',#10262,.T.);
#10264=FACETED_PRIMITIVE_FACE('',(#10263));
#10265=POLY_LOOP('',(#10261,#10132,#10087));
#10266=FACE_OUTER_BOUND('',#10265,.T.);
#10267=FACETED_PRIMITIVE_FACE('',(#10266));
#10268=POLY_LOOP('',(#10261,#10171,#10132));
#10269=FACE_OUTER_BOUND('',#10268,.T.);
#10270=FACETED_PRIMITIVE_FACE('',(#10269));
#10272=POLY_LOOP('',(#10271,#10222,#10213));
#10273=FACE_OUTER_BOUND('',#10272,.T.);
#10274=FACETED_PRIMITIVE_FACE('',(#10273));
#10275=POLY_LOOP('',(#10271,#9657,#9676));
#10276=FACE_OUTER_BOUND('',#10275,.T.);
#10277=FACETED_PRIMITIVE_FACE('',(#10276));
#10278=POLY_LOOP('',(#10271,#9676,#10222));
#10279=FACE_OUTER_BOUND('',#10278,.T.);
#10280=FACETED_PRIMITIVE_FACE('',(#10279));
#10281=POLY_LOOP('',(#10271,#9706,#9657));
#10282=FACE_OUTER_BOUND('',#10281,.T.);
#10283=FACETED_PRIMITIVE_FACE('',(#10282));
#10284=POLY_LOOP('',(#10271,#9710,#9706));
#10285=FACE_OUTER_BOUND('',#10284,.T.);
#10286=FACETED_PRIMITIVE_FACE('',(#10285));
#10288=POLY_LOOP('',(#10287,#10094,#10233));
#10289=FACE_OUTER_BOUND('',#10288,.T.);
#10290=FACETED_PRIMITIVE_FACE('',(#10289));
#10291=POLY_LOOP('',(#10287,#10139,#10094));
#10292=FACE_OUTER_BOUND('',#10291,.T.);
#10293=FACETED_PRIMITIVE_FACE('',(#10292));
#10296=POLY_LOOP('',(#10294,#10154,#10295));
#10297=FACE_OUTER_BOUND('',#10296,.T.);
#10298=FACETED_PRIMITIVE_FACE('',(#10297));
#10300=POLY_LOOP('',(#10294,#10295,#10299));
#10301=FACE_OUTER_BOUND('',#10300,.T.);
#10302=FACETED_PRIMITIVE_FACE('',(#10301));
#10303=POLY_LOOP('',(#10294,#10149,#10154));
#10304=FACE_OUTER_BOUND('',#10303,.T.);
#10305=FACETED_PRIMITIVE_FACE('',(#10304));
#10307=POLY_LOOP('',(#10306,#10105,#10250));
#10308=FACE_OUTER_BOUND('',#10307,.T.);
#10309=FACETED_PRIMITIVE_FACE('',(#10308));
#10310=POLY_LOOP('',(#10306,#10161,#10105));
#10311=FACE_OUTER_BOUND('',#10310,.T.);
#10312=FACETED_PRIMITIVE_FACE('',(#10311));
#10314=POLY_LOOP('',(#10313,#10171,#10261));
#10315=FACE_OUTER_BOUND('',#10314,.T.);
#10316=FACETED_PRIMITIVE_FACE('',(#10315));
#10318=POLY_LOOP('',(#10317,#10199,#10178));
#10319=FACE_OUTER_BOUND('',#10318,.T.);
#10320=FACETED_PRIMITIVE_FACE('',(#10319));
#10321=POLY_LOOP('',(#10317,#10178,#10171));
#10322=FACE_OUTER_BOUND('',#10321,.T.);
#10323=FACETED_PRIMITIVE_FACE('',(#10322));
#10324=POLY_LOOP('',(#10317,#10171,#10313));
#10325=FACE_OUTER_BOUND('',#10324,.T.);
#10326=FACETED_PRIMITIVE_FACE('',(#10325));
#10328=POLY_LOOP('',(#10327,#10185,#10240));
#10329=FACE_OUTER_BOUND('',#10328,.T.);
#10330=FACETED_PRIMITIVE_FACE('',(#10329));
#10331=POLY_LOOP('',(#10327,#10206,#10185));
#10332=FACE_OUTER_BOUND('',#10331,.T.);
#10333=FACETED_PRIMITIVE_FACE('',(#10332));
#10335=POLY_LOOP('',(#10334,#10139,#10287));
#10336=FACE_OUTER_BOUND('',#10335,.T.);
#10337=FACETED_PRIMITIVE_FACE('',(#10336));
#10338=POLY_LOOP('',(#10334,#10192,#10139));
#10339=FACE_OUTER_BOUND('',#10338,.T.);
#10340=FACETED_PRIMITIVE_FACE('',(#10339));
#10342=POLY_LOOP('',(#10341,#10199,#10317));
#10343=FACE_OUTER_BOUND('',#10342,.T.);
#10344=FACETED_PRIMITIVE_FACE('',(#10343));
#10346=POLY_LOOP('',(#10345,#10206,#10327));
#10347=FACE_OUTER_BOUND('',#10346,.T.);
#10348=FACETED_PRIMITIVE_FACE('',(#10347));
#10350=POLY_LOOP('',(#10349,#10213,#10112));
#10351=FACE_OUTER_BOUND('',#10350,.T.);
#10352=FACETED_PRIMITIVE_FACE('',(#10351));
#10353=POLY_LOOP('',(#10349,#10112,#10254));
#10354=FACE_OUTER_BOUND('',#10353,.T.);
#10355=FACETED_PRIMITIVE_FACE('',(#10354));
#10357=POLY_LOOP('',(#10356,#10261,#10229));
#10358=FACE_OUTER_BOUND('',#10357,.T.);
#10359=FACETED_PRIMITIVE_FACE('',(#10358));
#10360=POLY_LOOP('',(#10356,#10229,#10161));
#10361=FACE_OUTER_BOUND('',#10360,.T.);
#10362=FACETED_PRIMITIVE_FACE('',(#10361));
#10363=POLY_LOOP('',(#10356,#10161,#10306));
#10364=FACE_OUTER_BOUND('',#10363,.T.);
#10365=FACETED_PRIMITIVE_FACE('',(#10364));
#10367=POLY_LOOP('',(#10366,#10233,#10206));
#10368=FACE_OUTER_BOUND('',#10367,.T.);
#10369=FACETED_PRIMITIVE_FACE('',(#10368));
#10370=POLY_LOOP('',(#10366,#10206,#10345));
#10371=FACE_OUTER_BOUND('',#10370,.T.);
#10372=FACETED_PRIMITIVE_FACE('',(#10371));
#10374=POLY_LOOP('',(#10373,#10149,#10294));
#10375=FACE_OUTER_BOUND('',#10374,.T.);
#10376=FACETED_PRIMITIVE_FACE('',(#10375));
#10377=POLY_LOOP('',(#10373,#10240,#10149));
#10378=FACE_OUTER_BOUND('',#10377,.T.);
#10379=FACETED_PRIMITIVE_FACE('',(#10378));
#10381=POLY_LOOP('',(#10380,#10250,#10192));
#10382=FACE_OUTER_BOUND('',#10381,.T.);
#10383=FACETED_PRIMITIVE_FACE('',(#10382));
#10384=POLY_LOOP('',(#10380,#10192,#10334));
#10385=FACE_OUTER_BOUND('',#10384,.T.);
#10386=FACETED_PRIMITIVE_FACE('',(#10385));
#10388=POLY_LOOP('',(#10387,#10254,#10199));
#10389=FACE_OUTER_BOUND('',#10388,.T.);
#10390=FACETED_PRIMITIVE_FACE('',(#10389));
#10391=POLY_LOOP('',(#10387,#10349,#10254));
#10392=FACE_OUTER_BOUND('',#10391,.T.);
#10393=FACETED_PRIMITIVE_FACE('',(#10392));
#10394=POLY_LOOP('',(#10387,#10199,#10341));
#10395=FACE_OUTER_BOUND('',#10394,.T.);
#10396=FACETED_PRIMITIVE_FACE('',(#10395));
#10398=POLY_LOOP('',(#10397,#10313,#10261));
#10399=FACE_OUTER_BOUND('',#10398,.T.);
#10400=FACETED_PRIMITIVE_FACE('',(#10399));
#10401=POLY_LOOP('',(#10397,#10261,#10356));
#10402=FACE_OUTER_BOUND('',#10401,.T.);
#10403=FACETED_PRIMITIVE_FACE('',(#10402));
#10405=POLY_LOOP('',(#10404,#9710,#10271));
#10406=FACE_OUTER_BOUND('',#10405,.T.);
#10407=FACETED_PRIMITIVE_FACE('',(#10406));
#10408=POLY_LOOP('',(#10404,#10271,#10213));
#10409=FACE_OUTER_BOUND('',#10408,.T.);
#10410=FACETED_PRIMITIVE_FACE('',(#10409));
#10411=POLY_LOOP('',(#10404,#10213,#10349));
#10412=FACE_OUTER_BOUND('',#10411,.T.);
#10413=FACETED_PRIMITIVE_FACE('',(#10412));
#10414=POLY_LOOP('',(#10404,#9738,#9710));
#10415=FACE_OUTER_BOUND('',#10414,.T.);
#10416=FACETED_PRIMITIVE_FACE('',(#10415));
#10417=POLY_LOOP('',(#10404,#9742,#9738));
#10418=FACE_OUTER_BOUND('',#10417,.T.);
#10419=FACETED_PRIMITIVE_FACE('',(#10418));
#10421=POLY_LOOP('',(#10420,#10287,#10233));
#10422=FACE_OUTER_BOUND('',#10421,.T.);
#10423=FACETED_PRIMITIVE_FACE('',(#10422));
#10424=POLY_LOOP('',(#10420,#10233,#10366));
#10425=FACE_OUTER_BOUND('',#10424,.T.);
#10426=FACETED_PRIMITIVE_FACE('',(#10425));
#10428=POLY_LOOP('',(#10427,#10373,#10294));
#10429=FACE_OUTER_BOUND('',#10428,.T.);
#10430=FACETED_PRIMITIVE_FACE('',(#10429));
#10432=POLY_LOOP('',(#10427,#10299,#10431));
#10433=FACE_OUTER_BOUND('',#10432,.T.);
#10434=FACETED_PRIMITIVE_FACE('',(#10433));
#10436=POLY_LOOP('',(#10427,#10431,#10435));
#10437=FACE_OUTER_BOUND('',#10436,.T.);
#10438=FACETED_PRIMITIVE_FACE('',(#10437));
#10439=POLY_LOOP('',(#10427,#10294,#10299));
#10440=FACE_OUTER_BOUND('',#10439,.T.);
#10441=FACETED_PRIMITIVE_FACE('',(#10440));
#10443=POLY_LOOP('',(#10442,#10306,#10250));
#10444=FACE_OUTER_BOUND('',#10443,.T.);
#10445=FACETED_PRIMITIVE_FACE('',(#10444));
#10446=POLY_LOOP('',(#10442,#10250,#10380));
#10447=FACE_OUTER_BOUND('',#10446,.T.);
#10448=FACETED_PRIMITIVE_FACE('',(#10447));
#10450=POLY_LOOP('',(#10449,#10317,#10313));
#10451=FACE_OUTER_BOUND('',#10450,.T.);
#10452=FACETED_PRIMITIVE_FACE('',(#10451));
#10453=POLY_LOOP('',(#10449,#10313,#10397));
#10454=FACE_OUTER_BOUND('',#10453,.T.);
#10455=FACETED_PRIMITIVE_FACE('',(#10454));
#10457=POLY_LOOP('',(#10456,#10341,#10317));
#10458=FACE_OUTER_BOUND('',#10457,.T.);
#10459=FACETED_PRIMITIVE_FACE('',(#10458));
#10460=POLY_LOOP('',(#10456,#10317,#10449));
#10461=FACE_OUTER_BOUND('',#10460,.T.);
#10462=FACETED_PRIMITIVE_FACE('',(#10461));
#10464=POLY_LOOP('',(#10463,#10240,#10373));
#10465=FACE_OUTER_BOUND('',#10464,.T.);
#10466=FACETED_PRIMITIVE_FACE('',(#10465));
#10467=POLY_LOOP('',(#10463,#10327,#10240));
#10468=FACE_OUTER_BOUND('',#10467,.T.);
#10469=FACETED_PRIMITIVE_FACE('',(#10468));
#10471=POLY_LOOP('',(#10470,#10287,#10420));
#10472=FACE_OUTER_BOUND('',#10471,.T.);
#10473=FACETED_PRIMITIVE_FACE('',(#10472));
#10474=POLY_LOOP('',(#10470,#10334,#10287));
#10475=FACE_OUTER_BOUND('',#10474,.T.);
#10476=FACETED_PRIMITIVE_FACE('',(#10475));
#10478=POLY_LOOP('',(#10477,#10341,#10456));
#10479=FACE_OUTER_BOUND('',#10478,.T.);
#10480=FACETED_PRIMITIVE_FACE('',(#10479));
#10482=POLY_LOOP('',(#10481,#10327,#10463));
#10483=FACE_OUTER_BOUND('',#10482,.T.);
#10484=FACETED_PRIMITIVE_FACE('',(#10483));
#10485=POLY_LOOP('',(#10481,#10345,#10327));
#10486=FACE_OUTER_BOUND('',#10485,.T.);
#10487=FACETED_PRIMITIVE_FACE('',(#10486));
#10489=POLY_LOOP('',(#10488,#10349,#10387));
#10490=FACE_OUTER_BOUND('',#10489,.T.);
#10491=FACETED_PRIMITIVE_FACE('',(#10490));
#10493=POLY_LOOP('',(#10492,#10397,#10356));
#10494=FACE_OUTER_BOUND('',#10493,.T.);
#10495=FACETED_PRIMITIVE_FACE('',(#10494));
#10496=POLY_LOOP('',(#10492,#10356,#10306));
#10497=FACE_OUTER_BOUND('',#10496,.T.);
#10498=FACETED_PRIMITIVE_FACE('',(#10497));
#10499=POLY_LOOP('',(#10492,#10306,#10442));
#10500=FACE_OUTER_BOUND('',#10499,.T.);
#10501=FACETED_PRIMITIVE_FACE('',(#10500));
#10503=POLY_LOOP('',(#10502,#10345,#10481));
#10504=FACE_OUTER_BOUND('',#10503,.T.);
#10505=FACETED_PRIMITIVE_FACE('',(#10504));
#10506=POLY_LOOP('',(#10502,#10366,#10345));
#10507=FACE_OUTER_BOUND('',#10506,.T.);
#10508=FACETED_PRIMITIVE_FACE('',(#10507));
#10510=POLY_LOOP('',(#10509,#10373,#10427));
#10511=FACE_OUTER_BOUND('',#10510,.T.);
#10512=FACETED_PRIMITIVE_FACE('',(#10511));
#10514=POLY_LOOP('',(#10513,#10334,#10470));
#10515=FACE_OUTER_BOUND('',#10514,.T.);
#10516=FACETED_PRIMITIVE_FACE('',(#10515));
#10517=POLY_LOOP('',(#10513,#10380,#10334));
#10518=FACE_OUTER_BOUND('',#10517,.T.);
#10519=FACETED_PRIMITIVE_FACE('',(#10518));
#10521=POLY_LOOP('',(#10520,#10341,#10477));
#10522=FACE_OUTER_BOUND('',#10521,.T.);
#10523=FACETED_PRIMITIVE_FACE('',(#10522));
#10524=POLY_LOOP('',(#10520,#10488,#10387));
#10525=FACE_OUTER_BOUND('',#10524,.T.);
#10526=FACETED_PRIMITIVE_FACE('',(#10525));
#10527=POLY_LOOP('',(#10520,#10387,#10341));
#10528=FACE_OUTER_BOUND('',#10527,.T.);
#10529=FACETED_PRIMITIVE_FACE('',(#10528));
#10531=POLY_LOOP('',(#10530,#10397,#10492));
#10532=FACE_OUTER_BOUND('',#10531,.T.);
#10533=FACETED_PRIMITIVE_FACE('',(#10532));
#10535=POLY_LOOP('',(#10534,#10404,#10349));
#10536=FACE_OUTER_BOUND('',#10535,.T.);
#10537=FACETED_PRIMITIVE_FACE('',(#10536));
#10538=POLY_LOOP('',(#10534,#9742,#10404));
#10539=FACE_OUTER_BOUND('',#10538,.T.);
#10540=FACETED_PRIMITIVE_FACE('',(#10539));
#10541=POLY_LOOP('',(#10534,#9836,#9742));
#10542=FACE_OUTER_BOUND('',#10541,.T.);
#10543=FACETED_PRIMITIVE_FACE('',(#10542));
#10544=POLY_LOOP('',(#10534,#9840,#9836));
#10545=FACE_OUTER_BOUND('',#10544,.T.);
#10546=FACETED_PRIMITIVE_FACE('',(#10545));
#10547=POLY_LOOP('',(#10534,#10349,#10488));
#10548=FACE_OUTER_BOUND('',#10547,.T.);
#10549=FACETED_PRIMITIVE_FACE('',(#10548));
#10551=POLY_LOOP('',(#10550,#10420,#10366));
#10552=FACE_OUTER_BOUND('',#10551,.T.);
#10553=FACETED_PRIMITIVE_FACE('',(#10552));
#10554=POLY_LOOP('',(#10550,#10366,#10502));
#10555=FACE_OUTER_BOUND('',#10554,.T.);
#10556=FACETED_PRIMITIVE_FACE('',(#10555));
#10559=POLY_LOOP('',(#10557,#10435,#10558));
#10560=FACE_OUTER_BOUND('',#10559,.T.);
#10561=FACETED_PRIMITIVE_FACE('',(#10560));
#10563=POLY_LOOP('',(#10557,#10558,#10562));
#10564=FACE_OUTER_BOUND('',#10563,.T.);
#10565=FACETED_PRIMITIVE_FACE('',(#10564));
#10566=POLY_LOOP('',(#10557,#10509,#10427));
#10567=FACE_OUTER_BOUND('',#10566,.T.);
#10568=FACETED_PRIMITIVE_FACE('',(#10567));
#10569=POLY_LOOP('',(#10557,#10427,#10435));
#10570=FACE_OUTER_BOUND('',#10569,.T.);
#10571=FACETED_PRIMITIVE_FACE('',(#10570));
#10573=POLY_LOOP('',(#10572,#10442,#10380));
#10574=FACE_OUTER_BOUND('',#10573,.T.);
#10575=FACETED_PRIMITIVE_FACE('',(#10574));
#10576=POLY_LOOP('',(#10572,#10380,#10513));
#10577=FACE_OUTER_BOUND('',#10576,.T.);
#10578=FACETED_PRIMITIVE_FACE('',(#10577));
#10579=POLY_LOOP('',(#10572,#10492,#10442));
#10580=FACE_OUTER_BOUND('',#10579,.T.);
#10581=FACETED_PRIMITIVE_FACE('',(#10580));
#10583=POLY_LOOP('',(#10582,#10449,#10397));
#10584=FACE_OUTER_BOUND('',#10583,.T.);
#10585=FACETED_PRIMITIVE_FACE('',(#10584));
#10586=POLY_LOOP('',(#10582,#10397,#10530));
#10587=FACE_OUTER_BOUND('',#10586,.T.);
#10588=FACETED_PRIMITIVE_FACE('',(#10587));
#10590=POLY_LOOP('',(#10589,#10456,#10449));
#10591=FACE_OUTER_BOUND('',#10590,.T.);
#10592=FACETED_PRIMITIVE_FACE('',(#10591));
#10593=POLY_LOOP('',(#10589,#10449,#10582));
#10594=FACE_OUTER_BOUND('',#10593,.T.);
#10595=FACETED_PRIMITIVE_FACE('',(#10594));
#10596=POLY_LOOP('',(#10589,#10477,#10456));
#10597=FACE_OUTER_BOUND('',#10596,.T.);
#10598=FACETED_PRIMITIVE_FACE('',(#10597));
#10600=POLY_LOOP('',(#10599,#10463,#10373));
#10601=FACE_OUTER_BOUND('',#10600,.T.);
#10602=FACETED_PRIMITIVE_FACE('',(#10601));
#10603=POLY_LOOP('',(#10599,#10373,#10509));
#10604=FACE_OUTER_BOUND('',#10603,.T.);
#10605=FACETED_PRIMITIVE_FACE('',(#10604));
#10607=POLY_LOOP('',(#10606,#10470,#10420));
#10608=FACE_OUTER_BOUND('',#10607,.T.);
#10609=FACETED_PRIMITIVE_FACE('',(#10608));
#10610=POLY_LOOP('',(#10606,#10420,#10550));
#10611=FACE_OUTER_BOUND('',#10610,.T.);
#10612=FACETED_PRIMITIVE_FACE('',(#10611));
#10613=POLY_LOOP('',(#10606,#10513,#10470));
#10614=FACE_OUTER_BOUND('',#10613,.T.);
#10615=FACETED_PRIMITIVE_FACE('',(#10614));
#10617=POLY_LOOP('',(#10616,#10520,#10477));
#10618=FACE_OUTER_BOUND('',#10617,.T.);
#10619=FACETED_PRIMITIVE_FACE('',(#10618));
#10620=POLY_LOOP('',(#10616,#10477,#10589));
#10621=FACE_OUTER_BOUND('',#10620,.T.);
#10622=FACETED_PRIMITIVE_FACE('',(#10621));
#10624=POLY_LOOP('',(#10623,#10463,#10599));
#10625=FACE_OUTER_BOUND('',#10624,.T.);
#10626=FACETED_PRIMITIVE_FACE('',(#10625));
#10627=POLY_LOOP('',(#10623,#10481,#10463));
#10628=FACE_OUTER_BOUND('',#10627,.T.);
#10629=FACETED_PRIMITIVE_FACE('',(#10628));
#10630=POLY_LOOP('',(#10623,#10502,#10481));
#10631=FACE_OUTER_BOUND('',#10630,.T.);
#10632=FACETED_PRIMITIVE_FACE('',(#10631));
#10634=POLY_LOOP('',(#10633,#10488,#10520));
#10635=FACE_OUTER_BOUND('',#10634,.T.);
#10636=FACETED_PRIMITIVE_FACE('',(#10635));
#10638=POLY_LOOP('',(#10637,#10492,#10572));
#10639=FACE_OUTER_BOUND('',#10638,.T.);
#10640=FACETED_PRIMITIVE_FACE('',(#10639));
#10642=POLY_LOOP('',(#10641,#10502,#10623));
#10643=FACE_OUTER_BOUND('',#10642,.T.);
#10644=FACETED_PRIMITIVE_FACE('',(#10643));
#10648=POLY_LOOP('',(#10645,#10646,#10647));
#10649=FACE_OUTER_BOUND('',#10648,.T.);
#10650=FACETED_PRIMITIVE_FACE('',(#10649));
#10652=POLY_LOOP('',(#10645,#10647,#10651));
#10653=FACE_OUTER_BOUND('',#10652,.T.);
#10654=FACETED_PRIMITIVE_FACE('',(#10653));
#10656=POLY_LOOP('',(#10645,#10651,#10655));
#10657=FACE_OUTER_BOUND('',#10656,.T.);
#10658=FACETED_PRIMITIVE_FACE('',(#10657));
#10659=POLY_LOOP('',(#10645,#10509,#10557));
#10660=FACE_OUTER_BOUND('',#10659,.T.);
#10661=FACETED_PRIMITIVE_FACE('',(#10660));
#10663=POLY_LOOP('',(#10662,#10572,#10513));
#10664=FACE_OUTER_BOUND('',#10663,.T.);
#10665=FACETED_PRIMITIVE_FACE('',(#10664));
#10666=POLY_LOOP('',(#10662,#10513,#10606));
#10667=FACE_OUTER_BOUND('',#10666,.T.);
#10668=FACETED_PRIMITIVE_FACE('',(#10667));
#10670=POLY_LOOP('',(#10669,#10520,#10616));
#10671=FACE_OUTER_BOUND('',#10670,.T.);
#10672=FACETED_PRIMITIVE_FACE('',(#10671));
#10674=POLY_LOOP('',(#10673,#10530,#10492));
#10675=FACE_OUTER_BOUND('',#10674,.T.);
#10676=FACETED_PRIMITIVE_FACE('',(#10675));
#10677=POLY_LOOP('',(#10673,#10582,#10530));
#10678=FACE_OUTER_BOUND('',#10677,.T.);
#10679=FACETED_PRIMITIVE_FACE('',(#10678));
#10680=POLY_LOOP('',(#10673,#10492,#10637));
#10681=FACE_OUTER_BOUND('',#10680,.T.);
#10682=FACETED_PRIMITIVE_FACE('',(#10681));
#10684=POLY_LOOP('',(#10683,#10488,#10633));
#10685=FACE_OUTER_BOUND('',#10684,.T.);
#10686=FACETED_PRIMITIVE_FACE('',(#10685));
#10687=POLY_LOOP('',(#10683,#10534,#10488));
#10688=FACE_OUTER_BOUND('',#10687,.T.);
#10689=FACETED_PRIMITIVE_FACE('',(#10688));
#10690=POLY_LOOP('',(#10683,#9840,#10534));
#10691=FACE_OUTER_BOUND('',#10690,.T.);
#10692=FACETED_PRIMITIVE_FACE('',(#10691));
#10693=POLY_LOOP('',(#10683,#9896,#9840));
#10694=FACE_OUTER_BOUND('',#10693,.T.);
#10695=FACETED_PRIMITIVE_FACE('',(#10694));
#10696=POLY_LOOP('',(#10683,#9900,#9896));
#10697=FACE_OUTER_BOUND('',#10696,.T.);
#10698=FACETED_PRIMITIVE_FACE('',(#10697));
#10700=POLY_LOOP('',(#10699,#10502,#10641));
#10701=FACE_OUTER_BOUND('',#10700,.T.);
#10702=FACETED_PRIMITIVE_FACE('',(#10701));
#10703=POLY_LOOP('',(#10699,#10550,#10502));
#10704=FACE_OUTER_BOUND('',#10703,.T.);
#10705=FACETED_PRIMITIVE_FACE('',(#10704));
#10706=POLY_LOOP('',(#10699,#10606,#10550));
#10707=FACE_OUTER_BOUND('',#10706,.T.);
#10708=FACETED_PRIMITIVE_FACE('',(#10707));
#10710=POLY_LOOP('',(#10709,#10572,#10662));
#10711=FACE_OUTER_BOUND('',#10710,.T.);
#10712=FACETED_PRIMITIVE_FACE('',(#10711));
#10714=POLY_LOOP('',(#10713,#10582,#10673));
#10715=FACE_OUTER_BOUND('',#10714,.T.);
#10716=FACETED_PRIMITIVE_FACE('',(#10715));
#10718=POLY_LOOP('',(#10717,#10582,#10713));
#10719=FACE_OUTER_BOUND('',#10718,.T.);
#10720=FACETED_PRIMITIVE_FACE('',(#10719));
#10721=POLY_LOOP('',(#10717,#10589,#10582));
#10722=FACE_OUTER_BOUND('',#10721,.T.);
#10723=FACETED_PRIMITIVE_FACE('',(#10722));
#10725=POLY_LOOP('',(#10724,#10509,#10645));
#10726=FACE_OUTER_BOUND('',#10725,.T.);
#10727=FACETED_PRIMITIVE_FACE('',(#10726));
#10729=POLY_LOOP('',(#10724,#10655,#10728));
#10730=FACE_OUTER_BOUND('',#10729,.T.);
#10731=FACETED_PRIMITIVE_FACE('',(#10730));
#10732=POLY_LOOP('',(#10724,#10645,#10655));
#10733=FACE_OUTER_BOUND('',#10732,.T.);
#10734=FACETED_PRIMITIVE_FACE('',(#10733));
#10736=POLY_LOOP('',(#10724,#10728,#10735));
#10737=FACE_OUTER_BOUND('',#10736,.T.);
#10738=FACETED_PRIMITIVE_FACE('',(#10737));
#10740=POLY_LOOP('',(#10724,#10735,#10739));
#10741=FACE_OUTER_BOUND('',#10740,.T.);
#10742=FACETED_PRIMITIVE_FACE('',(#10741));
#10743=POLY_LOOP('',(#10724,#10599,#10509));
#10744=FACE_OUTER_BOUND('',#10743,.T.);
#10745=FACETED_PRIMITIVE_FACE('',(#10744));
#10747=POLY_LOOP('',(#10746,#10606,#10699));
#10748=FACE_OUTER_BOUND('',#10747,.T.);
#10749=FACETED_PRIMITIVE_FACE('',(#10748));
#10750=POLY_LOOP('',(#10746,#10662,#10606));
#10751=FACE_OUTER_BOUND('',#10750,.T.);
#10752=FACETED_PRIMITIVE_FACE('',(#10751));
#10754=POLY_LOOP('',(#10753,#10589,#10717));
#10755=FACE_OUTER_BOUND('',#10754,.T.);
#10756=FACETED_PRIMITIVE_FACE('',(#10755));
#10757=POLY_LOOP('',(#10753,#10616,#10589));
#10758=FACE_OUTER_BOUND('',#10757,.T.);
#10759=FACETED_PRIMITIVE_FACE('',(#10758));
#10761=POLY_LOOP('',(#10760,#10724,#10739));
#10762=FACE_OUTER_BOUND('',#10761,.T.);
#10763=FACETED_PRIMITIVE_FACE('',(#10762));
#10765=POLY_LOOP('',(#10760,#10739,#10764));
#10766=FACE_OUTER_BOUND('',#10765,.T.);
#10767=FACETED_PRIMITIVE_FACE('',(#10766));
#10769=POLY_LOOP('',(#10760,#10764,#10768));
#10770=FACE_OUTER_BOUND('',#10769,.T.);
#10771=FACETED_PRIMITIVE_FACE('',(#10770));
#10773=POLY_LOOP('',(#10760,#10768,#10772));
#10774=FACE_OUTER_BOUND('',#10773,.T.);
#10775=FACETED_PRIMITIVE_FACE('',(#10774));
#10776=POLY_LOOP('',(#10760,#10623,#10599));
#10777=FACE_OUTER_BOUND('',#10776,.T.);
#10778=FACETED_PRIMITIVE_FACE('',(#10777));
#10779=POLY_LOOP('',(#10760,#10641,#10623));
#10780=FACE_OUTER_BOUND('',#10779,.T.);
#10781=FACETED_PRIMITIVE_FACE('',(#10780));
#10782=POLY_LOOP('',(#10760,#10599,#10724));
#10783=FACE_OUTER_BOUND('',#10782,.T.);
#10784=FACETED_PRIMITIVE_FACE('',(#10783));
#10786=POLY_LOOP('',(#10785,#10520,#10669));
#10787=FACE_OUTER_BOUND('',#10786,.T.);
#10788=FACETED_PRIMITIVE_FACE('',(#10787));
#10789=POLY_LOOP('',(#10785,#10633,#10520));
#10790=FACE_OUTER_BOUND('',#10789,.T.);
#10791=FACETED_PRIMITIVE_FACE('',(#10790));
#10793=POLY_LOOP('',(#10792,#10673,#10637));
#10794=FACE_OUTER_BOUND('',#10793,.T.);
#10795=FACETED_PRIMITIVE_FACE('',(#10794));
#10796=POLY_LOOP('',(#10792,#10572,#10709));
#10797=FACE_OUTER_BOUND('',#10796,.T.);
#10798=FACETED_PRIMITIVE_FACE('',(#10797));
#10799=POLY_LOOP('',(#10792,#10637,#10572));
#10800=FACE_OUTER_BOUND('',#10799,.T.);
#10801=FACETED_PRIMITIVE_FACE('',(#10800));
#10803=POLY_LOOP('',(#10802,#10641,#10760));
#10804=FACE_OUTER_BOUND('',#10803,.T.);
#10805=FACETED_PRIMITIVE_FACE('',(#10804));
#10807=POLY_LOOP('',(#10802,#10772,#10806));
#10808=FACE_OUTER_BOUND('',#10807,.T.);
#10809=FACETED_PRIMITIVE_FACE('',(#10808));
#10811=POLY_LOOP('',(#10802,#10806,#10810));
#10812=FACE_OUTER_BOUND('',#10811,.T.);
#10813=FACETED_PRIMITIVE_FACE('',(#10812));
#10815=POLY_LOOP('',(#10802,#10810,#10814));
#10816=FACE_OUTER_BOUND('',#10815,.T.);
#10817=FACETED_PRIMITIVE_FACE('',(#10816));
#10819=POLY_LOOP('',(#10802,#10814,#10818));
#10820=FACE_OUTER_BOUND('',#10819,.T.);
#10821=FACETED_PRIMITIVE_FACE('',(#10820));
#10823=POLY_LOOP('',(#10802,#10818,#10822));
#10824=FACE_OUTER_BOUND('',#10823,.T.);
#10825=FACETED_PRIMITIVE_FACE('',(#10824));
#10827=POLY_LOOP('',(#10802,#10822,#10826));
#10828=FACE_OUTER_BOUND('',#10827,.T.);
#10829=FACETED_PRIMITIVE_FACE('',(#10828));
#10830=POLY_LOOP('',(#10802,#10760,#10772));
#10831=FACE_OUTER_BOUND('',#10830,.T.);
#10832=FACETED_PRIMITIVE_FACE('',(#10831));
#10834=POLY_LOOP('',(#10833,#10662,#10746));
#10835=FACE_OUTER_BOUND('',#10834,.T.);
#10836=FACETED_PRIMITIVE_FACE('',(#10835));
#10838=POLY_LOOP('',(#10837,#10785,#10669));
#10839=FACE_OUTER_BOUND('',#10838,.T.);
#10840=FACETED_PRIMITIVE_FACE('',(#10839));
#10841=POLY_LOOP('',(#10837,#10616,#10753));
#10842=FACE_OUTER_BOUND('',#10841,.T.);
#10843=FACETED_PRIMITIVE_FACE('',(#10842));
#10844=POLY_LOOP('',(#10837,#10669,#10616));
#10845=FACE_OUTER_BOUND('',#10844,.T.);
#10846=FACETED_PRIMITIVE_FACE('',(#10845));
#10848=POLY_LOOP('',(#10847,#10673,#10792));
#10849=FACE_OUTER_BOUND('',#10848,.T.);
#10850=FACETED_PRIMITIVE_FACE('',(#10849));
#10852=POLY_LOOP('',(#10851,#9900,#10683));
#10853=FACE_OUTER_BOUND('',#10852,.T.);
#10854=FACETED_PRIMITIVE_FACE('',(#10853));
#10855=POLY_LOOP('',(#10851,#10633,#10785));
#10856=FACE_OUTER_BOUND('',#10855,.T.);
#10857=FACETED_PRIMITIVE_FACE('',(#10856));
#10858=POLY_LOOP('',(#10851,#10683,#10633));
#10859=FACE_OUTER_BOUND('',#10858,.T.);
#10860=FACETED_PRIMITIVE_FACE('',(#10859));
#10861=POLY_LOOP('',(#10851,#9992,#9900));
#10862=FACE_OUTER_BOUND('',#10861,.T.);
#10863=FACETED_PRIMITIVE_FACE('',(#10862));
#10864=POLY_LOOP('',(#10851,#9996,#9992));
#10865=FACE_OUTER_BOUND('',#10864,.T.);
#10866=FACETED_PRIMITIVE_FACE('',(#10865));
#10868=POLY_LOOP('',(#10867,#10641,#10802));
#10869=FACE_OUTER_BOUND('',#10868,.T.);
#10870=FACETED_PRIMITIVE_FACE('',(#10869));
#10872=POLY_LOOP('',(#10867,#10826,#10871));
#10873=FACE_OUTER_BOUND('',#10872,.T.);
#10874=FACETED_PRIMITIVE_FACE('',(#10873));
#10876=POLY_LOOP('',(#10867,#10871,#10875));
#10877=FACE_OUTER_BOUND('',#10876,.T.);
#10878=FACETED_PRIMITIVE_FACE('',(#10877));
#10880=POLY_LOOP('',(#10867,#10875,#10879));
#10881=FACE_OUTER_BOUND('',#10880,.T.);
#10882=FACETED_PRIMITIVE_FACE('',(#10881));
#10883=POLY_LOOP('',(#10867,#10746,#10699));
#10884=FACE_OUTER_BOUND('',#10883,.T.);
#10885=FACETED_PRIMITIVE_FACE('',(#10884));
#10886=POLY_LOOP('',(#10867,#10802,#10826));
#10887=FACE_OUTER_BOUND('',#10886,.T.);
#10888=FACETED_PRIMITIVE_FACE('',(#10887));
#10889=POLY_LOOP('',(#10867,#10699,#10641));
#10890=FACE_OUTER_BOUND('',#10889,.T.);
#10891=FACETED_PRIMITIVE_FACE('',(#10890));
#10893=POLY_LOOP('',(#10892,#10662,#10833));
#10894=FACE_OUTER_BOUND('',#10893,.T.);
#10895=FACETED_PRIMITIVE_FACE('',(#10894));
#10896=POLY_LOOP('',(#10892,#10792,#10709));
#10897=FACE_OUTER_BOUND('',#10896,.T.);
#10898=FACETED_PRIMITIVE_FACE('',(#10897));
#10899=POLY_LOOP('',(#10892,#10709,#10662));
#10900=FACE_OUTER_BOUND('',#10899,.T.);
#10901=FACETED_PRIMITIVE_FACE('',(#10900));
#10903=POLY_LOOP('',(#10902,#10713,#10673));
#10904=FACE_OUTER_BOUND('',#10903,.T.);
#10905=FACETED_PRIMITIVE_FACE('',(#10904));
#10906=POLY_LOOP('',(#10902,#10673,#10847));
#10907=FACE_OUTER_BOUND('',#10906,.T.);
#10908=FACETED_PRIMITIVE_FACE('',(#10907));
#10909=POLY_LOOP('',(#10902,#10717,#10713));
#10910=FACE_OUTER_BOUND('',#10909,.T.);
#10911=FACETED_PRIMITIVE_FACE('',(#10910));
#10913=POLY_LOOP('',(#10912,#10717,#10902));
#10914=FACE_OUTER_BOUND('',#10913,.T.);
#10915=FACETED_PRIMITIVE_FACE('',(#10914));
#10917=POLY_LOOP('',(#10916,#10833,#10746));
#10918=FACE_OUTER_BOUND('',#10917,.T.);
#10919=FACETED_PRIMITIVE_FACE('',(#10918));
#10921=POLY_LOOP('',(#10916,#10879,#10920));
#10922=FACE_OUTER_BOUND('',#10921,.T.);
#10923=FACETED_PRIMITIVE_FACE('',(#10922));
#10925=POLY_LOOP('',(#10916,#10920,#10924));
#10926=FACE_OUTER_BOUND('',#10925,.T.);
#10927=FACETED_PRIMITIVE_FACE('',(#10926));
#10928=POLY_LOOP('',(#10916,#10746,#10867));
#10929=FACE_OUTER_BOUND('',#10928,.T.);
#10930=FACETED_PRIMITIVE_FACE('',(#10929));
#10931=POLY_LOOP('',(#10916,#10867,#10879));
#10932=FACE_OUTER_BOUND('',#10931,.T.);
#10933=FACETED_PRIMITIVE_FACE('',(#10932));
#10935=POLY_LOOP('',(#10934,#10753,#10717));
#10936=FACE_OUTER_BOUND('',#10935,.T.);
#10937=FACETED_PRIMITIVE_FACE('',(#10936));
#10938=POLY_LOOP('',(#10934,#10717,#10912));
#10939=FACE_OUTER_BOUND('',#10938,.T.);
#10940=FACETED_PRIMITIVE_FACE('',(#10939));
#10942=POLY_LOOP('',(#10941,#10785,#10837));
#10943=FACE_OUTER_BOUND('',#10942,.T.);
#10944=FACETED_PRIMITIVE_FACE('',(#10943));
#10946=POLY_LOOP('',(#10945,#10792,#10892));
#10947=FACE_OUTER_BOUND('',#10946,.T.);
#10948=FACETED_PRIMITIVE_FACE('',(#10947));
#10950=POLY_LOOP('',(#10949,#10833,#10916));
#10951=FACE_OUTER_BOUND('',#10950,.T.);
#10952=FACETED_PRIMITIVE_FACE('',(#10951));
#10953=POLY_LOOP('',(#10949,#10916,#10924));
#10954=FACE_OUTER_BOUND('',#10953,.T.);
#10955=FACETED_PRIMITIVE_FACE('',(#10954));
#10957=POLY_LOOP('',(#10956,#10837,#10753));
#10958=FACE_OUTER_BOUND('',#10957,.T.);
#10959=FACETED_PRIMITIVE_FACE('',(#10958));
#10960=POLY_LOOP('',(#10956,#10753,#10934));
#10961=FACE_OUTER_BOUND('',#10960,.T.);
#10962=FACETED_PRIMITIVE_FACE('',(#10961));
#10964=POLY_LOOP('',(#10963,#10847,#10792));
#10965=FACE_OUTER_BOUND('',#10964,.T.);
#10966=FACETED_PRIMITIVE_FACE('',(#10965));
#10967=POLY_LOOP('',(#10963,#10792,#10945));
#10968=FACE_OUTER_BOUND('',#10967,.T.);
#10969=FACETED_PRIMITIVE_FACE('',(#10968));
#10970=POLY_LOOP('',(#10963,#10902,#10847));
#10971=FACE_OUTER_BOUND('',#10970,.T.);
#10972=FACETED_PRIMITIVE_FACE('',(#10971));
#10974=POLY_LOOP('',(#10973,#10785,#10941));
#10975=FACE_OUTER_BOUND('',#10974,.T.);
#10976=FACETED_PRIMITIVE_FACE('',(#10975));
#10977=POLY_LOOP('',(#10973,#10851,#10785));
#10978=FACE_OUTER_BOUND('',#10977,.T.);
#10979=FACETED_PRIMITIVE_FACE('',(#10978));
#10980=POLY_LOOP('',(#10973,#9996,#10851));
#10981=FACE_OUTER_BOUND('',#10980,.T.);
#10982=FACETED_PRIMITIVE_FACE('',(#10981));
#10983=POLY_LOOP('',(#10973,#10150,#9996));
#10984=FACE_OUTER_BOUND('',#10983,.T.);
#10985=FACETED_PRIMITIVE_FACE('',(#10984));
#10986=POLY_LOOP('',(#10973,#10154,#10150));
#10987=FACE_OUTER_BOUND('',#10986,.T.);
#10988=FACETED_PRIMITIVE_FACE('',(#10987));
#10990=POLY_LOOP('',(#10989,#10892,#10833));
#10991=FACE_OUTER_BOUND('',#10990,.T.);
#10992=FACETED_PRIMITIVE_FACE('',(#10991));
#10993=POLY_LOOP('',(#10989,#10949,#10924));
#10994=FACE_OUTER_BOUND('',#10993,.T.);
#10995=FACETED_PRIMITIVE_FACE('',(#10994));
#10997=POLY_LOOP('',(#10989,#10924,#10996));
#10998=FACE_OUTER_BOUND('',#10997,.T.);
#10999=FACETED_PRIMITIVE_FACE('',(#10998));
#11000=POLY_LOOP('',(#10989,#10833,#10949));
#11001=FACE_OUTER_BOUND('',#11000,.T.);
#11002=FACETED_PRIMITIVE_FACE('',(#11001));
#11004=POLY_LOOP('',(#11003,#10912,#10902));
#11005=FACE_OUTER_BOUND('',#11004,.T.);
#11006=FACETED_PRIMITIVE_FACE('',(#11005));
#11007=POLY_LOOP('',(#11003,#10902,#10963));
#11008=FACE_OUTER_BOUND('',#11007,.T.);
#11009=FACETED_PRIMITIVE_FACE('',(#11008));
#11011=POLY_LOOP('',(#11010,#10934,#10912));
#11012=FACE_OUTER_BOUND('',#11011,.T.);
#11013=FACETED_PRIMITIVE_FACE('',(#11012));
#11014=POLY_LOOP('',(#11010,#10912,#11003));
#11015=FACE_OUTER_BOUND('',#11014,.T.);
#11016=FACETED_PRIMITIVE_FACE('',(#11015));
#11018=POLY_LOOP('',(#11017,#10934,#11010));
#11019=FACE_OUTER_BOUND('',#11018,.T.);
#11020=FACETED_PRIMITIVE_FACE('',(#11019));
#11022=POLY_LOOP('',(#11021,#10837,#10956));
#11023=FACE_OUTER_BOUND('',#11022,.T.);
#11024=FACETED_PRIMITIVE_FACE('',(#11023));
#11025=POLY_LOOP('',(#11021,#10973,#10941));
#11026=FACE_OUTER_BOUND('',#11025,.T.);
#11027=FACETED_PRIMITIVE_FACE('',(#11026));
#11028=POLY_LOOP('',(#11021,#10941,#10837));
#11029=FACE_OUTER_BOUND('',#11028,.T.);
#11030=FACETED_PRIMITIVE_FACE('',(#11029));
#11032=POLY_LOOP('',(#11031,#10892,#10989));
#11033=FACE_OUTER_BOUND('',#11032,.T.);
#11034=FACETED_PRIMITIVE_FACE('',(#11033));
#11035=POLY_LOOP('',(#11031,#10945,#10892));
#11036=FACE_OUTER_BOUND('',#11035,.T.);
#11037=FACETED_PRIMITIVE_FACE('',(#11036));
#11039=POLY_LOOP('',(#11031,#10996,#11038));
#11040=FACE_OUTER_BOUND('',#11039,.T.);
#11041=FACETED_PRIMITIVE_FACE('',(#11040));
#11043=POLY_LOOP('',(#11031,#11038,#11042));
#11044=FACE_OUTER_BOUND('',#11043,.T.);
#11045=FACETED_PRIMITIVE_FACE('',(#11044));
#11046=POLY_LOOP('',(#11031,#10989,#10996));
#11047=FACE_OUTER_BOUND('',#11046,.T.);
#11048=FACETED_PRIMITIVE_FACE('',(#11047));
#11049=POLY_LOOP('',(#11031,#10963,#10945));
#11050=FACE_OUTER_BOUND('',#11049,.T.);
#11051=FACETED_PRIMITIVE_FACE('',(#11050));
#11053=POLY_LOOP('',(#11052,#10934,#11017));
#11054=FACE_OUTER_BOUND('',#11053,.T.);
#11055=FACETED_PRIMITIVE_FACE('',(#11054));
#11056=POLY_LOOP('',(#11052,#10956,#10934));
#11057=FACE_OUTER_BOUND('',#11056,.T.);
#11058=FACETED_PRIMITIVE_FACE('',(#11057));
#11060=POLY_LOOP('',(#11059,#10963,#11031));
#11061=FACE_OUTER_BOUND('',#11060,.T.);
#11062=FACETED_PRIMITIVE_FACE('',(#11061));
#11063=POLY_LOOP('',(#11059,#11031,#11042));
#11064=FACE_OUTER_BOUND('',#11063,.T.);
#11065=FACETED_PRIMITIVE_FACE('',(#11064));
#11067=POLY_LOOP('',(#11059,#11042,#11066));
#11068=FACE_OUTER_BOUND('',#11067,.T.);
#11069=FACETED_PRIMITIVE_FACE('',(#11068));
#11071=POLY_LOOP('',(#11059,#11066,#11070));
#11072=FACE_OUTER_BOUND('',#11071,.T.);
#11073=FACETED_PRIMITIVE_FACE('',(#11072));
#11075=POLY_LOOP('',(#11074,#10973,#11021));
#11076=FACE_OUTER_BOUND('',#11075,.T.);
#11077=FACETED_PRIMITIVE_FACE('',(#11076));
#11078=POLY_LOOP('',(#11074,#10295,#10154));
#11079=FACE_OUTER_BOUND('',#11078,.T.);
#11080=FACETED_PRIMITIVE_FACE('',(#11079));
#11081=POLY_LOOP('',(#11074,#10299,#10295));
#11082=FACE_OUTER_BOUND('',#11081,.T.);
#11083=FACETED_PRIMITIVE_FACE('',(#11082));
#11084=POLY_LOOP('',(#11074,#10154,#10973));
#11085=FACE_OUTER_BOUND('',#11084,.T.);
#11086=FACETED_PRIMITIVE_FACE('',(#11085));
#11088=POLY_LOOP('',(#11087,#10963,#11059));
#11089=FACE_OUTER_BOUND('',#11088,.T.);
#11090=FACETED_PRIMITIVE_FACE('',(#11089));
#11092=POLY_LOOP('',(#11087,#11070,#11091));
#11093=FACE_OUTER_BOUND('',#11092,.T.);
#11094=FACETED_PRIMITIVE_FACE('',(#11093));
#11096=POLY_LOOP('',(#11087,#11091,#11095));
#11097=FACE_OUTER_BOUND('',#11096,.T.);
#11098=FACETED_PRIMITIVE_FACE('',(#11097));
#11099=POLY_LOOP('',(#11087,#11003,#10963));
#11100=FACE_OUTER_BOUND('',#11099,.T.);
#11101=FACETED_PRIMITIVE_FACE('',(#11100));
#11102=POLY_LOOP('',(#11087,#11059,#11070));
#11103=FACE_OUTER_BOUND('',#11102,.T.);
#11104=FACETED_PRIMITIVE_FACE('',(#11103));
#11106=POLY_LOOP('',(#11105,#11087,#11095));
#11107=FACE_OUTER_BOUND('',#11106,.T.);
#11108=FACETED_PRIMITIVE_FACE('',(#11107));
#11109=POLY_LOOP('',(#11105,#11003,#11087));
#11110=FACE_OUTER_BOUND('',#11109,.T.);
#11111=FACETED_PRIMITIVE_FACE('',(#11110));
#11113=POLY_LOOP('',(#11105,#11095,#11112));
#11114=FACE_OUTER_BOUND('',#11113,.T.);
#11115=FACETED_PRIMITIVE_FACE('',(#11114));
#11117=POLY_LOOP('',(#11105,#11112,#11116));
#11118=FACE_OUTER_BOUND('',#11117,.T.);
#11119=FACETED_PRIMITIVE_FACE('',(#11118));
#11121=POLY_LOOP('',(#11105,#11116,#11120));
#11122=FACE_OUTER_BOUND('',#11121,.T.);
#11123=FACETED_PRIMITIVE_FACE('',(#11122));
#11125=POLY_LOOP('',(#11105,#11120,#11124));
#11126=FACE_OUTER_BOUND('',#11125,.T.);
#11127=FACETED_PRIMITIVE_FACE('',(#11126));
#11128=POLY_LOOP('',(#11105,#11010,#11003));
#11129=FACE_OUTER_BOUND('',#11128,.T.);
#11130=FACETED_PRIMITIVE_FACE('',(#11129));
#11132=POLY_LOOP('',(#11131,#11017,#11010));
#11133=FACE_OUTER_BOUND('',#11132,.T.);
#11134=FACETED_PRIMITIVE_FACE('',(#11133));
#11135=POLY_LOOP('',(#11131,#11105,#11124));
#11136=FACE_OUTER_BOUND('',#11135,.T.);
#11137=FACETED_PRIMITIVE_FACE('',(#11136));
#11138=POLY_LOOP('',(#11131,#11010,#11105));
#11139=FACE_OUTER_BOUND('',#11138,.T.);
#11140=FACETED_PRIMITIVE_FACE('',(#11139));
#11142=POLY_LOOP('',(#11131,#11124,#11141));
#11143=FACE_OUTER_BOUND('',#11142,.T.);
#11144=FACETED_PRIMITIVE_FACE('',(#11143));
#11146=POLY_LOOP('',(#11131,#11141,#11145));
#11147=FACE_OUTER_BOUND('',#11146,.T.);
#11148=FACETED_PRIMITIVE_FACE('',(#11147));
#11150=POLY_LOOP('',(#11131,#11145,#11149));
#11151=FACE_OUTER_BOUND('',#11150,.T.);
#11152=FACETED_PRIMITIVE_FACE('',(#11151));
#11154=POLY_LOOP('',(#11131,#11149,#11153));
#11155=FACE_OUTER_BOUND('',#11154,.T.);
#11156=FACETED_PRIMITIVE_FACE('',(#11155));
#11158=POLY_LOOP('',(#11131,#11153,#11157));
#11159=FACE_OUTER_BOUND('',#11158,.T.);
#11160=FACETED_PRIMITIVE_FACE('',(#11159));
#11162=POLY_LOOP('',(#11161,#10956,#11052));
#11163=FACE_OUTER_BOUND('',#11162,.T.);
#11164=FACETED_PRIMITIVE_FACE('',(#11163));
#11165=POLY_LOOP('',(#11161,#11021,#10956));
#11166=FACE_OUTER_BOUND('',#11165,.T.);
#11167=FACETED_PRIMITIVE_FACE('',(#11166));
#11169=POLY_LOOP('',(#11168,#11131,#11157));
#11170=FACE_OUTER_BOUND('',#11169,.T.);
#11171=FACETED_PRIMITIVE_FACE('',(#11170));
#11173=POLY_LOOP('',(#11168,#11157,#11172));
#11174=FACE_OUTER_BOUND('',#11173,.T.);
#11175=FACETED_PRIMITIVE_FACE('',(#11174));
#11177=POLY_LOOP('',(#11168,#11172,#11176));
#11178=FACE_OUTER_BOUND('',#11177,.T.);
#11179=FACETED_PRIMITIVE_FACE('',(#11178));
#11181=POLY_LOOP('',(#11168,#11176,#11180));
#11182=FACE_OUTER_BOUND('',#11181,.T.);
#11183=FACETED_PRIMITIVE_FACE('',(#11182));
#11185=POLY_LOOP('',(#11168,#11180,#11184));
#11186=FACE_OUTER_BOUND('',#11185,.T.);
#11187=FACETED_PRIMITIVE_FACE('',(#11186));
#11188=POLY_LOOP('',(#11168,#11052,#11017));
#11189=FACE_OUTER_BOUND('',#11188,.T.);
#11190=FACETED_PRIMITIVE_FACE('',(#11189));
#11191=POLY_LOOP('',(#11168,#11161,#11052));
#11192=FACE_OUTER_BOUND('',#11191,.T.);
#11193=FACETED_PRIMITIVE_FACE('',(#11192));
#11194=POLY_LOOP('',(#11168,#11017,#11131));
#11195=FACE_OUTER_BOUND('',#11194,.T.);
#11196=FACETED_PRIMITIVE_FACE('',(#11195));
#11198=POLY_LOOP('',(#11197,#11074,#11021));
#11199=FACE_OUTER_BOUND('',#11198,.T.);
#11200=FACETED_PRIMITIVE_FACE('',(#11199));
#11201=POLY_LOOP('',(#11197,#10299,#11074));
#11202=FACE_OUTER_BOUND('',#11201,.T.);
#11203=FACETED_PRIMITIVE_FACE('',(#11202));
#11204=POLY_LOOP('',(#11197,#11021,#11161));
#11205=FACE_OUTER_BOUND('',#11204,.T.);
#11206=FACETED_PRIMITIVE_FACE('',(#11205));
#11207=POLY_LOOP('',(#11197,#10431,#10299));
#11208=FACE_OUTER_BOUND('',#11207,.T.);
#11209=FACETED_PRIMITIVE_FACE('',(#11208));
#11210=POLY_LOOP('',(#11197,#10435,#10431));
#11211=FACE_OUTER_BOUND('',#11210,.T.);
#11212=FACETED_PRIMITIVE_FACE('',(#11211));
#11214=POLY_LOOP('',(#11213,#11161,#11168));
#11215=FACE_OUTER_BOUND('',#11214,.T.);
#11216=FACETED_PRIMITIVE_FACE('',(#11215));
#11217=POLY_LOOP('',(#11213,#11168,#11184));
#11218=FACE_OUTER_BOUND('',#11217,.T.);
#11219=FACETED_PRIMITIVE_FACE('',(#11218));
#11221=POLY_LOOP('',(#11213,#11184,#11220));
#11222=FACE_OUTER_BOUND('',#11221,.T.);
#11223=FACETED_PRIMITIVE_FACE('',(#11222));
#11225=POLY_LOOP('',(#11224,#11161,#11213));
#11226=FACE_OUTER_BOUND('',#11225,.T.);
#11227=FACETED_PRIMITIVE_FACE('',(#11226));
#11228=POLY_LOOP('',(#11224,#11197,#11161));
#11229=FACE_OUTER_BOUND('',#11228,.T.);
#11230=FACETED_PRIMITIVE_FACE('',(#11229));
#11231=POLY_LOOP('',(#11224,#10435,#11197));
#11232=FACE_OUTER_BOUND('',#11231,.T.);
#11233=FACETED_PRIMITIVE_FACE('',(#11232));
#11234=POLY_LOOP('',(#11224,#10558,#10435));
#11235=FACE_OUTER_BOUND('',#11234,.T.);
#11236=FACETED_PRIMITIVE_FACE('',(#11235));
#11238=POLY_LOOP('',(#11237,#10645,#10557));
#11239=FACE_OUTER_BOUND('',#11238,.T.);
#11240=FACETED_PRIMITIVE_FACE('',(#11239));
#11241=POLY_LOOP('',(#11237,#10562,#9688));
#11242=FACE_OUTER_BOUND('',#11241,.T.);
#11243=FACETED_PRIMITIVE_FACE('',(#11242));
#11246=POLY_LOOP('',(#11237,#11244,#11245));
#11247=FACE_OUTER_BOUND('',#11246,.T.);
#11248=FACETED_PRIMITIVE_FACE('',(#11247));
#11249=POLY_LOOP('',(#11237,#11245,#10646));
#11250=FACE_OUTER_BOUND('',#11249,.T.);
#11251=FACETED_PRIMITIVE_FACE('',(#11250));
#11252=POLY_LOOP('',(#11237,#10557,#10562));
#11253=FACE_OUTER_BOUND('',#11252,.T.);
#11254=FACETED_PRIMITIVE_FACE('',(#11253));
#11255=POLY_LOOP('',(#11237,#10646,#10645));
#11256=FACE_OUTER_BOUND('',#11255,.T.);
#11257=FACETED_PRIMITIVE_FACE('',(#11256));
#11259=POLY_LOOP('',(#11258,#9688,#9687));
#11260=FACE_OUTER_BOUND('',#11259,.T.);
#11261=FACETED_PRIMITIVE_FACE('',(#11260));
#11263=POLY_LOOP('',(#11258,#9687,#11262));
#11264=FACE_OUTER_BOUND('',#11263,.T.);
#11265=FACETED_PRIMITIVE_FACE('',(#11264));
#11267=POLY_LOOP('',(#11258,#11262,#11266));
#11268=FACE_OUTER_BOUND('',#11267,.T.);
#11269=FACETED_PRIMITIVE_FACE('',(#11268));
#11271=POLY_LOOP('',(#11258,#11266,#11270));
#11272=FACE_OUTER_BOUND('',#11271,.T.);
#11273=FACETED_PRIMITIVE_FACE('',(#11272));
#11274=POLY_LOOP('',(#11258,#11270,#11244));
#11275=FACE_OUTER_BOUND('',#11274,.T.);
#11276=FACETED_PRIMITIVE_FACE('',(#11275));
#11277=POLY_LOOP('',(#11258,#11244,#11237));
#11278=FACE_OUTER_BOUND('',#11277,.T.);
#11279=FACETED_PRIMITIVE_FACE('',(#11278));
#11280=POLY_LOOP('',(#11258,#11237,#9688));
#11281=FACE_OUTER_BOUND('',#11280,.T.);
#11282=FACETED_PRIMITIVE_FACE('',(#11281));
#11284=POLY_LOOP('',(#11283,#11224,#11213));
#11285=FACE_OUTER_BOUND('',#11284,.T.);
#11286=FACETED_PRIMITIVE_FACE('',(#11285));
#11287=POLY_LOOP('',(#11283,#10558,#11224));
#11288=FACE_OUTER_BOUND('',#11287,.T.);
#11289=FACETED_PRIMITIVE_FACE('',(#11288));
#11290=POLY_LOOP('',(#11283,#10562,#10558));
#11291=FACE_OUTER_BOUND('',#11290,.T.);
#11292=FACETED_PRIMITIVE_FACE('',(#11291));
#11294=POLY_LOOP('',(#11293,#11283,#11213));
#11295=FACE_OUTER_BOUND('',#11294,.T.);
#11296=FACETED_PRIMITIVE_FACE('',(#11295));
#11297=POLY_LOOP('',(#11293,#11213,#11220));
#11298=FACE_OUTER_BOUND('',#11297,.T.);
#11299=FACETED_PRIMITIVE_FACE('',(#11298));
#11300=POLY_LOOP('',(#11293,#9693,#9688));
#11301=FACE_OUTER_BOUND('',#11300,.T.);
#11302=FACETED_PRIMITIVE_FACE('',(#11301));
#11303=POLY_LOOP('',(#11293,#10562,#11283));
#11304=FACE_OUTER_BOUND('',#11303,.T.);
#11305=FACETED_PRIMITIVE_FACE('',(#11304));
#11307=POLY_LOOP('',(#11293,#11220,#11306));
#11308=FACE_OUTER_BOUND('',#11307,.T.);
#11309=FACETED_PRIMITIVE_FACE('',(#11308));
#11311=POLY_LOOP('',(#11293,#11306,#11310));
#11312=FACE_OUTER_BOUND('',#11311,.T.);
#11313=FACETED_PRIMITIVE_FACE('',(#11312));
#11315=POLY_LOOP('',(#11293,#11310,#11314));
#11316=FACE_OUTER_BOUND('',#11315,.T.);
#11317=FACETED_PRIMITIVE_FACE('',(#11316));
#11319=POLY_LOOP('',(#11293,#11314,#11318));
#11320=FACE_OUTER_BOUND('',#11319,.T.);
#11321=FACETED_PRIMITIVE_FACE('',(#11320));
#11322=POLY_LOOP('',(#11293,#11318,#9693));
#11323=FACE_OUTER_BOUND('',#11322,.T.);
#11324=FACETED_PRIMITIVE_FACE('',(#11323));
#11325=POLY_LOOP('',(#11293,#9688,#10562));
#11326=FACE_OUTER_BOUND('',#11325,.T.);
#11327=FACETED_PRIMITIVE_FACE('',(#11326));
#11328=POLY_LOOP('',(#9770,#9774,#9782));
#11329=FACE_OUTER_BOUND('',#11328,.T.);
#11330=FACETED_PRIMITIVE_FACE('',(#11329));
#11331=POLY_LOOP('',(#9770,#9782,#9786));
#11332=FACE_OUTER_BOUND('',#11331,.T.);
#11333=FACETED_PRIMITIVE_FACE('',(#11332));
#11334=POLY_LOOP('',(#9766,#9786,#9790));
#11335=FACE_OUTER_BOUND('',#11334,.T.);
#11336=FACETED_PRIMITIVE_FACE('',(#11335));
#11337=POLY_LOOP('',(#9766,#9770,#9786));
#11338=FACE_OUTER_BOUND('',#11337,.T.);
#11339=FACETED_PRIMITIVE_FACE('',(#11338));
#11340=POLY_LOOP('',(#9758,#9790,#9794));
#11341=FACE_OUTER_BOUND('',#11340,.T.);
#11342=FACETED_PRIMITIVE_FACE('',(#11341));
#11343=POLY_LOOP('',(#9758,#9794,#9798));
#11344=FACE_OUTER_BOUND('',#11343,.T.);
#11345=FACETED_PRIMITIVE_FACE('',(#11344));
#11346=POLY_LOOP('',(#9758,#9766,#9790));
#11347=FACE_OUTER_BOUND('',#11346,.T.);
#11348=FACETED_PRIMITIVE_FACE('',(#11347));
#11349=POLY_LOOP('',(#9754,#9798,#9802));
#11350=FACE_OUTER_BOUND('',#11349,.T.);
#11351=FACETED_PRIMITIVE_FACE('',(#11350));
#11352=POLY_LOOP('',(#9754,#9758,#9798));
#11353=FACE_OUTER_BOUND('',#11352,.T.);
#11354=FACETED_PRIMITIVE_FACE('',(#11353));
#11355=POLY_LOOP('',(#9750,#9802,#9820));
#11356=FACE_OUTER_BOUND('',#11355,.T.);
#11357=FACETED_PRIMITIVE_FACE('',(#11356));
#11358=POLY_LOOP('',(#9750,#9820,#9824));
#11359=FACE_OUTER_BOUND('',#11358,.T.);
#11360=FACETED_PRIMITIVE_FACE('',(#11359));
#11361=POLY_LOOP('',(#9750,#9754,#9802));
#11362=FACE_OUTER_BOUND('',#11361,.T.);
#11363=FACETED_PRIMITIVE_FACE('',(#11362));
#11364=POLY_LOOP('',(#9730,#9824,#9828));
#11365=FACE_OUTER_BOUND('',#11364,.T.);
#11366=FACETED_PRIMITIVE_FACE('',(#11365));
#11367=POLY_LOOP('',(#9730,#9750,#9824));
#11368=FACE_OUTER_BOUND('',#11367,.T.);
#11369=FACETED_PRIMITIVE_FACE('',(#11368));
#11370=POLY_LOOP('',(#9726,#9828,#9852));
#11371=FACE_OUTER_BOUND('',#11370,.T.);
#11372=FACETED_PRIMITIVE_FACE('',(#11371));
#11373=POLY_LOOP('',(#9726,#9730,#9828));
#11374=FACE_OUTER_BOUND('',#11373,.T.);
#11375=FACETED_PRIMITIVE_FACE('',(#11374));
#11376=POLY_LOOP('',(#9722,#9726,#9852));
#11377=FACE_OUTER_BOUND('',#11376,.T.);
#11378=FACETED_PRIMITIVE_FACE('',(#11377));
#11379=POLY_LOOP('',(#9718,#9852,#9884));
#11380=FACE_OUTER_BOUND('',#11379,.T.);
#11381=FACETED_PRIMITIVE_FACE('',(#11380));
#11382=POLY_LOOP('',(#9718,#9722,#9852));
#11383=FACE_OUTER_BOUND('',#11382,.T.);
#11384=FACETED_PRIMITIVE_FACE('',(#11383));
#11385=POLY_LOOP('',(#9702,#9718,#9884));
#11386=FACE_OUTER_BOUND('',#11385,.T.);
#11387=FACETED_PRIMITIVE_FACE('',(#11386));
#11388=POLY_LOOP('',(#9698,#9702,#9884));
#11389=FACE_OUTER_BOUND('',#11388,.T.);
#11390=FACETED_PRIMITIVE_FACE('',(#11389));
#11391=POLY_LOOP('',(#9671,#9698,#9884));
#11392=FACE_OUTER_BOUND('',#11391,.T.);
#11393=FACETED_PRIMITIVE_FACE('',(#11392));
#11394=POLY_LOOP('',(#9667,#9671,#9884));
#11395=FACE_OUTER_BOUND('',#11394,.T.);
#11396=FACETED_PRIMITIVE_FACE('',(#11395));
#11397=POLY_LOOP('',(#9663,#9667,#9884));
#11398=FACE_OUTER_BOUND('',#11397,.T.);
#11399=FACETED_PRIMITIVE_FACE('',(#11398));
#11400=POLY_LOOP('',(#9658,#9663,#9884));
#11401=FACE_OUTER_BOUND('',#11400,.T.);
#11402=FACETED_PRIMITIVE_FACE('',(#11401));
#11403=POLY_LOOP('',(#9658,#9884,#9911));
#11404=FACE_OUTER_BOUND('',#11403,.T.);
#11405=FACETED_PRIMITIVE_FACE('',(#11404));
#11406=POLY_LOOP('',(#10037,#10021,#10029));
#11407=FACE_OUTER_BOUND('',#11406,.T.);
#11408=FACETED_PRIMITIVE_FACE('',(#11407));
#11409=POLY_LOOP('',(#10037,#10029,#10033));
#11410=FACE_OUTER_BOUND('',#11409,.T.);
#11411=FACETED_PRIMITIVE_FACE('',(#11410));
#11412=POLY_LOOP('',(#9659,#9658,#9911));
#11413=FACE_OUTER_BOUND('',#11412,.T.);
#11414=FACETED_PRIMITIVE_FACE('',(#11413));
#11415=POLY_LOOP('',(#10041,#10021,#10037));
#11416=FACE_OUTER_BOUND('',#11415,.T.);
#11417=FACETED_PRIMITIVE_FACE('',(#11416));
#11418=POLY_LOOP('',(#10041,#10017,#10021));
#11419=FACE_OUTER_BOUND('',#11418,.T.);
#11420=FACETED_PRIMITIVE_FACE('',(#11419));
#11421=POLY_LOOP('',(#10060,#10017,#10041));
#11422=FACE_OUTER_BOUND('',#11421,.T.);
#11423=FACETED_PRIMITIVE_FACE('',(#11422));
#11424=POLY_LOOP('',(#10064,#9977,#10017));
#11425=FACE_OUTER_BOUND('',#11424,.T.);
#11426=FACETED_PRIMITIVE_FACE('',(#11425));
#11427=POLY_LOOP('',(#10064,#10017,#10060));
#11428=FACE_OUTER_BOUND('',#11427,.T.);
#11429=FACETED_PRIMITIVE_FACE('',(#11428));
#11430=POLY_LOOP('',(#9680,#9659,#9911));
#11431=FACE_OUTER_BOUND('',#11430,.T.);
#11432=FACETED_PRIMITIVE_FACE('',(#11431));
#11433=POLY_LOOP('',(#10068,#9973,#9977));
#11434=FACE_OUTER_BOUND('',#11433,.T.);
#11435=FACETED_PRIMITIVE_FACE('',(#11434));
#11436=POLY_LOOP('',(#10068,#9977,#10064));
#11437=FACE_OUTER_BOUND('',#11436,.T.);
#11438=FACETED_PRIMITIVE_FACE('',(#11437));
#11439=POLY_LOOP('',(#10072,#9973,#10068));
#11440=FACE_OUTER_BOUND('',#11439,.T.);
#11441=FACETED_PRIMITIVE_FACE('',(#11440));
#11442=POLY_LOOP('',(#9675,#9680,#9911));
#11443=FACE_OUTER_BOUND('',#11442,.T.);
#11444=FACETED_PRIMITIVE_FACE('',(#11443));
#11445=POLY_LOOP('',(#10076,#9973,#10072));
#11446=FACE_OUTER_BOUND('',#11445,.T.);
#11447=FACETED_PRIMITIVE_FACE('',(#11446));
#11448=POLY_LOOP('',(#10076,#9950,#9973));
#11449=FACE_OUTER_BOUND('',#11448,.T.);
#11450=FACETED_PRIMITIVE_FACE('',(#11449));
#11451=POLY_LOOP('',(#10113,#9950,#10076));
#11452=FACE_OUTER_BOUND('',#11451,.T.);
#11453=FACETED_PRIMITIVE_FACE('',(#11452));
#11454=POLY_LOOP('',(#9676,#9675,#9911));
#11455=FACE_OUTER_BOUND('',#11454,.T.);
#11456=FACETED_PRIMITIVE_FACE('',(#11455));
#11457=POLY_LOOP('',(#10117,#9950,#10113));
#11458=FACE_OUTER_BOUND('',#11457,.T.);
#11459=FACETED_PRIMITIVE_FACE('',(#11458));
#11460=POLY_LOOP('',(#10117,#9946,#9950));
#11461=FACE_OUTER_BOUND('',#11460,.T.);
#11462=FACETED_PRIMITIVE_FACE('',(#11461));
#11463=POLY_LOOP('',(#10222,#9676,#9911));
#11464=FACE_OUTER_BOUND('',#11463,.T.);
#11465=FACETED_PRIMITIVE_FACE('',(#11464));
#11466=POLY_LOOP('',(#10121,#9946,#10117));
#11467=FACE_OUTER_BOUND('',#11466,.T.);
#11468=FACETED_PRIMITIVE_FACE('',(#11467));
#11469=POLY_LOOP('',(#10218,#10222,#9911));
#11470=FACE_OUTER_BOUND('',#11469,.T.);
#11471=FACETED_PRIMITIVE_FACE('',(#11470));
#11472=POLY_LOOP('',(#10125,#9946,#10121));
#11473=FACE_OUTER_BOUND('',#11472,.T.);
#11474=FACETED_PRIMITIVE_FACE('',(#11473));
#11475=POLY_LOOP('',(#10214,#9911,#9946));
#11476=FACE_OUTER_BOUND('',#11475,.T.);
#11477=FACETED_PRIMITIVE_FACE('',(#11476));
#11478=POLY_LOOP('',(#10214,#10218,#9911));
#11479=FACE_OUTER_BOUND('',#11478,.T.);
#11480=FACETED_PRIMITIVE_FACE('',(#11479));
#11481=POLY_LOOP('',(#10214,#9946,#10125));
#11482=FACE_OUTER_BOUND('',#11481,.T.);
#11483=FACETED_PRIMITIVE_FACE('',(#11482));
#11484=POLY_LOOP('',(#10768,#10806,#10772));
#11485=FACE_OUTER_BOUND('',#11484,.T.);
#11486=FACETED_PRIMITIVE_FACE('',(#11485));
#11487=POLY_LOOP('',(#10768,#10810,#10806));
#11488=FACE_OUTER_BOUND('',#11487,.T.);
#11489=FACETED_PRIMITIVE_FACE('',(#11488));
#11490=POLY_LOOP('',(#10764,#10814,#10810));
#11491=FACE_OUTER_BOUND('',#11490,.T.);
#11492=FACETED_PRIMITIVE_FACE('',(#11491));
#11493=POLY_LOOP('',(#10764,#10810,#10768));
#11494=FACE_OUTER_BOUND('',#11493,.T.);
#11495=FACETED_PRIMITIVE_FACE('',(#11494));
#11496=POLY_LOOP('',(#10739,#10818,#10814));
#11497=FACE_OUTER_BOUND('',#11496,.T.);
#11498=FACETED_PRIMITIVE_FACE('',(#11497));
#11499=POLY_LOOP('',(#10739,#10822,#10818));
#11500=FACE_OUTER_BOUND('',#11499,.T.);
#11501=FACETED_PRIMITIVE_FACE('',(#11500));
#11502=POLY_LOOP('',(#10739,#10814,#10764));
#11503=FACE_OUTER_BOUND('',#11502,.T.);
#11504=FACETED_PRIMITIVE_FACE('',(#11503));
#11505=POLY_LOOP('',(#10735,#10826,#10822));
#11506=FACE_OUTER_BOUND('',#11505,.T.);
#11507=FACETED_PRIMITIVE_FACE('',(#11506));
#11508=POLY_LOOP('',(#10735,#10822,#10739));
#11509=FACE_OUTER_BOUND('',#11508,.T.);
#11510=FACETED_PRIMITIVE_FACE('',(#11509));
#11511=POLY_LOOP('',(#10728,#10871,#10826));
#11512=FACE_OUTER_BOUND('',#11511,.T.);
#11513=FACETED_PRIMITIVE_FACE('',(#11512));
#11514=POLY_LOOP('',(#10728,#10875,#10871));
#11515=FACE_OUTER_BOUND('',#11514,.T.);
#11516=FACETED_PRIMITIVE_FACE('',(#11515));
#11517=POLY_LOOP('',(#10728,#10826,#10735));
#11518=FACE_OUTER_BOUND('',#11517,.T.);
#11519=FACETED_PRIMITIVE_FACE('',(#11518));
#11520=POLY_LOOP('',(#10655,#10879,#10875));
#11521=FACE_OUTER_BOUND('',#11520,.T.);
#11522=FACETED_PRIMITIVE_FACE('',(#11521));
#11523=POLY_LOOP('',(#10655,#10875,#10728));
#11524=FACE_OUTER_BOUND('',#11523,.T.);
#11525=FACETED_PRIMITIVE_FACE('',(#11524));
#11526=POLY_LOOP('',(#10651,#10920,#10879));
#11527=FACE_OUTER_BOUND('',#11526,.T.);
#11528=FACETED_PRIMITIVE_FACE('',(#11527));
#11529=POLY_LOOP('',(#10651,#10879,#10655));
#11530=FACE_OUTER_BOUND('',#11529,.T.);
#11531=FACETED_PRIMITIVE_FACE('',(#11530));
#11532=POLY_LOOP('',(#10647,#10920,#10651));
#11533=FACE_OUTER_BOUND('',#11532,.T.);
#11534=FACETED_PRIMITIVE_FACE('',(#11533));
#11535=POLY_LOOP('',(#10646,#10924,#10920));
#11536=FACE_OUTER_BOUND('',#11535,.T.);
#11537=FACETED_PRIMITIVE_FACE('',(#11536));
#11538=POLY_LOOP('',(#10646,#10920,#10647));
#11539=FACE_OUTER_BOUND('',#11538,.T.);
#11540=FACETED_PRIMITIVE_FACE('',(#11539));
#11541=POLY_LOOP('',(#11245,#10924,#10646));
#11542=FACE_OUTER_BOUND('',#11541,.T.);
#11543=FACETED_PRIMITIVE_FACE('',(#11542));
#11544=POLY_LOOP('',(#11244,#10924,#11245));
#11545=FACE_OUTER_BOUND('',#11544,.T.);
#11546=FACETED_PRIMITIVE_FACE('',(#11545));
#11547=POLY_LOOP('',(#11270,#10924,#11244));
#11548=FACE_OUTER_BOUND('',#11547,.T.);
#11549=FACETED_PRIMITIVE_FACE('',(#11548));
#11550=POLY_LOOP('',(#11266,#10924,#11270));
#11551=FACE_OUTER_BOUND('',#11550,.T.);
#11552=FACETED_PRIMITIVE_FACE('',(#11551));
#11553=POLY_LOOP('',(#11262,#10924,#11266));
#11554=FACE_OUTER_BOUND('',#11553,.T.);
#11555=FACETED_PRIMITIVE_FACE('',(#11554));
#11556=POLY_LOOP('',(#9687,#10924,#11262));
#11557=FACE_OUTER_BOUND('',#11556,.T.);
#11558=FACETED_PRIMITIVE_FACE('',(#11557));
#11559=POLY_LOOP('',(#9687,#10996,#10924));
#11560=FACE_OUTER_BOUND('',#11559,.T.);
#11561=FACETED_PRIMITIVE_FACE('',(#11560));
#11562=POLY_LOOP('',(#11120,#11112,#11095));
#11563=FACE_OUTER_BOUND('',#11562,.T.);
#11564=FACETED_PRIMITIVE_FACE('',(#11563));
#11565=POLY_LOOP('',(#11120,#11116,#11112));
#11566=FACE_OUTER_BOUND('',#11565,.T.);
#11567=FACETED_PRIMITIVE_FACE('',(#11566));
#11568=POLY_LOOP('',(#9689,#10996,#9687));
#11569=FACE_OUTER_BOUND('',#11568,.T.);
#11570=FACETED_PRIMITIVE_FACE('',(#11569));
#11571=POLY_LOOP('',(#11124,#11120,#11095));
#11572=FACE_OUTER_BOUND('',#11571,.T.);
#11573=FACETED_PRIMITIVE_FACE('',(#11572));
#11574=POLY_LOOP('',(#11124,#11095,#11091));
#11575=FACE_OUTER_BOUND('',#11574,.T.);
#11576=FACETED_PRIMITIVE_FACE('',(#11575));
#11577=POLY_LOOP('',(#11141,#11124,#11091));
#11578=FACE_OUTER_BOUND('',#11577,.T.);
#11579=FACETED_PRIMITIVE_FACE('',(#11578));
#11580=POLY_LOOP('',(#11145,#11091,#11070));
#11581=FACE_OUTER_BOUND('',#11580,.T.);
#11582=FACETED_PRIMITIVE_FACE('',(#11581));
#11583=POLY_LOOP('',(#11145,#11141,#11091));
#11584=FACE_OUTER_BOUND('',#11583,.T.);
#11585=FACETED_PRIMITIVE_FACE('',(#11584));
#11586=POLY_LOOP('',(#9693,#10996,#9689));
#11587=FACE_OUTER_BOUND('',#11586,.T.);
#11588=FACETED_PRIMITIVE_FACE('',(#11587));
#11589=POLY_LOOP('',(#11149,#11070,#11066));
#11590=FACE_OUTER_BOUND('',#11589,.T.);
#11591=FACETED_PRIMITIVE_FACE('',(#11590));
#11592=POLY_LOOP('',(#11149,#11145,#11070));
#11593=FACE_OUTER_BOUND('',#11592,.T.);
#11594=FACETED_PRIMITIVE_FACE('',(#11593));
#11595=POLY_LOOP('',(#11153,#11149,#11066));
#11596=FACE_OUTER_BOUND('',#11595,.T.);
#11597=FACETED_PRIMITIVE_FACE('',(#11596));
#11598=POLY_LOOP('',(#11318,#10996,#9693));
#11599=FACE_OUTER_BOUND('',#11598,.T.);
#11600=FACETED_PRIMITIVE_FACE('',(#11599));
#11601=POLY_LOOP('',(#11157,#11153,#11066));
#11602=FACE_OUTER_BOUND('',#11601,.T.);
#11603=FACETED_PRIMITIVE_FACE('',(#11602));
#11604=POLY_LOOP('',(#11157,#11066,#11042));
#11605=FACE_OUTER_BOUND('',#11604,.T.);
#11606=FACETED_PRIMITIVE_FACE('',(#11605));
#11607=POLY_LOOP('',(#11172,#11157,#11042));
#11608=FACE_OUTER_BOUND('',#11607,.T.);
#11609=FACETED_PRIMITIVE_FACE('',(#11608));
#11610=POLY_LOOP('',(#11314,#10996,#11318));
#11611=FACE_OUTER_BOUND('',#11610,.T.);
#11612=FACETED_PRIMITIVE_FACE('',(#11611));
#11613=POLY_LOOP('',(#11176,#11172,#11042));
#11614=FACE_OUTER_BOUND('',#11613,.T.);
#11615=FACETED_PRIMITIVE_FACE('',(#11614));
#11616=POLY_LOOP('',(#11176,#11042,#11038));
#11617=FACE_OUTER_BOUND('',#11616,.T.);
#11618=FACETED_PRIMITIVE_FACE('',(#11617));
#11619=POLY_LOOP('',(#11310,#10996,#11314));
#11620=FACE_OUTER_BOUND('',#11619,.T.);
#11621=FACETED_PRIMITIVE_FACE('',(#11620));
#11622=POLY_LOOP('',(#11180,#11176,#11038));
#11623=FACE_OUTER_BOUND('',#11622,.T.);
#11624=FACETED_PRIMITIVE_FACE('',(#11623));
#11625=POLY_LOOP('',(#11306,#10996,#11310));
#11626=FACE_OUTER_BOUND('',#11625,.T.);
#11627=FACETED_PRIMITIVE_FACE('',(#11626));
#11628=POLY_LOOP('',(#11184,#11180,#11038));
#11629=FACE_OUTER_BOUND('',#11628,.T.);
#11630=FACETED_PRIMITIVE_FACE('',(#11629));
#11631=POLY_LOOP('',(#11220,#11038,#10996));
#11632=FACE_OUTER_BOUND('',#11631,.T.);
#11633=FACETED_PRIMITIVE_FACE('',(#11632));
#11634=POLY_LOOP('',(#11220,#10996,#11306));
#11635=FACE_OUTER_BOUND('',#11634,.T.);
#11636=FACETED_PRIMITIVE_FACE('',(#11635));
#11637=POLY_LOOP('',(#11220,#11184,#11038));
#11638=FACE_OUTER_BOUND('',#11637,.T.);
#11639=FACETED_PRIMITIVE_FACE('',(#11638));
#Microsoft.PowerShell=CLOSED_SHELL('',(#25,#30,#33,#39,#44,#47,#50,#56,#59,#64,#67,#72,#75,#78,#83,#86,#91,#95,#98,#101,#106,#109,#115,#121,#125,#129,#132,#137,#141,#145,#148,#153,#158,#161,#165,#169,#172,#176,#179,#182,#185,#189,#192,#195,#198,#201,#204,#207,#210,#213,#216,#219,#222,#225,#228,#231,#234,#237,#240,#243,#246,#249,#252,#255,#258,#261,#264,#267,#270,#273,#276,#279,#282,#285,#288,#291,#294,#297,#300,#303,#306,#309,#312,#315,#321,#326,#329,#334,#337,#342,#345,#349,#353,#357,#362,#365,#370,#373,#378,#381,#385,#390,#393,#397,#401,#405,#411,#415,#420,#423,#428,#431,#435,#440,#443,#447,#451,#455,#460,#464,#467,#472,#475,#479,#482,#485,#489,#493,#497,#501,#507,#511,#515,#519,#523,#527,#531,#535,#539,#542,#548,#552,#556,#560,#564,#568,#572,#575,#578,#582,#586,#590,#594,#598,#602,#606,#609,#612,#615,#620,#624,#627,#631,#635,#639,#643,#647,#650,#654,#658,#662,#666,#669,#672,#675,#679,#682,#686,#690,#694,#698,#702,#706,#709,#713,#716,#720,#724,#728,#732,#735,#738,#742,#745,#748,#752,#755,#759,#763,#767,#771,#774,#778,#782,#785,#788,#792,#796,#800,#804,#807,#811,#814,#818,#822,#825,#828,#832,#835,#840,#843,#847,#850,#853,#857,#860,#864,#867,#870,#874,#877,#880,#884,#887,#891,#894,#898,#902,#906,#909,#912,#916,#919,#922,#926,#929,#932,#936,#940,#944,#947,#950,#954,#957,#961,#964,#968,#972,#975,#979,#982,#985,#989,#992,#996,#999,#1003,#1007,#1010,#1013,#1017,#1020,#1024,#1027,#1031,#1035,#1039,#1042,#1046,#1049,#1053,#1056,#1059,#1063,#1066,#1070,#1073,#1077,#1080,#1083,#1087,#1091,#1094,#1098,#1101,#1104,#1107,#1111,#1114,#1118,#1121,#1124,#1128,#1132,#1136,#1139,#1143,#1147,#1150,#1154,#1158,#1161,#1165,#1168,#1171,#1175,#1178,#1182,#1185,#1189,#1192,#1195,#1199,#1202,#1207,#1211,#1214,#1217,#1220,#1224,#1227,#1231,#1235,#1238,#1241,#1244,#1248,#1251,#1255,#1259,#1262,#1266,#1269,#1273,#1277,#1280,#1284,#1287,#1291,#1294,#1297,#1301,#1305,#1309,#1312,#1315,#1319,#1323,#1327,#1330,#1333,#1337,#1340,#1344,#1348,#1352,#1356,#1359,#1362,#1366,#1369,#1372,#1376,#1379,#1382,#1386,#1390,#1394,#1397,#1400,#1404,#1407,#1411,#1415,#1419,#1423,#1427,#1431,#1434,#1437,#1441,#1444,#1448,#1452,#1456,#1460,#1463,#1466,#1469,#1473,#1476,#1479,#1483,#1487,#1492,#1496,#1499,#1502,#1507,#1510,#1513,#1516,#1519,#1524,#1527,#1530,#1533,#1536,#1539,#1542,#1547,#1551,#1554,#1558,#1561,#1565,#1568,#1572,#1575,#1579,#1582,#1585,#1589,#1592,#1596,#1599,#1603,#1606,#1610,#1613,#1616,#1620,#1623,#1627,#1631,#1634,#1637,#1641,#1644,#1648,#1651,#1655,#1658,#1662,#1665,#1668,#1672,#1675,#1679,#1682,#1686,#1689,#1693,#1696,#1700,#1703,#1707,#1711,#1714,#1718,#1721,#1725,#1728,#1732,#1735,#1739,#1742,#1747,#1750,#1755,#1758,#1762,#1765,#1769,#1772,#1775,#1779,#1783,#1786,#1790,#1793,#1796,#1800,#1804,#1807,#1811,#1814,#1818,#1821,#1825,#1828,#1832,#1835,#1839,#1842,#1846,#1849,#1852,#1856,#1860,#1863,#1866,#1870,#1874,#1877,#1880,#1884,#1888,#1891,#1894,#1897,#1901,#1904,#1908,#1912,#1915,#1918,#1922,#1925,#1929,#1932,#1935,#1939,#1942,#1946,#1949,#1953,#1956,#1960,#1963,#1967,#1970,#1974,#1977,#1981,#1984,#1988,#1991,#1995,#1998,#2002,#2006,#2010,#2014,#2017,#2021,#2024,#2028,#2031,#2035,#2038,#2042,#2045,#2049,#2052,#2055,#2059,#2062,#2066,#2069,#2073,#2077,#2080,#2084,#2087,#2091,#2094,#2098,#2101,#2104,#2107,#2111,#2115,#2118,#2121,#2125,#2129,#2132,#2136,#2139,#2143,#2147,#2150,#2153,#2157,#2160,#2164,#2167,#2171,#2174,#2178,#2181,#2184,#2189,#2192,#2195,#2199,#2203,#2206,#2209,#2213,#2217,#2220,#2223,#2226,#2230,#2233,#2237,#2240,#2243,#2247,#2250,#2253,#2257,#2261,#2264,#2269,#2272,#2275,#2278,#2282,#2285,#2290,#2293,#2296,#2299,#2303,#2306,#2310,#2313,#2317,#2320,#2324,#2327,#2331,#2334,#2337,#2341,#2344,#2349,#2352,#2355,#2360,#2363,#2366,#2369,#2374,#2377,#2380,#2383,#2387,#2390,#2393,#2396,#2400,#2404,#2407,#2411,#2414,#2418,#2421,#2424,#2428,#2431,#2435,#2438,#2442,#2445,#2449,#2452,#2456,#2459,#2462,#2466,#2469,#2473,#2477,#2480,#2484,#2487,#2491,#2494,#2498,#2501,#2504,#2508,#2511,#2515,#2519,#2522,#2525,#2529,#2532,#2536,#2539,#2542,#2545,#2548,#2551,#2555,#2558,#2561,#2564,#2567,#2570,#2573,#2576,#2581,#2584,#2587,#2590,#2593,#2597,#2600,#2603,#2606,#2610,#2613,#2616,#2620,#2623,#2626,#2630,#2633,#2636,#2640,#2643,#2646,#2650,#2653,#2657,#2660,#2663,#2667,#2670,#2673,#2677,#2680,#2683,#2687,#2690,#2693,#2697,#2701,#2704,#2708,#2711,#2714,#2718,#2721,#2725,#2728,#2732,#2735,#2738,#2742,#2745,#2748,#2752,#2755,#2759,#2762,#2765,#2769,#2772,#2776,#2779,#2782,#2786,#2789,#2792,#2796,#2800,#2803,#2807,#2810,#2813,#2817,#2821,#2824,#2827,#2830,#2834,#2837,#2841,#2844,#2848,#2851,#2855,#2859,#2862,#2865,#2869,#2873,#2876,#2880,#2883,#2887,#2890,#2894,#2897,#2901,#2904,#2908,#2911,#2915,#2918,#2921,#2924,#2928,#2931,#2935,#2938,#2942,#2945,#2948,#2952,#2956,#2960,#2964,#2967,#2971,#2974,#2978,#2981,#2985,#2988,#2992,#2995,#2999,#3002,#3006,#3009,#3012,#3016,#3019,#3023,#3026,#3030,#3033,#3037,#3041,#3044,#3048,#3051,#3055,#3058,#3062,#3065,#3069,#3072,#3076,#3079,#3083,#3086,#3090,#3093,#3096,#3100,#3103,#3106,#3110,#3113,#3117,#3120,#3124,#3127,#3130,#3134,#3138,#3142,#3145,#3149,#3152,#3156,#3159,#3163,#3166,#3170,#3173,#3176,#3180,#3183,#3187,#3190,#3194,#3197,#3200,#3203,#3207,#3210,#3213,#3217,#3222,#3226,#3229,#3232,#3236,#3239,#3242,#3245,#3248,#3252,#3255,#3259,#3262,#3266,#3269,#3273,#3276,#3279,#3282,#3285,#3289,#3292,#3296,#3300,#3303,#3307,#3310,#3313,#3316,#3319,#3322,#3326,#3329,#3333,#3337,#3340,#3344,#3347,#3351,#3354,#3358,#3361,#3364,#3367,#3371,#3374,#3378,#3381,#3385,#3388,#3391,#3394,#3397,#3401,#3404,#3407,#3411,#3415,#3419,#3422,#3426,#3429,#3432,#3435,#3438,#3442,#3445,#3449,#3452,#3455,#3458,#3461,#3464,#3468,#3471,#3474,#3478,#3482,#3486,#3489,#3492,#3495,#3498,#3502,#3505,#3508,#3511,#3515,#3518,#3521,#3525,#3528,#3531,#3534,#3537,#3540,#3543,#3546,#3549,#3552,#3555,#3558,#3561,#3564,#3567,#3570,#3573,#3576,#3579,#3582,#3585,#3588,#3591,#3594,#3597,#3600,#3603,#3606,#3609,#3612,#3615,#3618,#3621,#3624,#3627,#3630,#3633,#3636,#3639,#3642,#3645,#3648,#3651,#3654,#3657,#3660,#3663,#3666,#3669,#3672,#3675,#3678,#3681,#3684,#3687,#3690,#3693,#3696,#3699,#3702,#3705,#3708,#3711,#3714,#3717,#3720,#3723,#3726,#3729,#3732,#3735,#3738,#3741,#3744,#3747,#3750,#3753,#3756,#3759,#3762,#3765,#3768,#3771,#3774,#3777,#3780,#3783,#3786,#3789,#3793,#3797,#3801,#3806,#3810,#3813,#3817,#3821,#3825,#3829,#3833,#3836,#3840,#3844,#3848,#3852,#3855,#3859,#3862,#3865,#3869,#3873,#3877,#3881,#3885,#3889,#3893,#3897,#3900,#3903,#3908,#3912,#3915,#3919,#3922,#3926,#3930,#3934,#3938,#3941,#3945,#3948,#3951,#3956,#3960,#3963,#3967,#3970,#3974,#3977,#3981,#3985,#3989,#3993,#3996,#4000,#4003,#4007,#4011,#4015,#4019,#4022,#4025,#4029,#4032,#4036,#4039,#4042,#4046,#4049,#4052,#4056,#4060,#4064,#4068,#4071,#4075,#4078,#4082,#4086,#4090,#4094,#4098,#4101,#4104,#4108,#4111,#4114,#4117,#4121,#4125,#4128,#4132,#4135,#4138,#4141,#4145,#4148,#4152,#4156,#4160,#4163,#4167,#4170,#4174,#4177,#4180,#4184,#4187,#4190,#4194,#4197,#4201,#4204,#4207,#4211,#4214,#4218,#4221,#4225,#4228,#4231,#4234,#4238,#4241,#4244,#4248,#4251,#4255,#4258,#4262,#4266,#4270,#4273,#4277,#4280,#4284,#4287,#4290,#4294,#4297,#4301,#4304,#4308,#4311,#4314,#4317,#4320,#4324,#4327,#4330,#4334,#4337,#4341,#4344,#4347,#4351,#4354,#4357,#4361,#4365,#4368,#4371,#4375,#4378,#4382,#4385,#4388,#4391,#4395,#4399,#4402,#4405,#4409,#4412,#4415,#4418,#4422,#4426,#4430,#4433,#4437,#4441,#4444,#4448,#4451,#4454,#4458,#4461,#4465,#4468,#4471,#4474,#4478,#4481,#4485,#4488,#4492,#4495,#4498,#4501,#4505,#4509,#4512,#4515,#4519,#4522,#4526,#4529,#4532,#4536,#4539,#4543,#4547,#4551,#4554,#4557,#4561,#4564,#4568,#4571,#4575,#4578,#4582,#4585,#4588,#4592,#4596,#4600,#4603,#4606,#4609,#4612,#4616,#4620,#4623,#4627,#4630,#4633,#4637,#4641,#4645,#4648,#4651,#4655,#4658,#4663,#4667,#4670,#4673,#4676,#4680,#4683,#4686,#4689,#4693,#4696,#4700,#4703,#4706,#4710,#4714,#4717,#4721,#4724,#4729,#4733,#4736,#4739,#4743,#4746,#4749,#4752,#4755,#4759,#4763,#4767,#4770,#4773,#4776,#4781,#4785,#4788,#4791,#4794,#4798,#4801,#4804,#4807,#4810,#4813,#4816,#4821,#4825,#4828,#4832,#4835,#4839,#4842,#4846,#4849,#4853,#4856,#4860,#4863,#4868,#4871,#4874,#4878,#4881,#4884,#4887,#4891,#4895,#4898,#4902,#4905,#4908,#4912,#4916,#4919,#4923,#4926,#4930,#4933,#4936,#4940,#4943,#4947,#4950,#4954,#4957,#4961,#4964,#4967,#4971,#4974,#4978,#4981,#4985,#4989,#4992,#4996,#4999,#5003,#5006,#5010,#5013,#5016,#5020,#5025,#5028,#5031,#5035,#5039,#5042,#5046,#5049,#5052,#5056,#5060,#5063,#5067,#5070,#5073,#5077,#5081,#5084,#5088,#5091,#5095,#5098,#5102,#5105,#5108,#5112,#5116,#5119,#5123,#5126,#5130,#5133,#5136,#5140,#5144,#5147,#5150,#5154,#5158,#5161,#5164,#5167,#5172,#5175,#5178,#5182,#5185,#5188,#5192,#5195,#5199,#5202,#5205,#5209,#5212,#5216,#5219,#5223,#5226,#5230,#5233,#5237,#5240,#5244,#5247,#5251,#5255,#5258,#5262,#5265,#5269,#5272,#5276,#5279,#5283,#5287,#5290,#5294,#5297,#5301,#5304,#5308,#5311,#5315,#5318,#5322,#5325,#5329,#5333,#5336,#5340,#5343,#5347,#5350,#5354,#5357,#5361,#5364,#5367,#5370,#5373,#5376,#5379,#5382,#5385,#5388,#5391,#5394,#5397,#5400,#5403,#5406,#5409,#5412,#5415,#5418,#5421,#5424,#5427,#5430,#5433,#5436,#5439,#5442,#5445,#5448,#5451,#5454,#5457,#5460,#5463,#5466,#5469,#5472,#5475,#5478,#5481,#5484,#5487,#5490,#5493,#5496,#5499,#5504,#5507,#5510,#5514,#5517,#5522,#5525,#5528,#5531,#5535,#5538,#5543,#5546,#5549,#5552,#5556,#5559,#5563,#5566,#5570,#5573,#5578,#5581,#5584,#5587,#5590,#5594,#5598,#5601,#5606,#5609,#5612,#5615,#5620,#5623,#5626,#5629,#5633,#5636,#5639,#5642,#5646,#5650,#5653,#5657,#5660,#5664,#5667,#5670,#5674,#5677,#5681,#5684,#5688,#5691,#5695,#5698,#5702,#5705,#5708,#5712,#5715,#5719,#5723,#5726,#5730,#5733,#5737,#5740,#5744,#5747,#5750,#5754,#5757,#5761,#5765,#5768,#5771,#5775,#5778,#5782,#5785,#5788,#5791,#5794,#5797,#5800,#5803,#5806,#5810,#5813,#5816,#5819,#5822,#5825,#5830,#5833,#5836,#5839,#5843,#5846,#5849,#5852,#5856,#5859,#5862,#5865,#5869,#5873,#5876,#5879,#5882,#5886,#5889,#5892,#5896,#5899,#5903,#5906,#5909,#5912,#5916,#5920,#5923,#5926,#5929,#5933,#5936,#5940,#5946,#5951,#5956,#5959,#5962,#5965,#5969,#5972,#5975,#5979,#5982,#5985,#5989,#5994,#5997,#6001,#6006,#6009,#6013,#6016,#6019,#6022,#6026,#6029,#6032,#6035,#6038,#6042,#6046,#6049,#6052,#6056,#6059,#6062,#6065,#6068,#6074,#6077,#6080,#6083,#6086,#6089,#6093,#6096,#6100,#6105,#6109,#6113,#6116,#6119,#6122,#6126,#6129,#6133,#6136,#6140,#6143,#6147,#6150,#6153,#6157,#6160,#6163,#6166,#6170,#6174,#6178,#6181,#6184,#6187,#6191,#6194,#6198,#6202,#6206,#6209,#6212,#6215,#6219,#6223,#6227,#6231,#6235,#6238,#6241,#6244,#6247,#6251,#6254,#6257,#6260,#6263,#6266,#6270,#6273,#6276,#6279,#6283,#6286,#6292,#6295,#6298,#6301,#6305,#6308,#6311,#6316,#6319,#6322,#6325,#6329,#6333,#6336,#6339,#6342,#6345,#6348,#6351,#6354,#6357,#6361,#6365,#6369,#6373,#6376,#6380,#6383,#6386,#6390,#6394,#6397,#6400,#6403,#6406,#6409,#6412,#6415,#6418,#6421,#6425,#6428,#6432,#6435,#6439,#6444,#6447,#6450,#6453,#6456,#6459,#6462,#6465,#6469,#6472,#6475,#6479,#6483,#6488,#6491,#6494,#6497,#6502,#6505,#6508,#6511,#6515,#6519,#6523,#6526,#6529,#6532,#6535,#6538,#6541,#6545,#6548,#6551,#6554,#6557,#6561,#6564,#6567,#6570,#6574,#6577,#6580,#6583,#6587,#6590,#6593,#6596,#6599,#6602,#6605,#6608,#6611,#6615,#6618,#6621,#6624,#6627,#6630,#6633,#6636,#6639,#6642,#6645,#6648,#6651,#6654,#6657,#6660,#6663,#6666,#6669,#6672,#6675,#6678,#6681,#6684,#6687,#6690,#6693,#6696,#6699,#6702,#6705,#6708,#6711,#6714,#6717,#6720,#6723,#6726,#6729,#6732,#6735,#6738,#6741,#6744,#6747,#6750,#6753,#6756,#6759,#6762,#6765,#6768,#6771,#6774,#6777,#6780,#6783,#6786,#6789,#6792,#6795,#6798,#6801,#6804,#6807,#6810,#6813,#6816,#6819,#6822,#6825,#6828,#6831,#6834,#6837,#6840,#6843,#6846,#6849,#6852,#6855,#6858,#6861,#6864,#6867,#6870,#6873,#6876,#6879,#6882,#6885,#6888,#6892,#6896,#6900,#6904,#6907,#6911,#6915,#6919,#6923,#6927,#6931,#6934,#6938,#6942,#6946,#6949,#6953,#6956,#6959,#6962,#6966,#6969,#6972,#6976,#6980,#6984,#6987,#6990,#6993,#6997,#7000,#7003,#7007,#7010,#7014,#7017,#7020,#7023,#7029,#7033,#7036,#7039,#7042,#7046,#7050,#7054,#7058,#7061,#7065,#7068,#7071,#7074,#7078,#7081,#7084,#7088,#7091,#7095,#7098,#7102,#7106,#7109,#7112,#7115,#7119,#7122,#7125,#7128,#7133,#7137,#7140,#7143,#7146,#7150,#7153,#7156,#7159,#7164,#7168,#7171,#7174,#7177,#7181,#7185,#7189,#7192,#7196,#7200,#7203,#7206,#7209,#7213,#7217,#7220,#7224,#7228,#7232,#7236,#7239,#7242,#7245,#7250,#7253,#7256,#7260,#7264,#7268,#7272,#7275,#7279,#7283,#7289,#7293,#7297,#7300,#7303,#7306,#7310,#7313,#7317,#7320,#7325,#7328,#7332,#7335,#7339,#7342,#7345,#7349,#7352,#7356,#7360,#7363,#7367,#7370,#7374,#7377,#7380,#7383,#7387,#7390,#7393,#7396,#7399,#7402,#7408,#7412,#7416,#7421,#7425,#7428,#7432,#7436,#7439,#7443,#7448,#7451,#7455,#7458,#7461,#7464,#7468,#7472,#7476,#7480,#7483,#7487,#7491,#7495,#7499,#7502,#7506,#7509,#7513,#7516,#7520,#7523,#7526,#7529,#7532,#7536,#7540,#7544,#7548,#7551,#7555,#7559,#7562,#7565,#7571,#7574,#7577,#7580,#7583,#7586,#7589,#7592,#7595,#7599,#7602,#7605,#7609,#7613,#7618,#7621,#7624,#7627,#7631,#7634,#7638,#7641,#7645,#7648,#7652,#7655,#7658,#7661,#7665,#7668,#7671,#7675,#7678,#7681,#7684,#7687,#7691,#7694,#7697,#7700,#7704,#7707,#7710,#7713,#7717,#7720,#7723,#7726,#7729,#7732,#7735,#7738,#7741,#7745,#7748,#7751,#7754,#7758,#7762,#7765,#7768,#7773,#7778,#7781,#7784,#7788,#7791,#7795,#7798,#7802,#7805,#7809,#7812,#7816,#7819,#7822,#7826,#7830,#7833,#7836,#7840,#7843,#7846,#7850,#7853,#7857,#7860,#7864,#7868,#7871,#7874,#7878,#7881,#7885,#7888,#7892,#7895,#7898,#7901,#7905,#7908,#7911,#7915,#7918,#7922,#7925,#7929,#7932,#7936,#7939,#7943,#7946,#7950,#7954,#7957,#7961,#7964,#7967,#7970,#7973,#7976,#7979,#7982,#7985,#7988,#7991,#7994,#7997,#8000,#8003,#8006,#8009,#8012,#8015,#8018,#8021,#8024,#8027,#8030,#8033,#8036,#8039,#8042,#8045,#8048,#8051,#8054,#8057,#8060,#8063,#8066,#8069,#8072,#8075,#8078,#8081,#8084,#8087,#8090,#8093,#8096,#8100,#8103,#8107,#8110,#8114,#8117,#8121,#8124,#8127,#8131,#8134,#8138,#8141,#8145,#8148,#8152,#8156,#8159,#8163,#8166,#8170,#8173,#8177,#8180,#8184,#8187,#8191,#8194,#8198,#8202,#8205,#8208,#8211,#8215,#8219,#8222,#8225,#8229,#8233,#8236,#8240,#8243,#8247,#8250,#8254,#8257,#8261,#8264,#8268,#8271,#8275,#8278,#8282,#8285,#8288,#8292,#8295,#8298,#8301,#8304,#8307,#8310,#8313,#8316,#8319,#8322,#8325,#8328,#8331,#8334,#8337,#8340,#8343,#8346,#8349,#8352,#8355,#8358,#8361,#8364,#8367,#8370,#8373,#8376,#8379,#8382,#8385,#8388,#8391,#8394,#8397,#8400,#8403,#8406,#8409,#8412,#8415,#8418,#8421,#8424,#8427,#8430,#8433,#8436,#8439,#8442,#8445,#8448,#8451,#8454,#8457,#8460,#8463,#8466,#8469,#8472,#8475,#8478,#8481,#8484,#8487,#8490,#8493,#8496,#8499,#8502,#8505,#8508,#8511,#8514,#8517,#8520,#8523,#8526,#8529,#8532,#8535,#8538,#8541,#8544,#8547,#8550,#8554,#8558,#8561,#8565,#8568,#8572,#8575,#8578,#8582,#8585,#8589,#8592,#8596,#8599,#8603,#8606,#8610,#8613,#8616,#8620,#8623,#8627,#8631,#8634,#8638,#8641,#8645,#8648,#8652,#8655,#8658,#8662,#8665,#8669,#8673,#8676,#8679,#8683,#8686,#8690,#8693,#8696,#8699,#8702,#8705,#8708,#8711,#8714,#8718,#8721,#8724,#8728,#8731,#8734,#8737,#8740,#8743,#8746,#8751,#8754,#8757,#8760,#8764,#8767,#8770,#8773,#8777,#8780,#8783,#8786,#8790,#8793,#8796,#8800,#8804,#8807,#8810,#8813,#8817,#8820,#8823,#8827,#8830,#8834,#8837,#8840,#8843,#8847,#8851,#8854,#8857,#8861,#8864,#8867,#8871,#8874,#8878,#8882,#8887,#8890,#8893,#8897,#8901,#8904,#8907,#8911,#8914,#8917,#8921,#8924,#8928,#8931,#8935,#8938,#8941,#8944,#8949,#8953,#8958,#8961,#8964,#8968,#8971,#8974,#8977,#8980,#8984,#8987,#8991,#8994,#8998,#9001,#9005,#9008,#9011,#9014,#9018,#9021,#9024,#9028,#9031,#9035,#9039,#9044,#9048,#9051,#9055,#9058,#9061,#9065,#9068,#9072,#9076,#9079,#9082,#9086,#9089,#9092,#9095,#9099,#9102,#9105,#9108,#9112,#9116,#9120,#9124,#9127,#9130,#9133,#9137,#9140,#9144,#9149,#9152,#9155,#9158,#9161,#9165,#9169,#9173,#9177,#9180,#9183,#9186,#9189,#9193,#9196,#9199,#9202,#9205,#9208,#9211,#9215,#9218,#9222,#9225,#9228,#9234,#9237,#9240,#9243,#9246,#9249,#9252,#9256,#9259,#9262,#9266,#9269,#9272,#9277,#9280,#9283,#9286,#9290,#9293,#9296,#9299,#9302,#9305,#9308,#9312,#9315,#9320,#9323,#9326,#9330,#9334,#9337,#9340,#9345,#9348,#9351,#9354,#9358,#9363,#9366,#9369,#9372,#9375,#9378,#9381,#9384,#9388,#9391,#9396,#9399,#9402,#9407,#9410,#9413,#9416,#9420,#9424,#9427,#9430,#9436,#9439,#9442,#9445,#9448,#9451,#9454,#9457,#9460,#9464,#9467,#9470,#9473,#9476,#9480,#9483,#9486,#9489,#9493,#9496,#9499,#9502,#9506,#9509,#9512,#9515,#9518,#9521,#9524,#9527,#9530,#9533,#9536,#9539,#9542,#9545,#9548,#9551,#9554,#9557,#9560,#9563,#9566,#9569,#9572,#9575,#9578,#9581,#9584,#9587,#9590,#9593,#9596,#9599,#9602,#9605,#9608,#9611,#9614,#9617,#9620,#9623,#9626,#9629,#9632,#9635,#9638,#9641,#9644,#9647,#9650,#9653,#9656,#9662,#9666,#9670,#9674,#9679,#9683,#9686,#9692,#9696,#9701,#9705,#9709,#9713,#9716,#9721,#9725,#9729,#9733,#9736,#9741,#9745,#9748,#9753,#9757,#9761,#9764,#9769,#9773,#9777,#9780,#9785,#9789,#9793,#9797,#9801,#9805,#9808,#9812,#9815,#9818,#9823,#9827,#9831,#9834,#9839,#9843,#9846,#9850,#9855,#9858,#9862,#9865,#9868,#9872,#9875,#9879,#9882,#9887,#9890,#9894,#9899,#9903,#9906,#9909,#9914,#9917,#9921,#9924,#9928,#9931,#9934,#9938,#9941,#9945,#9949,#9953,#9957,#9960,#9964,#9967,#9971,#9976,#9980,#9983,#9987,#9990,#9995,#9999,#10002,#10005,#10009,#10012,#10016,#10020,#10024,#10028,#10032,#10036,#10040,#10044,#10048,#10052,#10055,#10059,#10063,#10067,#10071,#10075,#10079,#10083,#10086,#10090,#10093,#10097,#10100,#10104,#10108,#10111,#10116,#10120,#10124,#10128,#10131,#10135,#10138,#10142,#10145,#10148,#10153,#10157,#10160,#10164,#10167,#10170,#10174,#10177,#10181,#10184,#10188,#10191,#10195,#10198,#10202,#10205,#10209,#10212,#10217,#10221,#10225,#10228,#10232,#10236,#10239,#10243,#10246,#10249,#10253,#10257,#10260,#10264,#10267,#10270,#10274,#10277,#10280,#10283,#10286,#10290,#10293,#10298,#10302,#10305,#10309,#10312,#10316,#10320,#10323,#10326,#10330,#10333,#10337,#10340,#10344,#10348,#10352,#10355,#10359,#10362,#10365,#10369,#10372,#10376,#10379,#10383,#10386,#10390,#10393,#10396,#10400,#10403,#10407,#10410,#10413,#10416,#10419,#10423,#10426,#10430,#10434,#10438,#10441,#10445,#10448,#10452,#10455,#10459,#10462,#10466,#10469,#10473,#10476,#10480,#10484,#10487,#10491,#10495,#10498,#10501,#10505,#10508,#10512,#10516,#10519,#10523,#10526,#10529,#10533,#10537,#10540,#10543,#10546,#10549,#10553,#10556,#10561,#10565,#10568,#10571,#10575,#10578,#10581,#10585,#10588,#10592,#10595,#10598,#10602,#10605,#10609,#10612,#10615,#10619,#10622,#10626,#10629,#10632,#10636,#10640,#10644,#10650,#10654,#10658,#10661,#10665,#10668,#10672,#10676,#10679,#10682,#10686,#10689,#10692,#10695,#10698,#10702,#10705,#10708,#10712,#10716,#10720,#10723,#10727,#10731,#10734,#10738,#10742,#10745,#10749,#10752,#10756,#10759,#10763,#10767,#10771,#10775,#10778,#10781,#10784,#10788,#10791,#10795,#10798,#10801,#10805,#10809,#10813,#10817,#10821,#10825,#10829,#10832,#10836,#10840,#10843,#10846,#10850,#10854,#10857,#10860,#10863,#10866,#10870,#10874,#10878,#10882,#10885,#10888,#10891,#10895,#10898,#10901,#10905,#10908,#10911,#10915,#10919,#10923,#10927,#10930,#10933,#10937,#10940,#10944,#10948,#10952,#10955,#10959,#10962,#10966,#10969,#10972,#10976,#10979,#10982,#10985,#10988,#10992,#10995,#10999,#11002,#11006,#11009,#11013,#11016,#11020,#11024,#11027,#11030,#11034,#11037,#11041,#11045,#11048,#11051,#11055,#11058,#11062,#11065,#11069,#11073,#11077,#11080,#11083,#11086,#11090,#11094,#11098,#11101,#11104,#11108,#11111,#11115,#11119,#11123,#11127,#11130,#11134,#11137,#11140,#11144,#11148,#11152,#11156,#11160,#11164,#11167,#11171,#11175,#11179,#11183,#11187,#11190,#11193,#11196,#11200,#11203,#11206,#11209,#11212,#11216,#11219,#11223,#11227,#11230,#11233,#11236,#11240,#11243,#11248,#11251,#11254,#11257,#11261,#11265,#11269,#11273,#11276,#11279,#11282,#11286,#11289,#11292,#11296,#11299,#11302,#11305,#11309,#11313,#11317,#11321,#11324,#11327,#11330,#11333,#11336,#11339,#11342,#11345,#11348,#11351,#11354,#11357,#11360,#11363,#11366,#11369,#11372,#11375,#11378,#11381,#11384,#11387,#11390,#11393,#11396,#11399,#11402,#11405,#11408,#11411,#11414,#11417,#11420,#11423,#11426,#11429,#11432,#11435,#11438,#11441,#11444,#11447,#11450,#11453,#11456,#11459,#11462,#11465,#11468,#11471,#11474,#11477,#11480,#11483,#11486,#11489,#11492,#11495,#11498,#11501,#11504,#11507,#11510,#11513,#11516,#11519,#11522,#11525,#11528,#11531,#11534,#11537,#11540,#11543,#11546,#11549,#11552,#11555,#11558,#11561,#11564,#11567,#11570,#11573,#11576,#11579,#11582,#11585,#11588,#11591,#11594,#11597,#11600,#11603,#11606,#11609,#11612,#11615,#11618,#11621,#11624,#11627,#11630,#11633,#11636,#11639));
#11641=FACETED_BREP('tcv_like',#Microsoft.PowerShell);
#11642=SHAPE_REPRESENTATION('tcv_like',(#11641,#11),#12);
#11643=SHAPE_DEFINITION_REPRESENTATION(#7,#11642);
ENDSEC;
END-ISO-10303-21;